ID,NOMB_PROY,ETAP_PROY,JEFE_PROY,INST_PROY,CAMPAÑA,ZONA,ESTACION,LATITUD,LONGITUD,Fecha,Hora Muestreo,VARIABLE,VALOR,FECHA,COD_REGION
1,ESTUDIO SEGUIMIENTO DESEMPEÑO AMBIENTAL ACUICULTURA EN CHILE Y SU EFECTO EN LOS ECOSISTEMAS DE EMPLAZAMIENTO 2023-2024,Objetivo 1. Actividad 2. Muestreos y Analisis sedimentos,Gastón Vidal,INSTITUTO DE FOMENTO PESQUERO,Campaña_Otoño-Inv_2023.Proy.SeguimientoAmbiental,Estuario,1,412614.9,721747.9,2023-11-06,09:04:00,PH,7.023333333333333,06/11/2023 09:04:00,X
2,ESTUDIO SEGUIMIENTO DESEMPEÑO AMBIENTAL ACUICULTURA EN CHILE Y SU EFECTO EN LOS ECOSISTEMAS DE EMPLAZAMIENTO 2023-2024,Objetivo 1. Actividad 2. Muestreos y Analisis sedimentos,Gastón Vidal,INSTITUTO DE FOMENTO PESQUERO,Campaña_Otoño-Inv_2023.Proy.SeguimientoAmbiental,Estuario,2,412807.3,721843.5,2023-11-06,08:40:00,PH,7.263333333333333,06/11/2023 08:40:00,X
3,ESTUDIO SEGUIMIENTO DESEMPEÑO AMBIENTAL ACUICULTURA EN CHILE Y SU EFECTO EN LOS ECOSISTEMAS DE EMPLAZAMIENTO 2023-2024,Objetivo 1. Actividad 2. Muestreos y Analisis sedimentos,Gastón Vidal,INSTITUTO DE FOMENTO PESQUERO,Campaña_Otoño-Inv_2023.Proy.SeguimientoAmbiental,Estuario,3,412945.4,721845.5,2023-11-06,09:35:00,PH,7.326666666666667,06/11/2023 09:35:00,X
4,ESTUDIO SEGUIMIENTO DESEMPEÑO AMBIENTAL ACUICULTURA EN CHILE Y SU EFECTO EN LOS ECOSISTEMAS DE EMPLAZAMIENTO 2023-2024,Objetivo 1. Actividad 2. Muestreos y Analisis sedimentos,Gastón Vidal,INSTITUTO DE FOMENTO PESQUERO,Campaña_Otoño-Inv_2023.Proy.SeguimientoAmbiental,Estuario,5,413039.3,721721.1,2023-11-06,10:10:00,PH,6.926666666666667,06/11/2023 10:10:00,X
5,ESTUDIO SEGUIMIENTO DESEMPEÑO AMBIENTAL ACUICULTURA EN CHILE Y SU EFECTO EN LOS ECOSISTEMAS DE EMPLAZAMIENTO 2023-2024,Objetivo 1. Actividad 2. Muestreos y Analisis sedimentos,Gastón Vidal,INSTITUTO DE FOMENTO PESQUERO,Campaña_Otoño-Inv_2023.Proy.SeguimientoAmbiental,Estuario,6,413132.6,722021.4,2023-10-06,15:40:00,PH,7.316666666666666,06/10/2023 15:40:00,X
6,ESTUDIO SEGUIMIENTO DESEMPEÑO AMBIENTAL ACUICULTURA EN CHILE Y SU EFECTO EN LOS ECOSISTEMAS DE EMPLAZAMIENTO 2023-2024,Objetivo 1. Actividad 2. Muestreos y Analisis sedimentos,Gastón Vidal,INSTITUTO DE FOMENTO PESQUERO,Campaña_Otoño-Inv_2023.Proy.SeguimientoAmbiental,Estuario,7,413157.8,721802.6,2023-11-06,11:05:00,PH,7.316666666666666,06/11/2023 11:05:00,X
7,ESTUDIO SEGUIMIENTO DESEMPEÑO AMBIENTAL ACUICULTURA EN CHILE Y SU EFECTO EN LOS ECOSISTEMAS DE EMPLAZAMIENTO 2023-2024,Objetivo 1. Actividad 2. Muestreos y Analisis sedimentos,Gastón Vidal,INSTITUTO DE FOMENTO PESQUERO,Campaña_Otoño-Inv_2023.Proy.SeguimientoAmbiental,Estuario,8,413533.0,722110.7,2023-10-06,15:12:00,PH,7.0566666666666675,06/10/2023 15:12:00,X
8,ESTUDIO SEGUIMIENTO DESEMPEÑO AMBIENTAL ACUICULTURA EN CHILE Y SU EFECTO EN LOS ECOSISTEMAS DE EMPLAZAMIENTO 2023-2024,Objetivo 1. Actividad 2. Muestreos y Analisis sedimentos,Gastón Vidal,INSTITUTO DE FOMENTO PESQUERO,Campaña_Otoño-Inv_2023.Proy.SeguimientoAmbiental,Estuario,12,413938.3,722058.9,2023-06-10,14:30:00,PH,7.169999999999999,10/06/2023 14:30:00,X
9,ESTUDIO SEGUIMIENTO DESEMPEÑO AMBIENTAL ACUICULTURA EN CHILE Y SU EFECTO EN LOS ECOSISTEMAS DE EMPLAZAMIENTO 2023-2024,Objetivo 1. Actividad 2. Muestreos y Analisis sedimentos,Gastón Vidal,INSTITUTO DE FOMENTO PESQUERO,Campaña_Otoño-Inv_2023.Proy.SeguimientoAmbiental,Estuario,17,414052.7,722801.1,2023-10-06,13:30:00,PH,7.373333333333332,06/10/2023 13:30:00,X
10,ESTUDIO SEGUIMIENTO DESEMPEÑO AMBIENTAL ACUICULTURA EN CHILE Y SU EFECTO EN LOS ECOSISTEMAS DE EMPLAZAMIENTO 2023-2024,Objetivo 1. Actividad 2. Muestreos y Analisis sedimentos,Gastón Vidal,INSTITUTO DE FOMENTO PESQUERO,Campaña_Otoño-Inv_2023.Proy.SeguimientoAmbiental,Estuario,21,414330.8,723048.5,2023-10-06,12:50:00,PH,7.173333333333333,06/10/2023 12:50:00,X
15,ESTUDIO SEGUIMIENTO DESEMPEÑO AMBIENTAL ACUICULTURA EN CHILE Y SU EFECTO EN LOS ECOSISTEMAS DE EMPLAZAMIENTO 2023-2024,Objetivo 1. Actividad 2. Muestreos y Analisis sedimentos,Gastón Vidal,INSTITUTO DE FOMENTO PESQUERO,Campaña_Otoño-Inv_2023.Proy.SeguimientoAmbiental,Reloncavi,13,412948.4,725730.9,2023-04-13,14:10:00,PH,7.573333333333333,13/04/2023 14:10:00,X
16,ESTUDIO SEGUIMIENTO DESEMPEÑO AMBIENTAL ACUICULTURA EN CHILE Y SU EFECTO EN LOS ECOSISTEMAS DE EMPLAZAMIENTO 2023-2024,Objetivo 1. Actividad 2. Muestreos y Analisis sedimentos,Gastón Vidal,INSTITUTO DE FOMENTO PESQUERO,Campaña_Otoño-Inv_2023.Proy.SeguimientoAmbiental,Reloncavi,15,413105.3,724724.2,2023-10-06,09:02:00,PH,7.386666666666667,06/10/2023 09:02:00,X
17,ESTUDIO SEGUIMIENTO DESEMPEÑO AMBIENTAL ACUICULTURA EN CHILE Y SU EFECTO EN LOS ECOSISTEMAS DE EMPLAZAMIENTO 2023-2024,Objetivo 1. Actividad 2. Muestreos y Analisis sedimentos,Gastón Vidal,INSTITUTO DE FOMENTO PESQUERO,Campaña_Otoño-Inv_2023.Proy.SeguimientoAmbiental,Reloncavi,17,413450.6,724336.9,2023-10-06,10:15:00,PH,7.096666666666667,06/10/2023 10:15:00,X
18,ESTUDIO SEGUIMIENTO DESEMPEÑO AMBIENTAL ACUICULTURA EN CHILE Y SU EFECTO EN LOS ECOSISTEMAS DE EMPLAZAMIENTO 2023-2024,Objetivo 1. Actividad 2. Muestreos y Analisis sedimentos,Gastón Vidal,INSTITUTO DE FOMENTO PESQUERO,Campaña_Otoño-Inv_2023.Proy.SeguimientoAmbiental,Reloncavi,19,413707.8,724152.2,2023-10-06,10:50:00,PH,7.13,06/10/2023 10:50:00,X
19,ESTUDIO SEGUIMIENTO DESEMPEÑO AMBIENTAL ACUICULTURA EN CHILE Y SU EFECTO EN LOS ECOSISTEMAS DE EMPLAZAMIENTO 2023-2024,Objetivo 1. Actividad 2. Muestreos y Analisis sedimentos,Gastón Vidal,INSTITUTO DE FOMENTO PESQUERO,Campaña_Otoño-Inv_2023.Proy.SeguimientoAmbiental,Reloncavi,21,413751.5,724023.2,2023-10-06,11:30:00,PH,7.036666666666666,06/10/2023 11:30:00,X
67,ESTUDIO SEGUIMIENTO DESEMPEÑO AMBIENTAL ACUICULTURA EN CHILE Y SU EFECTO EN LOS ECOSISTEMAS DE EMPLAZAMIENTO 2023-2024,Objetivo 1. Actividad 2. Muestreos y Analisis sedimentos,Gastón Vidal,INSTITUTO DE FOMENTO PESQUERO,Campaña_Otoño-Inv_2023.Proy.SeguimientoAmbiental,Quellon,19,430307.5,732746.7,2023-04-19,12:33:00,PH,7.236666666666667,19/04/2023 12:33:00,X
73,ESTUDIO SEGUIMIENTO DESEMPEÑO AMBIENTAL ACUICULTURA EN CHILE Y SU EFECTO EN LOS ECOSISTEMAS DE EMPLAZAMIENTO 2023-2024,Objetivo 1. Actividad 2. Muestreos y Analisis sedimentos,Gastón Vidal,INSTITUTO DE FOMENTO PESQUERO,Campaña_Otoño-Inv_2023.Proy.SeguimientoAmbiental,Quellon,39,425415.3,732927.9,2023-04-19,08:10:00,PH,7.576666666666665,19/04/2023 08:10:00,X
83,ESTUDIO SEGUIMIENTO DESEMPEÑO AMBIENTAL ACUICULTURA EN CHILE Y SU EFECTO EN LOS ECOSISTEMAS DE EMPLAZAMIENTO 2023-2024,Objetivo 1. Actividad 2. Muestreos y Analisis sedimentos,Gastón Vidal,INSTITUTO DE FOMENTO PESQUERO,Campaña_Otoño-Inv_2023.Proy.SeguimientoAmbiental,Ayacara,7,423730.6,725115.4,2023-04-21,16:40:00,PH,7.376666666666668,21/04/2023 16:40:00,X
92,ESTUDIO SEGUIMIENTO DESEMPEÑO AMBIENTAL ACUICULTURA EN CHILE Y SU EFECTO EN LOS ECOSISTEMAS DE EMPLAZAMIENTO 2023-2024,Objetivo 1. Actividad 2. Muestreos y Analisis sedimentos,Gastón Vidal,INSTITUTO DE FOMENTO PESQUERO,Campaña_Otoño-Inv_2023.Proy.SeguimientoAmbiental,Guaitecas,1,442931.1,740942.8,2023-05-05,13:41:00,PH,7.433333333333334,05/05/2023 13:41:00,XI
93,ESTUDIO SEGUIMIENTO DESEMPEÑO AMBIENTAL ACUICULTURA EN CHILE Y SU EFECTO EN LOS ECOSISTEMAS DE EMPLAZAMIENTO 2023-2024,Objetivo 1. Actividad 2. Muestreos y Analisis sedimentos,Gastón Vidal,INSTITUTO DE FOMENTO PESQUERO,Campaña_Otoño-Inv_2023.Proy.SeguimientoAmbiental,Guaitecas,2,442708.1,740808.5,2023-05-05,13:15:00,PH,7.289999999999999,05/05/2023 13:15:00,XI
94,ESTUDIO SEGUIMIENTO DESEMPEÑO AMBIENTAL ACUICULTURA EN CHILE Y SU EFECTO EN LOS ECOSISTEMAS DE EMPLAZAMIENTO 2023-2024,Objetivo 1. Actividad 2. Muestreos y Analisis sedimentos,Gastón Vidal,INSTITUTO DE FOMENTO PESQUERO,Campaña_Otoño-Inv_2023.Proy.SeguimientoAmbiental,Guaitecas,4,441418.4,741320.7,2023-05-05,11:40:00,PH,7.3566666666666665,05/05/2023 11:40:00,XI
95,ESTUDIO SEGUIMIENTO DESEMPEÑO AMBIENTAL ACUICULTURA EN CHILE Y SU EFECTO EN LOS ECOSISTEMAS DE EMPLAZAMIENTO 2023-2024,Objetivo 1. Actividad 2. Muestreos y Analisis sedimentos,Gastón Vidal,INSTITUTO DE FOMENTO PESQUERO,Campaña_Otoño-Inv_2023.Proy.SeguimientoAmbiental,Guaitecas,6,440829.0,740209.0,2023-05-05,10:05:00,PH,7.423333333333333,05/05/2023 10:05:00,XI
96,ESTUDIO SEGUIMIENTO DESEMPEÑO AMBIENTAL ACUICULTURA EN CHILE Y SU EFECTO EN LOS ECOSISTEMAS DE EMPLAZAMIENTO 2023-2024,Objetivo 1. Actividad 2. Muestreos y Analisis sedimentos,Gastón Vidal,INSTITUTO DE FOMENTO PESQUERO,Campaña_Otoño-Inv_2023.Proy.SeguimientoAmbiental,Guaitecas,7,440453.4,735253.7,2023-05-05,08:50:00,PH,7.3999999999999995,05/05/2023 08:50:00,XI
97,ESTUDIO SEGUIMIENTO DESEMPEÑO AMBIENTAL ACUICULTURA EN CHILE Y SU EFECTO EN LOS ECOSISTEMAS DE EMPLAZAMIENTO 2023-2024,Objetivo 1. Actividad 2. Muestreos y Analisis sedimentos,Gastón Vidal,INSTITUTO DE FOMENTO PESQUERO,Campaña_Otoño-Inv_2023.Proy.SeguimientoAmbiental,Guaitecas,8,435456.5,735432.1,2023-04-05,10:30:00,PH,7.353333333333333,05/04/2023 10:30:00,XI
98,ESTUDIO SEGUIMIENTO DESEMPEÑO AMBIENTAL ACUICULTURA EN CHILE Y SU EFECTO EN LOS ECOSISTEMAS DE EMPLAZAMIENTO 2023-2024,Objetivo 1. Actividad 2. Muestreos y Analisis sedimentos,Gastón Vidal,INSTITUTO DE FOMENTO PESQUERO,Campaña_Otoño-Inv_2023.Proy.SeguimientoAmbiental,Guaitecas,9,435329.1,735219.9,2023-04-05,09:35:00,PH,7.593333333333334,05/04/2023 09:35:00,XI
99,ESTUDIO SEGUIMIENTO DESEMPEÑO AMBIENTAL ACUICULTURA EN CHILE Y SU EFECTO EN LOS ECOSISTEMAS DE EMPLAZAMIENTO 2023-2024,Objetivo 1. Actividad 2. Muestreos y Analisis sedimentos,Gastón Vidal,INSTITUTO DE FOMENTO PESQUERO,Campaña_Otoño-Inv_2023.Proy.SeguimientoAmbiental,Guaitecas,10,435638.0,734800.0,2023-04-05,11:36:00,PH,7.366666666666667,05/04/2023 11:36:00,XI
100,ESTUDIO SEGUIMIENTO DESEMPEÑO AMBIENTAL ACUICULTURA EN CHILE Y SU EFECTO EN LOS ECOSISTEMAS DE EMPLAZAMIENTO 2023-2024,Objetivo 1. Actividad 2. Muestreos y Analisis sedimentos,Gastón Vidal,INSTITUTO DE FOMENTO PESQUERO,Campaña_Otoño-Inv_2023.Proy.SeguimientoAmbiental,Guaitecas,12,440031.4,734511.0,2023-04-05,12:28:00,PH,7.456666666666667,05/04/2023 12:28:00,XI
101,ESTUDIO SEGUIMIENTO DESEMPEÑO AMBIENTAL ACUICULTURA EN CHILE Y SU EFECTO EN LOS ECOSISTEMAS DE EMPLAZAMIENTO 2023-2024,Objetivo 1. Actividad 2. Muestreos y Analisis sedimentos,Gastón Vidal,INSTITUTO DE FOMENTO PESQUERO,Campaña_Otoño-Inv_2023.Proy.SeguimientoAmbiental,Guaitecas,17,441715.5,734639.1,2023-04-05,16:45:00,PH,7.5566666666666675,05/04/2023 16:45:00,XI
102,ESTUDIO SEGUIMIENTO DESEMPEÑO AMBIENTAL ACUICULTURA EN CHILE Y SU EFECTO EN LOS ECOSISTEMAS DE EMPLAZAMIENTO 2023-2024,Objetivo 1. Actividad 2. Muestreos y Analisis sedimentos,Gastón Vidal,INSTITUTO DE FOMENTO PESQUERO,Campaña_Otoño-Inv_2023.Proy.SeguimientoAmbiental,Moraleda,2,451131.2,735840.6,2023-05-07,09:47:00,PH,7.663333333333334,07/05/2023 09:47:00,XI
103,ESTUDIO SEGUIMIENTO DESEMPEÑO AMBIENTAL ACUICULTURA EN CHILE Y SU EFECTO EN LOS ECOSISTEMAS DE EMPLAZAMIENTO 2023-2024,Objetivo 1. Actividad 2. Muestreos y Analisis sedimentos,Gastón Vidal,INSTITUTO DE FOMENTO PESQUERO,Campaña_Otoño-Inv_2023.Proy.SeguimientoAmbiental,Moraleda,4,450957.9,740833.4,2023-07-05,08:50:00,PH,7.406666666666666,05/07/2023 08:50:00,XI
104,ESTUDIO SEGUIMIENTO DESEMPEÑO AMBIENTAL ACUICULTURA EN CHILE Y SU EFECTO EN LOS ECOSISTEMAS DE EMPLAZAMIENTO 2023-2024,Objetivo 1. Actividad 2. Muestreos y Analisis sedimentos,Gastón Vidal,INSTITUTO DE FOMENTO PESQUERO,Campaña_Otoño-Inv_2023.Proy.SeguimientoAmbiental,Moraleda,5,450801.8,741520.1,2023-06-05,14:30:00,PH,7.613333333333333,05/06/2023 14:30:00,XI
105,ESTUDIO SEGUIMIENTO DESEMPEÑO AMBIENTAL ACUICULTURA EN CHILE Y SU EFECTO EN LOS ECOSISTEMAS DE EMPLAZAMIENTO 2023-2024,Objetivo 1. Actividad 2. Muestreos y Analisis sedimentos,Gastón Vidal,INSTITUTO DE FOMENTO PESQUERO,Campaña_Otoño-Inv_2023.Proy.SeguimientoAmbiental,Moraleda,12,444145.4,735257.1,2023-06-05,10:00:00,PH,7.293333333333333,05/06/2023 10:00:00,XI
106,ESTUDIO SEGUIMIENTO DESEMPEÑO AMBIENTAL ACUICULTURA EN CHILE Y SU EFECTO EN LOS ECOSISTEMAS DE EMPLAZAMIENTO 2023-2024,Objetivo 1. Actividad 2. Muestreos y Analisis sedimentos,Gastón Vidal,INSTITUTO DE FOMENTO PESQUERO,Campaña_Otoño-Inv_2023.Proy.SeguimientoAmbiental,Moraleda,13,443935.6,735252.9,2023-06-05,09:14:00,PH,7.053333333333334,05/06/2023 09:14:00,XI
107,ESTUDIO SEGUIMIENTO DESEMPEÑO AMBIENTAL ACUICULTURA EN CHILE Y SU EFECTO EN LOS ECOSISTEMAS DE EMPLAZAMIENTO 2023-2024,Objetivo 1. Actividad 2. Muestreos y Analisis sedimentos,Gastón Vidal,INSTITUTO DE FOMENTO PESQUERO,Campaña_Otoño-Inv_2023.Proy.SeguimientoAmbiental,Moraleda,14,443608.6,740025.9,2023-05-05,16:50:00,PH,7.026666666666666,05/05/2023 16:50:00,XI
108,ESTUDIO SEGUIMIENTO DESEMPEÑO AMBIENTAL ACUICULTURA EN CHILE Y SU EFECTO EN LOS ECOSISTEMAS DE EMPLAZAMIENTO 2023-2024,Objetivo 1. Actividad 2. Muestreos y Analisis sedimentos,Gastón Vidal,INSTITUTO DE FOMENTO PESQUERO,Campaña_Otoño-Inv_2023.Proy.SeguimientoAmbiental,Moraleda,16,443308.8,740650.1,2023-05-05,15:50:00,PH,7.333333333333333,05/05/2023 15:50:00,XI
109,ESTUDIO SEGUIMIENTO DESEMPEÑO AMBIENTAL ACUICULTURA EN CHILE Y SU EFECTO EN LOS ECOSISTEMAS DE EMPLAZAMIENTO 2023-2024,Objetivo 1. Actividad 2. Muestreos y Analisis sedimentos,Gastón Vidal,INSTITUTO DE FOMENTO PESQUERO,Campaña_Otoño-Inv_2023.Proy.SeguimientoAmbiental,Moraleda,17,440830.9,733501.0,2023-04-05,14:30:00,PH,7.286666666666666,05/04/2023 14:30:00,XI
121,ESTUDIO SEGUIMIENTO DESEMPEÑO AMBIENTAL ACUICULTURA EN CHILE Y SU EFECTO EN LOS ECOSISTEMAS DE EMPLAZAMIENTO 2023-2024,Objetivo 1. Actividad 2. Muestreos y Analisis sedimentos,Gastón Vidal,INSTITUTO DE FOMENTO PESQUERO,Campaña_Otoño-Inv_2023.Proy.SeguimientoAmbiental,Aysen,5,452421.9,733225.0,2023-05-12,16:03:00,PH,7.55,12/05/2023 16:03:00,XI
124,ESTUDIO SEGUIMIENTO DESEMPEÑO AMBIENTAL ACUICULTURA EN CHILE Y SU EFECTO EN LOS ECOSISTEMAS DE EMPLAZAMIENTO 2023-2024,Objetivo 1. Actividad 2. Muestreos y Analisis sedimentos,Gastón Vidal,INSTITUTO DE FOMENTO PESQUERO,Campaña_Otoño-Inv_2023.Proy.SeguimientoAmbiental,Aysen,10,455717.6,733619.7,2023-11-05,12:02:00,PH,7.46,05/11/2023 12:02:00,XI
126,ESTUDIO SEGUIMIENTO DESEMPEÑO AMBIENTAL ACUICULTURA EN CHILE Y SU EFECTO EN LOS ECOSISTEMAS DE EMPLAZAMIENTO 2023-2024,Objetivo 1. Actividad 2. Muestreos y Analisis sedimentos,Gastón Vidal,INSTITUTO DE FOMENTO PESQUERO,Campaña_Otoño-Inv_2023.Proy.SeguimientoAmbiental,Aysen,13,461329.4,734345.5,2023-08-05,14:42:00,PH,7.073333333333333,05/08/2023 14:42:00,XI
127,ESTUDIO SEGUIMIENTO DESEMPEÑO AMBIENTAL ACUICULTURA EN CHILE Y SU EFECTO EN LOS ECOSISTEMAS DE EMPLAZAMIENTO 2023-2024,Objetivo 1. Actividad 2. Muestreos y Analisis sedimentos,Gastón Vidal,INSTITUTO DE FOMENTO PESQUERO,Campaña_Otoño-Inv_2023.Proy.SeguimientoAmbiental,Aysen,18,460557.7,735202.9,2023-08-05,13:05:00,PH,7.22,05/08/2023 13:05:00,XI
128,ESTUDIO SEGUIMIENTO DESEMPEÑO AMBIENTAL ACUICULTURA EN CHILE Y SU EFECTO EN LOS ECOSISTEMAS DE EMPLAZAMIENTO 2023-2024,Objetivo 1. Actividad 2. Muestreos y Analisis sedimentos,Gastón Vidal,INSTITUTO DE FOMENTO PESQUERO,Campaña_Otoño-Inv_2023.Proy.SeguimientoAmbiental,Aysen,19,460107.9,735645.7,2023-08-05,11:57:00,PH,7.163333333333333,05/08/2023 11:57:00,XI
129,ESTUDIO SEGUIMIENTO DESEMPEÑO AMBIENTAL ACUICULTURA EN CHILE Y SU EFECTO EN LOS ECOSISTEMAS DE EMPLAZAMIENTO 2023-2024,Objetivo 1. Actividad 2. Muestreos y Analisis sedimentos,Gastón Vidal,INSTITUTO DE FOMENTO PESQUERO,Campaña_Otoño-Inv_2023.Proy.SeguimientoAmbiental,Aysen,24,454429.7,740423.3,2023-08-05,08:30:00,PH,7.093333333333334,05/08/2023 08:30:00,XI
130,ESTUDIO SEGUIMIENTO DESEMPEÑO AMBIENTAL ACUICULTURA EN CHILE Y SU EFECTO EN LOS ECOSISTEMAS DE EMPLAZAMIENTO 2023-2024,Objetivo 1. Actividad 2. Muestreos y Analisis sedimentos,Gastón Vidal,INSTITUTO DE FOMENTO PESQUERO,Campaña_Otoño-Inv_2023.Proy.SeguimientoAmbiental,Aysen,25,454137.5,741704.6,2023-07-05,16:50:00,PH,7.29,05/07/2023 16:50:00,XI
131,ESTUDIO SEGUIMIENTO DESEMPEÑO AMBIENTAL ACUICULTURA EN CHILE Y SU EFECTO EN LOS ECOSISTEMAS DE EMPLAZAMIENTO 2023-2024,Objetivo 1. Actividad 2. Muestreos y Analisis sedimentos,Gastón Vidal,INSTITUTO DE FOMENTO PESQUERO,Campaña_Otoño-Inv_2023.Proy.SeguimientoAmbiental,Aysen,28,453351.4,741310.2,2023-07-05,15:02:00,PH,7.136666666666667,05/07/2023 15:02:00,XI
132,ESTUDIO SEGUIMIENTO DESEMPEÑO AMBIENTAL ACUICULTURA EN CHILE Y SU EFECTO EN LOS ECOSISTEMAS DE EMPLAZAMIENTO 2023-2024,Objetivo 1. Actividad 2. Muestreos y Analisis sedimentos,Gastón Vidal,INSTITUTO DE FOMENTO PESQUERO,Campaña_Otoño-Inv_2023.Proy.SeguimientoAmbiental,Aysen,30,452356.0,741521.0,2023-07-05,13:16:00,PH,7.223333333333334,05/07/2023 13:16:00,XI
133,ESTUDIO SEGUIMIENTO DESEMPEÑO AMBIENTAL ACUICULTURA EN CHILE Y SU EFECTO EN LOS ECOSISTEMAS DE EMPLAZAMIENTO 2023-2024,Objetivo 1. Actividad 2. Muestreos y Analisis sedimentos,Gastón Vidal,INSTITUTO DE FOMENTO PESQUERO,Campaña_Otoño-Inv_2023.Proy.SeguimientoAmbiental,Aysen,34,451659.5,734350.5,2023-12-05,12:35:00,PH,7.303333333333334,05/12/2023 12:35:00,XI
134,ESTUDIO SEGUIMIENTO DESEMPEÑO AMBIENTAL ACUICULTURA EN CHILE Y SU EFECTO EN LOS ECOSISTEMAS DE EMPLAZAMIENTO 2023-2024,Objetivo 1. Actividad 2. Muestreos y Analisis sedimentos,Gastón Vidal,INSTITUTO DE FOMENTO PESQUERO,Campaña_Otoño-Inv_2023.Proy.SeguimientoAmbiental,Coquimbo,1,300839.9,712256.3,2023-07-21,09:40:00,PH,7.79,21/07/2023 09:40:00,IV
135,ESTUDIO SEGUIMIENTO DESEMPEÑO AMBIENTAL ACUICULTURA EN CHILE Y SU EFECTO EN LOS ECOSISTEMAS DE EMPLAZAMIENTO 2023-2024,Objetivo 1. Actividad 2. Muestreos y Analisis sedimentos,Gastón Vidal,INSTITUTO DE FOMENTO PESQUERO,Campaña_Otoño-Inv_2023.Proy.SeguimientoAmbiental,Coquimbo,4,301121.0,712525.0,2023-07-21,10:40:00,PH,7.506666666666668,21/07/2023 10:40:00,IV
136,ESTUDIO SEGUIMIENTO DESEMPEÑO AMBIENTAL ACUICULTURA EN CHILE Y SU EFECTO EN LOS ECOSISTEMAS DE EMPLAZAMIENTO 2023-2024,Objetivo 1. Actividad 2. Muestreos y Analisis sedimentos,Gastón Vidal,INSTITUTO DE FOMENTO PESQUERO,Campaña_Otoño-Inv_2023.Proy.SeguimientoAmbiental,Coquimbo,5,301046.7,712617.5,2023-07-21,11:11:00,PH,7.77,21/07/2023 11:11:00,IV
137,ESTUDIO SEGUIMIENTO DESEMPEÑO AMBIENTAL ACUICULTURA EN CHILE Y SU EFECTO EN LOS ECOSISTEMAS DE EMPLAZAMIENTO 2023-2024,Objetivo 1. Actividad 2. Muestreos y Analisis sedimentos,Gastón Vidal,INSTITUTO DE FOMENTO PESQUERO,Campaña_Otoño-Inv_2023.Proy.SeguimientoAmbiental,Coquimbo,7,301455.9,712925.2,2023-07-20,08:55:00,PH,7.956666666666667,20/07/2023 08:55:00,IV
138,ESTUDIO SEGUIMIENTO DESEMPEÑO AMBIENTAL ACUICULTURA EN CHILE Y SU EFECTO EN LOS ECOSISTEMAS DE EMPLAZAMIENTO 2023-2024,Objetivo 1. Actividad 2. Muestreos y Analisis sedimentos,Gastón Vidal,INSTITUTO DE FOMENTO PESQUERO,Campaña_Otoño-Inv_2023.Proy.SeguimientoAmbiental,Coquimbo,9,301620.2,713032.0,2023-07-20,11:20:00,PH,7.71,20/07/2023 11:20:00,IV
139,ESTUDIO SEGUIMIENTO DESEMPEÑO AMBIENTAL ACUICULTURA EN CHILE Y SU EFECTO EN LOS ECOSISTEMAS DE EMPLAZAMIENTO 2023-2024,Objetivo 1. Actividad 2. Muestreos y Analisis sedimentos,Gastón Vidal,INSTITUTO DE FOMENTO PESQUERO,Campaña_Otoño-Inv_2023.Proy.SeguimientoAmbiental,Coquimbo,10,301612.8,713138.8,2023-07-20,09:35:00,PH,7.536666666666666,20/07/2023 09:35:00,IV
140,ESTUDIO SEGUIMIENTO DESEMPEÑO AMBIENTAL ACUICULTURA EN CHILE Y SU EFECTO EN LOS ECOSISTEMAS DE EMPLAZAMIENTO 2023-2024,Objetivo 1. Actividad 2. Muestreos y Analisis sedimentos,Gastón Vidal,INSTITUTO DE FOMENTO PESQUERO,Campaña_Otoño-Inv_2023.Proy.SeguimientoAmbiental,Coquimbo,13,301637.0,713306.7,2023-07-20,10:33:00,PH,7.7,20/07/2023 10:33:00,IV
141,ESTUDIO SEGUIMIENTO DESEMPEÑO AMBIENTAL ACUICULTURA EN CHILE Y SU EFECTO EN LOS ECOSISTEMAS DE EMPLAZAMIENTO 2023-2024,Objetivo 1. Actividad 2. Muestreos y Analisis sedimentos,Gastón Vidal,INSTITUTO DE FOMENTO PESQUERO,Campaña_Otoño-Inv_2023.Proy.SeguimientoAmbiental,Natales,2,513604.7,724301.6,2023-08-30,11:10:00,PH,7.666666666666667,30/08/2023 11:10:00,XII
142,ESTUDIO SEGUIMIENTO DESEMPEÑO AMBIENTAL ACUICULTURA EN CHILE Y SU EFECTO EN LOS ECOSISTEMAS DE EMPLAZAMIENTO 2023-2024,Objetivo 1. Actividad 2. Muestreos y Analisis sedimentos,Gastón Vidal,INSTITUTO DE FOMENTO PESQUERO,Campaña_Otoño-Inv_2023.Proy.SeguimientoAmbiental,Natales,3,514018.2,723753.1,2023-08-30,12:02:00,PH,7.28,30/08/2023 12:02:00,XII
143,ESTUDIO SEGUIMIENTO DESEMPEÑO AMBIENTAL ACUICULTURA EN CHILE Y SU EFECTO EN LOS ECOSISTEMAS DE EMPLAZAMIENTO 2023-2024,Objetivo 1. Actividad 2. Muestreos y Analisis sedimentos,Gastón Vidal,INSTITUTO DE FOMENTO PESQUERO,Campaña_Otoño-Inv_2023.Proy.SeguimientoAmbiental,Natales,5,514929.7,723739.8,2023-08-26,11:30:00,PH,7.396666666666667,26/08/2023 11:30:00,XII
144,ESTUDIO SEGUIMIENTO DESEMPEÑO AMBIENTAL ACUICULTURA EN CHILE Y SU EFECTO EN LOS ECOSISTEMAS DE EMPLAZAMIENTO 2023-2024,Objetivo 1. Actividad 2. Muestreos y Analisis sedimentos,Gastón Vidal,INSTITUTO DE FOMENTO PESQUERO,Campaña_Otoño-Inv_2023.Proy.SeguimientoAmbiental,Natales,9,514601.6,725405.0,2023-08-27,12:32:00,PH,7.953333333333333,27/08/2023 12:32:00,XII
145,ESTUDIO SEGUIMIENTO DESEMPEÑO AMBIENTAL ACUICULTURA EN CHILE Y SU EFECTO EN LOS ECOSISTEMAS DE EMPLAZAMIENTO 2023-2024,Objetivo 1. Actividad 2. Muestreos y Analisis sedimentos,Gastón Vidal,INSTITUTO DE FOMENTO PESQUERO,Campaña_Otoño-Inv_2023.Proy.SeguimientoAmbiental,Natales,10,520357.8,725602.0,2023-08-28,12:30:00,PH,6.566666666666666,28/08/2023 12:30:00,XII
146,ESTUDIO SEGUIMIENTO DESEMPEÑO AMBIENTAL ACUICULTURA EN CHILE Y SU EFECTO EN LOS ECOSISTEMAS DE EMPLAZAMIENTO 2023-2024,Objetivo 1. Actividad 2. Muestreos y Analisis sedimentos,Gastón Vidal,INSTITUTO DE FOMENTO PESQUERO,Campaña_Otoño-Inv_2023.Proy.SeguimientoAmbiental,Natales,11,521159.7,725703.6,2023-08-27,16:54:00,PH,7.396666666666666,27/08/2023 16:54:00,XII
147,ESTUDIO SEGUIMIENTO DESEMPEÑO AMBIENTAL ACUICULTURA EN CHILE Y SU EFECTO EN LOS ECOSISTEMAS DE EMPLAZAMIENTO 2023-2024,Objetivo 1. Actividad 2. Muestreos y Analisis sedimentos,Gastón Vidal,INSTITUTO DE FOMENTO PESQUERO,Campaña_Otoño-Inv_2023.Proy.SeguimientoAmbiental,Natales,13,521310.4,725226.1,2023-08-27,17:30:00,PH,7.1433333333333335,27/08/2023 17:30:00,XII
148,ESTUDIO SEGUIMIENTO DESEMPEÑO AMBIENTAL ACUICULTURA EN CHILE Y SU EFECTO EN LOS ECOSISTEMAS DE EMPLAZAMIENTO 2023-2024,Objetivo 1. Actividad 2. Muestreos y Analisis sedimentos,Gastón Vidal,INSTITUTO DE FOMENTO PESQUERO,Campaña_Otoño-Inv_2023.Proy.SeguimientoAmbiental,Natales,14,520439.3,723937.6,2023-08-25,18:15:00,PH,7.276666666666666,25/08/2023 18:15:00,XII
1,ESTUDIO SEGUIMIENTO DESEMPEÑO AMBIENTAL ACUICULTURA EN CHILE Y SU EFECTO EN LOS ECOSISTEMAS DE EMPLAZAMIENTO 2023-2024,Objetivo 1. Actividad 2. Muestreos y Analisis sedimentos,Gastón Vidal,INSTITUTO DE FOMENTO PESQUERO,Campaña_Otoño-Inv_2023.Proy.SeguimientoAmbiental,Estuario,1,412614.9,721747.9,2023-11-06,09:04:00,TEMPERATURA,11.366666666666665,06/11/2023 09:04:00,X
2,ESTUDIO SEGUIMIENTO DESEMPEÑO AMBIENTAL ACUICULTURA EN CHILE Y SU EFECTO EN LOS ECOSISTEMAS DE EMPLAZAMIENTO 2023-2024,Objetivo 1. Actividad 2. Muestreos y Analisis sedimentos,Gastón Vidal,INSTITUTO DE FOMENTO PESQUERO,Campaña_Otoño-Inv_2023.Proy.SeguimientoAmbiental,Estuario,2,412807.3,721843.5,2023-11-06,08:40:00,TEMPERATURA,11.466666666666669,06/11/2023 08:40:00,X
3,ESTUDIO SEGUIMIENTO DESEMPEÑO AMBIENTAL ACUICULTURA EN CHILE Y SU EFECTO EN LOS ECOSISTEMAS DE EMPLAZAMIENTO 2023-2024,Objetivo 1. Actividad 2. Muestreos y Analisis sedimentos,Gastón Vidal,INSTITUTO DE FOMENTO PESQUERO,Campaña_Otoño-Inv_2023.Proy.SeguimientoAmbiental,Estuario,3,412945.4,721845.5,2023-11-06,09:35:00,TEMPERATURA,11.233333333333334,06/11/2023 09:35:00,X
4,ESTUDIO SEGUIMIENTO DESEMPEÑO AMBIENTAL ACUICULTURA EN CHILE Y SU EFECTO EN LOS ECOSISTEMAS DE EMPLAZAMIENTO 2023-2024,Objetivo 1. Actividad 2. Muestreos y Analisis sedimentos,Gastón Vidal,INSTITUTO DE FOMENTO PESQUERO,Campaña_Otoño-Inv_2023.Proy.SeguimientoAmbiental,Estuario,5,413039.3,721721.1,2023-11-06,10:10:00,TEMPERATURA,11.1,06/11/2023 10:10:00,X
5,ESTUDIO SEGUIMIENTO DESEMPEÑO AMBIENTAL ACUICULTURA EN CHILE Y SU EFECTO EN LOS ECOSISTEMAS DE EMPLAZAMIENTO 2023-2024,Objetivo 1. Actividad 2. Muestreos y Analisis sedimentos,Gastón Vidal,INSTITUTO DE FOMENTO PESQUERO,Campaña_Otoño-Inv_2023.Proy.SeguimientoAmbiental,Estuario,6,413132.6,722021.4,2023-10-06,15:40:00,TEMPERATURA,11.5,06/10/2023 15:40:00,X
6,ESTUDIO SEGUIMIENTO DESEMPEÑO AMBIENTAL ACUICULTURA EN CHILE Y SU EFECTO EN LOS ECOSISTEMAS DE EMPLAZAMIENTO 2023-2024,Objetivo 1. Actividad 2. Muestreos y Analisis sedimentos,Gastón Vidal,INSTITUTO DE FOMENTO PESQUERO,Campaña_Otoño-Inv_2023.Proy.SeguimientoAmbiental,Estuario,7,413157.8,721802.6,2023-11-06,11:05:00,TEMPERATURA,11.1,06/11/2023 11:05:00,X
7,ESTUDIO SEGUIMIENTO DESEMPEÑO AMBIENTAL ACUICULTURA EN CHILE Y SU EFECTO EN LOS ECOSISTEMAS DE EMPLAZAMIENTO 2023-2024,Objetivo 1. Actividad 2. Muestreos y Analisis sedimentos,Gastón Vidal,INSTITUTO DE FOMENTO PESQUERO,Campaña_Otoño-Inv_2023.Proy.SeguimientoAmbiental,Estuario,8,413533.0,722110.7,2023-10-06,15:12:00,TEMPERATURA,11.5,06/10/2023 15:12:00,X
8,ESTUDIO SEGUIMIENTO DESEMPEÑO AMBIENTAL ACUICULTURA EN CHILE Y SU EFECTO EN LOS ECOSISTEMAS DE EMPLAZAMIENTO 2023-2024,Objetivo 1. Actividad 2. Muestreos y Analisis sedimentos,Gastón Vidal,INSTITUTO DE FOMENTO PESQUERO,Campaña_Otoño-Inv_2023.Proy.SeguimientoAmbiental,Estuario,12,413938.3,722058.9,2023-06-10,14:30:00,TEMPERATURA,11.5,10/06/2023 14:30:00,X
9,ESTUDIO SEGUIMIENTO DESEMPEÑO AMBIENTAL ACUICULTURA EN CHILE Y SU EFECTO EN LOS ECOSISTEMAS DE EMPLAZAMIENTO 2023-2024,Objetivo 1. Actividad 2. Muestreos y Analisis sedimentos,Gastón Vidal,INSTITUTO DE FOMENTO PESQUERO,Campaña_Otoño-Inv_2023.Proy.SeguimientoAmbiental,Estuario,17,414052.7,722801.1,2023-10-06,13:30:00,TEMPERATURA,11.766666666666666,06/10/2023 13:30:00,X
10,ESTUDIO SEGUIMIENTO DESEMPEÑO AMBIENTAL ACUICULTURA EN CHILE Y SU EFECTO EN LOS ECOSISTEMAS DE EMPLAZAMIENTO 2023-2024,Objetivo 1. Actividad 2. Muestreos y Analisis sedimentos,Gastón Vidal,INSTITUTO DE FOMENTO PESQUERO,Campaña_Otoño-Inv_2023.Proy.SeguimientoAmbiental,Estuario,21,414330.8,723048.5,2023-10-06,12:50:00,TEMPERATURA,11.700000000000001,06/10/2023 12:50:00,X
15,ESTUDIO SEGUIMIENTO DESEMPEÑO AMBIENTAL ACUICULTURA EN CHILE Y SU EFECTO EN LOS ECOSISTEMAS DE EMPLAZAMIENTO 2023-2024,Objetivo 1. Actividad 2. Muestreos y Analisis sedimentos,Gastón Vidal,INSTITUTO DE FOMENTO PESQUERO,Campaña_Otoño-Inv_2023.Proy.SeguimientoAmbiental,Reloncavi,13,412948.4,725730.9,2023-04-13,14:10:00,TEMPERATURA,16.666666666666668,13/04/2023 14:10:00,X
16,ESTUDIO SEGUIMIENTO DESEMPEÑO AMBIENTAL ACUICULTURA EN CHILE Y SU EFECTO EN LOS ECOSISTEMAS DE EMPLAZAMIENTO 2023-2024,Objetivo 1. Actividad 2. Muestreos y Analisis sedimentos,Gastón Vidal,INSTITUTO DE FOMENTO PESQUERO,Campaña_Otoño-Inv_2023.Proy.SeguimientoAmbiental,Reloncavi,15,413105.3,724724.2,2023-10-06,09:02:00,TEMPERATURA,11.266666666666666,06/10/2023 09:02:00,X
17,ESTUDIO SEGUIMIENTO DESEMPEÑO AMBIENTAL ACUICULTURA EN CHILE Y SU EFECTO EN LOS ECOSISTEMAS DE EMPLAZAMIENTO 2023-2024,Objetivo 1. Actividad 2. Muestreos y Analisis sedimentos,Gastón Vidal,INSTITUTO DE FOMENTO PESQUERO,Campaña_Otoño-Inv_2023.Proy.SeguimientoAmbiental,Reloncavi,17,413450.6,724336.9,2023-10-06,10:15:00,TEMPERATURA,11.466666666666667,06/10/2023 10:15:00,X
18,ESTUDIO SEGUIMIENTO DESEMPEÑO AMBIENTAL ACUICULTURA EN CHILE Y SU EFECTO EN LOS ECOSISTEMAS DE EMPLAZAMIENTO 2023-2024,Objetivo 1. Actividad 2. Muestreos y Analisis sedimentos,Gastón Vidal,INSTITUTO DE FOMENTO PESQUERO,Campaña_Otoño-Inv_2023.Proy.SeguimientoAmbiental,Reloncavi,19,413707.8,724152.2,2023-10-06,10:50:00,TEMPERATURA,11.266666666666666,06/10/2023 10:50:00,X
19,ESTUDIO SEGUIMIENTO DESEMPEÑO AMBIENTAL ACUICULTURA EN CHILE Y SU EFECTO EN LOS ECOSISTEMAS DE EMPLAZAMIENTO 2023-2024,Objetivo 1. Actividad 2. Muestreos y Analisis sedimentos,Gastón Vidal,INSTITUTO DE FOMENTO PESQUERO,Campaña_Otoño-Inv_2023.Proy.SeguimientoAmbiental,Reloncavi,21,413751.5,724023.2,2023-10-06,11:30:00,TEMPERATURA,12.1,06/10/2023 11:30:00,X
67,ESTUDIO SEGUIMIENTO DESEMPEÑO AMBIENTAL ACUICULTURA EN CHILE Y SU EFECTO EN LOS ECOSISTEMAS DE EMPLAZAMIENTO 2023-2024,Objetivo 1. Actividad 2. Muestreos y Analisis sedimentos,Gastón Vidal,INSTITUTO DE FOMENTO PESQUERO,Campaña_Otoño-Inv_2023.Proy.SeguimientoAmbiental,Quellon,19,430307.5,732746.7,2023-04-19,12:33:00,TEMPERATURA,12.333333333333334,19/04/2023 12:33:00,X
73,ESTUDIO SEGUIMIENTO DESEMPEÑO AMBIENTAL ACUICULTURA EN CHILE Y SU EFECTO EN LOS ECOSISTEMAS DE EMPLAZAMIENTO 2023-2024,Objetivo 1. Actividad 2. Muestreos y Analisis sedimentos,Gastón Vidal,INSTITUTO DE FOMENTO PESQUERO,Campaña_Otoño-Inv_2023.Proy.SeguimientoAmbiental,Quellon,39,425415.3,732927.9,2023-04-19,08:10:00,TEMPERATURA,13.133333333333335,19/04/2023 08:10:00,X
83,ESTUDIO SEGUIMIENTO DESEMPEÑO AMBIENTAL ACUICULTURA EN CHILE Y SU EFECTO EN LOS ECOSISTEMAS DE EMPLAZAMIENTO 2023-2024,Objetivo 1. Actividad 2. Muestreos y Analisis sedimentos,Gastón Vidal,INSTITUTO DE FOMENTO PESQUERO,Campaña_Otoño-Inv_2023.Proy.SeguimientoAmbiental,Ayacara,7,423730.6,725115.4,2023-04-21,16:40:00,TEMPERATURA,13.166666666666666,21/04/2023 16:40:00,X
92,ESTUDIO SEGUIMIENTO DESEMPEÑO AMBIENTAL ACUICULTURA EN CHILE Y SU EFECTO EN LOS ECOSISTEMAS DE EMPLAZAMIENTO 2023-2024,Objetivo 1. Actividad 2. Muestreos y Analisis sedimentos,Gastón Vidal,INSTITUTO DE FOMENTO PESQUERO,Campaña_Otoño-Inv_2023.Proy.SeguimientoAmbiental,Guaitecas,1,442931.1,740942.8,2023-05-05,13:41:00,TEMPERATURA,13.4,05/05/2023 13:41:00,XI
93,ESTUDIO SEGUIMIENTO DESEMPEÑO AMBIENTAL ACUICULTURA EN CHILE Y SU EFECTO EN LOS ECOSISTEMAS DE EMPLAZAMIENTO 2023-2024,Objetivo 1. Actividad 2. Muestreos y Analisis sedimentos,Gastón Vidal,INSTITUTO DE FOMENTO PESQUERO,Campaña_Otoño-Inv_2023.Proy.SeguimientoAmbiental,Guaitecas,2,442708.1,740808.5,2023-05-05,13:15:00,TEMPERATURA,12.9,05/05/2023 13:15:00,XI
94,ESTUDIO SEGUIMIENTO DESEMPEÑO AMBIENTAL ACUICULTURA EN CHILE Y SU EFECTO EN LOS ECOSISTEMAS DE EMPLAZAMIENTO 2023-2024,Objetivo 1. Actividad 2. Muestreos y Analisis sedimentos,Gastón Vidal,INSTITUTO DE FOMENTO PESQUERO,Campaña_Otoño-Inv_2023.Proy.SeguimientoAmbiental,Guaitecas,4,441418.4,741320.7,2023-05-05,11:40:00,TEMPERATURA,12.433333333333332,05/05/2023 11:40:00,XI
95,ESTUDIO SEGUIMIENTO DESEMPEÑO AMBIENTAL ACUICULTURA EN CHILE Y SU EFECTO EN LOS ECOSISTEMAS DE EMPLAZAMIENTO 2023-2024,Objetivo 1. Actividad 2. Muestreos y Analisis sedimentos,Gastón Vidal,INSTITUTO DE FOMENTO PESQUERO,Campaña_Otoño-Inv_2023.Proy.SeguimientoAmbiental,Guaitecas,6,440829.0,740209.0,2023-05-05,10:05:00,TEMPERATURA,12.233333333333334,05/05/2023 10:05:00,XI
96,ESTUDIO SEGUIMIENTO DESEMPEÑO AMBIENTAL ACUICULTURA EN CHILE Y SU EFECTO EN LOS ECOSISTEMAS DE EMPLAZAMIENTO 2023-2024,Objetivo 1. Actividad 2. Muestreos y Analisis sedimentos,Gastón Vidal,INSTITUTO DE FOMENTO PESQUERO,Campaña_Otoño-Inv_2023.Proy.SeguimientoAmbiental,Guaitecas,7,440453.4,735253.7,2023-05-05,08:50:00,TEMPERATURA,12.266666666666666,05/05/2023 08:50:00,XI
97,ESTUDIO SEGUIMIENTO DESEMPEÑO AMBIENTAL ACUICULTURA EN CHILE Y SU EFECTO EN LOS ECOSISTEMAS DE EMPLAZAMIENTO 2023-2024,Objetivo 1. Actividad 2. Muestreos y Analisis sedimentos,Gastón Vidal,INSTITUTO DE FOMENTO PESQUERO,Campaña_Otoño-Inv_2023.Proy.SeguimientoAmbiental,Guaitecas,8,435456.5,735432.1,2023-04-05,10:30:00,TEMPERATURA,12.166666666666666,05/04/2023 10:30:00,XI
98,ESTUDIO SEGUIMIENTO DESEMPEÑO AMBIENTAL ACUICULTURA EN CHILE Y SU EFECTO EN LOS ECOSISTEMAS DE EMPLAZAMIENTO 2023-2024,Objetivo 1. Actividad 2. Muestreos y Analisis sedimentos,Gastón Vidal,INSTITUTO DE FOMENTO PESQUERO,Campaña_Otoño-Inv_2023.Proy.SeguimientoAmbiental,Guaitecas,9,435329.1,735219.9,2023-04-05,09:35:00,TEMPERATURA,12.299999999999999,05/04/2023 09:35:00,XI
99,ESTUDIO SEGUIMIENTO DESEMPEÑO AMBIENTAL ACUICULTURA EN CHILE Y SU EFECTO EN LOS ECOSISTEMAS DE EMPLAZAMIENTO 2023-2024,Objetivo 1. Actividad 2. Muestreos y Analisis sedimentos,Gastón Vidal,INSTITUTO DE FOMENTO PESQUERO,Campaña_Otoño-Inv_2023.Proy.SeguimientoAmbiental,Guaitecas,10,435638.0,734800.0,2023-04-05,11:36:00,TEMPERATURA,12.366666666666665,05/04/2023 11:36:00,XI
100,ESTUDIO SEGUIMIENTO DESEMPEÑO AMBIENTAL ACUICULTURA EN CHILE Y SU EFECTO EN LOS ECOSISTEMAS DE EMPLAZAMIENTO 2023-2024,Objetivo 1. Actividad 2. Muestreos y Analisis sedimentos,Gastón Vidal,INSTITUTO DE FOMENTO PESQUERO,Campaña_Otoño-Inv_2023.Proy.SeguimientoAmbiental,Guaitecas,12,440031.4,734511.0,2023-04-05,12:28:00,TEMPERATURA,11.799999999999999,05/04/2023 12:28:00,XI
101,ESTUDIO SEGUIMIENTO DESEMPEÑO AMBIENTAL ACUICULTURA EN CHILE Y SU EFECTO EN LOS ECOSISTEMAS DE EMPLAZAMIENTO 2023-2024,Objetivo 1. Actividad 2. Muestreos y Analisis sedimentos,Gastón Vidal,INSTITUTO DE FOMENTO PESQUERO,Campaña_Otoño-Inv_2023.Proy.SeguimientoAmbiental,Guaitecas,17,441715.5,734639.1,2023-04-05,16:45:00,TEMPERATURA,12.433333333333335,05/04/2023 16:45:00,XI
102,ESTUDIO SEGUIMIENTO DESEMPEÑO AMBIENTAL ACUICULTURA EN CHILE Y SU EFECTO EN LOS ECOSISTEMAS DE EMPLAZAMIENTO 2023-2024,Objetivo 1. Actividad 2. Muestreos y Analisis sedimentos,Gastón Vidal,INSTITUTO DE FOMENTO PESQUERO,Campaña_Otoño-Inv_2023.Proy.SeguimientoAmbiental,Moraleda,2,451131.2,735840.6,2023-05-07,09:47:00,TEMPERATURA,11.866666666666667,07/05/2023 09:47:00,XI
103,ESTUDIO SEGUIMIENTO DESEMPEÑO AMBIENTAL ACUICULTURA EN CHILE Y SU EFECTO EN LOS ECOSISTEMAS DE EMPLAZAMIENTO 2023-2024,Objetivo 1. Actividad 2. Muestreos y Analisis sedimentos,Gastón Vidal,INSTITUTO DE FOMENTO PESQUERO,Campaña_Otoño-Inv_2023.Proy.SeguimientoAmbiental,Moraleda,4,450957.9,740833.4,2023-07-05,08:50:00,TEMPERATURA,11.433333333333332,05/07/2023 08:50:00,XI
104,ESTUDIO SEGUIMIENTO DESEMPEÑO AMBIENTAL ACUICULTURA EN CHILE Y SU EFECTO EN LOS ECOSISTEMAS DE EMPLAZAMIENTO 2023-2024,Objetivo 1. Actividad 2. Muestreos y Analisis sedimentos,Gastón Vidal,INSTITUTO DE FOMENTO PESQUERO,Campaña_Otoño-Inv_2023.Proy.SeguimientoAmbiental,Moraleda,5,450801.8,741520.1,2023-06-05,14:30:00,TEMPERATURA,12.5,05/06/2023 14:30:00,XI
105,ESTUDIO SEGUIMIENTO DESEMPEÑO AMBIENTAL ACUICULTURA EN CHILE Y SU EFECTO EN LOS ECOSISTEMAS DE EMPLAZAMIENTO 2023-2024,Objetivo 1. Actividad 2. Muestreos y Analisis sedimentos,Gastón Vidal,INSTITUTO DE FOMENTO PESQUERO,Campaña_Otoño-Inv_2023.Proy.SeguimientoAmbiental,Moraleda,12,444145.4,735257.1,2023-06-05,10:00:00,TEMPERATURA,12.933333333333332,05/06/2023 10:00:00,XI
106,ESTUDIO SEGUIMIENTO DESEMPEÑO AMBIENTAL ACUICULTURA EN CHILE Y SU EFECTO EN LOS ECOSISTEMAS DE EMPLAZAMIENTO 2023-2024,Objetivo 1. Actividad 2. Muestreos y Analisis sedimentos,Gastón Vidal,INSTITUTO DE FOMENTO PESQUERO,Campaña_Otoño-Inv_2023.Proy.SeguimientoAmbiental,Moraleda,13,443935.6,735252.9,2023-06-05,09:14:00,TEMPERATURA,11.833333333333334,05/06/2023 09:14:00,XI
107,ESTUDIO SEGUIMIENTO DESEMPEÑO AMBIENTAL ACUICULTURA EN CHILE Y SU EFECTO EN LOS ECOSISTEMAS DE EMPLAZAMIENTO 2023-2024,Objetivo 1. Actividad 2. Muestreos y Analisis sedimentos,Gastón Vidal,INSTITUTO DE FOMENTO PESQUERO,Campaña_Otoño-Inv_2023.Proy.SeguimientoAmbiental,Moraleda,14,443608.6,740025.9,2023-05-05,16:50:00,TEMPERATURA,12.45,05/05/2023 16:50:00,XI
108,ESTUDIO SEGUIMIENTO DESEMPEÑO AMBIENTAL ACUICULTURA EN CHILE Y SU EFECTO EN LOS ECOSISTEMAS DE EMPLAZAMIENTO 2023-2024,Objetivo 1. Actividad 2. Muestreos y Analisis sedimentos,Gastón Vidal,INSTITUTO DE FOMENTO PESQUERO,Campaña_Otoño-Inv_2023.Proy.SeguimientoAmbiental,Moraleda,16,443308.8,740650.1,2023-05-05,15:50:00,TEMPERATURA,12.466666666666667,05/05/2023 15:50:00,XI
109,ESTUDIO SEGUIMIENTO DESEMPEÑO AMBIENTAL ACUICULTURA EN CHILE Y SU EFECTO EN LOS ECOSISTEMAS DE EMPLAZAMIENTO 2023-2024,Objetivo 1. Actividad 2. Muestreos y Analisis sedimentos,Gastón Vidal,INSTITUTO DE FOMENTO PESQUERO,Campaña_Otoño-Inv_2023.Proy.SeguimientoAmbiental,Moraleda,17,440830.9,733501.0,2023-04-05,14:30:00,TEMPERATURA,11.966666666666667,05/04/2023 14:30:00,XI
121,ESTUDIO SEGUIMIENTO DESEMPEÑO AMBIENTAL ACUICULTURA EN CHILE Y SU EFECTO EN LOS ECOSISTEMAS DE EMPLAZAMIENTO 2023-2024,Objetivo 1. Actividad 2. Muestreos y Analisis sedimentos,Gastón Vidal,INSTITUTO DE FOMENTO PESQUERO,Campaña_Otoño-Inv_2023.Proy.SeguimientoAmbiental,Aysen,5,452421.9,733225.0,2023-05-12,16:03:00,TEMPERATURA,14.233333333333333,12/05/2023 16:03:00,XI
124,ESTUDIO SEGUIMIENTO DESEMPEÑO AMBIENTAL ACUICULTURA EN CHILE Y SU EFECTO EN LOS ECOSISTEMAS DE EMPLAZAMIENTO 2023-2024,Objetivo 1. Actividad 2. Muestreos y Analisis sedimentos,Gastón Vidal,INSTITUTO DE FOMENTO PESQUERO,Campaña_Otoño-Inv_2023.Proy.SeguimientoAmbiental,Aysen,10,455717.6,733619.7,2023-11-05,12:02:00,TEMPERATURA,13.066666666666668,05/11/2023 12:02:00,XI
126,ESTUDIO SEGUIMIENTO DESEMPEÑO AMBIENTAL ACUICULTURA EN CHILE Y SU EFECTO EN LOS ECOSISTEMAS DE EMPLAZAMIENTO 2023-2024,Objetivo 1. Actividad 2. Muestreos y Analisis sedimentos,Gastón Vidal,INSTITUTO DE FOMENTO PESQUERO,Campaña_Otoño-Inv_2023.Proy.SeguimientoAmbiental,Aysen,13,461329.4,734345.5,2023-08-05,14:42:00,TEMPERATURA,11.799999999999999,05/08/2023 14:42:00,XI
127,ESTUDIO SEGUIMIENTO DESEMPEÑO AMBIENTAL ACUICULTURA EN CHILE Y SU EFECTO EN LOS ECOSISTEMAS DE EMPLAZAMIENTO 2023-2024,Objetivo 1. Actividad 2. Muestreos y Analisis sedimentos,Gastón Vidal,INSTITUTO DE FOMENTO PESQUERO,Campaña_Otoño-Inv_2023.Proy.SeguimientoAmbiental,Aysen,18,460557.7,735202.9,2023-08-05,13:05:00,TEMPERATURA,11.966666666666667,05/08/2023 13:05:00,XI
128,ESTUDIO SEGUIMIENTO DESEMPEÑO AMBIENTAL ACUICULTURA EN CHILE Y SU EFECTO EN LOS ECOSISTEMAS DE EMPLAZAMIENTO 2023-2024,Objetivo 1. Actividad 2. Muestreos y Analisis sedimentos,Gastón Vidal,INSTITUTO DE FOMENTO PESQUERO,Campaña_Otoño-Inv_2023.Proy.SeguimientoAmbiental,Aysen,19,460107.9,735645.7,2023-08-05,11:57:00,TEMPERATURA,11.9,05/08/2023 11:57:00,XI
129,ESTUDIO SEGUIMIENTO DESEMPEÑO AMBIENTAL ACUICULTURA EN CHILE Y SU EFECTO EN LOS ECOSISTEMAS DE EMPLAZAMIENTO 2023-2024,Objetivo 1. Actividad 2. Muestreos y Analisis sedimentos,Gastón Vidal,INSTITUTO DE FOMENTO PESQUERO,Campaña_Otoño-Inv_2023.Proy.SeguimientoAmbiental,Aysen,24,454429.7,740423.3,2023-08-05,08:30:00,TEMPERATURA,12.133333333333333,05/08/2023 08:30:00,XI
130,ESTUDIO SEGUIMIENTO DESEMPEÑO AMBIENTAL ACUICULTURA EN CHILE Y SU EFECTO EN LOS ECOSISTEMAS DE EMPLAZAMIENTO 2023-2024,Objetivo 1. Actividad 2. Muestreos y Analisis sedimentos,Gastón Vidal,INSTITUTO DE FOMENTO PESQUERO,Campaña_Otoño-Inv_2023.Proy.SeguimientoAmbiental,Aysen,25,454137.5,741704.6,2023-07-05,16:50:00,TEMPERATURA,12.633333333333335,05/07/2023 16:50:00,XI
131,ESTUDIO SEGUIMIENTO DESEMPEÑO AMBIENTAL ACUICULTURA EN CHILE Y SU EFECTO EN LOS ECOSISTEMAS DE EMPLAZAMIENTO 2023-2024,Objetivo 1. Actividad 2. Muestreos y Analisis sedimentos,Gastón Vidal,INSTITUTO DE FOMENTO PESQUERO,Campaña_Otoño-Inv_2023.Proy.SeguimientoAmbiental,Aysen,28,453351.4,741310.2,2023-07-05,15:02:00,TEMPERATURA,12.566666666666668,05/07/2023 15:02:00,XI
132,ESTUDIO SEGUIMIENTO DESEMPEÑO AMBIENTAL ACUICULTURA EN CHILE Y SU EFECTO EN LOS ECOSISTEMAS DE EMPLAZAMIENTO 2023-2024,Objetivo 1. Actividad 2. Muestreos y Analisis sedimentos,Gastón Vidal,INSTITUTO DE FOMENTO PESQUERO,Campaña_Otoño-Inv_2023.Proy.SeguimientoAmbiental,Aysen,30,452356.0,741521.0,2023-07-05,13:16:00,TEMPERATURA,13.633333333333335,05/07/2023 13:16:00,XI
133,ESTUDIO SEGUIMIENTO DESEMPEÑO AMBIENTAL ACUICULTURA EN CHILE Y SU EFECTO EN LOS ECOSISTEMAS DE EMPLAZAMIENTO 2023-2024,Objetivo 1. Actividad 2. Muestreos y Analisis sedimentos,Gastón Vidal,INSTITUTO DE FOMENTO PESQUERO,Campaña_Otoño-Inv_2023.Proy.SeguimientoAmbiental,Aysen,34,451659.5,734350.5,2023-12-05,12:35:00,TEMPERATURA,12.766666666666666,05/12/2023 12:35:00,XI
134,ESTUDIO SEGUIMIENTO DESEMPEÑO AMBIENTAL ACUICULTURA EN CHILE Y SU EFECTO EN LOS ECOSISTEMAS DE EMPLAZAMIENTO 2023-2024,Objetivo 1. Actividad 2. Muestreos y Analisis sedimentos,Gastón Vidal,INSTITUTO DE FOMENTO PESQUERO,Campaña_Otoño-Inv_2023.Proy.SeguimientoAmbiental,Coquimbo,1,300839.9,712256.3,2023-07-21,09:40:00,TEMPERATURA,13.9,21/07/2023 09:40:00,IV
135,ESTUDIO SEGUIMIENTO DESEMPEÑO AMBIENTAL ACUICULTURA EN CHILE Y SU EFECTO EN LOS ECOSISTEMAS DE EMPLAZAMIENTO 2023-2024,Objetivo 1. Actividad 2. Muestreos y Analisis sedimentos,Gastón Vidal,INSTITUTO DE FOMENTO PESQUERO,Campaña_Otoño-Inv_2023.Proy.SeguimientoAmbiental,Coquimbo,4,301121.0,712525.0,2023-07-21,10:40:00,TEMPERATURA,14.166666666666666,21/07/2023 10:40:00,IV
136,ESTUDIO SEGUIMIENTO DESEMPEÑO AMBIENTAL ACUICULTURA EN CHILE Y SU EFECTO EN LOS ECOSISTEMAS DE EMPLAZAMIENTO 2023-2024,Objetivo 1. Actividad 2. Muestreos y Analisis sedimentos,Gastón Vidal,INSTITUTO DE FOMENTO PESQUERO,Campaña_Otoño-Inv_2023.Proy.SeguimientoAmbiental,Coquimbo,5,301046.7,712617.5,2023-07-21,11:11:00,TEMPERATURA,13.766666666666666,21/07/2023 11:11:00,IV
137,ESTUDIO SEGUIMIENTO DESEMPEÑO AMBIENTAL ACUICULTURA EN CHILE Y SU EFECTO EN LOS ECOSISTEMAS DE EMPLAZAMIENTO 2023-2024,Objetivo 1. Actividad 2. Muestreos y Analisis sedimentos,Gastón Vidal,INSTITUTO DE FOMENTO PESQUERO,Campaña_Otoño-Inv_2023.Proy.SeguimientoAmbiental,Coquimbo,7,301455.9,712925.2,2023-07-20,08:55:00,TEMPERATURA,14.1,20/07/2023 08:55:00,IV
138,ESTUDIO SEGUIMIENTO DESEMPEÑO AMBIENTAL ACUICULTURA EN CHILE Y SU EFECTO EN LOS ECOSISTEMAS DE EMPLAZAMIENTO 2023-2024,Objetivo 1. Actividad 2. Muestreos y Analisis sedimentos,Gastón Vidal,INSTITUTO DE FOMENTO PESQUERO,Campaña_Otoño-Inv_2023.Proy.SeguimientoAmbiental,Coquimbo,9,301620.2,713032.0,2023-07-20,11:20:00,TEMPERATURA,14.266666666666666,20/07/2023 11:20:00,IV
139,ESTUDIO SEGUIMIENTO DESEMPEÑO AMBIENTAL ACUICULTURA EN CHILE Y SU EFECTO EN LOS ECOSISTEMAS DE EMPLAZAMIENTO 2023-2024,Objetivo 1. Actividad 2. Muestreos y Analisis sedimentos,Gastón Vidal,INSTITUTO DE FOMENTO PESQUERO,Campaña_Otoño-Inv_2023.Proy.SeguimientoAmbiental,Coquimbo,10,301612.8,713138.8,2023-07-20,09:35:00,TEMPERATURA,13.866666666666667,20/07/2023 09:35:00,IV
140,ESTUDIO SEGUIMIENTO DESEMPEÑO AMBIENTAL ACUICULTURA EN CHILE Y SU EFECTO EN LOS ECOSISTEMAS DE EMPLAZAMIENTO 2023-2024,Objetivo 1. Actividad 2. Muestreos y Analisis sedimentos,Gastón Vidal,INSTITUTO DE FOMENTO PESQUERO,Campaña_Otoño-Inv_2023.Proy.SeguimientoAmbiental,Coquimbo,13,301637.0,713306.7,2023-07-20,10:33:00,TEMPERATURA,13.699999999999998,20/07/2023 10:33:00,IV
141,ESTUDIO SEGUIMIENTO DESEMPEÑO AMBIENTAL ACUICULTURA EN CHILE Y SU EFECTO EN LOS ECOSISTEMAS DE EMPLAZAMIENTO 2023-2024,Objetivo 1. Actividad 2. Muestreos y Analisis sedimentos,Gastón Vidal,INSTITUTO DE FOMENTO PESQUERO,Campaña_Otoño-Inv_2023.Proy.SeguimientoAmbiental,Natales,2,513604.7,724301.6,2023-08-30,11:10:00,TEMPERATURA,5.666666666666667,30/08/2023 11:10:00,XII
142,ESTUDIO SEGUIMIENTO DESEMPEÑO AMBIENTAL ACUICULTURA EN CHILE Y SU EFECTO EN LOS ECOSISTEMAS DE EMPLAZAMIENTO 2023-2024,Objetivo 1. Actividad 2. Muestreos y Analisis sedimentos,Gastón Vidal,INSTITUTO DE FOMENTO PESQUERO,Campaña_Otoño-Inv_2023.Proy.SeguimientoAmbiental,Natales,3,514018.2,723753.1,2023-08-30,12:02:00,TEMPERATURA,6.233333333333333,30/08/2023 12:02:00,XII
143,ESTUDIO SEGUIMIENTO DESEMPEÑO AMBIENTAL ACUICULTURA EN CHILE Y SU EFECTO EN LOS ECOSISTEMAS DE EMPLAZAMIENTO 2023-2024,Objetivo 1. Actividad 2. Muestreos y Analisis sedimentos,Gastón Vidal,INSTITUTO DE FOMENTO PESQUERO,Campaña_Otoño-Inv_2023.Proy.SeguimientoAmbiental,Natales,5,514929.7,723739.8,2023-08-26,11:30:00,TEMPERATURA,6.766666666666667,26/08/2023 11:30:00,XII
144,ESTUDIO SEGUIMIENTO DESEMPEÑO AMBIENTAL ACUICULTURA EN CHILE Y SU EFECTO EN LOS ECOSISTEMAS DE EMPLAZAMIENTO 2023-2024,Objetivo 1. Actividad 2. Muestreos y Analisis sedimentos,Gastón Vidal,INSTITUTO DE FOMENTO PESQUERO,Campaña_Otoño-Inv_2023.Proy.SeguimientoAmbiental,Natales,9,514601.6,725405.0,2023-08-27,12:32:00,TEMPERATURA,7.266666666666667,27/08/2023 12:32:00,XII
145,ESTUDIO SEGUIMIENTO DESEMPEÑO AMBIENTAL ACUICULTURA EN CHILE Y SU EFECTO EN LOS ECOSISTEMAS DE EMPLAZAMIENTO 2023-2024,Objetivo 1. Actividad 2. Muestreos y Analisis sedimentos,Gastón Vidal,INSTITUTO DE FOMENTO PESQUERO,Campaña_Otoño-Inv_2023.Proy.SeguimientoAmbiental,Natales,10,520357.8,725602.0,2023-08-28,12:30:00,TEMPERATURA,7.166666666666667,28/08/2023 12:30:00,XII
146,ESTUDIO SEGUIMIENTO DESEMPEÑO AMBIENTAL ACUICULTURA EN CHILE Y SU EFECTO EN LOS ECOSISTEMAS DE EMPLAZAMIENTO 2023-2024,Objetivo 1. Actividad 2. Muestreos y Analisis sedimentos,Gastón Vidal,INSTITUTO DE FOMENTO PESQUERO,Campaña_Otoño-Inv_2023.Proy.SeguimientoAmbiental,Natales,11,521159.7,725703.6,2023-08-27,16:54:00,TEMPERATURA,7.333333333333333,27/08/2023 16:54:00,XII
147,ESTUDIO SEGUIMIENTO DESEMPEÑO AMBIENTAL ACUICULTURA EN CHILE Y SU EFECTO EN LOS ECOSISTEMAS DE EMPLAZAMIENTO 2023-2024,Objetivo 1. Actividad 2. Muestreos y Analisis sedimentos,Gastón Vidal,INSTITUTO DE FOMENTO PESQUERO,Campaña_Otoño-Inv_2023.Proy.SeguimientoAmbiental,Natales,13,521310.4,725226.1,2023-08-27,17:30:00,TEMPERATURA,7.166666666666667,27/08/2023 17:30:00,XII
148,ESTUDIO SEGUIMIENTO DESEMPEÑO AMBIENTAL ACUICULTURA EN CHILE Y SU EFECTO EN LOS ECOSISTEMAS DE EMPLAZAMIENTO 2023-2024,Objetivo 1. Actividad 2. Muestreos y Analisis sedimentos,Gastón Vidal,INSTITUTO DE FOMENTO PESQUERO,Campaña_Otoño-Inv_2023.Proy.SeguimientoAmbiental,Natales,14,520439.3,723937.6,2023-08-25,18:15:00,TEMPERATURA,7.366666666666667,25/08/2023 18:15:00,XII
1,ESTUDIO SEGUIMIENTO DESEMPEÑO AMBIENTAL ACUICULTURA EN CHILE Y SU EFECTO EN LOS ECOSISTEMAS DE EMPLAZAMIENTO 2023-2024,Objetivo 1. Actividad 2. Muestreos y Analisis sedimentos,Gastón Vidal,INSTITUTO DE FOMENTO PESQUERO,Campaña_Otoño-Inv_2023.Proy.SeguimientoAmbiental,Estuario,1,412614.9,721747.9,2023-11-06,09:04:00,REDOX EHNHE,116.73333333333335,06/11/2023 09:04:00,X
2,ESTUDIO SEGUIMIENTO DESEMPEÑO AMBIENTAL ACUICULTURA EN CHILE Y SU EFECTO EN LOS ECOSISTEMAS DE EMPLAZAMIENTO 2023-2024,Objetivo 1. Actividad 2. Muestreos y Analisis sedimentos,Gastón Vidal,INSTITUTO DE FOMENTO PESQUERO,Campaña_Otoño-Inv_2023.Proy.SeguimientoAmbiental,Estuario,2,412807.3,721843.5,2023-11-06,08:40:00,REDOX EHNHE,103.56666666666668,06/11/2023 08:40:00,X
3,ESTUDIO SEGUIMIENTO DESEMPEÑO AMBIENTAL ACUICULTURA EN CHILE Y SU EFECTO EN LOS ECOSISTEMAS DE EMPLAZAMIENTO 2023-2024,Objetivo 1. Actividad 2. Muestreos y Analisis sedimentos,Gastón Vidal,INSTITUTO DE FOMENTO PESQUERO,Campaña_Otoño-Inv_2023.Proy.SeguimientoAmbiental,Estuario,3,412945.4,721845.5,2023-11-06,09:35:00,REDOX EHNHE,154.83333333333334,06/11/2023 09:35:00,X
4,ESTUDIO SEGUIMIENTO DESEMPEÑO AMBIENTAL ACUICULTURA EN CHILE Y SU EFECTO EN LOS ECOSISTEMAS DE EMPLAZAMIENTO 2023-2024,Objetivo 1. Actividad 2. Muestreos y Analisis sedimentos,Gastón Vidal,INSTITUTO DE FOMENTO PESQUERO,Campaña_Otoño-Inv_2023.Proy.SeguimientoAmbiental,Estuario,5,413039.3,721721.1,2023-11-06,10:10:00,REDOX EHNHE,266.53333333333336,06/11/2023 10:10:00,X
5,ESTUDIO SEGUIMIENTO DESEMPEÑO AMBIENTAL ACUICULTURA EN CHILE Y SU EFECTO EN LOS ECOSISTEMAS DE EMPLAZAMIENTO 2023-2024,Objetivo 1. Actividad 2. Muestreos y Analisis sedimentos,Gastón Vidal,INSTITUTO DE FOMENTO PESQUERO,Campaña_Otoño-Inv_2023.Proy.SeguimientoAmbiental,Estuario,6,413132.6,722021.4,2023-10-06,15:40:00,REDOX EHNHE,167.13333333333333,06/10/2023 15:40:00,X
6,ESTUDIO SEGUIMIENTO DESEMPEÑO AMBIENTAL ACUICULTURA EN CHILE Y SU EFECTO EN LOS ECOSISTEMAS DE EMPLAZAMIENTO 2023-2024,Objetivo 1. Actividad 2. Muestreos y Analisis sedimentos,Gastón Vidal,INSTITUTO DE FOMENTO PESQUERO,Campaña_Otoño-Inv_2023.Proy.SeguimientoAmbiental,Estuario,7,413157.8,721802.6,2023-11-06,11:05:00,REDOX EHNHE,167.4,06/11/2023 11:05:00,X
7,ESTUDIO SEGUIMIENTO DESEMPEÑO AMBIENTAL ACUICULTURA EN CHILE Y SU EFECTO EN LOS ECOSISTEMAS DE EMPLAZAMIENTO 2023-2024,Objetivo 1. Actividad 2. Muestreos y Analisis sedimentos,Gastón Vidal,INSTITUTO DE FOMENTO PESQUERO,Campaña_Otoño-Inv_2023.Proy.SeguimientoAmbiental,Estuario,8,413533.0,722110.7,2023-10-06,15:12:00,REDOX EHNHE,141.5,06/10/2023 15:12:00,X
8,ESTUDIO SEGUIMIENTO DESEMPEÑO AMBIENTAL ACUICULTURA EN CHILE Y SU EFECTO EN LOS ECOSISTEMAS DE EMPLAZAMIENTO 2023-2024,Objetivo 1. Actividad 2. Muestreos y Analisis sedimentos,Gastón Vidal,INSTITUTO DE FOMENTO PESQUERO,Campaña_Otoño-Inv_2023.Proy.SeguimientoAmbiental,Estuario,12,413938.3,722058.9,2023-06-10,14:30:00,REDOX EHNHE,118.23333333333335,10/06/2023 14:30:00,X
9,ESTUDIO SEGUIMIENTO DESEMPEÑO AMBIENTAL ACUICULTURA EN CHILE Y SU EFECTO EN LOS ECOSISTEMAS DE EMPLAZAMIENTO 2023-2024,Objetivo 1. Actividad 2. Muestreos y Analisis sedimentos,Gastón Vidal,INSTITUTO DE FOMENTO PESQUERO,Campaña_Otoño-Inv_2023.Proy.SeguimientoAmbiental,Estuario,17,414052.7,722801.1,2023-10-06,13:30:00,REDOX EHNHE,449.3333333333333,06/10/2023 13:30:00,X
10,ESTUDIO SEGUIMIENTO DESEMPEÑO AMBIENTAL ACUICULTURA EN CHILE Y SU EFECTO EN LOS ECOSISTEMAS DE EMPLAZAMIENTO 2023-2024,Objetivo 1. Actividad 2. Muestreos y Analisis sedimentos,Gastón Vidal,INSTITUTO DE FOMENTO PESQUERO,Campaña_Otoño-Inv_2023.Proy.SeguimientoAmbiental,Estuario,21,414330.8,723048.5,2023-10-06,12:50:00,REDOX EHNHE,287.1666666666667,06/10/2023 12:50:00,X
15,ESTUDIO SEGUIMIENTO DESEMPEÑO AMBIENTAL ACUICULTURA EN CHILE Y SU EFECTO EN LOS ECOSISTEMAS DE EMPLAZAMIENTO 2023-2024,Objetivo 1. Actividad 2. Muestreos y Analisis sedimentos,Gastón Vidal,INSTITUTO DE FOMENTO PESQUERO,Campaña_Otoño-Inv_2023.Proy.SeguimientoAmbiental,Reloncavi,13,412948.4,725730.9,2023-04-13,14:10:00,REDOX EHNHE,392.1666666666667,13/04/2023 14:10:00,X
16,ESTUDIO SEGUIMIENTO DESEMPEÑO AMBIENTAL ACUICULTURA EN CHILE Y SU EFECTO EN LOS ECOSISTEMAS DE EMPLAZAMIENTO 2023-2024,Objetivo 1. Actividad 2. Muestreos y Analisis sedimentos,Gastón Vidal,INSTITUTO DE FOMENTO PESQUERO,Campaña_Otoño-Inv_2023.Proy.SeguimientoAmbiental,Reloncavi,15,413105.3,724724.2,2023-10-06,09:02:00,REDOX EHNHE,310.3333333333333,06/10/2023 09:02:00,X
17,ESTUDIO SEGUIMIENTO DESEMPEÑO AMBIENTAL ACUICULTURA EN CHILE Y SU EFECTO EN LOS ECOSISTEMAS DE EMPLAZAMIENTO 2023-2024,Objetivo 1. Actividad 2. Muestreos y Analisis sedimentos,Gastón Vidal,INSTITUTO DE FOMENTO PESQUERO,Campaña_Otoño-Inv_2023.Proy.SeguimientoAmbiental,Reloncavi,17,413450.6,724336.9,2023-10-06,10:15:00,REDOX EHNHE,373.6666666666667,06/10/2023 10:15:00,X
18,ESTUDIO SEGUIMIENTO DESEMPEÑO AMBIENTAL ACUICULTURA EN CHILE Y SU EFECTO EN LOS ECOSISTEMAS DE EMPLAZAMIENTO 2023-2024,Objetivo 1. Actividad 2. Muestreos y Analisis sedimentos,Gastón Vidal,INSTITUTO DE FOMENTO PESQUERO,Campaña_Otoño-Inv_2023.Proy.SeguimientoAmbiental,Reloncavi,19,413707.8,724152.2,2023-10-06,10:50:00,REDOX EHNHE,291.03333333333336,06/10/2023 10:50:00,X
19,ESTUDIO SEGUIMIENTO DESEMPEÑO AMBIENTAL ACUICULTURA EN CHILE Y SU EFECTO EN LOS ECOSISTEMAS DE EMPLAZAMIENTO 2023-2024,Objetivo 1. Actividad 2. Muestreos y Analisis sedimentos,Gastón Vidal,INSTITUTO DE FOMENTO PESQUERO,Campaña_Otoño-Inv_2023.Proy.SeguimientoAmbiental,Reloncavi,21,413751.5,724023.2,2023-10-06,11:30:00,REDOX EHNHE,353.23333333333335,06/10/2023 11:30:00,X
67,ESTUDIO SEGUIMIENTO DESEMPEÑO AMBIENTAL ACUICULTURA EN CHILE Y SU EFECTO EN LOS ECOSISTEMAS DE EMPLAZAMIENTO 2023-2024,Objetivo 1. Actividad 2. Muestreos y Analisis sedimentos,Gastón Vidal,INSTITUTO DE FOMENTO PESQUERO,Campaña_Otoño-Inv_2023.Proy.SeguimientoAmbiental,Quellon,19,430307.5,732746.7,2023-04-19,12:33:00,REDOX EHNHE,305.7,19/04/2023 12:33:00,X
73,ESTUDIO SEGUIMIENTO DESEMPEÑO AMBIENTAL ACUICULTURA EN CHILE Y SU EFECTO EN LOS ECOSISTEMAS DE EMPLAZAMIENTO 2023-2024,Objetivo 1. Actividad 2. Muestreos y Analisis sedimentos,Gastón Vidal,INSTITUTO DE FOMENTO PESQUERO,Campaña_Otoño-Inv_2023.Proy.SeguimientoAmbiental,Quellon,39,425415.3,732927.9,2023-04-19,08:10:00,REDOX EHNHE,412.8333333333333,19/04/2023 08:10:00,X
83,ESTUDIO SEGUIMIENTO DESEMPEÑO AMBIENTAL ACUICULTURA EN CHILE Y SU EFECTO EN LOS ECOSISTEMAS DE EMPLAZAMIENTO 2023-2024,Objetivo 1. Actividad 2. Muestreos y Analisis sedimentos,Gastón Vidal,INSTITUTO DE FOMENTO PESQUERO,Campaña_Otoño-Inv_2023.Proy.SeguimientoAmbiental,Ayacara,7,423730.6,725115.4,2023-04-21,16:40:00,REDOX EHNHE,280.53333333333336,21/04/2023 16:40:00,X
92,ESTUDIO SEGUIMIENTO DESEMPEÑO AMBIENTAL ACUICULTURA EN CHILE Y SU EFECTO EN LOS ECOSISTEMAS DE EMPLAZAMIENTO 2023-2024,Objetivo 1. Actividad 2. Muestreos y Analisis sedimentos,Gastón Vidal,INSTITUTO DE FOMENTO PESQUERO,Campaña_Otoño-Inv_2023.Proy.SeguimientoAmbiental,Guaitecas,1,442931.1,740942.8,2023-05-05,13:41:00,REDOX EHNHE,332.1,05/05/2023 13:41:00,XI
93,ESTUDIO SEGUIMIENTO DESEMPEÑO AMBIENTAL ACUICULTURA EN CHILE Y SU EFECTO EN LOS ECOSISTEMAS DE EMPLAZAMIENTO 2023-2024,Objetivo 1. Actividad 2. Muestreos y Analisis sedimentos,Gastón Vidal,INSTITUTO DE FOMENTO PESQUERO,Campaña_Otoño-Inv_2023.Proy.SeguimientoAmbiental,Guaitecas,2,442708.1,740808.5,2023-05-05,13:15:00,REDOX EHNHE,258.8,05/05/2023 13:15:00,XI
94,ESTUDIO SEGUIMIENTO DESEMPEÑO AMBIENTAL ACUICULTURA EN CHILE Y SU EFECTO EN LOS ECOSISTEMAS DE EMPLAZAMIENTO 2023-2024,Objetivo 1. Actividad 2. Muestreos y Analisis sedimentos,Gastón Vidal,INSTITUTO DE FOMENTO PESQUERO,Campaña_Otoño-Inv_2023.Proy.SeguimientoAmbiental,Guaitecas,4,441418.4,741320.7,2023-05-05,11:40:00,REDOX EHNHE,103.40000000000002,05/05/2023 11:40:00,XI
95,ESTUDIO SEGUIMIENTO DESEMPEÑO AMBIENTAL ACUICULTURA EN CHILE Y SU EFECTO EN LOS ECOSISTEMAS DE EMPLAZAMIENTO 2023-2024,Objetivo 1. Actividad 2. Muestreos y Analisis sedimentos,Gastón Vidal,INSTITUTO DE FOMENTO PESQUERO,Campaña_Otoño-Inv_2023.Proy.SeguimientoAmbiental,Guaitecas,6,440829.0,740209.0,2023-05-05,10:05:00,REDOX EHNHE,334.56666666666666,05/05/2023 10:05:00,XI
96,ESTUDIO SEGUIMIENTO DESEMPEÑO AMBIENTAL ACUICULTURA EN CHILE Y SU EFECTO EN LOS ECOSISTEMAS DE EMPLAZAMIENTO 2023-2024,Objetivo 1. Actividad 2. Muestreos y Analisis sedimentos,Gastón Vidal,INSTITUTO DE FOMENTO PESQUERO,Campaña_Otoño-Inv_2023.Proy.SeguimientoAmbiental,Guaitecas,7,440453.4,735253.7,2023-05-05,08:50:00,REDOX EHNHE,403.3666666666666,05/05/2023 08:50:00,XI
97,ESTUDIO SEGUIMIENTO DESEMPEÑO AMBIENTAL ACUICULTURA EN CHILE Y SU EFECTO EN LOS ECOSISTEMAS DE EMPLAZAMIENTO 2023-2024,Objetivo 1. Actividad 2. Muestreos y Analisis sedimentos,Gastón Vidal,INSTITUTO DE FOMENTO PESQUERO,Campaña_Otoño-Inv_2023.Proy.SeguimientoAmbiental,Guaitecas,8,435456.5,735432.1,2023-04-05,10:30:00,REDOX EHNHE,258.5,05/04/2023 10:30:00,XI
98,ESTUDIO SEGUIMIENTO DESEMPEÑO AMBIENTAL ACUICULTURA EN CHILE Y SU EFECTO EN LOS ECOSISTEMAS DE EMPLAZAMIENTO 2023-2024,Objetivo 1. Actividad 2. Muestreos y Analisis sedimentos,Gastón Vidal,INSTITUTO DE FOMENTO PESQUERO,Campaña_Otoño-Inv_2023.Proy.SeguimientoAmbiental,Guaitecas,9,435329.1,735219.9,2023-04-05,09:35:00,REDOX EHNHE,382.73333333333335,05/04/2023 09:35:00,XI
99,ESTUDIO SEGUIMIENTO DESEMPEÑO AMBIENTAL ACUICULTURA EN CHILE Y SU EFECTO EN LOS ECOSISTEMAS DE EMPLAZAMIENTO 2023-2024,Objetivo 1. Actividad 2. Muestreos y Analisis sedimentos,Gastón Vidal,INSTITUTO DE FOMENTO PESQUERO,Campaña_Otoño-Inv_2023.Proy.SeguimientoAmbiental,Guaitecas,10,435638.0,734800.0,2023-04-05,11:36:00,REDOX EHNHE,326.3333333333333,05/04/2023 11:36:00,XI
100,ESTUDIO SEGUIMIENTO DESEMPEÑO AMBIENTAL ACUICULTURA EN CHILE Y SU EFECTO EN LOS ECOSISTEMAS DE EMPLAZAMIENTO 2023-2024,Objetivo 1. Actividad 2. Muestreos y Analisis sedimentos,Gastón Vidal,INSTITUTO DE FOMENTO PESQUERO,Campaña_Otoño-Inv_2023.Proy.SeguimientoAmbiental,Guaitecas,12,440031.4,734511.0,2023-04-05,12:28:00,REDOX EHNHE,316.43333333333334,05/04/2023 12:28:00,XI
101,ESTUDIO SEGUIMIENTO DESEMPEÑO AMBIENTAL ACUICULTURA EN CHILE Y SU EFECTO EN LOS ECOSISTEMAS DE EMPLAZAMIENTO 2023-2024,Objetivo 1. Actividad 2. Muestreos y Analisis sedimentos,Gastón Vidal,INSTITUTO DE FOMENTO PESQUERO,Campaña_Otoño-Inv_2023.Proy.SeguimientoAmbiental,Guaitecas,17,441715.5,734639.1,2023-04-05,16:45:00,REDOX EHNHE,344.06666666666666,05/04/2023 16:45:00,XI
102,ESTUDIO SEGUIMIENTO DESEMPEÑO AMBIENTAL ACUICULTURA EN CHILE Y SU EFECTO EN LOS ECOSISTEMAS DE EMPLAZAMIENTO 2023-2024,Objetivo 1. Actividad 2. Muestreos y Analisis sedimentos,Gastón Vidal,INSTITUTO DE FOMENTO PESQUERO,Campaña_Otoño-Inv_2023.Proy.SeguimientoAmbiental,Moraleda,2,451131.2,735840.6,2023-05-07,09:47:00,REDOX EHNHE,330.5,07/05/2023 09:47:00,XI
103,ESTUDIO SEGUIMIENTO DESEMPEÑO AMBIENTAL ACUICULTURA EN CHILE Y SU EFECTO EN LOS ECOSISTEMAS DE EMPLAZAMIENTO 2023-2024,Objetivo 1. Actividad 2. Muestreos y Analisis sedimentos,Gastón Vidal,INSTITUTO DE FOMENTO PESQUERO,Campaña_Otoño-Inv_2023.Proy.SeguimientoAmbiental,Moraleda,4,450957.9,740833.4,2023-07-05,08:50:00,REDOX EHNHE,396.3666666666666,05/07/2023 08:50:00,XI
104,ESTUDIO SEGUIMIENTO DESEMPEÑO AMBIENTAL ACUICULTURA EN CHILE Y SU EFECTO EN LOS ECOSISTEMAS DE EMPLAZAMIENTO 2023-2024,Objetivo 1. Actividad 2. Muestreos y Analisis sedimentos,Gastón Vidal,INSTITUTO DE FOMENTO PESQUERO,Campaña_Otoño-Inv_2023.Proy.SeguimientoAmbiental,Moraleda,5,450801.8,741520.1,2023-06-05,14:30:00,REDOX EHNHE,177.20000000000002,05/06/2023 14:30:00,XI
105,ESTUDIO SEGUIMIENTO DESEMPEÑO AMBIENTAL ACUICULTURA EN CHILE Y SU EFECTO EN LOS ECOSISTEMAS DE EMPLAZAMIENTO 2023-2024,Objetivo 1. Actividad 2. Muestreos y Analisis sedimentos,Gastón Vidal,INSTITUTO DE FOMENTO PESQUERO,Campaña_Otoño-Inv_2023.Proy.SeguimientoAmbiental,Moraleda,12,444145.4,735257.1,2023-06-05,10:00:00,REDOX EHNHE,234.03333333333333,05/06/2023 10:00:00,XI
106,ESTUDIO SEGUIMIENTO DESEMPEÑO AMBIENTAL ACUICULTURA EN CHILE Y SU EFECTO EN LOS ECOSISTEMAS DE EMPLAZAMIENTO 2023-2024,Objetivo 1. Actividad 2. Muestreos y Analisis sedimentos,Gastón Vidal,INSTITUTO DE FOMENTO PESQUERO,Campaña_Otoño-Inv_2023.Proy.SeguimientoAmbiental,Moraleda,13,443935.6,735252.9,2023-06-05,09:14:00,REDOX EHNHE,405.5,05/06/2023 09:14:00,XI
107,ESTUDIO SEGUIMIENTO DESEMPEÑO AMBIENTAL ACUICULTURA EN CHILE Y SU EFECTO EN LOS ECOSISTEMAS DE EMPLAZAMIENTO 2023-2024,Objetivo 1. Actividad 2. Muestreos y Analisis sedimentos,Gastón Vidal,INSTITUTO DE FOMENTO PESQUERO,Campaña_Otoño-Inv_2023.Proy.SeguimientoAmbiental,Moraleda,14,443608.6,740025.9,2023-05-05,16:50:00,REDOX EHNHE,129.63333333333335,05/05/2023 16:50:00,XI
108,ESTUDIO SEGUIMIENTO DESEMPEÑO AMBIENTAL ACUICULTURA EN CHILE Y SU EFECTO EN LOS ECOSISTEMAS DE EMPLAZAMIENTO 2023-2024,Objetivo 1. Actividad 2. Muestreos y Analisis sedimentos,Gastón Vidal,INSTITUTO DE FOMENTO PESQUERO,Campaña_Otoño-Inv_2023.Proy.SeguimientoAmbiental,Moraleda,16,443308.8,740650.1,2023-05-05,15:50:00,REDOX EHNHE,72.03333333333332,05/05/2023 15:50:00,XI
109,ESTUDIO SEGUIMIENTO DESEMPEÑO AMBIENTAL ACUICULTURA EN CHILE Y SU EFECTO EN LOS ECOSISTEMAS DE EMPLAZAMIENTO 2023-2024,Objetivo 1. Actividad 2. Muestreos y Analisis sedimentos,Gastón Vidal,INSTITUTO DE FOMENTO PESQUERO,Campaña_Otoño-Inv_2023.Proy.SeguimientoAmbiental,Moraleda,17,440830.9,733501.0,2023-04-05,14:30:00,REDOX EHNHE,361.06666666666666,05/04/2023 14:30:00,XI
121,ESTUDIO SEGUIMIENTO DESEMPEÑO AMBIENTAL ACUICULTURA EN CHILE Y SU EFECTO EN LOS ECOSISTEMAS DE EMPLAZAMIENTO 2023-2024,Objetivo 1. Actividad 2. Muestreos y Analisis sedimentos,Gastón Vidal,INSTITUTO DE FOMENTO PESQUERO,Campaña_Otoño-Inv_2023.Proy.SeguimientoAmbiental,Aysen,5,452421.9,733225.0,2023-05-12,16:03:00,REDOX EHNHE,205.96666666666667,12/05/2023 16:03:00,XI
124,ESTUDIO SEGUIMIENTO DESEMPEÑO AMBIENTAL ACUICULTURA EN CHILE Y SU EFECTO EN LOS ECOSISTEMAS DE EMPLAZAMIENTO 2023-2024,Objetivo 1. Actividad 2. Muestreos y Analisis sedimentos,Gastón Vidal,INSTITUTO DE FOMENTO PESQUERO,Campaña_Otoño-Inv_2023.Proy.SeguimientoAmbiental,Aysen,10,455717.6,733619.7,2023-11-05,12:02:00,REDOX EHNHE,202.5666666666667,05/11/2023 12:02:00,XI
126,ESTUDIO SEGUIMIENTO DESEMPEÑO AMBIENTAL ACUICULTURA EN CHILE Y SU EFECTO EN LOS ECOSISTEMAS DE EMPLAZAMIENTO 2023-2024,Objetivo 1. Actividad 2. Muestreos y Analisis sedimentos,Gastón Vidal,INSTITUTO DE FOMENTO PESQUERO,Campaña_Otoño-Inv_2023.Proy.SeguimientoAmbiental,Aysen,13,461329.4,734345.5,2023-08-05,14:42:00,REDOX EHNHE,373.06666666666666,05/08/2023 14:42:00,XI
127,ESTUDIO SEGUIMIENTO DESEMPEÑO AMBIENTAL ACUICULTURA EN CHILE Y SU EFECTO EN LOS ECOSISTEMAS DE EMPLAZAMIENTO 2023-2024,Objetivo 1. Actividad 2. Muestreos y Analisis sedimentos,Gastón Vidal,INSTITUTO DE FOMENTO PESQUERO,Campaña_Otoño-Inv_2023.Proy.SeguimientoAmbiental,Aysen,18,460557.7,735202.9,2023-08-05,13:05:00,REDOX EHNHE,341.1666666666667,05/08/2023 13:05:00,XI
128,ESTUDIO SEGUIMIENTO DESEMPEÑO AMBIENTAL ACUICULTURA EN CHILE Y SU EFECTO EN LOS ECOSISTEMAS DE EMPLAZAMIENTO 2023-2024,Objetivo 1. Actividad 2. Muestreos y Analisis sedimentos,Gastón Vidal,INSTITUTO DE FOMENTO PESQUERO,Campaña_Otoño-Inv_2023.Proy.SeguimientoAmbiental,Aysen,19,460107.9,735645.7,2023-08-05,11:57:00,REDOX EHNHE,384.43333333333334,05/08/2023 11:57:00,XI
129,ESTUDIO SEGUIMIENTO DESEMPEÑO AMBIENTAL ACUICULTURA EN CHILE Y SU EFECTO EN LOS ECOSISTEMAS DE EMPLAZAMIENTO 2023-2024,Objetivo 1. Actividad 2. Muestreos y Analisis sedimentos,Gastón Vidal,INSTITUTO DE FOMENTO PESQUERO,Campaña_Otoño-Inv_2023.Proy.SeguimientoAmbiental,Aysen,24,454429.7,740423.3,2023-08-05,08:30:00,REDOX EHNHE,403,05/08/2023 08:30:00,XI
130,ESTUDIO SEGUIMIENTO DESEMPEÑO AMBIENTAL ACUICULTURA EN CHILE Y SU EFECTO EN LOS ECOSISTEMAS DE EMPLAZAMIENTO 2023-2024,Objetivo 1. Actividad 2. Muestreos y Analisis sedimentos,Gastón Vidal,INSTITUTO DE FOMENTO PESQUERO,Campaña_Otoño-Inv_2023.Proy.SeguimientoAmbiental,Aysen,25,454137.5,741704.6,2023-07-05,16:50:00,REDOX EHNHE,348.1333333333334,05/07/2023 16:50:00,XI
131,ESTUDIO SEGUIMIENTO DESEMPEÑO AMBIENTAL ACUICULTURA EN CHILE Y SU EFECTO EN LOS ECOSISTEMAS DE EMPLAZAMIENTO 2023-2024,Objetivo 1. Actividad 2. Muestreos y Analisis sedimentos,Gastón Vidal,INSTITUTO DE FOMENTO PESQUERO,Campaña_Otoño-Inv_2023.Proy.SeguimientoAmbiental,Aysen,28,453351.4,741310.2,2023-07-05,15:02:00,REDOX EHNHE,352.8666666666666,05/07/2023 15:02:00,XI
132,ESTUDIO SEGUIMIENTO DESEMPEÑO AMBIENTAL ACUICULTURA EN CHILE Y SU EFECTO EN LOS ECOSISTEMAS DE EMPLAZAMIENTO 2023-2024,Objetivo 1. Actividad 2. Muestreos y Analisis sedimentos,Gastón Vidal,INSTITUTO DE FOMENTO PESQUERO,Campaña_Otoño-Inv_2023.Proy.SeguimientoAmbiental,Aysen,30,452356.0,741521.0,2023-07-05,13:16:00,REDOX EHNHE,92.89999999999999,05/07/2023 13:16:00,XI
133,ESTUDIO SEGUIMIENTO DESEMPEÑO AMBIENTAL ACUICULTURA EN CHILE Y SU EFECTO EN LOS ECOSISTEMAS DE EMPLAZAMIENTO 2023-2024,Objetivo 1. Actividad 2. Muestreos y Analisis sedimentos,Gastón Vidal,INSTITUTO DE FOMENTO PESQUERO,Campaña_Otoño-Inv_2023.Proy.SeguimientoAmbiental,Aysen,34,451659.5,734350.5,2023-12-05,12:35:00,REDOX EHNHE,394.4333333333334,05/12/2023 12:35:00,XI
134,ESTUDIO SEGUIMIENTO DESEMPEÑO AMBIENTAL ACUICULTURA EN CHILE Y SU EFECTO EN LOS ECOSISTEMAS DE EMPLAZAMIENTO 2023-2024,Objetivo 1. Actividad 2. Muestreos y Analisis sedimentos,Gastón Vidal,INSTITUTO DE FOMENTO PESQUERO,Campaña_Otoño-Inv_2023.Proy.SeguimientoAmbiental,Coquimbo,1,300839.9,712256.3,2023-07-21,09:40:00,REDOX EHNHE,484.4666666666667,21/07/2023 09:40:00,IV
135,ESTUDIO SEGUIMIENTO DESEMPEÑO AMBIENTAL ACUICULTURA EN CHILE Y SU EFECTO EN LOS ECOSISTEMAS DE EMPLAZAMIENTO 2023-2024,Objetivo 1. Actividad 2. Muestreos y Analisis sedimentos,Gastón Vidal,INSTITUTO DE FOMENTO PESQUERO,Campaña_Otoño-Inv_2023.Proy.SeguimientoAmbiental,Coquimbo,4,301121.0,712525.0,2023-07-21,10:40:00,REDOX EHNHE,306.7666666666667,21/07/2023 10:40:00,IV
136,ESTUDIO SEGUIMIENTO DESEMPEÑO AMBIENTAL ACUICULTURA EN CHILE Y SU EFECTO EN LOS ECOSISTEMAS DE EMPLAZAMIENTO 2023-2024,Objetivo 1. Actividad 2. Muestreos y Analisis sedimentos,Gastón Vidal,INSTITUTO DE FOMENTO PESQUERO,Campaña_Otoño-Inv_2023.Proy.SeguimientoAmbiental,Coquimbo,5,301046.7,712617.5,2023-07-21,11:11:00,REDOX EHNHE,266.1,21/07/2023 11:11:00,IV
137,ESTUDIO SEGUIMIENTO DESEMPEÑO AMBIENTAL ACUICULTURA EN CHILE Y SU EFECTO EN LOS ECOSISTEMAS DE EMPLAZAMIENTO 2023-2024,Objetivo 1. Actividad 2. Muestreos y Analisis sedimentos,Gastón Vidal,INSTITUTO DE FOMENTO PESQUERO,Campaña_Otoño-Inv_2023.Proy.SeguimientoAmbiental,Coquimbo,7,301455.9,712925.2,2023-07-20,08:55:00,REDOX EHNHE,530.7333333333332,20/07/2023 08:55:00,IV
138,ESTUDIO SEGUIMIENTO DESEMPEÑO AMBIENTAL ACUICULTURA EN CHILE Y SU EFECTO EN LOS ECOSISTEMAS DE EMPLAZAMIENTO 2023-2024,Objetivo 1. Actividad 2. Muestreos y Analisis sedimentos,Gastón Vidal,INSTITUTO DE FOMENTO PESQUERO,Campaña_Otoño-Inv_2023.Proy.SeguimientoAmbiental,Coquimbo,9,301620.2,713032.0,2023-07-20,11:20:00,REDOX EHNHE,358.3666666666666,20/07/2023 11:20:00,IV
139,ESTUDIO SEGUIMIENTO DESEMPEÑO AMBIENTAL ACUICULTURA EN CHILE Y SU EFECTO EN LOS ECOSISTEMAS DE EMPLAZAMIENTO 2023-2024,Objetivo 1. Actividad 2. Muestreos y Analisis sedimentos,Gastón Vidal,INSTITUTO DE FOMENTO PESQUERO,Campaña_Otoño-Inv_2023.Proy.SeguimientoAmbiental,Coquimbo,10,301612.8,713138.8,2023-07-20,09:35:00,REDOX EHNHE,298.93333333333334,20/07/2023 09:35:00,IV
140,ESTUDIO SEGUIMIENTO DESEMPEÑO AMBIENTAL ACUICULTURA EN CHILE Y SU EFECTO EN LOS ECOSISTEMAS DE EMPLAZAMIENTO 2023-2024,Objetivo 1. Actividad 2. Muestreos y Analisis sedimentos,Gastón Vidal,INSTITUTO DE FOMENTO PESQUERO,Campaña_Otoño-Inv_2023.Proy.SeguimientoAmbiental,Coquimbo,13,301637.0,713306.7,2023-07-20,10:33:00,REDOX EHNHE,259.8666666666667,20/07/2023 10:33:00,IV
141,ESTUDIO SEGUIMIENTO DESEMPEÑO AMBIENTAL ACUICULTURA EN CHILE Y SU EFECTO EN LOS ECOSISTEMAS DE EMPLAZAMIENTO 2023-2024,Objetivo 1. Actividad 2. Muestreos y Analisis sedimentos,Gastón Vidal,INSTITUTO DE FOMENTO PESQUERO,Campaña_Otoño-Inv_2023.Proy.SeguimientoAmbiental,Natales,2,513604.7,724301.6,2023-08-30,11:10:00,REDOX EHNHE,133.2,30/08/2023 11:10:00,XII
142,ESTUDIO SEGUIMIENTO DESEMPEÑO AMBIENTAL ACUICULTURA EN CHILE Y SU EFECTO EN LOS ECOSISTEMAS DE EMPLAZAMIENTO 2023-2024,Objetivo 1. Actividad 2. Muestreos y Analisis sedimentos,Gastón Vidal,INSTITUTO DE FOMENTO PESQUERO,Campaña_Otoño-Inv_2023.Proy.SeguimientoAmbiental,Natales,3,514018.2,723753.1,2023-08-30,12:02:00,REDOX EHNHE,141,30/08/2023 12:02:00,XII
143,ESTUDIO SEGUIMIENTO DESEMPEÑO AMBIENTAL ACUICULTURA EN CHILE Y SU EFECTO EN LOS ECOSISTEMAS DE EMPLAZAMIENTO 2023-2024,Objetivo 1. Actividad 2. Muestreos y Analisis sedimentos,Gastón Vidal,INSTITUTO DE FOMENTO PESQUERO,Campaña_Otoño-Inv_2023.Proy.SeguimientoAmbiental,Natales,5,514929.7,723739.8,2023-08-26,11:30:00,REDOX EHNHE,118.63333333333333,26/08/2023 11:30:00,XII
144,ESTUDIO SEGUIMIENTO DESEMPEÑO AMBIENTAL ACUICULTURA EN CHILE Y SU EFECTO EN LOS ECOSISTEMAS DE EMPLAZAMIENTO 2023-2024,Objetivo 1. Actividad 2. Muestreos y Analisis sedimentos,Gastón Vidal,INSTITUTO DE FOMENTO PESQUERO,Campaña_Otoño-Inv_2023.Proy.SeguimientoAmbiental,Natales,9,514601.6,725405.0,2023-08-27,12:32:00,REDOX EHNHE,162.63333333333335,27/08/2023 12:32:00,XII
145,ESTUDIO SEGUIMIENTO DESEMPEÑO AMBIENTAL ACUICULTURA EN CHILE Y SU EFECTO EN LOS ECOSISTEMAS DE EMPLAZAMIENTO 2023-2024,Objetivo 1. Actividad 2. Muestreos y Analisis sedimentos,Gastón Vidal,INSTITUTO DE FOMENTO PESQUERO,Campaña_Otoño-Inv_2023.Proy.SeguimientoAmbiental,Natales,10,520357.8,725602.0,2023-08-28,12:30:00,REDOX EHNHE,291.3,28/08/2023 12:30:00,XII
146,ESTUDIO SEGUIMIENTO DESEMPEÑO AMBIENTAL ACUICULTURA EN CHILE Y SU EFECTO EN LOS ECOSISTEMAS DE EMPLAZAMIENTO 2023-2024,Objetivo 1. Actividad 2. Muestreos y Analisis sedimentos,Gastón Vidal,INSTITUTO DE FOMENTO PESQUERO,Campaña_Otoño-Inv_2023.Proy.SeguimientoAmbiental,Natales,11,521159.7,725703.6,2023-08-27,16:54:00,REDOX EHNHE,185.33333333333334,27/08/2023 16:54:00,XII
147,ESTUDIO SEGUIMIENTO DESEMPEÑO AMBIENTAL ACUICULTURA EN CHILE Y SU EFECTO EN LOS ECOSISTEMAS DE EMPLAZAMIENTO 2023-2024,Objetivo 1. Actividad 2. Muestreos y Analisis sedimentos,Gastón Vidal,INSTITUTO DE FOMENTO PESQUERO,Campaña_Otoño-Inv_2023.Proy.SeguimientoAmbiental,Natales,13,521310.4,725226.1,2023-08-27,17:30:00,REDOX EHNHE,277.46666666666664,27/08/2023 17:30:00,XII
148,ESTUDIO SEGUIMIENTO DESEMPEÑO AMBIENTAL ACUICULTURA EN CHILE Y SU EFECTO EN LOS ECOSISTEMAS DE EMPLAZAMIENTO 2023-2024,Objetivo 1. Actividad 2. Muestreos y Analisis sedimentos,Gastón Vidal,INSTITUTO DE FOMENTO PESQUERO,Campaña_Otoño-Inv_2023.Proy.SeguimientoAmbiental,Natales,14,520439.3,723937.6,2023-08-25,18:15:00,REDOX EHNHE,315.09999999999997,25/08/2023 18:15:00,XII
1,ESTUDIO SEGUIMIENTO DESEMPEÑO AMBIENTAL ACUICULTURA EN CHILE Y SU EFECTO EN LOS ECOSISTEMAS DE EMPLAZAMIENTO 2023-2024,Objetivo 1. Actividad 2. Muestreos y Analisis sedimentos,Gastón Vidal,INSTITUTO DE FOMENTO PESQUERO,Campaña_Otoño-Inv_2023.Proy.SeguimientoAmbiental,Estuario,1,412614.9,721747.9,2023-11-06,09:04:00,SULFUROS,51.55115720314245,06/11/2023 09:04:00,X
2,ESTUDIO SEGUIMIENTO DESEMPEÑO AMBIENTAL ACUICULTURA EN CHILE Y SU EFECTO EN LOS ECOSISTEMAS DE EMPLAZAMIENTO 2023-2024,Objetivo 1. Actividad 2. Muestreos y Analisis sedimentos,Gastón Vidal,INSTITUTO DE FOMENTO PESQUERO,Campaña_Otoño-Inv_2023.Proy.SeguimientoAmbiental,Estuario,2,412807.3,721843.5,2023-11-06,08:40:00,SULFUROS,3.0888213231466413,06/11/2023 08:40:00,X
3,ESTUDIO SEGUIMIENTO DESEMPEÑO AMBIENTAL ACUICULTURA EN CHILE Y SU EFECTO EN LOS ECOSISTEMAS DE EMPLAZAMIENTO 2023-2024,Objetivo 1. Actividad 2. Muestreos y Analisis sedimentos,Gastón Vidal,INSTITUTO DE FOMENTO PESQUERO,Campaña_Otoño-Inv_2023.Proy.SeguimientoAmbiental,Estuario,3,412945.4,721845.5,2023-11-06,09:35:00,SULFUROS,17.464070364856735,06/11/2023 09:35:00,X
4,ESTUDIO SEGUIMIENTO DESEMPEÑO AMBIENTAL ACUICULTURA EN CHILE Y SU EFECTO EN LOS ECOSISTEMAS DE EMPLAZAMIENTO 2023-2024,Objetivo 1. Actividad 2. Muestreos y Analisis sedimentos,Gastón Vidal,INSTITUTO DE FOMENTO PESQUERO,Campaña_Otoño-Inv_2023.Proy.SeguimientoAmbiental,Estuario,5,413039.3,721721.1,2023-11-06,10:10:00,SULFUROS,56.783291773773364,06/11/2023 10:10:00,X
5,ESTUDIO SEGUIMIENTO DESEMPEÑO AMBIENTAL ACUICULTURA EN CHILE Y SU EFECTO EN LOS ECOSISTEMAS DE EMPLAZAMIENTO 2023-2024,Objetivo 1. Actividad 2. Muestreos y Analisis sedimentos,Gastón Vidal,INSTITUTO DE FOMENTO PESQUERO,Campaña_Otoño-Inv_2023.Proy.SeguimientoAmbiental,Estuario,6,413132.6,722021.4,2023-10-06,15:40:00,SULFUROS,23.691976698574507,06/10/2023 15:40:00,X
6,ESTUDIO SEGUIMIENTO DESEMPEÑO AMBIENTAL ACUICULTURA EN CHILE Y SU EFECTO EN LOS ECOSISTEMAS DE EMPLAZAMIENTO 2023-2024,Objetivo 1. Actividad 2. Muestreos y Analisis sedimentos,Gastón Vidal,INSTITUTO DE FOMENTO PESQUERO,Campaña_Otoño-Inv_2023.Proy.SeguimientoAmbiental,Estuario,7,413157.8,721802.6,2023-11-06,11:05:00,SULFUROS,7.416448536069061,06/11/2023 11:05:00,X
7,ESTUDIO SEGUIMIENTO DESEMPEÑO AMBIENTAL ACUICULTURA EN CHILE Y SU EFECTO EN LOS ECOSISTEMAS DE EMPLAZAMIENTO 2023-2024,Objetivo 1. Actividad 2. Muestreos y Analisis sedimentos,Gastón Vidal,INSTITUTO DE FOMENTO PESQUERO,Campaña_Otoño-Inv_2023.Proy.SeguimientoAmbiental,Estuario,8,413533.0,722110.7,2023-10-06,15:12:00,SULFUROS,11.218999066644159,06/10/2023 15:12:00,X
8,ESTUDIO SEGUIMIENTO DESEMPEÑO AMBIENTAL ACUICULTURA EN CHILE Y SU EFECTO EN LOS ECOSISTEMAS DE EMPLAZAMIENTO 2023-2024,Objetivo 1. Actividad 2. Muestreos y Analisis sedimentos,Gastón Vidal,INSTITUTO DE FOMENTO PESQUERO,Campaña_Otoño-Inv_2023.Proy.SeguimientoAmbiental,Estuario,12,413938.3,722058.9,2023-06-10,14:30:00,SULFUROS,2.846260543136592,10/06/2023 14:30:00,X
9,ESTUDIO SEGUIMIENTO DESEMPEÑO AMBIENTAL ACUICULTURA EN CHILE Y SU EFECTO EN LOS ECOSISTEMAS DE EMPLAZAMIENTO 2023-2024,Objetivo 1. Actividad 2. Muestreos y Analisis sedimentos,Gastón Vidal,INSTITUTO DE FOMENTO PESQUERO,Campaña_Otoño-Inv_2023.Proy.SeguimientoAmbiental,Estuario,17,414052.7,722801.1,2023-10-06,13:30:00,SULFUROS,1.2633745994227215e-06,06/10/2023 13:30:00,X
10,ESTUDIO SEGUIMIENTO DESEMPEÑO AMBIENTAL ACUICULTURA EN CHILE Y SU EFECTO EN LOS ECOSISTEMAS DE EMPLAZAMIENTO 2023-2024,Objetivo 1. Actividad 2. Muestreos y Analisis sedimentos,Gastón Vidal,INSTITUTO DE FOMENTO PESQUERO,Campaña_Otoño-Inv_2023.Proy.SeguimientoAmbiental,Estuario,21,414330.8,723048.5,2023-10-06,12:50:00,SULFUROS,82.10046142734807,06/10/2023 12:50:00,X
15,ESTUDIO SEGUIMIENTO DESEMPEÑO AMBIENTAL ACUICULTURA EN CHILE Y SU EFECTO EN LOS ECOSISTEMAS DE EMPLAZAMIENTO 2023-2024,Objetivo 1. Actividad 2. Muestreos y Analisis sedimentos,Gastón Vidal,INSTITUTO DE FOMENTO PESQUERO,Campaña_Otoño-Inv_2023.Proy.SeguimientoAmbiental,Reloncavi,13,412948.4,725730.9,2023-04-13,14:10:00,SULFUROS,0.07666666666666667,13/04/2023 14:10:00,X
16,ESTUDIO SEGUIMIENTO DESEMPEÑO AMBIENTAL ACUICULTURA EN CHILE Y SU EFECTO EN LOS ECOSISTEMAS DE EMPLAZAMIENTO 2023-2024,Objetivo 1. Actividad 2. Muestreos y Analisis sedimentos,Gastón Vidal,INSTITUTO DE FOMENTO PESQUERO,Campaña_Otoño-Inv_2023.Proy.SeguimientoAmbiental,Reloncavi,15,413105.3,724724.2,2023-10-06,09:02:00,SULFUROS,56.833333333333336,06/10/2023 09:02:00,X
17,ESTUDIO SEGUIMIENTO DESEMPEÑO AMBIENTAL ACUICULTURA EN CHILE Y SU EFECTO EN LOS ECOSISTEMAS DE EMPLAZAMIENTO 2023-2024,Objetivo 1. Actividad 2. Muestreos y Analisis sedimentos,Gastón Vidal,INSTITUTO DE FOMENTO PESQUERO,Campaña_Otoño-Inv_2023.Proy.SeguimientoAmbiental,Reloncavi,17,413450.6,724336.9,2023-10-06,10:15:00,SULFUROS,27.8,06/10/2023 10:15:00,X
18,ESTUDIO SEGUIMIENTO DESEMPEÑO AMBIENTAL ACUICULTURA EN CHILE Y SU EFECTO EN LOS ECOSISTEMAS DE EMPLAZAMIENTO 2023-2024,Objetivo 1. Actividad 2. Muestreos y Analisis sedimentos,Gastón Vidal,INSTITUTO DE FOMENTO PESQUERO,Campaña_Otoño-Inv_2023.Proy.SeguimientoAmbiental,Reloncavi,19,413707.8,724152.2,2023-10-06,10:50:00,SULFUROS,35.85666666666666,06/10/2023 10:50:00,X
19,ESTUDIO SEGUIMIENTO DESEMPEÑO AMBIENTAL ACUICULTURA EN CHILE Y SU EFECTO EN LOS ECOSISTEMAS DE EMPLAZAMIENTO 2023-2024,Objetivo 1. Actividad 2. Muestreos y Analisis sedimentos,Gastón Vidal,INSTITUTO DE FOMENTO PESQUERO,Campaña_Otoño-Inv_2023.Proy.SeguimientoAmbiental,Reloncavi,21,413751.5,724023.2,2023-10-06,11:30:00,SULFUROS,6.166666666666667,06/10/2023 11:30:00,X
67,ESTUDIO SEGUIMIENTO DESEMPEÑO AMBIENTAL ACUICULTURA EN CHILE Y SU EFECTO EN LOS ECOSISTEMAS DE EMPLAZAMIENTO 2023-2024,Objetivo 1. Actividad 2. Muestreos y Analisis sedimentos,Gastón Vidal,INSTITUTO DE FOMENTO PESQUERO,Campaña_Otoño-Inv_2023.Proy.SeguimientoAmbiental,Quellon,19,430307.5,732746.7,2023-04-19,12:33:00,SULFUROS,34.91,19/04/2023 12:33:00,X
73,ESTUDIO SEGUIMIENTO DESEMPEÑO AMBIENTAL ACUICULTURA EN CHILE Y SU EFECTO EN LOS ECOSISTEMAS DE EMPLAZAMIENTO 2023-2024,Objetivo 1. Actividad 2. Muestreos y Analisis sedimentos,Gastón Vidal,INSTITUTO DE FOMENTO PESQUERO,Campaña_Otoño-Inv_2023.Proy.SeguimientoAmbiental,Quellon,39,425415.3,732927.9,2023-04-19,08:10:00,SULFUROS,0.0033333333333333335,19/04/2023 08:10:00,X
83,ESTUDIO SEGUIMIENTO DESEMPEÑO AMBIENTAL ACUICULTURA EN CHILE Y SU EFECTO EN LOS ECOSISTEMAS DE EMPLAZAMIENTO 2023-2024,Objetivo 1. Actividad 2. Muestreos y Analisis sedimentos,Gastón Vidal,INSTITUTO DE FOMENTO PESQUERO,Campaña_Otoño-Inv_2023.Proy.SeguimientoAmbiental,Ayacara,7,423730.6,725115.4,2023-04-21,16:40:00,SULFUROS,60.23666666666666,21/04/2023 16:40:00,X
92,ESTUDIO SEGUIMIENTO DESEMPEÑO AMBIENTAL ACUICULTURA EN CHILE Y SU EFECTO EN LOS ECOSISTEMAS DE EMPLAZAMIENTO 2023-2024,Objetivo 1. Actividad 2. Muestreos y Analisis sedimentos,Gastón Vidal,INSTITUTO DE FOMENTO PESQUERO,Campaña_Otoño-Inv_2023.Proy.SeguimientoAmbiental,Guaitecas,1,442931.1,740942.8,2023-05-05,13:41:00,SULFUROS,8.29,05/05/2023 13:41:00,XI
93,ESTUDIO SEGUIMIENTO DESEMPEÑO AMBIENTAL ACUICULTURA EN CHILE Y SU EFECTO EN LOS ECOSISTEMAS DE EMPLAZAMIENTO 2023-2024,Objetivo 1. Actividad 2. Muestreos y Analisis sedimentos,Gastón Vidal,INSTITUTO DE FOMENTO PESQUERO,Campaña_Otoño-Inv_2023.Proy.SeguimientoAmbiental,Guaitecas,2,442708.1,740808.5,2023-05-05,13:15:00,SULFUROS,16.77,05/05/2023 13:15:00,XI
94,ESTUDIO SEGUIMIENTO DESEMPEÑO AMBIENTAL ACUICULTURA EN CHILE Y SU EFECTO EN LOS ECOSISTEMAS DE EMPLAZAMIENTO 2023-2024,Objetivo 1. Actividad 2. Muestreos y Analisis sedimentos,Gastón Vidal,INSTITUTO DE FOMENTO PESQUERO,Campaña_Otoño-Inv_2023.Proy.SeguimientoAmbiental,Guaitecas,4,441418.4,741320.7,2023-05-05,11:40:00,SULFUROS,356.31666666666666,05/05/2023 11:40:00,XI
95,ESTUDIO SEGUIMIENTO DESEMPEÑO AMBIENTAL ACUICULTURA EN CHILE Y SU EFECTO EN LOS ECOSISTEMAS DE EMPLAZAMIENTO 2023-2024,Objetivo 1. Actividad 2. Muestreos y Analisis sedimentos,Gastón Vidal,INSTITUTO DE FOMENTO PESQUERO,Campaña_Otoño-Inv_2023.Proy.SeguimientoAmbiental,Guaitecas,6,440829.0,740209.0,2023-05-05,10:05:00,SULFUROS,0.21,05/05/2023 10:05:00,XI
96,ESTUDIO SEGUIMIENTO DESEMPEÑO AMBIENTAL ACUICULTURA EN CHILE Y SU EFECTO EN LOS ECOSISTEMAS DE EMPLAZAMIENTO 2023-2024,Objetivo 1. Actividad 2. Muestreos y Analisis sedimentos,Gastón Vidal,INSTITUTO DE FOMENTO PESQUERO,Campaña_Otoño-Inv_2023.Proy.SeguimientoAmbiental,Guaitecas,7,440453.4,735253.7,2023-05-05,08:50:00,SULFUROS,17.76666666666667,05/05/2023 08:50:00,XI
97,ESTUDIO SEGUIMIENTO DESEMPEÑO AMBIENTAL ACUICULTURA EN CHILE Y SU EFECTO EN LOS ECOSISTEMAS DE EMPLAZAMIENTO 2023-2024,Objetivo 1. Actividad 2. Muestreos y Analisis sedimentos,Gastón Vidal,INSTITUTO DE FOMENTO PESQUERO,Campaña_Otoño-Inv_2023.Proy.SeguimientoAmbiental,Guaitecas,8,435456.5,735432.1,2023-04-05,10:30:00,SULFUROS,82.83,05/04/2023 10:30:00,XI
98,ESTUDIO SEGUIMIENTO DESEMPEÑO AMBIENTAL ACUICULTURA EN CHILE Y SU EFECTO EN LOS ECOSISTEMAS DE EMPLAZAMIENTO 2023-2024,Objetivo 1. Actividad 2. Muestreos y Analisis sedimentos,Gastón Vidal,INSTITUTO DE FOMENTO PESQUERO,Campaña_Otoño-Inv_2023.Proy.SeguimientoAmbiental,Guaitecas,9,435329.1,735219.9,2023-04-05,09:35:00,SULFUROS,170.52333333333334,05/04/2023 09:35:00,XI
99,ESTUDIO SEGUIMIENTO DESEMPEÑO AMBIENTAL ACUICULTURA EN CHILE Y SU EFECTO EN LOS ECOSISTEMAS DE EMPLAZAMIENTO 2023-2024,Objetivo 1. Actividad 2. Muestreos y Analisis sedimentos,Gastón Vidal,INSTITUTO DE FOMENTO PESQUERO,Campaña_Otoño-Inv_2023.Proy.SeguimientoAmbiental,Guaitecas,10,435638.0,734800.0,2023-04-05,11:36:00,SULFUROS,49.376666666666665,05/04/2023 11:36:00,XI
100,ESTUDIO SEGUIMIENTO DESEMPEÑO AMBIENTAL ACUICULTURA EN CHILE Y SU EFECTO EN LOS ECOSISTEMAS DE EMPLAZAMIENTO 2023-2024,Objetivo 1. Actividad 2. Muestreos y Analisis sedimentos,Gastón Vidal,INSTITUTO DE FOMENTO PESQUERO,Campaña_Otoño-Inv_2023.Proy.SeguimientoAmbiental,Guaitecas,12,440031.4,734511.0,2023-04-05,12:28:00,SULFUROS,6.7,05/04/2023 12:28:00,XI
101,ESTUDIO SEGUIMIENTO DESEMPEÑO AMBIENTAL ACUICULTURA EN CHILE Y SU EFECTO EN LOS ECOSISTEMAS DE EMPLAZAMIENTO 2023-2024,Objetivo 1. Actividad 2. Muestreos y Analisis sedimentos,Gastón Vidal,INSTITUTO DE FOMENTO PESQUERO,Campaña_Otoño-Inv_2023.Proy.SeguimientoAmbiental,Guaitecas,17,441715.5,734639.1,2023-04-05,16:45:00,SULFUROS,55.04333333333333,05/04/2023 16:45:00,XI
102,ESTUDIO SEGUIMIENTO DESEMPEÑO AMBIENTAL ACUICULTURA EN CHILE Y SU EFECTO EN LOS ECOSISTEMAS DE EMPLAZAMIENTO 2023-2024,Objetivo 1. Actividad 2. Muestreos y Analisis sedimentos,Gastón Vidal,INSTITUTO DE FOMENTO PESQUERO,Campaña_Otoño-Inv_2023.Proy.SeguimientoAmbiental,Moraleda,2,451131.2,735840.6,2023-05-07,09:47:00,SULFUROS,0.0033333333333333335,07/05/2023 09:47:00,XI
103,ESTUDIO SEGUIMIENTO DESEMPEÑO AMBIENTAL ACUICULTURA EN CHILE Y SU EFECTO EN LOS ECOSISTEMAS DE EMPLAZAMIENTO 2023-2024,Objetivo 1. Actividad 2. Muestreos y Analisis sedimentos,Gastón Vidal,INSTITUTO DE FOMENTO PESQUERO,Campaña_Otoño-Inv_2023.Proy.SeguimientoAmbiental,Moraleda,4,450957.9,740833.4,2023-07-05,08:50:00,SULFUROS,0.7566666666666665,05/07/2023 08:50:00,XI
104,ESTUDIO SEGUIMIENTO DESEMPEÑO AMBIENTAL ACUICULTURA EN CHILE Y SU EFECTO EN LOS ECOSISTEMAS DE EMPLAZAMIENTO 2023-2024,Objetivo 1. Actividad 2. Muestreos y Analisis sedimentos,Gastón Vidal,INSTITUTO DE FOMENTO PESQUERO,Campaña_Otoño-Inv_2023.Proy.SeguimientoAmbiental,Moraleda,5,450801.8,741520.1,2023-06-05,14:30:00,SULFUROS,293.8933333333333,05/06/2023 14:30:00,XI
105,ESTUDIO SEGUIMIENTO DESEMPEÑO AMBIENTAL ACUICULTURA EN CHILE Y SU EFECTO EN LOS ECOSISTEMAS DE EMPLAZAMIENTO 2023-2024,Objetivo 1. Actividad 2. Muestreos y Analisis sedimentos,Gastón Vidal,INSTITUTO DE FOMENTO PESQUERO,Campaña_Otoño-Inv_2023.Proy.SeguimientoAmbiental,Moraleda,12,444145.4,735257.1,2023-06-05,10:00:00,SULFUROS,112.7,05/06/2023 10:00:00,XI
106,ESTUDIO SEGUIMIENTO DESEMPEÑO AMBIENTAL ACUICULTURA EN CHILE Y SU EFECTO EN LOS ECOSISTEMAS DE EMPLAZAMIENTO 2023-2024,Objetivo 1. Actividad 2. Muestreos y Analisis sedimentos,Gastón Vidal,INSTITUTO DE FOMENTO PESQUERO,Campaña_Otoño-Inv_2023.Proy.SeguimientoAmbiental,Moraleda,13,443935.6,735252.9,2023-06-05,09:14:00,SULFUROS,133.12333333333333,05/06/2023 09:14:00,XI
107,ESTUDIO SEGUIMIENTO DESEMPEÑO AMBIENTAL ACUICULTURA EN CHILE Y SU EFECTO EN LOS ECOSISTEMAS DE EMPLAZAMIENTO 2023-2024,Objetivo 1. Actividad 2. Muestreos y Analisis sedimentos,Gastón Vidal,INSTITUTO DE FOMENTO PESQUERO,Campaña_Otoño-Inv_2023.Proy.SeguimientoAmbiental,Moraleda,14,443608.6,740025.9,2023-05-05,16:50:00,SULFUROS,74.76666666666667,05/05/2023 16:50:00,XI
108,ESTUDIO SEGUIMIENTO DESEMPEÑO AMBIENTAL ACUICULTURA EN CHILE Y SU EFECTO EN LOS ECOSISTEMAS DE EMPLAZAMIENTO 2023-2024,Objetivo 1. Actividad 2. Muestreos y Analisis sedimentos,Gastón Vidal,INSTITUTO DE FOMENTO PESQUERO,Campaña_Otoño-Inv_2023.Proy.SeguimientoAmbiental,Moraleda,16,443308.8,740650.1,2023-05-05,15:50:00,SULFUROS,138.85999999999999,05/05/2023 15:50:00,XI
109,ESTUDIO SEGUIMIENTO DESEMPEÑO AMBIENTAL ACUICULTURA EN CHILE Y SU EFECTO EN LOS ECOSISTEMAS DE EMPLAZAMIENTO 2023-2024,Objetivo 1. Actividad 2. Muestreos y Analisis sedimentos,Gastón Vidal,INSTITUTO DE FOMENTO PESQUERO,Campaña_Otoño-Inv_2023.Proy.SeguimientoAmbiental,Moraleda,17,440830.9,733501.0,2023-04-05,14:30:00,SULFUROS,0.016666666666666666,05/04/2023 14:30:00,XI
121,ESTUDIO SEGUIMIENTO DESEMPEÑO AMBIENTAL ACUICULTURA EN CHILE Y SU EFECTO EN LOS ECOSISTEMAS DE EMPLAZAMIENTO 2023-2024,Objetivo 1. Actividad 2. Muestreos y Analisis sedimentos,Gastón Vidal,INSTITUTO DE FOMENTO PESQUERO,Campaña_Otoño-Inv_2023.Proy.SeguimientoAmbiental,Aysen,5,452421.9,733225.0,2023-05-12,16:03:00,SULFUROS,231.9766666666667,12/05/2023 16:03:00,XI
124,ESTUDIO SEGUIMIENTO DESEMPEÑO AMBIENTAL ACUICULTURA EN CHILE Y SU EFECTO EN LOS ECOSISTEMAS DE EMPLAZAMIENTO 2023-2024,Objetivo 1. Actividad 2. Muestreos y Analisis sedimentos,Gastón Vidal,INSTITUTO DE FOMENTO PESQUERO,Campaña_Otoño-Inv_2023.Proy.SeguimientoAmbiental,Aysen,10,455717.6,733619.7,2023-11-05,12:02:00,SULFUROS,42.56333333333333,05/11/2023 12:02:00,XI
126,ESTUDIO SEGUIMIENTO DESEMPEÑO AMBIENTAL ACUICULTURA EN CHILE Y SU EFECTO EN LOS ECOSISTEMAS DE EMPLAZAMIENTO 2023-2024,Objetivo 1. Actividad 2. Muestreos y Analisis sedimentos,Gastón Vidal,INSTITUTO DE FOMENTO PESQUERO,Campaña_Otoño-Inv_2023.Proy.SeguimientoAmbiental,Aysen,13,461329.4,734345.5,2023-08-05,14:42:00,SULFUROS,0,05/08/2023 14:42:00,XI
127,ESTUDIO SEGUIMIENTO DESEMPEÑO AMBIENTAL ACUICULTURA EN CHILE Y SU EFECTO EN LOS ECOSISTEMAS DE EMPLAZAMIENTO 2023-2024,Objetivo 1. Actividad 2. Muestreos y Analisis sedimentos,Gastón Vidal,INSTITUTO DE FOMENTO PESQUERO,Campaña_Otoño-Inv_2023.Proy.SeguimientoAmbiental,Aysen,18,460557.7,735202.9,2023-08-05,13:05:00,SULFUROS,0.006666666666666667,05/08/2023 13:05:00,XI
128,ESTUDIO SEGUIMIENTO DESEMPEÑO AMBIENTAL ACUICULTURA EN CHILE Y SU EFECTO EN LOS ECOSISTEMAS DE EMPLAZAMIENTO 2023-2024,Objetivo 1. Actividad 2. Muestreos y Analisis sedimentos,Gastón Vidal,INSTITUTO DE FOMENTO PESQUERO,Campaña_Otoño-Inv_2023.Proy.SeguimientoAmbiental,Aysen,19,460107.9,735645.7,2023-08-05,11:57:00,SULFUROS,0,05/08/2023 11:57:00,XI
129,ESTUDIO SEGUIMIENTO DESEMPEÑO AMBIENTAL ACUICULTURA EN CHILE Y SU EFECTO EN LOS ECOSISTEMAS DE EMPLAZAMIENTO 2023-2024,Objetivo 1. Actividad 2. Muestreos y Analisis sedimentos,Gastón Vidal,INSTITUTO DE FOMENTO PESQUERO,Campaña_Otoño-Inv_2023.Proy.SeguimientoAmbiental,Aysen,24,454429.7,740423.3,2023-08-05,08:30:00,SULFUROS,19.176666666666666,05/08/2023 08:30:00,XI
130,ESTUDIO SEGUIMIENTO DESEMPEÑO AMBIENTAL ACUICULTURA EN CHILE Y SU EFECTO EN LOS ECOSISTEMAS DE EMPLAZAMIENTO 2023-2024,Objetivo 1. Actividad 2. Muestreos y Analisis sedimentos,Gastón Vidal,INSTITUTO DE FOMENTO PESQUERO,Campaña_Otoño-Inv_2023.Proy.SeguimientoAmbiental,Aysen,25,454137.5,741704.6,2023-07-05,16:50:00,SULFUROS,0.0033333333333333335,05/07/2023 16:50:00,XI
131,ESTUDIO SEGUIMIENTO DESEMPEÑO AMBIENTAL ACUICULTURA EN CHILE Y SU EFECTO EN LOS ECOSISTEMAS DE EMPLAZAMIENTO 2023-2024,Objetivo 1. Actividad 2. Muestreos y Analisis sedimentos,Gastón Vidal,INSTITUTO DE FOMENTO PESQUERO,Campaña_Otoño-Inv_2023.Proy.SeguimientoAmbiental,Aysen,28,453351.4,741310.2,2023-07-05,15:02:00,SULFUROS,0,05/07/2023 15:02:00,XI
132,ESTUDIO SEGUIMIENTO DESEMPEÑO AMBIENTAL ACUICULTURA EN CHILE Y SU EFECTO EN LOS ECOSISTEMAS DE EMPLAZAMIENTO 2023-2024,Objetivo 1. Actividad 2. Muestreos y Analisis sedimentos,Gastón Vidal,INSTITUTO DE FOMENTO PESQUERO,Campaña_Otoño-Inv_2023.Proy.SeguimientoAmbiental,Aysen,30,452356.0,741521.0,2023-07-05,13:16:00,SULFUROS,0.01,05/07/2023 13:16:00,XI
133,ESTUDIO SEGUIMIENTO DESEMPEÑO AMBIENTAL ACUICULTURA EN CHILE Y SU EFECTO EN LOS ECOSISTEMAS DE EMPLAZAMIENTO 2023-2024,Objetivo 1. Actividad 2. Muestreos y Analisis sedimentos,Gastón Vidal,INSTITUTO DE FOMENTO PESQUERO,Campaña_Otoño-Inv_2023.Proy.SeguimientoAmbiental,Aysen,34,451659.5,734350.5,2023-12-05,12:35:00,SULFUROS,80.71,05/12/2023 12:35:00,XI
134,ESTUDIO SEGUIMIENTO DESEMPEÑO AMBIENTAL ACUICULTURA EN CHILE Y SU EFECTO EN LOS ECOSISTEMAS DE EMPLAZAMIENTO 2023-2024,Objetivo 1. Actividad 2. Muestreos y Analisis sedimentos,Gastón Vidal,INSTITUTO DE FOMENTO PESQUERO,Campaña_Otoño-Inv_2023.Proy.SeguimientoAmbiental,Coquimbo,1,300839.9,712256.3,2023-07-21,09:40:00,SULFUROS,0.32697500647129607,21/07/2023 09:40:00,IV
135,ESTUDIO SEGUIMIENTO DESEMPEÑO AMBIENTAL ACUICULTURA EN CHILE Y SU EFECTO EN LOS ECOSISTEMAS DE EMPLAZAMIENTO 2023-2024,Objetivo 1. Actividad 2. Muestreos y Analisis sedimentos,Gastón Vidal,INSTITUTO DE FOMENTO PESQUERO,Campaña_Otoño-Inv_2023.Proy.SeguimientoAmbiental,Coquimbo,4,301121.0,712525.0,2023-07-21,10:40:00,SULFUROS,38.39875468907526,21/07/2023 10:40:00,IV
136,ESTUDIO SEGUIMIENTO DESEMPEÑO AMBIENTAL ACUICULTURA EN CHILE Y SU EFECTO EN LOS ECOSISTEMAS DE EMPLAZAMIENTO 2023-2024,Objetivo 1. Actividad 2. Muestreos y Analisis sedimentos,Gastón Vidal,INSTITUTO DE FOMENTO PESQUERO,Campaña_Otoño-Inv_2023.Proy.SeguimientoAmbiental,Coquimbo,5,301046.7,712617.5,2023-07-21,11:11:00,SULFUROS,112.29760232215186,21/07/2023 11:11:00,IV
137,ESTUDIO SEGUIMIENTO DESEMPEÑO AMBIENTAL ACUICULTURA EN CHILE Y SU EFECTO EN LOS ECOSISTEMAS DE EMPLAZAMIENTO 2023-2024,Objetivo 1. Actividad 2. Muestreos y Analisis sedimentos,Gastón Vidal,INSTITUTO DE FOMENTO PESQUERO,Campaña_Otoño-Inv_2023.Proy.SeguimientoAmbiental,Coquimbo,7,301455.9,712925.2,2023-07-20,08:55:00,SULFUROS,0.00039753886451923784,20/07/2023 08:55:00,IV
138,ESTUDIO SEGUIMIENTO DESEMPEÑO AMBIENTAL ACUICULTURA EN CHILE Y SU EFECTO EN LOS ECOSISTEMAS DE EMPLAZAMIENTO 2023-2024,Objetivo 1. Actividad 2. Muestreos y Analisis sedimentos,Gastón Vidal,INSTITUTO DE FOMENTO PESQUERO,Campaña_Otoño-Inv_2023.Proy.SeguimientoAmbiental,Coquimbo,9,301620.2,713032.0,2023-07-20,11:20:00,SULFUROS,1.3466348595794055,20/07/2023 11:20:00,IV
139,ESTUDIO SEGUIMIENTO DESEMPEÑO AMBIENTAL ACUICULTURA EN CHILE Y SU EFECTO EN LOS ECOSISTEMAS DE EMPLAZAMIENTO 2023-2024,Objetivo 1. Actividad 2. Muestreos y Analisis sedimentos,Gastón Vidal,INSTITUTO DE FOMENTO PESQUERO,Campaña_Otoño-Inv_2023.Proy.SeguimientoAmbiental,Coquimbo,10,301612.8,713138.8,2023-07-20,09:35:00,SULFUROS,14.442743240810394,20/07/2023 09:35:00,IV
140,ESTUDIO SEGUIMIENTO DESEMPEÑO AMBIENTAL ACUICULTURA EN CHILE Y SU EFECTO EN LOS ECOSISTEMAS DE EMPLAZAMIENTO 2023-2024,Objetivo 1. Actividad 2. Muestreos y Analisis sedimentos,Gastón Vidal,INSTITUTO DE FOMENTO PESQUERO,Campaña_Otoño-Inv_2023.Proy.SeguimientoAmbiental,Coquimbo,13,301637.0,713306.7,2023-07-20,10:33:00,SULFUROS,56.359729703818665,20/07/2023 10:33:00,IV
141,ESTUDIO SEGUIMIENTO DESEMPEÑO AMBIENTAL ACUICULTURA EN CHILE Y SU EFECTO EN LOS ECOSISTEMAS DE EMPLAZAMIENTO 2023-2024,Objetivo 1. Actividad 2. Muestreos y Analisis sedimentos,Gastón Vidal,INSTITUTO DE FOMENTO PESQUERO,Campaña_Otoño-Inv_2023.Proy.SeguimientoAmbiental,Natales,2,513604.7,724301.6,2023-08-30,11:10:00,SULFUROS,60.73685027803739,30/08/2023 11:10:00,XII
142,ESTUDIO SEGUIMIENTO DESEMPEÑO AMBIENTAL ACUICULTURA EN CHILE Y SU EFECTO EN LOS ECOSISTEMAS DE EMPLAZAMIENTO 2023-2024,Objetivo 1. Actividad 2. Muestreos y Analisis sedimentos,Gastón Vidal,INSTITUTO DE FOMENTO PESQUERO,Campaña_Otoño-Inv_2023.Proy.SeguimientoAmbiental,Natales,3,514018.2,723753.1,2023-08-30,12:02:00,SULFUROS,28.775957994041672,30/08/2023 12:02:00,XII
143,ESTUDIO SEGUIMIENTO DESEMPEÑO AMBIENTAL ACUICULTURA EN CHILE Y SU EFECTO EN LOS ECOSISTEMAS DE EMPLAZAMIENTO 2023-2024,Objetivo 1. Actividad 2. Muestreos y Analisis sedimentos,Gastón Vidal,INSTITUTO DE FOMENTO PESQUERO,Campaña_Otoño-Inv_2023.Proy.SeguimientoAmbiental,Natales,5,514929.7,723739.8,2023-08-26,11:30:00,SULFUROS,9.65147894834577,26/08/2023 11:30:00,XII
144,ESTUDIO SEGUIMIENTO DESEMPEÑO AMBIENTAL ACUICULTURA EN CHILE Y SU EFECTO EN LOS ECOSISTEMAS DE EMPLAZAMIENTO 2023-2024,Objetivo 1. Actividad 2. Muestreos y Analisis sedimentos,Gastón Vidal,INSTITUTO DE FOMENTO PESQUERO,Campaña_Otoño-Inv_2023.Proy.SeguimientoAmbiental,Natales,9,514601.6,725405.0,2023-08-27,12:32:00,SULFUROS,26.98232999949512,27/08/2023 12:32:00,XII
145,ESTUDIO SEGUIMIENTO DESEMPEÑO AMBIENTAL ACUICULTURA EN CHILE Y SU EFECTO EN LOS ECOSISTEMAS DE EMPLAZAMIENTO 2023-2024,Objetivo 1. Actividad 2. Muestreos y Analisis sedimentos,Gastón Vidal,INSTITUTO DE FOMENTO PESQUERO,Campaña_Otoño-Inv_2023.Proy.SeguimientoAmbiental,Natales,10,520357.8,725602.0,2023-08-28,12:30:00,SULFUROS,86.95348167786385,28/08/2023 12:30:00,XII
146,ESTUDIO SEGUIMIENTO DESEMPEÑO AMBIENTAL ACUICULTURA EN CHILE Y SU EFECTO EN LOS ECOSISTEMAS DE EMPLAZAMIENTO 2023-2024,Objetivo 1. Actividad 2. Muestreos y Analisis sedimentos,Gastón Vidal,INSTITUTO DE FOMENTO PESQUERO,Campaña_Otoño-Inv_2023.Proy.SeguimientoAmbiental,Natales,11,521159.7,725703.6,2023-08-27,16:54:00,SULFUROS,71.82915206881245,27/08/2023 16:54:00,XII
147,ESTUDIO SEGUIMIENTO DESEMPEÑO AMBIENTAL ACUICULTURA EN CHILE Y SU EFECTO EN LOS ECOSISTEMAS DE EMPLAZAMIENTO 2023-2024,Objetivo 1. Actividad 2. Muestreos y Analisis sedimentos,Gastón Vidal,INSTITUTO DE FOMENTO PESQUERO,Campaña_Otoño-Inv_2023.Proy.SeguimientoAmbiental,Natales,13,521310.4,725226.1,2023-08-27,17:30:00,SULFUROS,0.012654012338151893,27/08/2023 17:30:00,XII
148,ESTUDIO SEGUIMIENTO DESEMPEÑO AMBIENTAL ACUICULTURA EN CHILE Y SU EFECTO EN LOS ECOSISTEMAS DE EMPLAZAMIENTO 2023-2024,Objetivo 1. Actividad 2. Muestreos y Analisis sedimentos,Gastón Vidal,INSTITUTO DE FOMENTO PESQUERO,Campaña_Otoño-Inv_2023.Proy.SeguimientoAmbiental,Natales,14,520439.3,723937.6,2023-08-25,18:15:00,SULFUROS,16.055481173236558,25/08/2023 18:15:00,XII
1,ESTUDIO SEGUIMIENTO DESEMPEÑO AMBIENTAL ACUICULTURA EN CHILE Y SU EFECTO EN LOS ECOSISTEMAS DE EMPLAZAMIENTO 2023-2024,Objetivo 1. Actividad 2. Muestreos y Analisis sedimentos,Gastón Vidal,INSTITUTO DE FOMENTO PESQUERO,Campaña_Otoño-Inv_2023.Proy.SeguimientoAmbiental,Estuario,1,412614.9,721747.9,2023-11-06,09:04:00,MATERIA ORGANICA,4.958563773883991,06/11/2023 09:04:00,X
2,ESTUDIO SEGUIMIENTO DESEMPEÑO AMBIENTAL ACUICULTURA EN CHILE Y SU EFECTO EN LOS ECOSISTEMAS DE EMPLAZAMIENTO 2023-2024,Objetivo 1. Actividad 2. Muestreos y Analisis sedimentos,Gastón Vidal,INSTITUTO DE FOMENTO PESQUERO,Campaña_Otoño-Inv_2023.Proy.SeguimientoAmbiental,Estuario,2,412807.3,721843.5,2023-11-06,08:40:00,MATERIA ORGANICA,3.3574218750000155,06/11/2023 08:40:00,X
3,ESTUDIO SEGUIMIENTO DESEMPEÑO AMBIENTAL ACUICULTURA EN CHILE Y SU EFECTO EN LOS ECOSISTEMAS DE EMPLAZAMIENTO 2023-2024,Objetivo 1. Actividad 2. Muestreos y Analisis sedimentos,Gastón Vidal,INSTITUTO DE FOMENTO PESQUERO,Campaña_Otoño-Inv_2023.Proy.SeguimientoAmbiental,Estuario,3,412945.4,721845.5,2023-11-06,09:35:00,MATERIA ORGANICA,2.0998613855545836,06/11/2023 09:35:00,X
4,ESTUDIO SEGUIMIENTO DESEMPEÑO AMBIENTAL ACUICULTURA EN CHILE Y SU EFECTO EN LOS ECOSISTEMAS DE EMPLAZAMIENTO 2023-2024,Objetivo 1. Actividad 2. Muestreos y Analisis sedimentos,Gastón Vidal,INSTITUTO DE FOMENTO PESQUERO,Campaña_Otoño-Inv_2023.Proy.SeguimientoAmbiental,Estuario,5,413039.3,721721.1,2023-11-06,10:10:00,MATERIA ORGANICA,2.271398087410141,06/11/2023 10:10:00,X
5,ESTUDIO SEGUIMIENTO DESEMPEÑO AMBIENTAL ACUICULTURA EN CHILE Y SU EFECTO EN LOS ECOSISTEMAS DE EMPLAZAMIENTO 2023-2024,Objetivo 1. Actividad 2. Muestreos y Analisis sedimentos,Gastón Vidal,INSTITUTO DE FOMENTO PESQUERO,Campaña_Otoño-Inv_2023.Proy.SeguimientoAmbiental,Estuario,6,413132.6,722021.4,2023-10-06,15:40:00,MATERIA ORGANICA,4.948199515414792,06/10/2023 15:40:00,X
6,ESTUDIO SEGUIMIENTO DESEMPEÑO AMBIENTAL ACUICULTURA EN CHILE Y SU EFECTO EN LOS ECOSISTEMAS DE EMPLAZAMIENTO 2023-2024,Objetivo 1. Actividad 2. Muestreos y Analisis sedimentos,Gastón Vidal,INSTITUTO DE FOMENTO PESQUERO,Campaña_Otoño-Inv_2023.Proy.SeguimientoAmbiental,Estuario,7,413157.8,721802.6,2023-11-06,11:05:00,MATERIA ORGANICA,3.2965429170847056,06/11/2023 11:05:00,X
7,ESTUDIO SEGUIMIENTO DESEMPEÑO AMBIENTAL ACUICULTURA EN CHILE Y SU EFECTO EN LOS ECOSISTEMAS DE EMPLAZAMIENTO 2023-2024,Objetivo 1. Actividad 2. Muestreos y Analisis sedimentos,Gastón Vidal,INSTITUTO DE FOMENTO PESQUERO,Campaña_Otoño-Inv_2023.Proy.SeguimientoAmbiental,Estuario,8,413533.0,722110.7,2023-10-06,15:12:00,MATERIA ORGANICA,5.513976555455328,06/10/2023 15:12:00,X
8,ESTUDIO SEGUIMIENTO DESEMPEÑO AMBIENTAL ACUICULTURA EN CHILE Y SU EFECTO EN LOS ECOSISTEMAS DE EMPLAZAMIENTO 2023-2024,Objetivo 1. Actividad 2. Muestreos y Analisis sedimentos,Gastón Vidal,INSTITUTO DE FOMENTO PESQUERO,Campaña_Otoño-Inv_2023.Proy.SeguimientoAmbiental,Estuario,12,413938.3,722058.9,2023-06-10,14:30:00,MATERIA ORGANICA,3.167713335796116,10/06/2023 14:30:00,X
9,ESTUDIO SEGUIMIENTO DESEMPEÑO AMBIENTAL ACUICULTURA EN CHILE Y SU EFECTO EN LOS ECOSISTEMAS DE EMPLAZAMIENTO 2023-2024,Objetivo 1. Actividad 2. Muestreos y Analisis sedimentos,Gastón Vidal,INSTITUTO DE FOMENTO PESQUERO,Campaña_Otoño-Inv_2023.Proy.SeguimientoAmbiental,Estuario,17,414052.7,722801.1,2023-10-06,13:30:00,MATERIA ORGANICA,1.0199234358845441,06/10/2023 13:30:00,X
10,ESTUDIO SEGUIMIENTO DESEMPEÑO AMBIENTAL ACUICULTURA EN CHILE Y SU EFECTO EN LOS ECOSISTEMAS DE EMPLAZAMIENTO 2023-2024,Objetivo 1. Actividad 2. Muestreos y Analisis sedimentos,Gastón Vidal,INSTITUTO DE FOMENTO PESQUERO,Campaña_Otoño-Inv_2023.Proy.SeguimientoAmbiental,Estuario,21,414330.8,723048.5,2023-10-06,12:50:00,MATERIA ORGANICA,2.2963631834599703,06/10/2023 12:50:00,X
15,ESTUDIO SEGUIMIENTO DESEMPEÑO AMBIENTAL ACUICULTURA EN CHILE Y SU EFECTO EN LOS ECOSISTEMAS DE EMPLAZAMIENTO 2023-2024,Objetivo 1. Actividad 2. Muestreos y Analisis sedimentos,Gastón Vidal,INSTITUTO DE FOMENTO PESQUERO,Campaña_Otoño-Inv_2023.Proy.SeguimientoAmbiental,Reloncavi,13,412948.4,725730.9,2023-04-13,14:10:00,MATERIA ORGANICA,0.8675378192268076,13/04/2023 14:10:00,X
16,ESTUDIO SEGUIMIENTO DESEMPEÑO AMBIENTAL ACUICULTURA EN CHILE Y SU EFECTO EN LOS ECOSISTEMAS DE EMPLAZAMIENTO 2023-2024,Objetivo 1. Actividad 2. Muestreos y Analisis sedimentos,Gastón Vidal,INSTITUTO DE FOMENTO PESQUERO,Campaña_Otoño-Inv_2023.Proy.SeguimientoAmbiental,Reloncavi,15,413105.3,724724.2,2023-10-06,09:02:00,MATERIA ORGANICA,1.3787458273114586,06/10/2023 09:02:00,X
17,ESTUDIO SEGUIMIENTO DESEMPEÑO AMBIENTAL ACUICULTURA EN CHILE Y SU EFECTO EN LOS ECOSISTEMAS DE EMPLAZAMIENTO 2023-2024,Objetivo 1. Actividad 2. Muestreos y Analisis sedimentos,Gastón Vidal,INSTITUTO DE FOMENTO PESQUERO,Campaña_Otoño-Inv_2023.Proy.SeguimientoAmbiental,Reloncavi,17,413450.6,724336.9,2023-10-06,10:15:00,MATERIA ORGANICA,1.14033833071114,06/10/2023 10:15:00,X
18,ESTUDIO SEGUIMIENTO DESEMPEÑO AMBIENTAL ACUICULTURA EN CHILE Y SU EFECTO EN LOS ECOSISTEMAS DE EMPLAZAMIENTO 2023-2024,Objetivo 1. Actividad 2. Muestreos y Analisis sedimentos,Gastón Vidal,INSTITUTO DE FOMENTO PESQUERO,Campaña_Otoño-Inv_2023.Proy.SeguimientoAmbiental,Reloncavi,19,413707.8,724152.2,2023-10-06,10:50:00,MATERIA ORGANICA,2.2097770492798756,06/10/2023 10:50:00,X
19,ESTUDIO SEGUIMIENTO DESEMPEÑO AMBIENTAL ACUICULTURA EN CHILE Y SU EFECTO EN LOS ECOSISTEMAS DE EMPLAZAMIENTO 2023-2024,Objetivo 1. Actividad 2. Muestreos y Analisis sedimentos,Gastón Vidal,INSTITUTO DE FOMENTO PESQUERO,Campaña_Otoño-Inv_2023.Proy.SeguimientoAmbiental,Reloncavi,21,413751.5,724023.2,2023-10-06,11:30:00,MATERIA ORGANICA,1.393167936868247,06/10/2023 11:30:00,X
67,ESTUDIO SEGUIMIENTO DESEMPEÑO AMBIENTAL ACUICULTURA EN CHILE Y SU EFECTO EN LOS ECOSISTEMAS DE EMPLAZAMIENTO 2023-2024,Objetivo 1. Actividad 2. Muestreos y Analisis sedimentos,Gastón Vidal,INSTITUTO DE FOMENTO PESQUERO,Campaña_Otoño-Inv_2023.Proy.SeguimientoAmbiental,Quellon,19,430307.5,732746.7,2023-04-19,12:33:00,MATERIA ORGANICA,1.2524456801565313,19/04/2023 12:33:00,X
73,ESTUDIO SEGUIMIENTO DESEMPEÑO AMBIENTAL ACUICULTURA EN CHILE Y SU EFECTO EN LOS ECOSISTEMAS DE EMPLAZAMIENTO 2023-2024,Objetivo 1. Actividad 2. Muestreos y Analisis sedimentos,Gastón Vidal,INSTITUTO DE FOMENTO PESQUERO,Campaña_Otoño-Inv_2023.Proy.SeguimientoAmbiental,Quellon,39,425415.3,732927.9,2023-04-19,08:10:00,MATERIA ORGANICA,0.9026098815944562,19/04/2023 08:10:00,X
83,ESTUDIO SEGUIMIENTO DESEMPEÑO AMBIENTAL ACUICULTURA EN CHILE Y SU EFECTO EN LOS ECOSISTEMAS DE EMPLAZAMIENTO 2023-2024,Objetivo 1. Actividad 2. Muestreos y Analisis sedimentos,Gastón Vidal,INSTITUTO DE FOMENTO PESQUERO,Campaña_Otoño-Inv_2023.Proy.SeguimientoAmbiental,Ayacara,7,423730.6,725115.4,2023-04-21,16:40:00,MATERIA ORGANICA,1.145229792257469,21/04/2023 16:40:00,X
92,ESTUDIO SEGUIMIENTO DESEMPEÑO AMBIENTAL ACUICULTURA EN CHILE Y SU EFECTO EN LOS ECOSISTEMAS DE EMPLAZAMIENTO 2023-2024,Objetivo 1. Actividad 2. Muestreos y Analisis sedimentos,Gastón Vidal,INSTITUTO DE FOMENTO PESQUERO,Campaña_Otoño-Inv_2023.Proy.SeguimientoAmbiental,Guaitecas,1,442931.1,740942.8,2023-05-05,13:41:00,MATERIA ORGANICA,1.044098120064295,05/05/2023 13:41:00,XI
93,ESTUDIO SEGUIMIENTO DESEMPEÑO AMBIENTAL ACUICULTURA EN CHILE Y SU EFECTO EN LOS ECOSISTEMAS DE EMPLAZAMIENTO 2023-2024,Objetivo 1. Actividad 2. Muestreos y Analisis sedimentos,Gastón Vidal,INSTITUTO DE FOMENTO PESQUERO,Campaña_Otoño-Inv_2023.Proy.SeguimientoAmbiental,Guaitecas,2,442708.1,740808.5,2023-05-05,13:15:00,MATERIA ORGANICA,1.7646317381622791,05/05/2023 13:15:00,XI
94,ESTUDIO SEGUIMIENTO DESEMPEÑO AMBIENTAL ACUICULTURA EN CHILE Y SU EFECTO EN LOS ECOSISTEMAS DE EMPLAZAMIENTO 2023-2024,Objetivo 1. Actividad 2. Muestreos y Analisis sedimentos,Gastón Vidal,INSTITUTO DE FOMENTO PESQUERO,Campaña_Otoño-Inv_2023.Proy.SeguimientoAmbiental,Guaitecas,4,441418.4,741320.7,2023-05-05,11:40:00,MATERIA ORGANICA,1.2763396938173173,05/05/2023 11:40:00,XI
95,ESTUDIO SEGUIMIENTO DESEMPEÑO AMBIENTAL ACUICULTURA EN CHILE Y SU EFECTO EN LOS ECOSISTEMAS DE EMPLAZAMIENTO 2023-2024,Objetivo 1. Actividad 2. Muestreos y Analisis sedimentos,Gastón Vidal,INSTITUTO DE FOMENTO PESQUERO,Campaña_Otoño-Inv_2023.Proy.SeguimientoAmbiental,Guaitecas,6,440829.0,740209.0,2023-05-05,10:05:00,MATERIA ORGANICA,0.6812549039144186,05/05/2023 10:05:00,XI
96,ESTUDIO SEGUIMIENTO DESEMPEÑO AMBIENTAL ACUICULTURA EN CHILE Y SU EFECTO EN LOS ECOSISTEMAS DE EMPLAZAMIENTO 2023-2024,Objetivo 1. Actividad 2. Muestreos y Analisis sedimentos,Gastón Vidal,INSTITUTO DE FOMENTO PESQUERO,Campaña_Otoño-Inv_2023.Proy.SeguimientoAmbiental,Guaitecas,7,440453.4,735253.7,2023-05-05,08:50:00,MATERIA ORGANICA,1.280097965228041,05/05/2023 08:50:00,XI
97,ESTUDIO SEGUIMIENTO DESEMPEÑO AMBIENTAL ACUICULTURA EN CHILE Y SU EFECTO EN LOS ECOSISTEMAS DE EMPLAZAMIENTO 2023-2024,Objetivo 1. Actividad 2. Muestreos y Analisis sedimentos,Gastón Vidal,INSTITUTO DE FOMENTO PESQUERO,Campaña_Otoño-Inv_2023.Proy.SeguimientoAmbiental,Guaitecas,8,435456.5,735432.1,2023-04-05,10:30:00,MATERIA ORGANICA,1.0456273764258368,05/04/2023 10:30:00,XI
98,ESTUDIO SEGUIMIENTO DESEMPEÑO AMBIENTAL ACUICULTURA EN CHILE Y SU EFECTO EN LOS ECOSISTEMAS DE EMPLAZAMIENTO 2023-2024,Objetivo 1. Actividad 2. Muestreos y Analisis sedimentos,Gastón Vidal,INSTITUTO DE FOMENTO PESQUERO,Campaña_Otoño-Inv_2023.Proy.SeguimientoAmbiental,Guaitecas,9,435329.1,735219.9,2023-04-05,09:35:00,MATERIA ORGANICA,0.9413522599925469,05/04/2023 09:35:00,XI
99,ESTUDIO SEGUIMIENTO DESEMPEÑO AMBIENTAL ACUICULTURA EN CHILE Y SU EFECTO EN LOS ECOSISTEMAS DE EMPLAZAMIENTO 2023-2024,Objetivo 1. Actividad 2. Muestreos y Analisis sedimentos,Gastón Vidal,INSTITUTO DE FOMENTO PESQUERO,Campaña_Otoño-Inv_2023.Proy.SeguimientoAmbiental,Guaitecas,10,435638.0,734800.0,2023-04-05,11:36:00,MATERIA ORGANICA,0.7198618643449141,05/04/2023 11:36:00,XI
100,ESTUDIO SEGUIMIENTO DESEMPEÑO AMBIENTAL ACUICULTURA EN CHILE Y SU EFECTO EN LOS ECOSISTEMAS DE EMPLAZAMIENTO 2023-2024,Objetivo 1. Actividad 2. Muestreos y Analisis sedimentos,Gastón Vidal,INSTITUTO DE FOMENTO PESQUERO,Campaña_Otoño-Inv_2023.Proy.SeguimientoAmbiental,Guaitecas,12,440031.4,734511.0,2023-04-05,12:28:00,MATERIA ORGANICA,2.6202389784224405,05/04/2023 12:28:00,XI
101,ESTUDIO SEGUIMIENTO DESEMPEÑO AMBIENTAL ACUICULTURA EN CHILE Y SU EFECTO EN LOS ECOSISTEMAS DE EMPLAZAMIENTO 2023-2024,Objetivo 1. Actividad 2. Muestreos y Analisis sedimentos,Gastón Vidal,INSTITUTO DE FOMENTO PESQUERO,Campaña_Otoño-Inv_2023.Proy.SeguimientoAmbiental,Guaitecas,17,441715.5,734639.1,2023-04-05,16:45:00,MATERIA ORGANICA,1.0243976744776488,05/04/2023 16:45:00,XI
102,ESTUDIO SEGUIMIENTO DESEMPEÑO AMBIENTAL ACUICULTURA EN CHILE Y SU EFECTO EN LOS ECOSISTEMAS DE EMPLAZAMIENTO 2023-2024,Objetivo 1. Actividad 2. Muestreos y Analisis sedimentos,Gastón Vidal,INSTITUTO DE FOMENTO PESQUERO,Campaña_Otoño-Inv_2023.Proy.SeguimientoAmbiental,Moraleda,2,451131.2,735840.6,2023-05-07,09:47:00,MATERIA ORGANICA,1.015548576429971,07/05/2023 09:47:00,XI
103,ESTUDIO SEGUIMIENTO DESEMPEÑO AMBIENTAL ACUICULTURA EN CHILE Y SU EFECTO EN LOS ECOSISTEMAS DE EMPLAZAMIENTO 2023-2024,Objetivo 1. Actividad 2. Muestreos y Analisis sedimentos,Gastón Vidal,INSTITUTO DE FOMENTO PESQUERO,Campaña_Otoño-Inv_2023.Proy.SeguimientoAmbiental,Moraleda,4,450957.9,740833.4,2023-07-05,08:50:00,MATERIA ORGANICA,1.353621591847952,05/07/2023 08:50:00,XI
104,ESTUDIO SEGUIMIENTO DESEMPEÑO AMBIENTAL ACUICULTURA EN CHILE Y SU EFECTO EN LOS ECOSISTEMAS DE EMPLAZAMIENTO 2023-2024,Objetivo 1. Actividad 2. Muestreos y Analisis sedimentos,Gastón Vidal,INSTITUTO DE FOMENTO PESQUERO,Campaña_Otoño-Inv_2023.Proy.SeguimientoAmbiental,Moraleda,5,450801.8,741520.1,2023-06-05,14:30:00,MATERIA ORGANICA,1.2385412058998346,05/06/2023 14:30:00,XI
105,ESTUDIO SEGUIMIENTO DESEMPEÑO AMBIENTAL ACUICULTURA EN CHILE Y SU EFECTO EN LOS ECOSISTEMAS DE EMPLAZAMIENTO 2023-2024,Objetivo 1. Actividad 2. Muestreos y Analisis sedimentos,Gastón Vidal,INSTITUTO DE FOMENTO PESQUERO,Campaña_Otoño-Inv_2023.Proy.SeguimientoAmbiental,Moraleda,12,444145.4,735257.1,2023-06-05,10:00:00,MATERIA ORGANICA,1.8891426198879193,05/06/2023 10:00:00,XI
106,ESTUDIO SEGUIMIENTO DESEMPEÑO AMBIENTAL ACUICULTURA EN CHILE Y SU EFECTO EN LOS ECOSISTEMAS DE EMPLAZAMIENTO 2023-2024,Objetivo 1. Actividad 2. Muestreos y Analisis sedimentos,Gastón Vidal,INSTITUTO DE FOMENTO PESQUERO,Campaña_Otoño-Inv_2023.Proy.SeguimientoAmbiental,Moraleda,13,443935.6,735252.9,2023-06-05,09:14:00,MATERIA ORGANICA,1.7521565578794254,05/06/2023 09:14:00,XI
107,ESTUDIO SEGUIMIENTO DESEMPEÑO AMBIENTAL ACUICULTURA EN CHILE Y SU EFECTO EN LOS ECOSISTEMAS DE EMPLAZAMIENTO 2023-2024,Objetivo 1. Actividad 2. Muestreos y Analisis sedimentos,Gastón Vidal,INSTITUTO DE FOMENTO PESQUERO,Campaña_Otoño-Inv_2023.Proy.SeguimientoAmbiental,Moraleda,14,443608.6,740025.9,2023-05-05,16:50:00,MATERIA ORGANICA,1.796550622804171,05/05/2023 16:50:00,XI
108,ESTUDIO SEGUIMIENTO DESEMPEÑO AMBIENTAL ACUICULTURA EN CHILE Y SU EFECTO EN LOS ECOSISTEMAS DE EMPLAZAMIENTO 2023-2024,Objetivo 1. Actividad 2. Muestreos y Analisis sedimentos,Gastón Vidal,INSTITUTO DE FOMENTO PESQUERO,Campaña_Otoño-Inv_2023.Proy.SeguimientoAmbiental,Moraleda,16,443308.8,740650.1,2023-05-05,15:50:00,MATERIA ORGANICA,1.308484222860833,05/05/2023 15:50:00,XI
109,ESTUDIO SEGUIMIENTO DESEMPEÑO AMBIENTAL ACUICULTURA EN CHILE Y SU EFECTO EN LOS ECOSISTEMAS DE EMPLAZAMIENTO 2023-2024,Objetivo 1. Actividad 2. Muestreos y Analisis sedimentos,Gastón Vidal,INSTITUTO DE FOMENTO PESQUERO,Campaña_Otoño-Inv_2023.Proy.SeguimientoAmbiental,Moraleda,17,440830.9,733501.0,2023-04-05,14:30:00,MATERIA ORGANICA,0.8872743842239837,05/04/2023 14:30:00,XI
121,ESTUDIO SEGUIMIENTO DESEMPEÑO AMBIENTAL ACUICULTURA EN CHILE Y SU EFECTO EN LOS ECOSISTEMAS DE EMPLAZAMIENTO 2023-2024,Objetivo 1. Actividad 2. Muestreos y Analisis sedimentos,Gastón Vidal,INSTITUTO DE FOMENTO PESQUERO,Campaña_Otoño-Inv_2023.Proy.SeguimientoAmbiental,Aysen,5,452421.9,733225.0,2023-05-12,16:03:00,MATERIA ORGANICA,1.8787886722790237,12/05/2023 16:03:00,XI
124,ESTUDIO SEGUIMIENTO DESEMPEÑO AMBIENTAL ACUICULTURA EN CHILE Y SU EFECTO EN LOS ECOSISTEMAS DE EMPLAZAMIENTO 2023-2024,Objetivo 1. Actividad 2. Muestreos y Analisis sedimentos,Gastón Vidal,INSTITUTO DE FOMENTO PESQUERO,Campaña_Otoño-Inv_2023.Proy.SeguimientoAmbiental,Aysen,10,455717.6,733619.7,2023-11-05,12:02:00,MATERIA ORGANICA,3.6768056923597094,05/11/2023 12:02:00,XI
126,ESTUDIO SEGUIMIENTO DESEMPEÑO AMBIENTAL ACUICULTURA EN CHILE Y SU EFECTO EN LOS ECOSISTEMAS DE EMPLAZAMIENTO 2023-2024,Objetivo 1. Actividad 2. Muestreos y Analisis sedimentos,Gastón Vidal,INSTITUTO DE FOMENTO PESQUERO,Campaña_Otoño-Inv_2023.Proy.SeguimientoAmbiental,Aysen,13,461329.4,734345.5,2023-08-05,14:42:00,MATERIA ORGANICA,2.423161045240023,05/08/2023 14:42:00,XI
127,ESTUDIO SEGUIMIENTO DESEMPEÑO AMBIENTAL ACUICULTURA EN CHILE Y SU EFECTO EN LOS ECOSISTEMAS DE EMPLAZAMIENTO 2023-2024,Objetivo 1. Actividad 2. Muestreos y Analisis sedimentos,Gastón Vidal,INSTITUTO DE FOMENTO PESQUERO,Campaña_Otoño-Inv_2023.Proy.SeguimientoAmbiental,Aysen,18,460557.7,735202.9,2023-08-05,13:05:00,MATERIA ORGANICA,1.66176946111991,05/08/2023 13:05:00,XI
128,ESTUDIO SEGUIMIENTO DESEMPEÑO AMBIENTAL ACUICULTURA EN CHILE Y SU EFECTO EN LOS ECOSISTEMAS DE EMPLAZAMIENTO 2023-2024,Objetivo 1. Actividad 2. Muestreos y Analisis sedimentos,Gastón Vidal,INSTITUTO DE FOMENTO PESQUERO,Campaña_Otoño-Inv_2023.Proy.SeguimientoAmbiental,Aysen,19,460107.9,735645.7,2023-08-05,11:57:00,MATERIA ORGANICA,1.9147071036402141,05/08/2023 11:57:00,XI
129,ESTUDIO SEGUIMIENTO DESEMPEÑO AMBIENTAL ACUICULTURA EN CHILE Y SU EFECTO EN LOS ECOSISTEMAS DE EMPLAZAMIENTO 2023-2024,Objetivo 1. Actividad 2. Muestreos y Analisis sedimentos,Gastón Vidal,INSTITUTO DE FOMENTO PESQUERO,Campaña_Otoño-Inv_2023.Proy.SeguimientoAmbiental,Aysen,24,454429.7,740423.3,2023-08-05,08:30:00,MATERIA ORGANICA,0.9495431068732602,05/08/2023 08:30:00,XI
130,ESTUDIO SEGUIMIENTO DESEMPEÑO AMBIENTAL ACUICULTURA EN CHILE Y SU EFECTO EN LOS ECOSISTEMAS DE EMPLAZAMIENTO 2023-2024,Objetivo 1. Actividad 2. Muestreos y Analisis sedimentos,Gastón Vidal,INSTITUTO DE FOMENTO PESQUERO,Campaña_Otoño-Inv_2023.Proy.SeguimientoAmbiental,Aysen,25,454137.5,741704.6,2023-07-05,16:50:00,MATERIA ORGANICA,0.8242488699813564,05/07/2023 16:50:00,XI
131,ESTUDIO SEGUIMIENTO DESEMPEÑO AMBIENTAL ACUICULTURA EN CHILE Y SU EFECTO EN LOS ECOSISTEMAS DE EMPLAZAMIENTO 2023-2024,Objetivo 1. Actividad 2. Muestreos y Analisis sedimentos,Gastón Vidal,INSTITUTO DE FOMENTO PESQUERO,Campaña_Otoño-Inv_2023.Proy.SeguimientoAmbiental,Aysen,28,453351.4,741310.2,2023-07-05,15:02:00,MATERIA ORGANICA,0.929594635781773,05/07/2023 15:02:00,XI
132,ESTUDIO SEGUIMIENTO DESEMPEÑO AMBIENTAL ACUICULTURA EN CHILE Y SU EFECTO EN LOS ECOSISTEMAS DE EMPLAZAMIENTO 2023-2024,Objetivo 1. Actividad 2. Muestreos y Analisis sedimentos,Gastón Vidal,INSTITUTO DE FOMENTO PESQUERO,Campaña_Otoño-Inv_2023.Proy.SeguimientoAmbiental,Aysen,30,452356.0,741521.0,2023-07-05,13:16:00,MATERIA ORGANICA,0.8271793611268535,05/07/2023 13:16:00,XI
133,ESTUDIO SEGUIMIENTO DESEMPEÑO AMBIENTAL ACUICULTURA EN CHILE Y SU EFECTO EN LOS ECOSISTEMAS DE EMPLAZAMIENTO 2023-2024,Objetivo 1. Actividad 2. Muestreos y Analisis sedimentos,Gastón Vidal,INSTITUTO DE FOMENTO PESQUERO,Campaña_Otoño-Inv_2023.Proy.SeguimientoAmbiental,Aysen,34,451659.5,734350.5,2023-12-05,12:35:00,MATERIA ORGANICA,1.1470135683312457,05/12/2023 12:35:00,XI
134,ESTUDIO SEGUIMIENTO DESEMPEÑO AMBIENTAL ACUICULTURA EN CHILE Y SU EFECTO EN LOS ECOSISTEMAS DE EMPLAZAMIENTO 2023-2024,Objetivo 1. Actividad 2. Muestreos y Analisis sedimentos,Gastón Vidal,INSTITUTO DE FOMENTO PESQUERO,Campaña_Otoño-Inv_2023.Proy.SeguimientoAmbiental,Coquimbo,1,300839.9,712256.3,2023-07-21,09:40:00,MATERIA ORGANICA,1.0188438951911645,21/07/2023 09:40:00,IV
135,ESTUDIO SEGUIMIENTO DESEMPEÑO AMBIENTAL ACUICULTURA EN CHILE Y SU EFECTO EN LOS ECOSISTEMAS DE EMPLAZAMIENTO 2023-2024,Objetivo 1. Actividad 2. Muestreos y Analisis sedimentos,Gastón Vidal,INSTITUTO DE FOMENTO PESQUERO,Campaña_Otoño-Inv_2023.Proy.SeguimientoAmbiental,Coquimbo,4,301121.0,712525.0,2023-07-21,10:40:00,MATERIA ORGANICA,1.2054808848909815,21/07/2023 10:40:00,IV
136,ESTUDIO SEGUIMIENTO DESEMPEÑO AMBIENTAL ACUICULTURA EN CHILE Y SU EFECTO EN LOS ECOSISTEMAS DE EMPLAZAMIENTO 2023-2024,Objetivo 1. Actividad 2. Muestreos y Analisis sedimentos,Gastón Vidal,INSTITUTO DE FOMENTO PESQUERO,Campaña_Otoño-Inv_2023.Proy.SeguimientoAmbiental,Coquimbo,5,301046.7,712617.5,2023-07-21,11:11:00,MATERIA ORGANICA,2.180585946997318,21/07/2023 11:11:00,IV
137,ESTUDIO SEGUIMIENTO DESEMPEÑO AMBIENTAL ACUICULTURA EN CHILE Y SU EFECTO EN LOS ECOSISTEMAS DE EMPLAZAMIENTO 2023-2024,Objetivo 1. Actividad 2. Muestreos y Analisis sedimentos,Gastón Vidal,INSTITUTO DE FOMENTO PESQUERO,Campaña_Otoño-Inv_2023.Proy.SeguimientoAmbiental,Coquimbo,7,301455.9,712925.2,2023-07-20,08:55:00,MATERIA ORGANICA,0.5667855727308692,20/07/2023 08:55:00,IV
138,ESTUDIO SEGUIMIENTO DESEMPEÑO AMBIENTAL ACUICULTURA EN CHILE Y SU EFECTO EN LOS ECOSISTEMAS DE EMPLAZAMIENTO 2023-2024,Objetivo 1. Actividad 2. Muestreos y Analisis sedimentos,Gastón Vidal,INSTITUTO DE FOMENTO PESQUERO,Campaña_Otoño-Inv_2023.Proy.SeguimientoAmbiental,Coquimbo,9,301620.2,713032.0,2023-07-20,11:20:00,MATERIA ORGANICA,0.7457474933905223,20/07/2023 11:20:00,IV
139,ESTUDIO SEGUIMIENTO DESEMPEÑO AMBIENTAL ACUICULTURA EN CHILE Y SU EFECTO EN LOS ECOSISTEMAS DE EMPLAZAMIENTO 2023-2024,Objetivo 1. Actividad 2. Muestreos y Analisis sedimentos,Gastón Vidal,INSTITUTO DE FOMENTO PESQUERO,Campaña_Otoño-Inv_2023.Proy.SeguimientoAmbiental,Coquimbo,10,301612.8,713138.8,2023-07-20,09:35:00,MATERIA ORGANICA,0.6550379946708409,20/07/2023 09:35:00,IV
140,ESTUDIO SEGUIMIENTO DESEMPEÑO AMBIENTAL ACUICULTURA EN CHILE Y SU EFECTO EN LOS ECOSISTEMAS DE EMPLAZAMIENTO 2023-2024,Objetivo 1. Actividad 2. Muestreos y Analisis sedimentos,Gastón Vidal,INSTITUTO DE FOMENTO PESQUERO,Campaña_Otoño-Inv_2023.Proy.SeguimientoAmbiental,Coquimbo,13,301637.0,713306.7,2023-07-20,10:33:00,MATERIA ORGANICA,0.7643166780743533,20/07/2023 10:33:00,IV
141,ESTUDIO SEGUIMIENTO DESEMPEÑO AMBIENTAL ACUICULTURA EN CHILE Y SU EFECTO EN LOS ECOSISTEMAS DE EMPLAZAMIENTO 2023-2024,Objetivo 1. Actividad 2. Muestreos y Analisis sedimentos,Gastón Vidal,INSTITUTO DE FOMENTO PESQUERO,Campaña_Otoño-Inv_2023.Proy.SeguimientoAmbiental,Natales,2,513604.7,724301.6,2023-08-30,11:10:00,MATERIA ORGANICA,5.350013876731894,30/08/2023 11:10:00,XII
142,ESTUDIO SEGUIMIENTO DESEMPEÑO AMBIENTAL ACUICULTURA EN CHILE Y SU EFECTO EN LOS ECOSISTEMAS DE EMPLAZAMIENTO 2023-2024,Objetivo 1. Actividad 2. Muestreos y Analisis sedimentos,Gastón Vidal,INSTITUTO DE FOMENTO PESQUERO,Campaña_Otoño-Inv_2023.Proy.SeguimientoAmbiental,Natales,3,514018.2,723753.1,2023-08-30,12:02:00,MATERIA ORGANICA,6.766956296200221,30/08/2023 12:02:00,XII
143,ESTUDIO SEGUIMIENTO DESEMPEÑO AMBIENTAL ACUICULTURA EN CHILE Y SU EFECTO EN LOS ECOSISTEMAS DE EMPLAZAMIENTO 2023-2024,Objetivo 1. Actividad 2. Muestreos y Analisis sedimentos,Gastón Vidal,INSTITUTO DE FOMENTO PESQUERO,Campaña_Otoño-Inv_2023.Proy.SeguimientoAmbiental,Natales,5,514929.7,723739.8,2023-08-26,11:30:00,MATERIA ORGANICA,7.4742425166128355,26/08/2023 11:30:00,XII
144,ESTUDIO SEGUIMIENTO DESEMPEÑO AMBIENTAL ACUICULTURA EN CHILE Y SU EFECTO EN LOS ECOSISTEMAS DE EMPLAZAMIENTO 2023-2024,Objetivo 1. Actividad 2. Muestreos y Analisis sedimentos,Gastón Vidal,INSTITUTO DE FOMENTO PESQUERO,Campaña_Otoño-Inv_2023.Proy.SeguimientoAmbiental,Natales,9,514601.6,725405.0,2023-08-27,12:32:00,MATERIA ORGANICA,1.9617466044142606,27/08/2023 12:32:00,XII
145,ESTUDIO SEGUIMIENTO DESEMPEÑO AMBIENTAL ACUICULTURA EN CHILE Y SU EFECTO EN LOS ECOSISTEMAS DE EMPLAZAMIENTO 2023-2024,Objetivo 1. Actividad 2. Muestreos y Analisis sedimentos,Gastón Vidal,INSTITUTO DE FOMENTO PESQUERO,Campaña_Otoño-Inv_2023.Proy.SeguimientoAmbiental,Natales,10,520357.8,725602.0,2023-08-28,12:30:00,MATERIA ORGANICA,3.1514,28/08/2023 12:30:00,XII
146,ESTUDIO SEGUIMIENTO DESEMPEÑO AMBIENTAL ACUICULTURA EN CHILE Y SU EFECTO EN LOS ECOSISTEMAS DE EMPLAZAMIENTO 2023-2024,Objetivo 1. Actividad 2. Muestreos y Analisis sedimentos,Gastón Vidal,INSTITUTO DE FOMENTO PESQUERO,Campaña_Otoño-Inv_2023.Proy.SeguimientoAmbiental,Natales,11,521159.7,725703.6,2023-08-27,16:54:00,MATERIA ORGANICA,12.449799196787133,27/08/2023 16:54:00,XII
147,ESTUDIO SEGUIMIENTO DESEMPEÑO AMBIENTAL ACUICULTURA EN CHILE Y SU EFECTO EN LOS ECOSISTEMAS DE EMPLAZAMIENTO 2023-2024,Objetivo 1. Actividad 2. Muestreos y Analisis sedimentos,Gastón Vidal,INSTITUTO DE FOMENTO PESQUERO,Campaña_Otoño-Inv_2023.Proy.SeguimientoAmbiental,Natales,13,521310.4,725226.1,2023-08-27,17:30:00,MATERIA ORGANICA,2.8194861528194943,27/08/2023 17:30:00,XII
148,ESTUDIO SEGUIMIENTO DESEMPEÑO AMBIENTAL ACUICULTURA EN CHILE Y SU EFECTO EN LOS ECOSISTEMAS DE EMPLAZAMIENTO 2023-2024,Objetivo 1. Actividad 2. Muestreos y Analisis sedimentos,Gastón Vidal,INSTITUTO DE FOMENTO PESQUERO,Campaña_Otoño-Inv_2023.Proy.SeguimientoAmbiental,Natales,14,520439.3,723937.6,2023-08-25,18:15:00,MATERIA ORGANICA,9.954388560157804,25/08/2023 18:15:00,XII
