ID,NOMB_PROY,ETAP_PROY,JEFE_PROY,INST_PROY,ZONA,ESTACION,LATITUD,LONGITUD,VARIABLE,VALOR,FECHA_MUESTREO,COD_REGION
1,ESTUDIO SEGUIMIENTO DESEMPEÑO AMBIENTAL ACUICULTURA EN CHILE Y SU EFECTO EN LOS ECOSISTEMAS DE EMPLAZAMIENTO 2022-2023,Objetivo 1. Actividad 2. Muestreos y Analisis sedimentos,Gastón Vidal,INSTITUTO DE FOMENTO PESQUERO,Estuario,1,412614.9,721747.9,PH,7.3066666666666675,27/10/2022 14:47:00,X
2,ESTUDIO SEGUIMIENTO DESEMPEÑO AMBIENTAL ACUICULTURA EN CHILE Y SU EFECTO EN LOS ECOSISTEMAS DE EMPLAZAMIENTO 2022-2023,Objetivo 1. Actividad 2. Muestreos y Analisis sedimentos,Gastón Vidal,INSTITUTO DE FOMENTO PESQUERO,Estuario,2,412807.3,721843.5,PH,7.205,27/10/2022 14:20:00,X
3,ESTUDIO SEGUIMIENTO DESEMPEÑO AMBIENTAL ACUICULTURA EN CHILE Y SU EFECTO EN LOS ECOSISTEMAS DE EMPLAZAMIENTO 2022-2023,Objetivo 1. Actividad 2. Muestreos y Analisis sedimentos,Gastón Vidal,INSTITUTO DE FOMENTO PESQUERO,Estuario,3,412945.4,721845.5,PH,7.246666666666667,27/10/2022 13:52:00,X
4,ESTUDIO SEGUIMIENTO DESEMPEÑO AMBIENTAL ACUICULTURA EN CHILE Y SU EFECTO EN LOS ECOSISTEMAS DE EMPLAZAMIENTO 2022-2023,Objetivo 1. Actividad 2. Muestreos y Analisis sedimentos,Gastón Vidal,INSTITUTO DE FOMENTO PESQUERO,Estuario,5,413039.3,721721.1,PH,7.563333333333333,27/10/2022 13:35:00,X
5,ESTUDIO SEGUIMIENTO DESEMPEÑO AMBIENTAL ACUICULTURA EN CHILE Y SU EFECTO EN LOS ECOSISTEMAS DE EMPLAZAMIENTO 2022-2023,Objetivo 1. Actividad 2. Muestreos y Analisis sedimentos,Gastón Vidal,INSTITUTO DE FOMENTO PESQUERO,Estuario,6,413132.6,722021.4,PH,7.506666666666667,27/10/2022 11:43:00,X
6,ESTUDIO SEGUIMIENTO DESEMPEÑO AMBIENTAL ACUICULTURA EN CHILE Y SU EFECTO EN LOS ECOSISTEMAS DE EMPLAZAMIENTO 2022-2023,Objetivo 1. Actividad 2. Muestreos y Analisis sedimentos,Gastón Vidal,INSTITUTO DE FOMENTO PESQUERO,Estuario,7,413157.8,721802.6,PH,7.5,27/10/2022 13:52:00,X
7,ESTUDIO SEGUIMIENTO DESEMPEÑO AMBIENTAL ACUICULTURA EN CHILE Y SU EFECTO EN LOS ECOSISTEMAS DE EMPLAZAMIENTO 2022-2023,Objetivo 1. Actividad 2. Muestreos y Analisis sedimentos,Gastón Vidal,INSTITUTO DE FOMENTO PESQUERO,Estuario,8,413533.0,722110.7,PH,7.29,27/10/2022 10:46:00,X
8,ESTUDIO SEGUIMIENTO DESEMPEÑO AMBIENTAL ACUICULTURA EN CHILE Y SU EFECTO EN LOS ECOSISTEMAS DE EMPLAZAMIENTO 2022-2023,Objetivo 1. Actividad 2. Muestreos y Analisis sedimentos,Gastón Vidal,INSTITUTO DE FOMENTO PESQUERO,Estuario,12,413938.3,722058.9,PH,7.293333333333333,27/10/2022 10:05:00,X
9,ESTUDIO SEGUIMIENTO DESEMPEÑO AMBIENTAL ACUICULTURA EN CHILE Y SU EFECTO EN LOS ECOSISTEMAS DE EMPLAZAMIENTO 2022-2023,Objetivo 1. Actividad 2. Muestreos y Analisis sedimentos,Gastón Vidal,INSTITUTO DE FOMENTO PESQUERO,Estuario,17,414052.7,722801.1,PH,8.216666666666667,27/10/2022 09:10:00,X
10,ESTUDIO SEGUIMIENTO DESEMPEÑO AMBIENTAL ACUICULTURA EN CHILE Y SU EFECTO EN LOS ECOSISTEMAS DE EMPLAZAMIENTO 2022-2023,Objetivo 1. Actividad 2. Muestreos y Analisis sedimentos,Gastón Vidal,INSTITUTO DE FOMENTO PESQUERO,Estuario,21,414330.8,723048.5,PH,7.359999999999999,27/10/2022 08:19:00,X
12,ESTUDIO SEGUIMIENTO DESEMPEÑO AMBIENTAL ACUICULTURA EN CHILE Y SU EFECTO EN LOS ECOSISTEMAS DE EMPLAZAMIENTO 2022-2023,Objetivo 1. Actividad 2. Muestreos y Analisis sedimentos,Gastón Vidal,INSTITUTO DE FOMENTO PESQUERO,Reloncavi,4,415223.0,725351.4,PH,7.8933333333333335,24/10/2022 13:19:00,X
13,ESTUDIO SEGUIMIENTO DESEMPEÑO AMBIENTAL ACUICULTURA EN CHILE Y SU EFECTO EN LOS ECOSISTEMAS DE EMPLAZAMIENTO 2022-2023,Objetivo 1. Actividad 2. Muestreos y Analisis sedimentos,Gastón Vidal,INSTITUTO DE FOMENTO PESQUERO,Reloncavi,5,415307.1,725602.6,PH,7.8933333333333335,24/10/2022 11:27:00,X
14,ESTUDIO SEGUIMIENTO DESEMPEÑO AMBIENTAL ACUICULTURA EN CHILE Y SU EFECTO EN LOS ECOSISTEMAS DE EMPLAZAMIENTO 2022-2023,Objetivo 1. Actividad 2. Muestreos y Analisis sedimentos,Gastón Vidal,INSTITUTO DE FOMENTO PESQUERO,Reloncavi,7,414413.7,730243.4,PH,7.02,09/08/2022 11:06:00,X
15,ESTUDIO SEGUIMIENTO DESEMPEÑO AMBIENTAL ACUICULTURA EN CHILE Y SU EFECTO EN LOS ECOSISTEMAS DE EMPLAZAMIENTO 2022-2023,Objetivo 1. Actividad 2. Muestreos y Analisis sedimentos,Gastón Vidal,INSTITUTO DE FOMENTO PESQUERO,Reloncavi,13,412948.4,725730.9,PH,7.423333333333333,09/08/2022 08:35:00,X
16,ESTUDIO SEGUIMIENTO DESEMPEÑO AMBIENTAL ACUICULTURA EN CHILE Y SU EFECTO EN LOS ECOSISTEMAS DE EMPLAZAMIENTO 2022-2023,Objetivo 1. Actividad 2. Muestreos y Analisis sedimentos,Gastón Vidal,INSTITUTO DE FOMENTO PESQUERO,Reloncavi,15,413105.3,724724.2,PH,7.456666666666666,26/10/2022 11:14:00,X
17,ESTUDIO SEGUIMIENTO DESEMPEÑO AMBIENTAL ACUICULTURA EN CHILE Y SU EFECTO EN LOS ECOSISTEMAS DE EMPLAZAMIENTO 2022-2023,Objetivo 1. Actividad 2. Muestreos y Analisis sedimentos,Gastón Vidal,INSTITUTO DE FOMENTO PESQUERO,Reloncavi,17,413450.6,724336.9,PH,7.1433333333333335,26/10/2022 12:00:00,X
18,ESTUDIO SEGUIMIENTO DESEMPEÑO AMBIENTAL ACUICULTURA EN CHILE Y SU EFECTO EN LOS ECOSISTEMAS DE EMPLAZAMIENTO 2022-2023,Objetivo 1. Actividad 2. Muestreos y Analisis sedimentos,Gastón Vidal,INSTITUTO DE FOMENTO PESQUERO,Reloncavi,19,413707.8,724152.2,PH,7.343333333333334,26/10/2022 18:01:00,X
19,ESTUDIO SEGUIMIENTO DESEMPEÑO AMBIENTAL ACUICULTURA EN CHILE Y SU EFECTO EN LOS ECOSISTEMAS DE EMPLAZAMIENTO 2022-2023,Objetivo 1. Actividad 2. Muestreos y Analisis sedimentos,Gastón Vidal,INSTITUTO DE FOMENTO PESQUERO,Reloncavi,21,413751.5,724023.2,PH,7.426666666666667,26/10/2022 18:17:00,X
20,ESTUDIO SEGUIMIENTO DESEMPEÑO AMBIENTAL ACUICULTURA EN CHILE Y SU EFECTO EN LOS ECOSISTEMAS DE EMPLAZAMIENTO 2022-2023,Objetivo 1. Actividad 2. Muestreos y Analisis sedimentos,Gastón Vidal,INSTITUTO DE FOMENTO PESQUERO,Reloncavi,25,414943.9,724718.2,PH,7.6433333333333335,25/10/2022 10:45:00,X
21,ESTUDIO SEGUIMIENTO DESEMPEÑO AMBIENTAL ACUICULTURA EN CHILE Y SU EFECTO EN LOS ECOSISTEMAS DE EMPLAZAMIENTO 2022-2023,Objetivo 1. Actividad 2. Muestreos y Analisis sedimentos,Gastón Vidal,INSTITUTO DE FOMENTO PESQUERO,Calbuco,1,414442.2,730610.3,PH,7.5,10/08/2022 08:20:00,X
22,ESTUDIO SEGUIMIENTO DESEMPEÑO AMBIENTAL ACUICULTURA EN CHILE Y SU EFECTO EN LOS ECOSISTEMAS DE EMPLAZAMIENTO 2022-2023,Objetivo 1. Actividad 2. Muestreos y Analisis sedimentos,Gastón Vidal,INSTITUTO DE FOMENTO PESQUERO,Calbuco,2,414630.1,730505.2,PH,7.3,10/08/2022 10:17:00,X
23,ESTUDIO SEGUIMIENTO DESEMPEÑO AMBIENTAL ACUICULTURA EN CHILE Y SU EFECTO EN LOS ECOSISTEMAS DE EMPLAZAMIENTO 2022-2023,Objetivo 1. Actividad 2. Muestreos y Analisis sedimentos,Gastón Vidal,INSTITUTO DE FOMENTO PESQUERO,Calbuco,8,414314.7,730933.2,PH,6.976666666666667,10/08/2022 09:20:00,X
24,ESTUDIO SEGUIMIENTO DESEMPEÑO AMBIENTAL ACUICULTURA EN CHILE Y SU EFECTO EN LOS ECOSISTEMAS DE EMPLAZAMIENTO 2022-2023,Objetivo 1. Actividad 2. Muestreos y Analisis sedimentos,Gastón Vidal,INSTITUTO DE FOMENTO PESQUERO,Calbuco,16,414822.6,731018.3,PH,7.466666666666666,09/08/2022 14:40:00,X
25,ESTUDIO SEGUIMIENTO DESEMPEÑO AMBIENTAL ACUICULTURA EN CHILE Y SU EFECTO EN LOS ECOSISTEMAS DE EMPLAZAMIENTO 2022-2023,Objetivo 1. Actividad 2. Muestreos y Analisis sedimentos,Gastón Vidal,INSTITUTO DE FOMENTO PESQUERO,Calbuco,22,414705.8,730505.2,PH,7.676666666666667,10/08/2022 10:43:00,X
26,ESTUDIO SEGUIMIENTO DESEMPEÑO AMBIENTAL ACUICULTURA EN CHILE Y SU EFECTO EN LOS ECOSISTEMAS DE EMPLAZAMIENTO 2022-2023,Objetivo 1. Actividad 2. Muestreos y Analisis sedimentos,Gastón Vidal,INSTITUTO DE FOMENTO PESQUERO,Calbuco,26,415016.4,730447.2,PH,7.363333333333333,10/08/2022 11:30:00,X
27,ESTUDIO SEGUIMIENTO DESEMPEÑO AMBIENTAL ACUICULTURA EN CHILE Y SU EFECTO EN LOS ECOSISTEMAS DE EMPLAZAMIENTO 2022-2023,Objetivo 1. Actividad 2. Muestreos y Analisis sedimentos,Gastón Vidal,INSTITUTO DE FOMENTO PESQUERO,Calbuco,27,414959.8,730629.1,PH,7.706666666666666,10/08/2022 13:11:00,X
28,ESTUDIO SEGUIMIENTO DESEMPEÑO AMBIENTAL ACUICULTURA EN CHILE Y SU EFECTO EN LOS ECOSISTEMAS DE EMPLAZAMIENTO 2022-2023,Objetivo 1. Actividad 2. Muestreos y Analisis sedimentos,Gastón Vidal,INSTITUTO DE FOMENTO PESQUERO,Calbuco,30,415019.0,730822.5,PH,7.636666666666667,10/08/2022 14:30:00,X
29,ESTUDIO SEGUIMIENTO DESEMPEÑO AMBIENTAL ACUICULTURA EN CHILE Y SU EFECTO EN LOS ECOSISTEMAS DE EMPLAZAMIENTO 2022-2023,Objetivo 1. Actividad 2. Muestreos y Analisis sedimentos,Gastón Vidal,INSTITUTO DE FOMENTO PESQUERO,Chacao,2,415659.3,733134.3,PH,7.45,11/08/2022 10:15:00,X
30,ESTUDIO SEGUIMIENTO DESEMPEÑO AMBIENTAL ACUICULTURA EN CHILE Y SU EFECTO EN LOS ECOSISTEMAS DE EMPLAZAMIENTO 2022-2023,Objetivo 1. Actividad 2. Muestreos y Analisis sedimentos,Gastón Vidal,INSTITUTO DE FOMENTO PESQUERO,Chacao,6,415415.1,732906.8,PH,7.523333333333333,11/08/2022 09:00:00,X
31,ESTUDIO SEGUIMIENTO DESEMPEÑO AMBIENTAL ACUICULTURA EN CHILE Y SU EFECTO EN LOS ECOSISTEMAS DE EMPLAZAMIENTO 2022-2023,Objetivo 1. Actividad 2. Muestreos y Analisis sedimentos,Gastón Vidal,INSTITUTO DE FOMENTO PESQUERO,Chacao,12,415217.3,733107.9,PH,7.406666666666667,10/08/2022 17:07:00,X
32,ESTUDIO SEGUIMIENTO DESEMPEÑO AMBIENTAL ACUICULTURA EN CHILE Y SU EFECTO EN LOS ECOSISTEMAS DE EMPLAZAMIENTO 2022-2023,Objetivo 1. Actividad 2. Muestreos y Analisis sedimentos,Gastón Vidal,INSTITUTO DE FOMENTO PESQUERO,Chacao,14,415115.7,732851.2,PH,7.71,10/08/2022 16:40:00,X
33,ESTUDIO SEGUIMIENTO DESEMPEÑO AMBIENTAL ACUICULTURA EN CHILE Y SU EFECTO EN LOS ECOSISTEMAS DE EMPLAZAMIENTO 2022-2023,Objetivo 1. Actividad 2. Muestreos y Analisis sedimentos,Gastón Vidal,INSTITUTO DE FOMENTO PESQUERO,Butachauques,1,421917.6,731519.1,PH,7.353333333333333,12/08/2022 08:35:00,X
34,ESTUDIO SEGUIMIENTO DESEMPEÑO AMBIENTAL ACUICULTURA EN CHILE Y SU EFECTO EN LOS ECOSISTEMAS DE EMPLAZAMIENTO 2022-2023,Objetivo 1. Actividad 2. Muestreos y Analisis sedimentos,Gastón Vidal,INSTITUTO DE FOMENTO PESQUERO,Butachauques,3,421702.6,731506.7,PH,7.683333333333334,12/08/2022 09:15:00,X
35,ESTUDIO SEGUIMIENTO DESEMPEÑO AMBIENTAL ACUICULTURA EN CHILE Y SU EFECTO EN LOS ECOSISTEMAS DE EMPLAZAMIENTO 2022-2023,Objetivo 1. Actividad 2. Muestreos y Analisis sedimentos,Gastón Vidal,INSTITUTO DE FOMENTO PESQUERO,Butachauques,7,421556.3,730936.2,PH,7.95,12/08/2022 12:20:00,X
36,ESTUDIO SEGUIMIENTO DESEMPEÑO AMBIENTAL ACUICULTURA EN CHILE Y SU EFECTO EN LOS ECOSISTEMAS DE EMPLAZAMIENTO 2022-2023,Objetivo 1. Actividad 2. Muestreos y Analisis sedimentos,Gastón Vidal,INSTITUTO DE FOMENTO PESQUERO,Butachauques,10,421645.3,732049.7,PH,7.733333333333333,12/08/2022 10:40:00,X
37,ESTUDIO SEGUIMIENTO DESEMPEÑO AMBIENTAL ACUICULTURA EN CHILE Y SU EFECTO EN LOS ECOSISTEMAS DE EMPLAZAMIENTO 2022-2023,Objetivo 1. Actividad 2. Muestreos y Analisis sedimentos,Gastón Vidal,INSTITUTO DE FOMENTO PESQUERO,Butachauques,12,421224.4,732358.0,PH,7.173333333333333,11/08/2022 15:37:00,X
38,ESTUDIO SEGUIMIENTO DESEMPEÑO AMBIENTAL ACUICULTURA EN CHILE Y SU EFECTO EN LOS ECOSISTEMAS DE EMPLAZAMIENTO 2022-2023,Objetivo 1. Actividad 2. Muestreos y Analisis sedimentos,Gastón Vidal,INSTITUTO DE FOMENTO PESQUERO,Butachauques,13,421021.7,732609.5,PH,7.486666666666667,11/08/2022 13:22:00,X
39,ESTUDIO SEGUIMIENTO DESEMPEÑO AMBIENTAL ACUICULTURA EN CHILE Y SU EFECTO EN LOS ECOSISTEMAS DE EMPLAZAMIENTO 2022-2023,Objetivo 1. Actividad 2. Muestreos y Analisis sedimentos,Gastón Vidal,INSTITUTO DE FOMENTO PESQUERO,Butachauques,14,420929.5,732804.6,PH,7.55,11/08/2022 13:00:00,X
40,ESTUDIO SEGUIMIENTO DESEMPEÑO AMBIENTAL ACUICULTURA EN CHILE Y SU EFECTO EN LOS ECOSISTEMAS DE EMPLAZAMIENTO 2022-2023,Objetivo 1. Actividad 2. Muestreos y Analisis sedimentos,Gastón Vidal,INSTITUTO DE FOMENTO PESQUERO,Chaulinec,3,423622.9,731526.5,PH,7.56,15/08/2022 09:00:00,X
41,ESTUDIO SEGUIMIENTO DESEMPEÑO AMBIENTAL ACUICULTURA EN CHILE Y SU EFECTO EN LOS ECOSISTEMAS DE EMPLAZAMIENTO 2022-2023,Objetivo 1. Actividad 2. Muestreos y Analisis sedimentos,Gastón Vidal,INSTITUTO DE FOMENTO PESQUERO,Chaulinec,4,423422.1,731353.2,PH,7.523333333333333,15/08/2022 09:50:00,X
42,ESTUDIO SEGUIMIENTO DESEMPEÑO AMBIENTAL ACUICULTURA EN CHILE Y SU EFECTO EN LOS ECOSISTEMAS DE EMPLAZAMIENTO 2022-2023,Objetivo 1. Actividad 2. Muestreos y Analisis sedimentos,Gastón Vidal,INSTITUTO DE FOMENTO PESQUERO,Chaulinec,7,422803.3,732256.7,PH,7.986666666666667,12/08/2022 14:58:00,X
43,ESTUDIO SEGUIMIENTO DESEMPEÑO AMBIENTAL ACUICULTURA EN CHILE Y SU EFECTO EN LOS ECOSISTEMAS DE EMPLAZAMIENTO 2022-2023,Objetivo 1. Actividad 2. Muestreos y Analisis sedimentos,Gastón Vidal,INSTITUTO DE FOMENTO PESQUERO,Chaulinec,10,422429.1,731921.4,PH,7.87,12/08/2022 14:25:00,X
44,ESTUDIO SEGUIMIENTO DESEMPEÑO AMBIENTAL ACUICULTURA EN CHILE Y SU EFECTO EN LOS ECOSISTEMAS DE EMPLAZAMIENTO 2022-2023,Objetivo 1. Actividad 2. Muestreos y Analisis sedimentos,Gastón Vidal,INSTITUTO DE FOMENTO PESQUERO,Chaulinec,13,422634.7,733044.2,PH,7.756666666666668,12/08/2022 16:30:00,X
45,ESTUDIO SEGUIMIENTO DESEMPEÑO AMBIENTAL ACUICULTURA EN CHILE Y SU EFECTO EN LOS ECOSISTEMAS DE EMPLAZAMIENTO 2022-2023,Objetivo 1. Actividad 2. Muestreos y Analisis sedimentos,Gastón Vidal,INSTITUTO DE FOMENTO PESQUERO,Tenaun,2,422246.5,733559.1,PH,7.566666666666666,14/08/2022 10:15:00,X
46,ESTUDIO SEGUIMIENTO DESEMPEÑO AMBIENTAL ACUICULTURA EN CHILE Y SU EFECTO EN LOS ECOSISTEMAS DE EMPLAZAMIENTO 2022-2023,Objetivo 1. Actividad 2. Muestreos y Analisis sedimentos,Gastón Vidal,INSTITUTO DE FOMENTO PESQUERO,Tenaun,3,422307.4,733744.8,PH,7.460000000000001,14/08/2022 09:54:00,X
47,ESTUDIO SEGUIMIENTO DESEMPEÑO AMBIENTAL ACUICULTURA EN CHILE Y SU EFECTO EN LOS ECOSISTEMAS DE EMPLAZAMIENTO 2022-2023,Objetivo 1. Actividad 2. Muestreos y Analisis sedimentos,Gastón Vidal,INSTITUTO DE FOMENTO PESQUERO,Tenaun,6,422215.1,733731.1,PH,7.506666666666667,14/08/2022 10:59:00,X
48,ESTUDIO SEGUIMIENTO DESEMPEÑO AMBIENTAL ACUICULTURA EN CHILE Y SU EFECTO EN LOS ECOSISTEMAS DE EMPLAZAMIENTO 2022-2023,Objetivo 1. Actividad 2. Muestreos y Analisis sedimentos,Gastón Vidal,INSTITUTO DE FOMENTO PESQUERO,Tenaun,9,422139.1,733441.7,PH,7.403333333333333,14/08/2022 10:35:00,X
49,ESTUDIO SEGUIMIENTO DESEMPEÑO AMBIENTAL ACUICULTURA EN CHILE Y SU EFECTO EN LOS ECOSISTEMAS DE EMPLAZAMIENTO 2022-2023,Objetivo 1. Actividad 2. Muestreos y Analisis sedimentos,Gastón Vidal,INSTITUTO DE FOMENTO PESQUERO,Tenaun,14,422026.0,733200.9,PH,7.8566666666666665,12/08/2022 17:00:00,X
50,ESTUDIO SEGUIMIENTO DESEMPEÑO AMBIENTAL ACUICULTURA EN CHILE Y SU EFECTO EN LOS ECOSISTEMAS DE EMPLAZAMIENTO 2022-2023,Objetivo 1. Actividad 2. Muestreos y Analisis sedimentos,Gastón Vidal,INSTITUTO DE FOMENTO PESQUERO,Chiloe central,1,423046.9,734515.6,PH,7.276666666666666,16/08/2022 16:08:00,X
51,ESTUDIO SEGUIMIENTO DESEMPEÑO AMBIENTAL ACUICULTURA EN CHILE Y SU EFECTO EN LOS ECOSISTEMAS DE EMPLAZAMIENTO 2022-2023,Objetivo 1. Actividad 2. Muestreos y Analisis sedimentos,Gastón Vidal,INSTITUTO DE FOMENTO PESQUERO,Chiloe central,4,423259.2,734015.8,PH,7.66,16/08/2022 13:39:00,X
52,ESTUDIO SEGUIMIENTO DESEMPEÑO AMBIENTAL ACUICULTURA EN CHILE Y SU EFECTO EN LOS ECOSISTEMAS DE EMPLAZAMIENTO 2022-2023,Objetivo 1. Actividad 2. Muestreos y Analisis sedimentos,Gastón Vidal,INSTITUTO DE FOMENTO PESQUERO,Chiloe central,6,423209.3,733613.2,PH,7.460000000000001,16/08/2022 13:20:00,X
53,ESTUDIO SEGUIMIENTO DESEMPEÑO AMBIENTAL ACUICULTURA EN CHILE Y SU EFECTO EN LOS ECOSISTEMAS DE EMPLAZAMIENTO 2022-2023,Objetivo 1. Actividad 2. Muestreos y Analisis sedimentos,Gastón Vidal,INSTITUTO DE FOMENTO PESQUERO,Chiloe central,7,423029.3,733611.3,PH,7.420000000000001,14/08/2022 12:35:00,X
54,ESTUDIO SEGUIMIENTO DESEMPEÑO AMBIENTAL ACUICULTURA EN CHILE Y SU EFECTO EN LOS ECOSISTEMAS DE EMPLAZAMIENTO 2022-2023,Objetivo 1. Actividad 2. Muestreos y Analisis sedimentos,Gastón Vidal,INSTITUTO DE FOMENTO PESQUERO,Chiloe central,11,422833.3,733241.1,PH,7.54,14/08/2022 13:32:00,X
55,ESTUDIO SEGUIMIENTO DESEMPEÑO AMBIENTAL ACUICULTURA EN CHILE Y SU EFECTO EN LOS ECOSISTEMAS DE EMPLAZAMIENTO 2022-2023,Objetivo 1. Actividad 2. Muestreos y Analisis sedimentos,Gastón Vidal,INSTITUTO DE FOMENTO PESQUERO,Chiloe central,12,423059.3,732821.5,PH,7.62,14/08/2022 14:30:00,X
56,ESTUDIO SEGUIMIENTO DESEMPEÑO AMBIENTAL ACUICULTURA EN CHILE Y SU EFECTO EN LOS ECOSISTEMAS DE EMPLAZAMIENTO 2022-2023,Objetivo 1. Actividad 2. Muestreos y Analisis sedimentos,Gastón Vidal,INSTITUTO DE FOMENTO PESQUERO,Chiloe central,16,424213.5,733738.2,PH,7.343333333333334,17/08/2022 09:47:00,X
57,ESTUDIO SEGUIMIENTO DESEMPEÑO AMBIENTAL ACUICULTURA EN CHILE Y SU EFECTO EN LOS ECOSISTEMAS DE EMPLAZAMIENTO 2022-2023,Objetivo 1. Actividad 2. Muestreos y Analisis sedimentos,Gastón Vidal,INSTITUTO DE FOMENTO PESQUERO,Chiloe central,26,423654.6,732710.2,PH,7.826666666666667,14/08/2022 15:19:00,X
58,ESTUDIO SEGUIMIENTO DESEMPEÑO AMBIENTAL ACUICULTURA EN CHILE Y SU EFECTO EN LOS ECOSISTEMAS DE EMPLAZAMIENTO 2022-2023,Objetivo 1. Actividad 2. Muestreos y Analisis sedimentos,Gastón Vidal,INSTITUTO DE FOMENTO PESQUERO,Desertores,1,424703.0,725635.9,PH,7.523333333333333,21/10/2022 13:20:00,X
59,ESTUDIO SEGUIMIENTO DESEMPEÑO AMBIENTAL ACUICULTURA EN CHILE Y SU EFECTO EN LOS ECOSISTEMAS DE EMPLAZAMIENTO 2022-2023,Objetivo 1. Actividad 2. Muestreos y Analisis sedimentos,Gastón Vidal,INSTITUTO DE FOMENTO PESQUERO,Desertores,2,424756.1,725723.7,PH,7.456666666666667,21/10/2022 14:09:00,X
60,ESTUDIO SEGUIMIENTO DESEMPEÑO AMBIENTAL ACUICULTURA EN CHILE Y SU EFECTO EN LOS ECOSISTEMAS DE EMPLAZAMIENTO 2022-2023,Objetivo 1. Actividad 2. Muestreos y Analisis sedimentos,Gastón Vidal,INSTITUTO DE FOMENTO PESQUERO,Desertores,3,424536.0,725951.7,PH,7.326666666666667,21/10/2022 14:42:00,X
61,ESTUDIO SEGUIMIENTO DESEMPEÑO AMBIENTAL ACUICULTURA EN CHILE Y SU EFECTO EN LOS ECOSISTEMAS DE EMPLAZAMIENTO 2022-2023,Objetivo 1. Actividad 2. Muestreos y Analisis sedimentos,Gastón Vidal,INSTITUTO DE FOMENTO PESQUERO,Desertores,6,424206.5,730534.1,PH,7.273333333333333,21/10/2022 15:53:00,X
62,ESTUDIO SEGUIMIENTO DESEMPEÑO AMBIENTAL ACUICULTURA EN CHILE Y SU EFECTO EN LOS ECOSISTEMAS DE EMPLAZAMIENTO 2022-2023,Objetivo 1. Actividad 2. Muestreos y Analisis sedimentos,Gastón Vidal,INSTITUTO DE FOMENTO PESQUERO,Quellon,6,431143.2,733811.2,PH,7.573333333333333,20/08/2022 11:12:00,X
63,ESTUDIO SEGUIMIENTO DESEMPEÑO AMBIENTAL ACUICULTURA EN CHILE Y SU EFECTO EN LOS ECOSISTEMAS DE EMPLAZAMIENTO 2022-2023,Objetivo 1. Actividad 2. Muestreos y Analisis sedimentos,Gastón Vidal,INSTITUTO DE FOMENTO PESQUERO,Quellon,8,430739.5,734328.6,PH,7.526666666666666,20/08/2022 10:26:00,X
64,ESTUDIO SEGUIMIENTO DESEMPEÑO AMBIENTAL ACUICULTURA EN CHILE Y SU EFECTO EN LOS ECOSISTEMAS DE EMPLAZAMIENTO 2022-2023,Objetivo 1. Actividad 2. Muestreos y Analisis sedimentos,Gastón Vidal,INSTITUTO DE FOMENTO PESQUERO,Quellon,11,430832.2,734013.7,PH,7.52,20/08/2022 09:50:00,X
65,ESTUDIO SEGUIMIENTO DESEMPEÑO AMBIENTAL ACUICULTURA EN CHILE Y SU EFECTO EN LOS ECOSISTEMAS DE EMPLAZAMIENTO 2022-2023,Objetivo 1. Actividad 2. Muestreos y Analisis sedimentos,Gastón Vidal,INSTITUTO DE FOMENTO PESQUERO,Quellon,12,431133.5,733423.8,PH,7.493333333333333,20/08/2022 09:05:00,X
66,ESTUDIO SEGUIMIENTO DESEMPEÑO AMBIENTAL ACUICULTURA EN CHILE Y SU EFECTO EN LOS ECOSISTEMAS DE EMPLAZAMIENTO 2022-2023,Objetivo 1. Actividad 2. Muestreos y Analisis sedimentos,Gastón Vidal,INSTITUTO DE FOMENTO PESQUERO,Quellon,13,430826.2,733310.7,PH,6.973333333333334,20/08/2022 08:20:00,X
67,ESTUDIO SEGUIMIENTO DESEMPEÑO AMBIENTAL ACUICULTURA EN CHILE Y SU EFECTO EN LOS ECOSISTEMAS DE EMPLAZAMIENTO 2022-2023,Objetivo 1. Actividad 2. Muestreos y Analisis sedimentos,Gastón Vidal,INSTITUTO DE FOMENTO PESQUERO,Quellon,19,430307.5,732746.7,PH,7.526666666666666,18/08/2022 14:30:00,X
68,ESTUDIO SEGUIMIENTO DESEMPEÑO AMBIENTAL ACUICULTURA EN CHILE Y SU EFECTO EN LOS ECOSISTEMAS DE EMPLAZAMIENTO 2022-2023,Objetivo 1. Actividad 2. Muestreos y Analisis sedimentos,Gastón Vidal,INSTITUTO DE FOMENTO PESQUERO,Quellon,21,430206.1,733133.1,PH,7.490000000000001,18/08/2022 13:05:00,X
69,ESTUDIO SEGUIMIENTO DESEMPEÑO AMBIENTAL ACUICULTURA EN CHILE Y SU EFECTO EN LOS ECOSISTEMAS DE EMPLAZAMIENTO 2022-2023,Objetivo 1. Actividad 2. Muestreos y Analisis sedimentos,Gastón Vidal,INSTITUTO DE FOMENTO PESQUERO,Quellon,22,425921.8,732805.5,PH,6.666666666666667,18/08/2022 12:24:00,X
70,ESTUDIO SEGUIMIENTO DESEMPEÑO AMBIENTAL ACUICULTURA EN CHILE Y SU EFECTO EN LOS ECOSISTEMAS DE EMPLAZAMIENTO 2022-2023,Objetivo 1. Actividad 2. Muestreos y Analisis sedimentos,Gastón Vidal,INSTITUTO DE FOMENTO PESQUERO,Quellon,26,425621.2,733649.9,PH,7.033333333333334,18/08/2022 11:30:00,X
71,ESTUDIO SEGUIMIENTO DESEMPEÑO AMBIENTAL ACUICULTURA EN CHILE Y SU EFECTO EN LOS ECOSISTEMAS DE EMPLAZAMIENTO 2022-2023,Objetivo 1. Actividad 2. Muestreos y Analisis sedimentos,Gastón Vidal,INSTITUTO DE FOMENTO PESQUERO,Quellon,28,425525.9,733504.7,PH,7.43,18/08/2022 08:40:00,X
72,ESTUDIO SEGUIMIENTO DESEMPEÑO AMBIENTAL ACUICULTURA EN CHILE Y SU EFECTO EN LOS ECOSISTEMAS DE EMPLAZAMIENTO 2022-2023,Objetivo 1. Actividad 2. Muestreos y Analisis sedimentos,Gastón Vidal,INSTITUTO DE FOMENTO PESQUERO,Quellon,32,425122.8,734130.9,PH,7.0633333333333335,18/08/2022 09:23:00,X
73,ESTUDIO SEGUIMIENTO DESEMPEÑO AMBIENTAL ACUICULTURA EN CHILE Y SU EFECTO EN LOS ECOSISTEMAS DE EMPLAZAMIENTO 2022-2023,Objetivo 1. Actividad 2. Muestreos y Analisis sedimentos,Gastón Vidal,INSTITUTO DE FOMENTO PESQUERO,Quellon,39,425415.3,732927.9,PH,7.010000000000001,17/08/2022 13:37:00,X
74,ESTUDIO SEGUIMIENTO DESEMPEÑO AMBIENTAL ACUICULTURA EN CHILE Y SU EFECTO EN LOS ECOSISTEMAS DE EMPLAZAMIENTO 2022-2023,Objetivo 1. Actividad 2. Muestreos y Analisis sedimentos,Gastón Vidal,INSTITUTO DE FOMENTO PESQUERO,Hornopiren,3,420427.1,722759.7,PH,6.956666666666667,23/10/2022 15:22:00,X
75,ESTUDIO SEGUIMIENTO DESEMPEÑO AMBIENTAL ACUICULTURA EN CHILE Y SU EFECTO EN LOS ECOSISTEMAS DE EMPLAZAMIENTO 2022-2023,Objetivo 1. Actividad 2. Muestreos y Analisis sedimentos,Gastón Vidal,INSTITUTO DE FOMENTO PESQUERO,Hornopiren,6,420209.6,723558.5,PH,7.63,23/10/2022 16:19:00,X
76,ESTUDIO SEGUIMIENTO DESEMPEÑO AMBIENTAL ACUICULTURA EN CHILE Y SU EFECTO EN LOS ECOSISTEMAS DE EMPLAZAMIENTO 2022-2023,Objetivo 1. Actividad 2. Muestreos y Analisis sedimentos,Gastón Vidal,INSTITUTO DE FOMENTO PESQUERO,Hornopiren,7,420301.3,723537.3,PH,7.68,23/10/2022 16:12:00,X
78,ESTUDIO SEGUIMIENTO DESEMPEÑO AMBIENTAL ACUICULTURA EN CHILE Y SU EFECTO EN LOS ECOSISTEMAS DE EMPLAZAMIENTO 2022-2023,Objetivo 1. Actividad 2. Muestreos y Analisis sedimentos,Gastón Vidal,INSTITUTO DE FOMENTO PESQUERO,Hornopiren,14,421524.5,722346.8,PH,7.6866666666666665,23/10/2022 12:15:00,X
79,ESTUDIO SEGUIMIENTO DESEMPEÑO AMBIENTAL ACUICULTURA EN CHILE Y SU EFECTO EN LOS ECOSISTEMAS DE EMPLAZAMIENTO 2022-2023,Objetivo 1. Actividad 2. Muestreos y Analisis sedimentos,Gastón Vidal,INSTITUTO DE FOMENTO PESQUERO,Ayacara,1,421853.1,724721.9,PH,7.476666666666667,22/10/2022 19:25:00,X
80,ESTUDIO SEGUIMIENTO DESEMPEÑO AMBIENTAL ACUICULTURA EN CHILE Y SU EFECTO EN LOS ECOSISTEMAS DE EMPLAZAMIENTO 2022-2023,Objetivo 1. Actividad 2. Muestreos y Analisis sedimentos,Gastón Vidal,INSTITUTO DE FOMENTO PESQUERO,Ayacara,2,422434.1,724307.0,PH,7.72,22/10/2022 18:14:00,X
81,ESTUDIO SEGUIMIENTO DESEMPEÑO AMBIENTAL ACUICULTURA EN CHILE Y SU EFECTO EN LOS ECOSISTEMAS DE EMPLAZAMIENTO 2022-2023,Objetivo 1. Actividad 2. Muestreos y Analisis sedimentos,Gastón Vidal,INSTITUTO DE FOMENTO PESQUERO,Ayacara,3,423409.7,723139.7,PH,7.573333333333333,22/10/2022 16:15:00,X
82,ESTUDIO SEGUIMIENTO DESEMPEÑO AMBIENTAL ACUICULTURA EN CHILE Y SU EFECTO EN LOS ECOSISTEMAS DE EMPLAZAMIENTO 2022-2023,Objetivo 1. Actividad 2. Muestreos y Analisis sedimentos,Gastón Vidal,INSTITUTO DE FOMENTO PESQUERO,Ayacara,4,423117.9,724140.8,PH,7.413333333333333,22/10/2022 15:11:00,X
83,ESTUDIO SEGUIMIENTO DESEMPEÑO AMBIENTAL ACUICULTURA EN CHILE Y SU EFECTO EN LOS ECOSISTEMAS DE EMPLAZAMIENTO 2022-2023,Objetivo 1. Actividad 2. Muestreos y Analisis sedimentos,Gastón Vidal,INSTITUTO DE FOMENTO PESQUERO,Ayacara,7,423730.6,725115.4,PH,7.513333333333333,22/10/2022 12:55:00,X
84,ESTUDIO SEGUIMIENTO DESEMPEÑO AMBIENTAL ACUICULTURA EN CHILE Y SU EFECTO EN LOS ECOSISTEMAS DE EMPLAZAMIENTO 2022-2023,Objetivo 1. Actividad 2. Muestreos y Analisis sedimentos,Gastón Vidal,INSTITUTO DE FOMENTO PESQUERO,Ayacara,9,424232.8,725058.9,PH,7.616666666666667,21/10/2022 12:06:00,X
85,ESTUDIO SEGUIMIENTO DESEMPEÑO AMBIENTAL ACUICULTURA EN CHILE Y SU EFECTO EN LOS ECOSISTEMAS DE EMPLAZAMIENTO 2022-2023,Objetivo 1. Actividad 2. Muestreos y Analisis sedimentos,Gastón Vidal,INSTITUTO DE FOMENTO PESQUERO,Chaiten,3,424711.1,725049.9,PH,7.783333333333334,21/10/2022 11:24:00,X
86,ESTUDIO SEGUIMIENTO DESEMPEÑO AMBIENTAL ACUICULTURA EN CHILE Y SU EFECTO EN LOS ECOSISTEMAS DE EMPLAZAMIENTO 2022-2023,Objetivo 1. Actividad 2. Muestreos y Analisis sedimentos,Gastón Vidal,INSTITUTO DE FOMENTO PESQUERO,Chaiten,4,425527.6,724459.6,PH,7.109999999999999,21/10/2022 08:20:00,X
87,ESTUDIO SEGUIMIENTO DESEMPEÑO AMBIENTAL ACUICULTURA EN CHILE Y SU EFECTO EN LOS ECOSISTEMAS DE EMPLAZAMIENTO 2022-2023,Objetivo 1. Actividad 2. Muestreos y Analisis sedimentos,Gastón Vidal,INSTITUTO DE FOMENTO PESQUERO,Chaiten,12,431438.9,725308.2,PH,7.52,20/10/2022 13:50:00,X
88,ESTUDIO SEGUIMIENTO DESEMPEÑO AMBIENTAL ACUICULTURA EN CHILE Y SU EFECTO EN LOS ECOSISTEMAS DE EMPLAZAMIENTO 2022-2023,Objetivo 1. Actividad 2. Muestreos y Analisis sedimentos,Gastón Vidal,INSTITUTO DE FOMENTO PESQUERO,Chaiten,14,431550.9,725835.0,PH,7.316666666666666,20/10/2022 12:50:00,X
89,ESTUDIO SEGUIMIENTO DESEMPEÑO AMBIENTAL ACUICULTURA EN CHILE Y SU EFECTO EN LOS ECOSISTEMAS DE EMPLAZAMIENTO 2022-2023,Objetivo 1. Actividad 2. Muestreos y Analisis sedimentos,Gastón Vidal,INSTITUTO DE FOMENTO PESQUERO,Chaiten,18,433529.8,730022.5,PH,7.676666666666667,21/08/2022 09:38:00,X
90,ESTUDIO SEGUIMIENTO DESEMPEÑO AMBIENTAL ACUICULTURA EN CHILE Y SU EFECTO EN LOS ECOSISTEMAS DE EMPLAZAMIENTO 2022-2023,Objetivo 1. Actividad 2. Muestreos y Analisis sedimentos,Gastón Vidal,INSTITUTO DE FOMENTO PESQUERO,Chaiten,19,433757.9,725704.9,PH,7.566666666666666,20/10/2022 08:50:00,X
92,ESTUDIO SEGUIMIENTO DESEMPEÑO AMBIENTAL ACUICULTURA EN CHILE Y SU EFECTO EN LOS ECOSISTEMAS DE EMPLAZAMIENTO 2022-2023,Objetivo 1. Actividad 2. Muestreos y Analisis sedimentos,Gastón Vidal,INSTITUTO DE FOMENTO PESQUERO,Guaitecas,1,442931.1,740942.8,PH,7.623333333333332,28/09/2022 09:30:00,XI
93,ESTUDIO SEGUIMIENTO DESEMPEÑO AMBIENTAL ACUICULTURA EN CHILE Y SU EFECTO EN LOS ECOSISTEMAS DE EMPLAZAMIENTO 2022-2023,Objetivo 1. Actividad 2. Muestreos y Analisis sedimentos,Gastón Vidal,INSTITUTO DE FOMENTO PESQUERO,Guaitecas,4,441418.4,741320.7,PH,7.276666666666666,27/09/2022 16:38:00,XI
94,ESTUDIO SEGUIMIENTO DESEMPEÑO AMBIENTAL ACUICULTURA EN CHILE Y SU EFECTO EN LOS ECOSISTEMAS DE EMPLAZAMIENTO 2022-2023,Objetivo 1. Actividad 2. Muestreos y Analisis sedimentos,Gastón Vidal,INSTITUTO DE FOMENTO PESQUERO,Guaitecas,6,440829.0,740209.0,PH,7.63,27/09/2022 15:18:00,XI
95,ESTUDIO SEGUIMIENTO DESEMPEÑO AMBIENTAL ACUICULTURA EN CHILE Y SU EFECTO EN LOS ECOSISTEMAS DE EMPLAZAMIENTO 2022-2023,Objetivo 1. Actividad 2. Muestreos y Analisis sedimentos,Gastón Vidal,INSTITUTO DE FOMENTO PESQUERO,Guaitecas,7,440453.4,735253.7,PH,7.4433333333333325,26/09/2022 14:00:00,XI
96,ESTUDIO SEGUIMIENTO DESEMPEÑO AMBIENTAL ACUICULTURA EN CHILE Y SU EFECTO EN LOS ECOSISTEMAS DE EMPLAZAMIENTO 2022-2023,Objetivo 1. Actividad 2. Muestreos y Analisis sedimentos,Gastón Vidal,INSTITUTO DE FOMENTO PESQUERO,Guaitecas,8,435456.5,735432.1,PH,7.793333333333333,27/09/2022 13:00:00,XI
97,ESTUDIO SEGUIMIENTO DESEMPEÑO AMBIENTAL ACUICULTURA EN CHILE Y SU EFECTO EN LOS ECOSISTEMAS DE EMPLAZAMIENTO 2022-2023,Objetivo 1. Actividad 2. Muestreos y Analisis sedimentos,Gastón Vidal,INSTITUTO DE FOMENTO PESQUERO,Guaitecas,9,435329.1,735219.9,PH,7.69,27/09/2022 11:50:00,XI
98,ESTUDIO SEGUIMIENTO DESEMPEÑO AMBIENTAL ACUICULTURA EN CHILE Y SU EFECTO EN LOS ECOSISTEMAS DE EMPLAZAMIENTO 2022-2023,Objetivo 1. Actividad 2. Muestreos y Analisis sedimentos,Gastón Vidal,INSTITUTO DE FOMENTO PESQUERO,Guaitecas,10,435638.0,734800.0,PH,7.493333333333333,27/09/2022 10:11:00,XI
99,ESTUDIO SEGUIMIENTO DESEMPEÑO AMBIENTAL ACUICULTURA EN CHILE Y SU EFECTO EN LOS ECOSISTEMAS DE EMPLAZAMIENTO 2022-2023,Objetivo 1. Actividad 2. Muestreos y Analisis sedimentos,Gastón Vidal,INSTITUTO DE FOMENTO PESQUERO,Guaitecas,12,440031.4,734511.0,PH,7.353333333333334,27/09/2022 08:55:00,XI
100,ESTUDIO SEGUIMIENTO DESEMPEÑO AMBIENTAL ACUICULTURA EN CHILE Y SU EFECTO EN LOS ECOSISTEMAS DE EMPLAZAMIENTO 2022-2023,Objetivo 1. Actividad 2. Muestreos y Analisis sedimentos,Gastón Vidal,INSTITUTO DE FOMENTO PESQUERO,Guaitecas,17,441715.5,734639.1,PH,7.486666666666667,26/09/2022 16:20:00,XI
101,ESTUDIO SEGUIMIENTO DESEMPEÑO AMBIENTAL ACUICULTURA EN CHILE Y SU EFECTO EN LOS ECOSISTEMAS DE EMPLAZAMIENTO 2022-2023,Objetivo 1. Actividad 2. Muestreos y Analisis sedimentos,Gastón Vidal,INSTITUTO DE FOMENTO PESQUERO,Moraleda,2,451131.2,735840.6,PH,7.223333333333334,29/09/2022 11:55:00,XI
102,ESTUDIO SEGUIMIENTO DESEMPEÑO AMBIENTAL ACUICULTURA EN CHILE Y SU EFECTO EN LOS ECOSISTEMAS DE EMPLAZAMIENTO 2022-2023,Objetivo 1. Actividad 2. Muestreos y Analisis sedimentos,Gastón Vidal,INSTITUTO DE FOMENTO PESQUERO,Moraleda,4,450957.9,740833.4,PH,7.486666666666667,29/09/2022 10:00:00,XI
103,ESTUDIO SEGUIMIENTO DESEMPEÑO AMBIENTAL ACUICULTURA EN CHILE Y SU EFECTO EN LOS ECOSISTEMAS DE EMPLAZAMIENTO 2022-2023,Objetivo 1. Actividad 2. Muestreos y Analisis sedimentos,Gastón Vidal,INSTITUTO DE FOMENTO PESQUERO,Moraleda,5,450801.8,741520.1,PH,7.483333333333334,28/09/2022 19:00:00,XI
104,ESTUDIO SEGUIMIENTO DESEMPEÑO AMBIENTAL ACUICULTURA EN CHILE Y SU EFECTO EN LOS ECOSISTEMAS DE EMPLAZAMIENTO 2022-2023,Objetivo 1. Actividad 2. Muestreos y Analisis sedimentos,Gastón Vidal,INSTITUTO DE FOMENTO PESQUERO,Moraleda,12,444145.4,735257.1,PH,7.293333333333333,28/09/2022 14:14:00,XI
105,ESTUDIO SEGUIMIENTO DESEMPEÑO AMBIENTAL ACUICULTURA EN CHILE Y SU EFECTO EN LOS ECOSISTEMAS DE EMPLAZAMIENTO 2022-2023,Objetivo 1. Actividad 2. Muestreos y Analisis sedimentos,Gastón Vidal,INSTITUTO DE FOMENTO PESQUERO,Moraleda,13,443935.6,735252.9,PH,6.906666666666666,28/09/2022 13:18:00,XI
106,ESTUDIO SEGUIMIENTO DESEMPEÑO AMBIENTAL ACUICULTURA EN CHILE Y SU EFECTO EN LOS ECOSISTEMAS DE EMPLAZAMIENTO 2022-2023,Objetivo 1. Actividad 2. Muestreos y Analisis sedimentos,Gastón Vidal,INSTITUTO DE FOMENTO PESQUERO,Moraleda,14,443608.6,740025.9,PH,7.3933333333333335,28/09/2022 11:15:00,XI
107,ESTUDIO SEGUIMIENTO DESEMPEÑO AMBIENTAL ACUICULTURA EN CHILE Y SU EFECTO EN LOS ECOSISTEMAS DE EMPLAZAMIENTO 2022-2023,Objetivo 1. Actividad 2. Muestreos y Analisis sedimentos,Gastón Vidal,INSTITUTO DE FOMENTO PESQUERO,Moraleda,16,443308.8,740650.1,PH,7.32,28/09/2022 10:20:00,XI
108,ESTUDIO SEGUIMIENTO DESEMPEÑO AMBIENTAL ACUICULTURA EN CHILE Y SU EFECTO EN LOS ECOSISTEMAS DE EMPLAZAMIENTO 2022-2023,Objetivo 1. Actividad 2. Muestreos y Analisis sedimentos,Gastón Vidal,INSTITUTO DE FOMENTO PESQUERO,Moraleda,17,440830.9,733501.0,PH,7.6000000000000005,26/09/2022 18:27:00,XI
109,ESTUDIO SEGUIMIENTO DESEMPEÑO AMBIENTAL ACUICULTURA EN CHILE Y SU EFECTO EN LOS ECOSISTEMAS DE EMPLAZAMIENTO 2022-2023,Objetivo 1. Actividad 2. Muestreos y Analisis sedimentos,Gastón Vidal,INSTITUTO DE FOMENTO PESQUERO,Moraleda,19,434430.9,730056.5,PH,7.04,19/10/2022 16:55:00,XI
110,ESTUDIO SEGUIMIENTO DESEMPEÑO AMBIENTAL ACUICULTURA EN CHILE Y SU EFECTO EN LOS ECOSISTEMAS DE EMPLAZAMIENTO 2022-2023,Objetivo 1. Actividad 2. Muestreos y Analisis sedimentos,Gastón Vidal,INSTITUTO DE FOMENTO PESQUERO,Moraleda,25,440204.1,731205.2,PH,8.12,12/10/2022 11:06:00,XI
111,ESTUDIO SEGUIMIENTO DESEMPEÑO AMBIENTAL ACUICULTURA EN CHILE Y SU EFECTO EN LOS ECOSISTEMAS DE EMPLAZAMIENTO 2022-2023,Objetivo 1. Actividad 2. Muestreos y Analisis sedimentos,Gastón Vidal,INSTITUTO DE FOMENTO PESQUERO,Moraleda,31,442248.0,730431.7,PH,7.55,10/10/2022 15:40:00,XI
112,ESTUDIO SEGUIMIENTO DESEMPEÑO AMBIENTAL ACUICULTURA EN CHILE Y SU EFECTO EN LOS ECOSISTEMAS DE EMPLAZAMIENTO 2022-2023,Objetivo 1. Actividad 2. Muestreos y Analisis sedimentos,Gastón Vidal,INSTITUTO DE FOMENTO PESQUERO,Moraleda,32,450149.0,732702.0,PH,7.946666666666666,08/10/2022 17:25:00,XI
113,ESTUDIO SEGUIMIENTO DESEMPEÑO AMBIENTAL ACUICULTURA EN CHILE Y SU EFECTO EN LOS ECOSISTEMAS DE EMPLAZAMIENTO 2022-2023,Objetivo 1. Actividad 2. Muestreos y Analisis sedimentos,Gastón Vidal,INSTITUTO DE FOMENTO PESQUERO,Puyuhuapi,5,443139.8,724117.0,PH,7.8133333333333335,10/10/2022 11:06:00,XI
114,ESTUDIO SEGUIMIENTO DESEMPEÑO AMBIENTAL ACUICULTURA EN CHILE Y SU EFECTO EN LOS ECOSISTEMAS DE EMPLAZAMIENTO 2022-2023,Objetivo 1. Actividad 2. Muestreos y Analisis sedimentos,Gastón Vidal,INSTITUTO DE FOMENTO PESQUERO,Puyuhuapi,7,443955.1,725020.8,PH,7.476666666666667,10/10/2022 08:16:00,XI
115,ESTUDIO SEGUIMIENTO DESEMPEÑO AMBIENTAL ACUICULTURA EN CHILE Y SU EFECTO EN LOS ECOSISTEMAS DE EMPLAZAMIENTO 2022-2023,Objetivo 1. Actividad 2. Muestreos y Analisis sedimentos,Gastón Vidal,INSTITUTO DE FOMENTO PESQUERO,Puyuhuapi,8,444209.3,724807.1,PH,7.539999999999999,09/10/2022 17:37:00,XI
116,ESTUDIO SEGUIMIENTO DESEMPEÑO AMBIENTAL ACUICULTURA EN CHILE Y SU EFECTO EN LOS ECOSISTEMAS DE EMPLAZAMIENTO 2022-2023,Objetivo 1. Actividad 2. Muestreos y Analisis sedimentos,Gastón Vidal,INSTITUTO DE FOMENTO PESQUERO,Puyuhuapi,10,444937.8,725757.3,PH,7.683333333333333,09/10/2022 12:15:00,XI
117,ESTUDIO SEGUIMIENTO DESEMPEÑO AMBIENTAL ACUICULTURA EN CHILE Y SU EFECTO EN LOS ECOSISTEMAS DE EMPLAZAMIENTO 2022-2023,Objetivo 1. Actividad 2. Muestreos y Analisis sedimentos,Gastón Vidal,INSTITUTO DE FOMENTO PESQUERO,Puyuhuapi,12,445441.9,730811.9,PH,7.323333333333333,09/10/2022 11:00:00,XI
118,ESTUDIO SEGUIMIENTO DESEMPEÑO AMBIENTAL ACUICULTURA EN CHILE Y SU EFECTO EN LOS ECOSISTEMAS DE EMPLAZAMIENTO 2022-2023,Objetivo 1. Actividad 2. Muestreos y Analisis sedimentos,Gastón Vidal,INSTITUTO DE FOMENTO PESQUERO,Aysen,1,452639.7,730033.3,PH,7.38,04/10/2022 16:09:00,XI
119,ESTUDIO SEGUIMIENTO DESEMPEÑO AMBIENTAL ACUICULTURA EN CHILE Y SU EFECTO EN LOS ECOSISTEMAS DE EMPLAZAMIENTO 2022-2023,Objetivo 1. Actividad 2. Muestreos y Analisis sedimentos,Gastón Vidal,INSTITUTO DE FOMENTO PESQUERO,Aysen,3,451953.0,732236.0,PH,8.09,06/10/2022 12:26:00,XI
120,ESTUDIO SEGUIMIENTO DESEMPEÑO AMBIENTAL ACUICULTURA EN CHILE Y SU EFECTO EN LOS ECOSISTEMAS DE EMPLAZAMIENTO 2022-2023,Objetivo 1. Actividad 2. Muestreos y Analisis sedimentos,Gastón Vidal,INSTITUTO DE FOMENTO PESQUERO,Aysen,5,452421.9,733225.0,PH,7.84,02/10/2022 16:58:00,XI
121,ESTUDIO SEGUIMIENTO DESEMPEÑO AMBIENTAL ACUICULTURA EN CHILE Y SU EFECTO EN LOS ECOSISTEMAS DE EMPLAZAMIENTO 2022-2023,Objetivo 1. Actividad 2. Muestreos y Analisis sedimentos,Gastón Vidal,INSTITUTO DE FOMENTO PESQUERO,Aysen,6,453734.9,733550.9,PH,7.376666666666666,02/10/2022 14:12:00,XI
122,ESTUDIO SEGUIMIENTO DESEMPEÑO AMBIENTAL ACUICULTURA EN CHILE Y SU EFECTO EN LOS ECOSISTEMAS DE EMPLAZAMIENTO 2022-2023,Objetivo 1. Actividad 2. Muestreos y Analisis sedimentos,Gastón Vidal,INSTITUTO DE FOMENTO PESQUERO,Aysen,7,454508.5,733655.3,PH,7.623333333333334,02/10/2022 12:50:00,XI
123,ESTUDIO SEGUIMIENTO DESEMPEÑO AMBIENTAL ACUICULTURA EN CHILE Y SU EFECTO EN LOS ECOSISTEMAS DE EMPLAZAMIENTO 2022-2023,Objetivo 1. Actividad 2. Muestreos y Analisis sedimentos,Gastón Vidal,INSTITUTO DE FOMENTO PESQUERO,Aysen,10,455717.6,733619.7,PH,7.313333333333333,02/10/2022 12:15:00,XI
125,ESTUDIO SEGUIMIENTO DESEMPEÑO AMBIENTAL ACUICULTURA EN CHILE Y SU EFECTO EN LOS ECOSISTEMAS DE EMPLAZAMIENTO 2022-2023,Objetivo 1. Actividad 2. Muestreos y Analisis sedimentos,Gastón Vidal,INSTITUTO DE FOMENTO PESQUERO,Aysen,13,461329.4,734345.5,PH,7.303333333333334,30/09/2022 15:24:00,XI
126,ESTUDIO SEGUIMIENTO DESEMPEÑO AMBIENTAL ACUICULTURA EN CHILE Y SU EFECTO EN LOS ECOSISTEMAS DE EMPLAZAMIENTO 2022-2023,Objetivo 1. Actividad 2. Muestreos y Analisis sedimentos,Gastón Vidal,INSTITUTO DE FOMENTO PESQUERO,Aysen,18,460557.7,735202.9,PH,7.293333333333333,30/09/2022 14:10:00,XI
127,ESTUDIO SEGUIMIENTO DESEMPEÑO AMBIENTAL ACUICULTURA EN CHILE Y SU EFECTO EN LOS ECOSISTEMAS DE EMPLAZAMIENTO 2022-2023,Objetivo 1. Actividad 2. Muestreos y Analisis sedimentos,Gastón Vidal,INSTITUTO DE FOMENTO PESQUERO,Aysen,19,460107.9,735645.7,PH,7.256666666666668,30/09/2022 12:40:00,XI
128,ESTUDIO SEGUIMIENTO DESEMPEÑO AMBIENTAL ACUICULTURA EN CHILE Y SU EFECTO EN LOS ECOSISTEMAS DE EMPLAZAMIENTO 2022-2023,Objetivo 1. Actividad 2. Muestreos y Analisis sedimentos,Gastón Vidal,INSTITUTO DE FOMENTO PESQUERO,Aysen,24,454429.7,740423.3,PH,7.423333333333333,30/09/2022 08:50:00,XI
129,ESTUDIO SEGUIMIENTO DESEMPEÑO AMBIENTAL ACUICULTURA EN CHILE Y SU EFECTO EN LOS ECOSISTEMAS DE EMPLAZAMIENTO 2022-2023,Objetivo 1. Actividad 2. Muestreos y Analisis sedimentos,Gastón Vidal,INSTITUTO DE FOMENTO PESQUERO,Aysen,25,454137.5,741704.6,PH,7.513333333333333,29/09/2022 18:25:00,XI
130,ESTUDIO SEGUIMIENTO DESEMPEÑO AMBIENTAL ACUICULTURA EN CHILE Y SU EFECTO EN LOS ECOSISTEMAS DE EMPLAZAMIENTO 2022-2023,Objetivo 1. Actividad 2. Muestreos y Analisis sedimentos,Gastón Vidal,INSTITUTO DE FOMENTO PESQUERO,Aysen,28,453351.4,741310.2,PH,7.603333333333333,29/09/2022 15:55:00,XI
131,ESTUDIO SEGUIMIENTO DESEMPEÑO AMBIENTAL ACUICULTURA EN CHILE Y SU EFECTO EN LOS ECOSISTEMAS DE EMPLAZAMIENTO 2022-2023,Objetivo 1. Actividad 2. Muestreos y Analisis sedimentos,Gastón Vidal,INSTITUTO DE FOMENTO PESQUERO,Aysen,30,452356.0,741521.0,PH,7.553333333333334,29/09/2022 14:30:00,XI
132,ESTUDIO SEGUIMIENTO DESEMPEÑO AMBIENTAL ACUICULTURA EN CHILE Y SU EFECTO EN LOS ECOSISTEMAS DE EMPLAZAMIENTO 2022-2023,Objetivo 1. Actividad 2. Muestreos y Analisis sedimentos,Gastón Vidal,INSTITUTO DE FOMENTO PESQUERO,Aysen,34,451659.5,734350.5,PH,7.593333333333334,06/10/2022 13:37:00,XI
133,ESTUDIO SEGUIMIENTO DESEMPEÑO AMBIENTAL ACUICULTURA EN CHILE Y SU EFECTO EN LOS ECOSISTEMAS DE EMPLAZAMIENTO 2022-2023,Objetivo 1. Actividad 2. Muestreos y Analisis sedimentos,Gastón Vidal,INSTITUTO DE FOMENTO PESQUERO,Natales,2,513604.7,724301.6,PH,7.016666666666667,11/01/2023 09:25:00,XII
134,ESTUDIO SEGUIMIENTO DESEMPEÑO AMBIENTAL ACUICULTURA EN CHILE Y SU EFECTO EN LOS ECOSISTEMAS DE EMPLAZAMIENTO 2022-2023,Objetivo 1. Actividad 2. Muestreos y Analisis sedimentos,Gastón Vidal,INSTITUTO DE FOMENTO PESQUERO,Natales,3,514018.2,723753.1,PH,7.333333333333333,11/01/2023 10:13:00,XII
135,ESTUDIO SEGUIMIENTO DESEMPEÑO AMBIENTAL ACUICULTURA EN CHILE Y SU EFECTO EN LOS ECOSISTEMAS DE EMPLAZAMIENTO 2022-2023,Objetivo 1. Actividad 2. Muestreos y Analisis sedimentos,Gastón Vidal,INSTITUTO DE FOMENTO PESQUERO,Natales,5,514929.7,723739.8,PH,7.263333333333333,10/01/2023 13:05:00,XII
136,ESTUDIO SEGUIMIENTO DESEMPEÑO AMBIENTAL ACUICULTURA EN CHILE Y SU EFECTO EN LOS ECOSISTEMAS DE EMPLAZAMIENTO 2022-2023,Objetivo 1. Actividad 2. Muestreos y Analisis sedimentos,Gastón Vidal,INSTITUTO DE FOMENTO PESQUERO,Natales,9,514601.6,725405.0,PH,8.093333333333334,19/01/2023 10:52:00,XII
137,ESTUDIO SEGUIMIENTO DESEMPEÑO AMBIENTAL ACUICULTURA EN CHILE Y SU EFECTO EN LOS ECOSISTEMAS DE EMPLAZAMIENTO 2022-2023,Objetivo 1. Actividad 2. Muestreos y Analisis sedimentos,Gastón Vidal,INSTITUTO DE FOMENTO PESQUERO,Natales,10,520357.8,725602.0,PH,7.266666666666667,18/01/2023 11:46:00,XII
138,ESTUDIO SEGUIMIENTO DESEMPEÑO AMBIENTAL ACUICULTURA EN CHILE Y SU EFECTO EN LOS ECOSISTEMAS DE EMPLAZAMIENTO 2022-2023,Objetivo 1. Actividad 2. Muestreos y Analisis sedimentos,Gastón Vidal,INSTITUTO DE FOMENTO PESQUERO,Natales,11,521159.7,725703.6,PH,7.806666666666666,18/01/2023 14:11:00,XII
139,ESTUDIO SEGUIMIENTO DESEMPEÑO AMBIENTAL ACUICULTURA EN CHILE Y SU EFECTO EN LOS ECOSISTEMAS DE EMPLAZAMIENTO 2022-2023,Objetivo 1. Actividad 2. Muestreos y Analisis sedimentos,Gastón Vidal,INSTITUTO DE FOMENTO PESQUERO,Natales,13,521310.4,725226.1,PH,7.09,18/01/2023 14:45:00,XII
140,ESTUDIO SEGUIMIENTO DESEMPEÑO AMBIENTAL ACUICULTURA EN CHILE Y SU EFECTO EN LOS ECOSISTEMAS DE EMPLAZAMIENTO 2022-2023,Objetivo 1. Actividad 2. Muestreos y Analisis sedimentos,Gastón Vidal,INSTITUTO DE FOMENTO PESQUERO,Natales,14,520439.3,723937.6,PH,7.506666666666667,10/01/2023 10:18:00,XII
1,ESTUDIO SEGUIMIENTO DESEMPEÑO AMBIENTAL ACUICULTURA EN CHILE Y SU EFECTO EN LOS ECOSISTEMAS DE EMPLAZAMIENTO 2022-2023,Objetivo 1. Actividad 2. Muestreos y Analisis sedimentos,Gastón Vidal,INSTITUTO DE FOMENTO PESQUERO,Estuario,1,412614.9,721747.9,TEMPERATURA,11.266666666666666,27/10/2022 14:47:00,X
2,ESTUDIO SEGUIMIENTO DESEMPEÑO AMBIENTAL ACUICULTURA EN CHILE Y SU EFECTO EN LOS ECOSISTEMAS DE EMPLAZAMIENTO 2022-2023,Objetivo 1. Actividad 2. Muestreos y Analisis sedimentos,Gastón Vidal,INSTITUTO DE FOMENTO PESQUERO,Estuario,2,412807.3,721843.5,TEMPERATURA,11.300000000000002,27/10/2022 14:20:00,X
3,ESTUDIO SEGUIMIENTO DESEMPEÑO AMBIENTAL ACUICULTURA EN CHILE Y SU EFECTO EN LOS ECOSISTEMAS DE EMPLAZAMIENTO 2022-2023,Objetivo 1. Actividad 2. Muestreos y Analisis sedimentos,Gastón Vidal,INSTITUTO DE FOMENTO PESQUERO,Estuario,3,412945.4,721845.5,TEMPERATURA,11.300000000000002,27/10/2022 13:52:00,X
4,ESTUDIO SEGUIMIENTO DESEMPEÑO AMBIENTAL ACUICULTURA EN CHILE Y SU EFECTO EN LOS ECOSISTEMAS DE EMPLAZAMIENTO 2022-2023,Objetivo 1. Actividad 2. Muestreos y Analisis sedimentos,Gastón Vidal,INSTITUTO DE FOMENTO PESQUERO,Estuario,5,413039.3,721721.1,TEMPERATURA,12.166666666666666,27/10/2022 13:35:00,X
5,ESTUDIO SEGUIMIENTO DESEMPEÑO AMBIENTAL ACUICULTURA EN CHILE Y SU EFECTO EN LOS ECOSISTEMAS DE EMPLAZAMIENTO 2022-2023,Objetivo 1. Actividad 2. Muestreos y Analisis sedimentos,Gastón Vidal,INSTITUTO DE FOMENTO PESQUERO,Estuario,6,413132.6,722021.4,TEMPERATURA,11.233333333333334,27/10/2022 11:43:00,X
6,ESTUDIO SEGUIMIENTO DESEMPEÑO AMBIENTAL ACUICULTURA EN CHILE Y SU EFECTO EN LOS ECOSISTEMAS DE EMPLAZAMIENTO 2022-2023,Objetivo 1. Actividad 2. Muestreos y Analisis sedimentos,Gastón Vidal,INSTITUTO DE FOMENTO PESQUERO,Estuario,7,413157.8,721802.6,TEMPERATURA,11.333333333333334,27/10/2022 13:52:00,X
7,ESTUDIO SEGUIMIENTO DESEMPEÑO AMBIENTAL ACUICULTURA EN CHILE Y SU EFECTO EN LOS ECOSISTEMAS DE EMPLAZAMIENTO 2022-2023,Objetivo 1. Actividad 2. Muestreos y Analisis sedimentos,Gastón Vidal,INSTITUTO DE FOMENTO PESQUERO,Estuario,8,413533.0,722110.7,TEMPERATURA,11.1,27/10/2022 10:46:00,X
8,ESTUDIO SEGUIMIENTO DESEMPEÑO AMBIENTAL ACUICULTURA EN CHILE Y SU EFECTO EN LOS ECOSISTEMAS DE EMPLAZAMIENTO 2022-2023,Objetivo 1. Actividad 2. Muestreos y Analisis sedimentos,Gastón Vidal,INSTITUTO DE FOMENTO PESQUERO,Estuario,12,413938.3,722058.9,TEMPERATURA,11.033333333333333,27/10/2022 10:05:00,X
9,ESTUDIO SEGUIMIENTO DESEMPEÑO AMBIENTAL ACUICULTURA EN CHILE Y SU EFECTO EN LOS ECOSISTEMAS DE EMPLAZAMIENTO 2022-2023,Objetivo 1. Actividad 2. Muestreos y Analisis sedimentos,Gastón Vidal,INSTITUTO DE FOMENTO PESQUERO,Estuario,17,414052.7,722801.1,TEMPERATURA,11.6,27/10/2022 09:10:00,X
10,ESTUDIO SEGUIMIENTO DESEMPEÑO AMBIENTAL ACUICULTURA EN CHILE Y SU EFECTO EN LOS ECOSISTEMAS DE EMPLAZAMIENTO 2022-2023,Objetivo 1. Actividad 2. Muestreos y Analisis sedimentos,Gastón Vidal,INSTITUTO DE FOMENTO PESQUERO,Estuario,21,414330.8,723048.5,TEMPERATURA,11.233333333333334,27/10/2022 08:19:00,X
12,ESTUDIO SEGUIMIENTO DESEMPEÑO AMBIENTAL ACUICULTURA EN CHILE Y SU EFECTO EN LOS ECOSISTEMAS DE EMPLAZAMIENTO 2022-2023,Objetivo 1. Actividad 2. Muestreos y Analisis sedimentos,Gastón Vidal,INSTITUTO DE FOMENTO PESQUERO,Reloncavi,4,415223.0,725351.4,TEMPERATURA,12.266666666666666,24/10/2022 13:19:00,X
13,ESTUDIO SEGUIMIENTO DESEMPEÑO AMBIENTAL ACUICULTURA EN CHILE Y SU EFECTO EN LOS ECOSISTEMAS DE EMPLAZAMIENTO 2022-2023,Objetivo 1. Actividad 2. Muestreos y Analisis sedimentos,Gastón Vidal,INSTITUTO DE FOMENTO PESQUERO,Reloncavi,5,415307.1,725602.6,TEMPERATURA,11.6,24/10/2022 11:27:00,X
14,ESTUDIO SEGUIMIENTO DESEMPEÑO AMBIENTAL ACUICULTURA EN CHILE Y SU EFECTO EN LOS ECOSISTEMAS DE EMPLAZAMIENTO 2022-2023,Objetivo 1. Actividad 2. Muestreos y Analisis sedimentos,Gastón Vidal,INSTITUTO DE FOMENTO PESQUERO,Reloncavi,7,414413.7,730243.4,TEMPERATURA,11.4,09/08/2022 11:06:00,X
15,ESTUDIO SEGUIMIENTO DESEMPEÑO AMBIENTAL ACUICULTURA EN CHILE Y SU EFECTO EN LOS ECOSISTEMAS DE EMPLAZAMIENTO 2022-2023,Objetivo 1. Actividad 2. Muestreos y Analisis sedimentos,Gastón Vidal,INSTITUTO DE FOMENTO PESQUERO,Reloncavi,13,412948.4,725730.9,TEMPERATURA,9.966666666666667,09/08/2022 08:35:00,X
16,ESTUDIO SEGUIMIENTO DESEMPEÑO AMBIENTAL ACUICULTURA EN CHILE Y SU EFECTO EN LOS ECOSISTEMAS DE EMPLAZAMIENTO 2022-2023,Objetivo 1. Actividad 2. Muestreos y Analisis sedimentos,Gastón Vidal,INSTITUTO DE FOMENTO PESQUERO,Reloncavi,15,413105.3,724724.2,TEMPERATURA,11.333333333333334,26/10/2022 11:14:00,X
17,ESTUDIO SEGUIMIENTO DESEMPEÑO AMBIENTAL ACUICULTURA EN CHILE Y SU EFECTO EN LOS ECOSISTEMAS DE EMPLAZAMIENTO 2022-2023,Objetivo 1. Actividad 2. Muestreos y Analisis sedimentos,Gastón Vidal,INSTITUTO DE FOMENTO PESQUERO,Reloncavi,17,413450.6,724336.9,TEMPERATURA,11.866666666666665,26/10/2022 12:00:00,X
18,ESTUDIO SEGUIMIENTO DESEMPEÑO AMBIENTAL ACUICULTURA EN CHILE Y SU EFECTO EN LOS ECOSISTEMAS DE EMPLAZAMIENTO 2022-2023,Objetivo 1. Actividad 2. Muestreos y Analisis sedimentos,Gastón Vidal,INSTITUTO DE FOMENTO PESQUERO,Reloncavi,19,413707.8,724152.2,TEMPERATURA,11.800000000000002,26/10/2022 18:01:00,X
19,ESTUDIO SEGUIMIENTO DESEMPEÑO AMBIENTAL ACUICULTURA EN CHILE Y SU EFECTO EN LOS ECOSISTEMAS DE EMPLAZAMIENTO 2022-2023,Objetivo 1. Actividad 2. Muestreos y Analisis sedimentos,Gastón Vidal,INSTITUTO DE FOMENTO PESQUERO,Reloncavi,21,413751.5,724023.2,TEMPERATURA,11.166666666666666,26/10/2022 18:17:00,X
20,ESTUDIO SEGUIMIENTO DESEMPEÑO AMBIENTAL ACUICULTURA EN CHILE Y SU EFECTO EN LOS ECOSISTEMAS DE EMPLAZAMIENTO 2022-2023,Objetivo 1. Actividad 2. Muestreos y Analisis sedimentos,Gastón Vidal,INSTITUTO DE FOMENTO PESQUERO,Reloncavi,25,414943.9,724718.2,TEMPERATURA,12.466666666666667,25/10/2022 10:45:00,X
21,ESTUDIO SEGUIMIENTO DESEMPEÑO AMBIENTAL ACUICULTURA EN CHILE Y SU EFECTO EN LOS ECOSISTEMAS DE EMPLAZAMIENTO 2022-2023,Objetivo 1. Actividad 2. Muestreos y Analisis sedimentos,Gastón Vidal,INSTITUTO DE FOMENTO PESQUERO,Calbuco,1,414442.2,730610.3,TEMPERATURA,9.966666666666667,10/08/2022 08:20:00,X
22,ESTUDIO SEGUIMIENTO DESEMPEÑO AMBIENTAL ACUICULTURA EN CHILE Y SU EFECTO EN LOS ECOSISTEMAS DE EMPLAZAMIENTO 2022-2023,Objetivo 1. Actividad 2. Muestreos y Analisis sedimentos,Gastón Vidal,INSTITUTO DE FOMENTO PESQUERO,Calbuco,2,414630.1,730505.2,TEMPERATURA,10.1,10/08/2022 10:17:00,X
23,ESTUDIO SEGUIMIENTO DESEMPEÑO AMBIENTAL ACUICULTURA EN CHILE Y SU EFECTO EN LOS ECOSISTEMAS DE EMPLAZAMIENTO 2022-2023,Objetivo 1. Actividad 2. Muestreos y Analisis sedimentos,Gastón Vidal,INSTITUTO DE FOMENTO PESQUERO,Calbuco,8,414314.7,730933.2,TEMPERATURA,9.933333333333334,10/08/2022 09:20:00,X
24,ESTUDIO SEGUIMIENTO DESEMPEÑO AMBIENTAL ACUICULTURA EN CHILE Y SU EFECTO EN LOS ECOSISTEMAS DE EMPLAZAMIENTO 2022-2023,Objetivo 1. Actividad 2. Muestreos y Analisis sedimentos,Gastón Vidal,INSTITUTO DE FOMENTO PESQUERO,Calbuco,16,414822.6,731018.3,TEMPERATURA,10.6,09/08/2022 14:40:00,X
25,ESTUDIO SEGUIMIENTO DESEMPEÑO AMBIENTAL ACUICULTURA EN CHILE Y SU EFECTO EN LOS ECOSISTEMAS DE EMPLAZAMIENTO 2022-2023,Objetivo 1. Actividad 2. Muestreos y Analisis sedimentos,Gastón Vidal,INSTITUTO DE FOMENTO PESQUERO,Calbuco,22,414705.8,730505.2,TEMPERATURA,9.966666666666667,10/08/2022 10:43:00,X
26,ESTUDIO SEGUIMIENTO DESEMPEÑO AMBIENTAL ACUICULTURA EN CHILE Y SU EFECTO EN LOS ECOSISTEMAS DE EMPLAZAMIENTO 2022-2023,Objetivo 1. Actividad 2. Muestreos y Analisis sedimentos,Gastón Vidal,INSTITUTO DE FOMENTO PESQUERO,Calbuco,26,415016.4,730447.2,TEMPERATURA,10.4,10/08/2022 11:30:00,X
27,ESTUDIO SEGUIMIENTO DESEMPEÑO AMBIENTAL ACUICULTURA EN CHILE Y SU EFECTO EN LOS ECOSISTEMAS DE EMPLAZAMIENTO 2022-2023,Objetivo 1. Actividad 2. Muestreos y Analisis sedimentos,Gastón Vidal,INSTITUTO DE FOMENTO PESQUERO,Calbuco,27,414959.8,730629.1,TEMPERATURA,10.233333333333333,10/08/2022 13:11:00,X
28,ESTUDIO SEGUIMIENTO DESEMPEÑO AMBIENTAL ACUICULTURA EN CHILE Y SU EFECTO EN LOS ECOSISTEMAS DE EMPLAZAMIENTO 2022-2023,Objetivo 1. Actividad 2. Muestreos y Analisis sedimentos,Gastón Vidal,INSTITUTO DE FOMENTO PESQUERO,Calbuco,30,415019.0,730822.5,TEMPERATURA,10.5,10/08/2022 14:30:00,X
29,ESTUDIO SEGUIMIENTO DESEMPEÑO AMBIENTAL ACUICULTURA EN CHILE Y SU EFECTO EN LOS ECOSISTEMAS DE EMPLAZAMIENTO 2022-2023,Objetivo 1. Actividad 2. Muestreos y Analisis sedimentos,Gastón Vidal,INSTITUTO DE FOMENTO PESQUERO,Chacao,2,415659.3,733134.3,TEMPERATURA,9.9,11/08/2022 10:15:00,X
30,ESTUDIO SEGUIMIENTO DESEMPEÑO AMBIENTAL ACUICULTURA EN CHILE Y SU EFECTO EN LOS ECOSISTEMAS DE EMPLAZAMIENTO 2022-2023,Objetivo 1. Actividad 2. Muestreos y Analisis sedimentos,Gastón Vidal,INSTITUTO DE FOMENTO PESQUERO,Chacao,6,415415.1,732906.8,TEMPERATURA,9.966666666666667,11/08/2022 09:00:00,X
31,ESTUDIO SEGUIMIENTO DESEMPEÑO AMBIENTAL ACUICULTURA EN CHILE Y SU EFECTO EN LOS ECOSISTEMAS DE EMPLAZAMIENTO 2022-2023,Objetivo 1. Actividad 2. Muestreos y Analisis sedimentos,Gastón Vidal,INSTITUTO DE FOMENTO PESQUERO,Chacao,12,415217.3,733107.9,TEMPERATURA,10.2,10/08/2022 17:07:00,X
32,ESTUDIO SEGUIMIENTO DESEMPEÑO AMBIENTAL ACUICULTURA EN CHILE Y SU EFECTO EN LOS ECOSISTEMAS DE EMPLAZAMIENTO 2022-2023,Objetivo 1. Actividad 2. Muestreos y Analisis sedimentos,Gastón Vidal,INSTITUTO DE FOMENTO PESQUERO,Chacao,14,415115.7,732851.2,TEMPERATURA,10.5,10/08/2022 16:40:00,X
33,ESTUDIO SEGUIMIENTO DESEMPEÑO AMBIENTAL ACUICULTURA EN CHILE Y SU EFECTO EN LOS ECOSISTEMAS DE EMPLAZAMIENTO 2022-2023,Objetivo 1. Actividad 2. Muestreos y Analisis sedimentos,Gastón Vidal,INSTITUTO DE FOMENTO PESQUERO,Butachauques,1,421917.6,731519.1,TEMPERATURA,10.166666666666666,12/08/2022 08:35:00,X
34,ESTUDIO SEGUIMIENTO DESEMPEÑO AMBIENTAL ACUICULTURA EN CHILE Y SU EFECTO EN LOS ECOSISTEMAS DE EMPLAZAMIENTO 2022-2023,Objetivo 1. Actividad 2. Muestreos y Analisis sedimentos,Gastón Vidal,INSTITUTO DE FOMENTO PESQUERO,Butachauques,3,421702.6,731506.7,TEMPERATURA,9.9,12/08/2022 09:15:00,X
35,ESTUDIO SEGUIMIENTO DESEMPEÑO AMBIENTAL ACUICULTURA EN CHILE Y SU EFECTO EN LOS ECOSISTEMAS DE EMPLAZAMIENTO 2022-2023,Objetivo 1. Actividad 2. Muestreos y Analisis sedimentos,Gastón Vidal,INSTITUTO DE FOMENTO PESQUERO,Butachauques,7,421556.3,730936.2,TEMPERATURA,9.966666666666667,12/08/2022 12:20:00,X
36,ESTUDIO SEGUIMIENTO DESEMPEÑO AMBIENTAL ACUICULTURA EN CHILE Y SU EFECTO EN LOS ECOSISTEMAS DE EMPLAZAMIENTO 2022-2023,Objetivo 1. Actividad 2. Muestreos y Analisis sedimentos,Gastón Vidal,INSTITUTO DE FOMENTO PESQUERO,Butachauques,10,421645.3,732049.7,TEMPERATURA,9.9,12/08/2022 10:40:00,X
37,ESTUDIO SEGUIMIENTO DESEMPEÑO AMBIENTAL ACUICULTURA EN CHILE Y SU EFECTO EN LOS ECOSISTEMAS DE EMPLAZAMIENTO 2022-2023,Objetivo 1. Actividad 2. Muestreos y Analisis sedimentos,Gastón Vidal,INSTITUTO DE FOMENTO PESQUERO,Butachauques,12,421224.4,732358.0,TEMPERATURA,9.966666666666667,11/08/2022 15:37:00,X
38,ESTUDIO SEGUIMIENTO DESEMPEÑO AMBIENTAL ACUICULTURA EN CHILE Y SU EFECTO EN LOS ECOSISTEMAS DE EMPLAZAMIENTO 2022-2023,Objetivo 1. Actividad 2. Muestreos y Analisis sedimentos,Gastón Vidal,INSTITUTO DE FOMENTO PESQUERO,Butachauques,13,421021.7,732609.5,TEMPERATURA,9.933333333333334,11/08/2022 13:22:00,X
39,ESTUDIO SEGUIMIENTO DESEMPEÑO AMBIENTAL ACUICULTURA EN CHILE Y SU EFECTO EN LOS ECOSISTEMAS DE EMPLAZAMIENTO 2022-2023,Objetivo 1. Actividad 2. Muestreos y Analisis sedimentos,Gastón Vidal,INSTITUTO DE FOMENTO PESQUERO,Butachauques,14,420929.5,732804.6,TEMPERATURA,9.966666666666667,11/08/2022 13:00:00,X
40,ESTUDIO SEGUIMIENTO DESEMPEÑO AMBIENTAL ACUICULTURA EN CHILE Y SU EFECTO EN LOS ECOSISTEMAS DE EMPLAZAMIENTO 2022-2023,Objetivo 1. Actividad 2. Muestreos y Analisis sedimentos,Gastón Vidal,INSTITUTO DE FOMENTO PESQUERO,Chaulinec,3,423622.9,731526.5,TEMPERATURA,9.566666666666666,15/08/2022 09:00:00,X
41,ESTUDIO SEGUIMIENTO DESEMPEÑO AMBIENTAL ACUICULTURA EN CHILE Y SU EFECTO EN LOS ECOSISTEMAS DE EMPLAZAMIENTO 2022-2023,Objetivo 1. Actividad 2. Muestreos y Analisis sedimentos,Gastón Vidal,INSTITUTO DE FOMENTO PESQUERO,Chaulinec,4,423422.1,731353.2,TEMPERATURA,8.933333333333332,15/08/2022 09:50:00,X
42,ESTUDIO SEGUIMIENTO DESEMPEÑO AMBIENTAL ACUICULTURA EN CHILE Y SU EFECTO EN LOS ECOSISTEMAS DE EMPLAZAMIENTO 2022-2023,Objetivo 1. Actividad 2. Muestreos y Analisis sedimentos,Gastón Vidal,INSTITUTO DE FOMENTO PESQUERO,Chaulinec,7,422803.3,732256.7,TEMPERATURA,9.566666666666666,12/08/2022 14:58:00,X
43,ESTUDIO SEGUIMIENTO DESEMPEÑO AMBIENTAL ACUICULTURA EN CHILE Y SU EFECTO EN LOS ECOSISTEMAS DE EMPLAZAMIENTO 2022-2023,Objetivo 1. Actividad 2. Muestreos y Analisis sedimentos,Gastón Vidal,INSTITUTO DE FOMENTO PESQUERO,Chaulinec,10,422429.1,731921.4,TEMPERATURA,9.966666666666667,12/08/2022 14:25:00,X
44,ESTUDIO SEGUIMIENTO DESEMPEÑO AMBIENTAL ACUICULTURA EN CHILE Y SU EFECTO EN LOS ECOSISTEMAS DE EMPLAZAMIENTO 2022-2023,Objetivo 1. Actividad 2. Muestreos y Analisis sedimentos,Gastón Vidal,INSTITUTO DE FOMENTO PESQUERO,Chaulinec,13,422634.7,733044.2,TEMPERATURA,9.666666666666666,12/08/2022 16:30:00,X
45,ESTUDIO SEGUIMIENTO DESEMPEÑO AMBIENTAL ACUICULTURA EN CHILE Y SU EFECTO EN LOS ECOSISTEMAS DE EMPLAZAMIENTO 2022-2023,Objetivo 1. Actividad 2. Muestreos y Analisis sedimentos,Gastón Vidal,INSTITUTO DE FOMENTO PESQUERO,Tenaun,2,422246.5,733559.1,TEMPERATURA,9.3,14/08/2022 10:15:00,X
46,ESTUDIO SEGUIMIENTO DESEMPEÑO AMBIENTAL ACUICULTURA EN CHILE Y SU EFECTO EN LOS ECOSISTEMAS DE EMPLAZAMIENTO 2022-2023,Objetivo 1. Actividad 2. Muestreos y Analisis sedimentos,Gastón Vidal,INSTITUTO DE FOMENTO PESQUERO,Tenaun,3,422307.4,733744.8,TEMPERATURA,9.633333333333333,14/08/2022 09:54:00,X
47,ESTUDIO SEGUIMIENTO DESEMPEÑO AMBIENTAL ACUICULTURA EN CHILE Y SU EFECTO EN LOS ECOSISTEMAS DE EMPLAZAMIENTO 2022-2023,Objetivo 1. Actividad 2. Muestreos y Analisis sedimentos,Gastón Vidal,INSTITUTO DE FOMENTO PESQUERO,Tenaun,6,422215.1,733731.1,TEMPERATURA,9.366666666666667,14/08/2022 10:59:00,X
48,ESTUDIO SEGUIMIENTO DESEMPEÑO AMBIENTAL ACUICULTURA EN CHILE Y SU EFECTO EN LOS ECOSISTEMAS DE EMPLAZAMIENTO 2022-2023,Objetivo 1. Actividad 2. Muestreos y Analisis sedimentos,Gastón Vidal,INSTITUTO DE FOMENTO PESQUERO,Tenaun,9,422139.1,733441.7,TEMPERATURA,9.333333333333334,14/08/2022 10:35:00,X
49,ESTUDIO SEGUIMIENTO DESEMPEÑO AMBIENTAL ACUICULTURA EN CHILE Y SU EFECTO EN LOS ECOSISTEMAS DE EMPLAZAMIENTO 2022-2023,Objetivo 1. Actividad 2. Muestreos y Analisis sedimentos,Gastón Vidal,INSTITUTO DE FOMENTO PESQUERO,Tenaun,14,422026.0,733200.9,TEMPERATURA,9.799999999999999,12/08/2022 17:00:00,X
50,ESTUDIO SEGUIMIENTO DESEMPEÑO AMBIENTAL ACUICULTURA EN CHILE Y SU EFECTO EN LOS ECOSISTEMAS DE EMPLAZAMIENTO 2022-2023,Objetivo 1. Actividad 2. Muestreos y Analisis sedimentos,Gastón Vidal,INSTITUTO DE FOMENTO PESQUERO,Chiloe central,1,423046.9,734515.6,TEMPERATURA,9.433333333333334,16/08/2022 16:08:00,X
51,ESTUDIO SEGUIMIENTO DESEMPEÑO AMBIENTAL ACUICULTURA EN CHILE Y SU EFECTO EN LOS ECOSISTEMAS DE EMPLAZAMIENTO 2022-2023,Objetivo 1. Actividad 2. Muestreos y Analisis sedimentos,Gastón Vidal,INSTITUTO DE FOMENTO PESQUERO,Chiloe central,4,423259.2,734015.8,TEMPERATURA,9.566666666666666,16/08/2022 13:39:00,X
52,ESTUDIO SEGUIMIENTO DESEMPEÑO AMBIENTAL ACUICULTURA EN CHILE Y SU EFECTO EN LOS ECOSISTEMAS DE EMPLAZAMIENTO 2022-2023,Objetivo 1. Actividad 2. Muestreos y Analisis sedimentos,Gastón Vidal,INSTITUTO DE FOMENTO PESQUERO,Chiloe central,6,423209.3,733613.2,TEMPERATURA,9.799999999999999,16/08/2022 13:20:00,X
53,ESTUDIO SEGUIMIENTO DESEMPEÑO AMBIENTAL ACUICULTURA EN CHILE Y SU EFECTO EN LOS ECOSISTEMAS DE EMPLAZAMIENTO 2022-2023,Objetivo 1. Actividad 2. Muestreos y Analisis sedimentos,Gastón Vidal,INSTITUTO DE FOMENTO PESQUERO,Chiloe central,7,423029.3,733611.3,TEMPERATURA,9.433333333333332,14/08/2022 12:35:00,X
54,ESTUDIO SEGUIMIENTO DESEMPEÑO AMBIENTAL ACUICULTURA EN CHILE Y SU EFECTO EN LOS ECOSISTEMAS DE EMPLAZAMIENTO 2022-2023,Objetivo 1. Actividad 2. Muestreos y Analisis sedimentos,Gastón Vidal,INSTITUTO DE FOMENTO PESQUERO,Chiloe central,11,422833.3,733241.1,TEMPERATURA,9.533333333333333,14/08/2022 13:32:00,X
55,ESTUDIO SEGUIMIENTO DESEMPEÑO AMBIENTAL ACUICULTURA EN CHILE Y SU EFECTO EN LOS ECOSISTEMAS DE EMPLAZAMIENTO 2022-2023,Objetivo 1. Actividad 2. Muestreos y Analisis sedimentos,Gastón Vidal,INSTITUTO DE FOMENTO PESQUERO,Chiloe central,12,423059.3,732821.5,TEMPERATURA,9.266666666666667,14/08/2022 14:30:00,X
56,ESTUDIO SEGUIMIENTO DESEMPEÑO AMBIENTAL ACUICULTURA EN CHILE Y SU EFECTO EN LOS ECOSISTEMAS DE EMPLAZAMIENTO 2022-2023,Objetivo 1. Actividad 2. Muestreos y Analisis sedimentos,Gastón Vidal,INSTITUTO DE FOMENTO PESQUERO,Chiloe central,16,424213.5,733738.2,TEMPERATURA,9.333333333333334,17/08/2022 09:47:00,X
57,ESTUDIO SEGUIMIENTO DESEMPEÑO AMBIENTAL ACUICULTURA EN CHILE Y SU EFECTO EN LOS ECOSISTEMAS DE EMPLAZAMIENTO 2022-2023,Objetivo 1. Actividad 2. Muestreos y Analisis sedimentos,Gastón Vidal,INSTITUTO DE FOMENTO PESQUERO,Chiloe central,26,423654.6,732710.2,TEMPERATURA,9.200000000000001,14/08/2022 15:19:00,X
58,ESTUDIO SEGUIMIENTO DESEMPEÑO AMBIENTAL ACUICULTURA EN CHILE Y SU EFECTO EN LOS ECOSISTEMAS DE EMPLAZAMIENTO 2022-2023,Objetivo 1. Actividad 2. Muestreos y Analisis sedimentos,Gastón Vidal,INSTITUTO DE FOMENTO PESQUERO,Desertores,1,424703.0,725635.9,TEMPERATURA,10.866666666666667,21/10/2022 13:20:00,X
59,ESTUDIO SEGUIMIENTO DESEMPEÑO AMBIENTAL ACUICULTURA EN CHILE Y SU EFECTO EN LOS ECOSISTEMAS DE EMPLAZAMIENTO 2022-2023,Objetivo 1. Actividad 2. Muestreos y Analisis sedimentos,Gastón Vidal,INSTITUTO DE FOMENTO PESQUERO,Desertores,2,424756.1,725723.7,TEMPERATURA,11.233333333333334,21/10/2022 14:09:00,X
60,ESTUDIO SEGUIMIENTO DESEMPEÑO AMBIENTAL ACUICULTURA EN CHILE Y SU EFECTO EN LOS ECOSISTEMAS DE EMPLAZAMIENTO 2022-2023,Objetivo 1. Actividad 2. Muestreos y Analisis sedimentos,Gastón Vidal,INSTITUTO DE FOMENTO PESQUERO,Desertores,3,424536.0,725951.7,TEMPERATURA,10.800000000000002,21/10/2022 14:42:00,X
61,ESTUDIO SEGUIMIENTO DESEMPEÑO AMBIENTAL ACUICULTURA EN CHILE Y SU EFECTO EN LOS ECOSISTEMAS DE EMPLAZAMIENTO 2022-2023,Objetivo 1. Actividad 2. Muestreos y Analisis sedimentos,Gastón Vidal,INSTITUTO DE FOMENTO PESQUERO,Desertores,6,424206.5,730534.1,TEMPERATURA,10.466666666666667,21/10/2022 15:53:00,X
62,ESTUDIO SEGUIMIENTO DESEMPEÑO AMBIENTAL ACUICULTURA EN CHILE Y SU EFECTO EN LOS ECOSISTEMAS DE EMPLAZAMIENTO 2022-2023,Objetivo 1. Actividad 2. Muestreos y Analisis sedimentos,Gastón Vidal,INSTITUTO DE FOMENTO PESQUERO,Quellon,6,431143.2,733811.2,TEMPERATURA,9.633333333333333,20/08/2022 11:12:00,X
63,ESTUDIO SEGUIMIENTO DESEMPEÑO AMBIENTAL ACUICULTURA EN CHILE Y SU EFECTO EN LOS ECOSISTEMAS DE EMPLAZAMIENTO 2022-2023,Objetivo 1. Actividad 2. Muestreos y Analisis sedimentos,Gastón Vidal,INSTITUTO DE FOMENTO PESQUERO,Quellon,8,430739.5,734328.6,TEMPERATURA,9.8,20/08/2022 10:26:00,X
64,ESTUDIO SEGUIMIENTO DESEMPEÑO AMBIENTAL ACUICULTURA EN CHILE Y SU EFECTO EN LOS ECOSISTEMAS DE EMPLAZAMIENTO 2022-2023,Objetivo 1. Actividad 2. Muestreos y Analisis sedimentos,Gastón Vidal,INSTITUTO DE FOMENTO PESQUERO,Quellon,11,430832.2,734013.7,TEMPERATURA,9.633333333333333,20/08/2022 09:50:00,X
65,ESTUDIO SEGUIMIENTO DESEMPEÑO AMBIENTAL ACUICULTURA EN CHILE Y SU EFECTO EN LOS ECOSISTEMAS DE EMPLAZAMIENTO 2022-2023,Objetivo 1. Actividad 2. Muestreos y Analisis sedimentos,Gastón Vidal,INSTITUTO DE FOMENTO PESQUERO,Quellon,12,431133.5,733423.8,TEMPERATURA,9.6,20/08/2022 09:05:00,X
66,ESTUDIO SEGUIMIENTO DESEMPEÑO AMBIENTAL ACUICULTURA EN CHILE Y SU EFECTO EN LOS ECOSISTEMAS DE EMPLAZAMIENTO 2022-2023,Objetivo 1. Actividad 2. Muestreos y Analisis sedimentos,Gastón Vidal,INSTITUTO DE FOMENTO PESQUERO,Quellon,13,430826.2,733310.7,TEMPERATURA,9.5,20/08/2022 08:20:00,X
67,ESTUDIO SEGUIMIENTO DESEMPEÑO AMBIENTAL ACUICULTURA EN CHILE Y SU EFECTO EN LOS ECOSISTEMAS DE EMPLAZAMIENTO 2022-2023,Objetivo 1. Actividad 2. Muestreos y Analisis sedimentos,Gastón Vidal,INSTITUTO DE FOMENTO PESQUERO,Quellon,19,430307.5,732746.7,TEMPERATURA,9.233333333333333,18/08/2022 14:30:00,X
68,ESTUDIO SEGUIMIENTO DESEMPEÑO AMBIENTAL ACUICULTURA EN CHILE Y SU EFECTO EN LOS ECOSISTEMAS DE EMPLAZAMIENTO 2022-2023,Objetivo 1. Actividad 2. Muestreos y Analisis sedimentos,Gastón Vidal,INSTITUTO DE FOMENTO PESQUERO,Quellon,21,430206.1,733133.1,TEMPERATURA,9.333333333333334,18/08/2022 13:05:00,X
69,ESTUDIO SEGUIMIENTO DESEMPEÑO AMBIENTAL ACUICULTURA EN CHILE Y SU EFECTO EN LOS ECOSISTEMAS DE EMPLAZAMIENTO 2022-2023,Objetivo 1. Actividad 2. Muestreos y Analisis sedimentos,Gastón Vidal,INSTITUTO DE FOMENTO PESQUERO,Quellon,22,425921.8,732805.5,TEMPERATURA,9.4,18/08/2022 12:24:00,X
70,ESTUDIO SEGUIMIENTO DESEMPEÑO AMBIENTAL ACUICULTURA EN CHILE Y SU EFECTO EN LOS ECOSISTEMAS DE EMPLAZAMIENTO 2022-2023,Objetivo 1. Actividad 2. Muestreos y Analisis sedimentos,Gastón Vidal,INSTITUTO DE FOMENTO PESQUERO,Quellon,26,425621.2,733649.9,TEMPERATURA,9.4,18/08/2022 11:30:00,X
71,ESTUDIO SEGUIMIENTO DESEMPEÑO AMBIENTAL ACUICULTURA EN CHILE Y SU EFECTO EN LOS ECOSISTEMAS DE EMPLAZAMIENTO 2022-2023,Objetivo 1. Actividad 2. Muestreos y Analisis sedimentos,Gastón Vidal,INSTITUTO DE FOMENTO PESQUERO,Quellon,28,425525.9,733504.7,TEMPERATURA,9.366666666666667,18/08/2022 08:40:00,X
72,ESTUDIO SEGUIMIENTO DESEMPEÑO AMBIENTAL ACUICULTURA EN CHILE Y SU EFECTO EN LOS ECOSISTEMAS DE EMPLAZAMIENTO 2022-2023,Objetivo 1. Actividad 2. Muestreos y Analisis sedimentos,Gastón Vidal,INSTITUTO DE FOMENTO PESQUERO,Quellon,32,425122.8,734130.9,TEMPERATURA,9.4,18/08/2022 09:23:00,X
73,ESTUDIO SEGUIMIENTO DESEMPEÑO AMBIENTAL ACUICULTURA EN CHILE Y SU EFECTO EN LOS ECOSISTEMAS DE EMPLAZAMIENTO 2022-2023,Objetivo 1. Actividad 2. Muestreos y Analisis sedimentos,Gastón Vidal,INSTITUTO DE FOMENTO PESQUERO,Quellon,39,425415.3,732927.9,TEMPERATURA,9.333333333333334,17/08/2022 13:37:00,X
74,ESTUDIO SEGUIMIENTO DESEMPEÑO AMBIENTAL ACUICULTURA EN CHILE Y SU EFECTO EN LOS ECOSISTEMAS DE EMPLAZAMIENTO 2022-2023,Objetivo 1. Actividad 2. Muestreos y Analisis sedimentos,Gastón Vidal,INSTITUTO DE FOMENTO PESQUERO,Hornopiren,3,420427.1,722759.7,TEMPERATURA,12.566666666666668,23/10/2022 15:22:00,X
75,ESTUDIO SEGUIMIENTO DESEMPEÑO AMBIENTAL ACUICULTURA EN CHILE Y SU EFECTO EN LOS ECOSISTEMAS DE EMPLAZAMIENTO 2022-2023,Objetivo 1. Actividad 2. Muestreos y Analisis sedimentos,Gastón Vidal,INSTITUTO DE FOMENTO PESQUERO,Hornopiren,6,420209.6,723558.5,TEMPERATURA,12.433333333333332,23/10/2022 16:19:00,X
76,ESTUDIO SEGUIMIENTO DESEMPEÑO AMBIENTAL ACUICULTURA EN CHILE Y SU EFECTO EN LOS ECOSISTEMAS DE EMPLAZAMIENTO 2022-2023,Objetivo 1. Actividad 2. Muestreos y Analisis sedimentos,Gastón Vidal,INSTITUTO DE FOMENTO PESQUERO,Hornopiren,7,420301.3,723537.3,TEMPERATURA,11.666666666666666,23/10/2022 16:12:00,X
78,ESTUDIO SEGUIMIENTO DESEMPEÑO AMBIENTAL ACUICULTURA EN CHILE Y SU EFECTO EN LOS ECOSISTEMAS DE EMPLAZAMIENTO 2022-2023,Objetivo 1. Actividad 2. Muestreos y Analisis sedimentos,Gastón Vidal,INSTITUTO DE FOMENTO PESQUERO,Hornopiren,14,421524.5,722346.8,TEMPERATURA,13.366666666666667,23/10/2022 12:15:00,X
79,ESTUDIO SEGUIMIENTO DESEMPEÑO AMBIENTAL ACUICULTURA EN CHILE Y SU EFECTO EN LOS ECOSISTEMAS DE EMPLAZAMIENTO 2022-2023,Objetivo 1. Actividad 2. Muestreos y Analisis sedimentos,Gastón Vidal,INSTITUTO DE FOMENTO PESQUERO,Ayacara,1,421853.1,724721.9,TEMPERATURA,11.699999999999998,22/10/2022 19:25:00,X
80,ESTUDIO SEGUIMIENTO DESEMPEÑO AMBIENTAL ACUICULTURA EN CHILE Y SU EFECTO EN LOS ECOSISTEMAS DE EMPLAZAMIENTO 2022-2023,Objetivo 1. Actividad 2. Muestreos y Analisis sedimentos,Gastón Vidal,INSTITUTO DE FOMENTO PESQUERO,Ayacara,2,422434.1,724307.0,TEMPERATURA,11.6,22/10/2022 18:14:00,X
81,ESTUDIO SEGUIMIENTO DESEMPEÑO AMBIENTAL ACUICULTURA EN CHILE Y SU EFECTO EN LOS ECOSISTEMAS DE EMPLAZAMIENTO 2022-2023,Objetivo 1. Actividad 2. Muestreos y Analisis sedimentos,Gastón Vidal,INSTITUTO DE FOMENTO PESQUERO,Ayacara,3,423409.7,723139.7,TEMPERATURA,12.933333333333332,22/10/2022 16:15:00,X
82,ESTUDIO SEGUIMIENTO DESEMPEÑO AMBIENTAL ACUICULTURA EN CHILE Y SU EFECTO EN LOS ECOSISTEMAS DE EMPLAZAMIENTO 2022-2023,Objetivo 1. Actividad 2. Muestreos y Analisis sedimentos,Gastón Vidal,INSTITUTO DE FOMENTO PESQUERO,Ayacara,4,423117.9,724140.8,TEMPERATURA,11.166666666666666,22/10/2022 15:11:00,X
83,ESTUDIO SEGUIMIENTO DESEMPEÑO AMBIENTAL ACUICULTURA EN CHILE Y SU EFECTO EN LOS ECOSISTEMAS DE EMPLAZAMIENTO 2022-2023,Objetivo 1. Actividad 2. Muestreos y Analisis sedimentos,Gastón Vidal,INSTITUTO DE FOMENTO PESQUERO,Ayacara,7,423730.6,725115.4,TEMPERATURA,10.933333333333332,22/10/2022 12:55:00,X
84,ESTUDIO SEGUIMIENTO DESEMPEÑO AMBIENTAL ACUICULTURA EN CHILE Y SU EFECTO EN LOS ECOSISTEMAS DE EMPLAZAMIENTO 2022-2023,Objetivo 1. Actividad 2. Muestreos y Analisis sedimentos,Gastón Vidal,INSTITUTO DE FOMENTO PESQUERO,Ayacara,9,424232.8,725058.9,TEMPERATURA,10.066666666666666,21/10/2022 12:06:00,X
85,ESTUDIO SEGUIMIENTO DESEMPEÑO AMBIENTAL ACUICULTURA EN CHILE Y SU EFECTO EN LOS ECOSISTEMAS DE EMPLAZAMIENTO 2022-2023,Objetivo 1. Actividad 2. Muestreos y Analisis sedimentos,Gastón Vidal,INSTITUTO DE FOMENTO PESQUERO,Chaiten,3,424711.1,725049.9,TEMPERATURA,11.333333333333334,21/10/2022 11:24:00,X
86,ESTUDIO SEGUIMIENTO DESEMPEÑO AMBIENTAL ACUICULTURA EN CHILE Y SU EFECTO EN LOS ECOSISTEMAS DE EMPLAZAMIENTO 2022-2023,Objetivo 1. Actividad 2. Muestreos y Analisis sedimentos,Gastón Vidal,INSTITUTO DE FOMENTO PESQUERO,Chaiten,4,425527.6,724459.6,TEMPERATURA,10.966666666666667,21/10/2022 08:20:00,X
87,ESTUDIO SEGUIMIENTO DESEMPEÑO AMBIENTAL ACUICULTURA EN CHILE Y SU EFECTO EN LOS ECOSISTEMAS DE EMPLAZAMIENTO 2022-2023,Objetivo 1. Actividad 2. Muestreos y Analisis sedimentos,Gastón Vidal,INSTITUTO DE FOMENTO PESQUERO,Chaiten,12,431438.9,725308.2,TEMPERATURA,11.133333333333333,20/10/2022 13:50:00,X
88,ESTUDIO SEGUIMIENTO DESEMPEÑO AMBIENTAL ACUICULTURA EN CHILE Y SU EFECTO EN LOS ECOSISTEMAS DE EMPLAZAMIENTO 2022-2023,Objetivo 1. Actividad 2. Muestreos y Analisis sedimentos,Gastón Vidal,INSTITUTO DE FOMENTO PESQUERO,Chaiten,14,431550.9,725835.0,TEMPERATURA,11.066666666666668,20/10/2022 12:50:00,X
89,ESTUDIO SEGUIMIENTO DESEMPEÑO AMBIENTAL ACUICULTURA EN CHILE Y SU EFECTO EN LOS ECOSISTEMAS DE EMPLAZAMIENTO 2022-2023,Objetivo 1. Actividad 2. Muestreos y Analisis sedimentos,Gastón Vidal,INSTITUTO DE FOMENTO PESQUERO,Chaiten,18,433529.8,730022.5,TEMPERATURA,9.166666666666666,21/08/2022 09:38:00,X
90,ESTUDIO SEGUIMIENTO DESEMPEÑO AMBIENTAL ACUICULTURA EN CHILE Y SU EFECTO EN LOS ECOSISTEMAS DE EMPLAZAMIENTO 2022-2023,Objetivo 1. Actividad 2. Muestreos y Analisis sedimentos,Gastón Vidal,INSTITUTO DE FOMENTO PESQUERO,Chaiten,19,433757.9,725704.9,TEMPERATURA,11.166666666666666,20/10/2022 08:50:00,X
92,ESTUDIO SEGUIMIENTO DESEMPEÑO AMBIENTAL ACUICULTURA EN CHILE Y SU EFECTO EN LOS ECOSISTEMAS DE EMPLAZAMIENTO 2022-2023,Objetivo 1. Actividad 2. Muestreos y Analisis sedimentos,Gastón Vidal,INSTITUTO DE FOMENTO PESQUERO,Guaitecas,1,442931.1,740942.8,TEMPERATURA,9.966666666666667,28/09/2022 09:30:00,XI
93,ESTUDIO SEGUIMIENTO DESEMPEÑO AMBIENTAL ACUICULTURA EN CHILE Y SU EFECTO EN LOS ECOSISTEMAS DE EMPLAZAMIENTO 2022-2023,Objetivo 1. Actividad 2. Muestreos y Analisis sedimentos,Gastón Vidal,INSTITUTO DE FOMENTO PESQUERO,Guaitecas,4,441418.4,741320.7,TEMPERATURA,10.866666666666667,27/09/2022 16:38:00,XI
94,ESTUDIO SEGUIMIENTO DESEMPEÑO AMBIENTAL ACUICULTURA EN CHILE Y SU EFECTO EN LOS ECOSISTEMAS DE EMPLAZAMIENTO 2022-2023,Objetivo 1. Actividad 2. Muestreos y Analisis sedimentos,Gastón Vidal,INSTITUTO DE FOMENTO PESQUERO,Guaitecas,6,440829.0,740209.0,TEMPERATURA,10.233333333333333,27/09/2022 15:18:00,XI
95,ESTUDIO SEGUIMIENTO DESEMPEÑO AMBIENTAL ACUICULTURA EN CHILE Y SU EFECTO EN LOS ECOSISTEMAS DE EMPLAZAMIENTO 2022-2023,Objetivo 1. Actividad 2. Muestreos y Analisis sedimentos,Gastón Vidal,INSTITUTO DE FOMENTO PESQUERO,Guaitecas,7,440453.4,735253.7,TEMPERATURA,10.066666666666666,26/09/2022 14:00:00,XI
96,ESTUDIO SEGUIMIENTO DESEMPEÑO AMBIENTAL ACUICULTURA EN CHILE Y SU EFECTO EN LOS ECOSISTEMAS DE EMPLAZAMIENTO 2022-2023,Objetivo 1. Actividad 2. Muestreos y Analisis sedimentos,Gastón Vidal,INSTITUTO DE FOMENTO PESQUERO,Guaitecas,8,435456.5,735432.1,TEMPERATURA,9.566666666666666,27/09/2022 13:00:00,XI
97,ESTUDIO SEGUIMIENTO DESEMPEÑO AMBIENTAL ACUICULTURA EN CHILE Y SU EFECTO EN LOS ECOSISTEMAS DE EMPLAZAMIENTO 2022-2023,Objetivo 1. Actividad 2. Muestreos y Analisis sedimentos,Gastón Vidal,INSTITUTO DE FOMENTO PESQUERO,Guaitecas,9,435329.1,735219.9,TEMPERATURA,9.7,27/09/2022 11:50:00,XI
98,ESTUDIO SEGUIMIENTO DESEMPEÑO AMBIENTAL ACUICULTURA EN CHILE Y SU EFECTO EN LOS ECOSISTEMAS DE EMPLAZAMIENTO 2022-2023,Objetivo 1. Actividad 2. Muestreos y Analisis sedimentos,Gastón Vidal,INSTITUTO DE FOMENTO PESQUERO,Guaitecas,10,435638.0,734800.0,TEMPERATURA,9.733333333333333,27/09/2022 10:11:00,XI
99,ESTUDIO SEGUIMIENTO DESEMPEÑO AMBIENTAL ACUICULTURA EN CHILE Y SU EFECTO EN LOS ECOSISTEMAS DE EMPLAZAMIENTO 2022-2023,Objetivo 1. Actividad 2. Muestreos y Analisis sedimentos,Gastón Vidal,INSTITUTO DE FOMENTO PESQUERO,Guaitecas,12,440031.4,734511.0,TEMPERATURA,9.9,27/09/2022 08:55:00,XI
100,ESTUDIO SEGUIMIENTO DESEMPEÑO AMBIENTAL ACUICULTURA EN CHILE Y SU EFECTO EN LOS ECOSISTEMAS DE EMPLAZAMIENTO 2022-2023,Objetivo 1. Actividad 2. Muestreos y Analisis sedimentos,Gastón Vidal,INSTITUTO DE FOMENTO PESQUERO,Guaitecas,17,441715.5,734639.1,TEMPERATURA,10.4,26/09/2022 16:20:00,XI
101,ESTUDIO SEGUIMIENTO DESEMPEÑO AMBIENTAL ACUICULTURA EN CHILE Y SU EFECTO EN LOS ECOSISTEMAS DE EMPLAZAMIENTO 2022-2023,Objetivo 1. Actividad 2. Muestreos y Analisis sedimentos,Gastón Vidal,INSTITUTO DE FOMENTO PESQUERO,Moraleda,2,451131.2,735840.6,TEMPERATURA,9.4,29/09/2022 11:55:00,XI
102,ESTUDIO SEGUIMIENTO DESEMPEÑO AMBIENTAL ACUICULTURA EN CHILE Y SU EFECTO EN LOS ECOSISTEMAS DE EMPLAZAMIENTO 2022-2023,Objetivo 1. Actividad 2. Muestreos y Analisis sedimentos,Gastón Vidal,INSTITUTO DE FOMENTO PESQUERO,Moraleda,4,450957.9,740833.4,TEMPERATURA,9.166666666666666,29/09/2022 10:00:00,XI
103,ESTUDIO SEGUIMIENTO DESEMPEÑO AMBIENTAL ACUICULTURA EN CHILE Y SU EFECTO EN LOS ECOSISTEMAS DE EMPLAZAMIENTO 2022-2023,Objetivo 1. Actividad 2. Muestreos y Analisis sedimentos,Gastón Vidal,INSTITUTO DE FOMENTO PESQUERO,Moraleda,5,450801.8,741520.1,TEMPERATURA,10,28/09/2022 19:00:00,XI
104,ESTUDIO SEGUIMIENTO DESEMPEÑO AMBIENTAL ACUICULTURA EN CHILE Y SU EFECTO EN LOS ECOSISTEMAS DE EMPLAZAMIENTO 2022-2023,Objetivo 1. Actividad 2. Muestreos y Analisis sedimentos,Gastón Vidal,INSTITUTO DE FOMENTO PESQUERO,Moraleda,12,444145.4,735257.1,TEMPERATURA,9.6,28/09/2022 14:14:00,XI
105,ESTUDIO SEGUIMIENTO DESEMPEÑO AMBIENTAL ACUICULTURA EN CHILE Y SU EFECTO EN LOS ECOSISTEMAS DE EMPLAZAMIENTO 2022-2023,Objetivo 1. Actividad 2. Muestreos y Analisis sedimentos,Gastón Vidal,INSTITUTO DE FOMENTO PESQUERO,Moraleda,13,443935.6,735252.9,TEMPERATURA,9.366666666666667,28/09/2022 13:18:00,XI
106,ESTUDIO SEGUIMIENTO DESEMPEÑO AMBIENTAL ACUICULTURA EN CHILE Y SU EFECTO EN LOS ECOSISTEMAS DE EMPLAZAMIENTO 2022-2023,Objetivo 1. Actividad 2. Muestreos y Analisis sedimentos,Gastón Vidal,INSTITUTO DE FOMENTO PESQUERO,Moraleda,14,443608.6,740025.9,TEMPERATURA,9.466666666666667,28/09/2022 11:15:00,XI
107,ESTUDIO SEGUIMIENTO DESEMPEÑO AMBIENTAL ACUICULTURA EN CHILE Y SU EFECTO EN LOS ECOSISTEMAS DE EMPLAZAMIENTO 2022-2023,Objetivo 1. Actividad 2. Muestreos y Analisis sedimentos,Gastón Vidal,INSTITUTO DE FOMENTO PESQUERO,Moraleda,16,443308.8,740650.1,TEMPERATURA,9.4,28/09/2022 10:20:00,XI
108,ESTUDIO SEGUIMIENTO DESEMPEÑO AMBIENTAL ACUICULTURA EN CHILE Y SU EFECTO EN LOS ECOSISTEMAS DE EMPLAZAMIENTO 2022-2023,Objetivo 1. Actividad 2. Muestreos y Analisis sedimentos,Gastón Vidal,INSTITUTO DE FOMENTO PESQUERO,Moraleda,17,440830.9,733501.0,TEMPERATURA,10.033333333333333,26/09/2022 18:27:00,XI
109,ESTUDIO SEGUIMIENTO DESEMPEÑO AMBIENTAL ACUICULTURA EN CHILE Y SU EFECTO EN LOS ECOSISTEMAS DE EMPLAZAMIENTO 2022-2023,Objetivo 1. Actividad 2. Muestreos y Analisis sedimentos,Gastón Vidal,INSTITUTO DE FOMENTO PESQUERO,Moraleda,19,434430.9,730056.5,TEMPERATURA,11.533333333333333,19/10/2022 16:55:00,XI
110,ESTUDIO SEGUIMIENTO DESEMPEÑO AMBIENTAL ACUICULTURA EN CHILE Y SU EFECTO EN LOS ECOSISTEMAS DE EMPLAZAMIENTO 2022-2023,Objetivo 1. Actividad 2. Muestreos y Analisis sedimentos,Gastón Vidal,INSTITUTO DE FOMENTO PESQUERO,Moraleda,25,440204.1,731205.2,TEMPERATURA,9.566666666666666,12/10/2022 11:06:00,XI
111,ESTUDIO SEGUIMIENTO DESEMPEÑO AMBIENTAL ACUICULTURA EN CHILE Y SU EFECTO EN LOS ECOSISTEMAS DE EMPLAZAMIENTO 2022-2023,Objetivo 1. Actividad 2. Muestreos y Analisis sedimentos,Gastón Vidal,INSTITUTO DE FOMENTO PESQUERO,Moraleda,31,442248.0,730431.7,TEMPERATURA,10.166666666666666,10/10/2022 15:40:00,XI
112,ESTUDIO SEGUIMIENTO DESEMPEÑO AMBIENTAL ACUICULTURA EN CHILE Y SU EFECTO EN LOS ECOSISTEMAS DE EMPLAZAMIENTO 2022-2023,Objetivo 1. Actividad 2. Muestreos y Analisis sedimentos,Gastón Vidal,INSTITUTO DE FOMENTO PESQUERO,Moraleda,32,450149.0,732702.0,TEMPERATURA,10.4,08/10/2022 17:25:00,XI
113,ESTUDIO SEGUIMIENTO DESEMPEÑO AMBIENTAL ACUICULTURA EN CHILE Y SU EFECTO EN LOS ECOSISTEMAS DE EMPLAZAMIENTO 2022-2023,Objetivo 1. Actividad 2. Muestreos y Analisis sedimentos,Gastón Vidal,INSTITUTO DE FOMENTO PESQUERO,Puyuhuapi,5,443139.8,724117.0,TEMPERATURA,10.333333333333334,10/10/2022 11:06:00,XI
114,ESTUDIO SEGUIMIENTO DESEMPEÑO AMBIENTAL ACUICULTURA EN CHILE Y SU EFECTO EN LOS ECOSISTEMAS DE EMPLAZAMIENTO 2022-2023,Objetivo 1. Actividad 2. Muestreos y Analisis sedimentos,Gastón Vidal,INSTITUTO DE FOMENTO PESQUERO,Puyuhuapi,7,443955.1,725020.8,TEMPERATURA,9.700000000000001,10/10/2022 08:16:00,XI
115,ESTUDIO SEGUIMIENTO DESEMPEÑO AMBIENTAL ACUICULTURA EN CHILE Y SU EFECTO EN LOS ECOSISTEMAS DE EMPLAZAMIENTO 2022-2023,Objetivo 1. Actividad 2. Muestreos y Analisis sedimentos,Gastón Vidal,INSTITUTO DE FOMENTO PESQUERO,Puyuhuapi,8,444209.3,724807.1,TEMPERATURA,9.833333333333334,09/10/2022 17:37:00,XI
116,ESTUDIO SEGUIMIENTO DESEMPEÑO AMBIENTAL ACUICULTURA EN CHILE Y SU EFECTO EN LOS ECOSISTEMAS DE EMPLAZAMIENTO 2022-2023,Objetivo 1. Actividad 2. Muestreos y Analisis sedimentos,Gastón Vidal,INSTITUTO DE FOMENTO PESQUERO,Puyuhuapi,10,444937.8,725757.3,TEMPERATURA,9.766666666666667,09/10/2022 12:15:00,XI
117,ESTUDIO SEGUIMIENTO DESEMPEÑO AMBIENTAL ACUICULTURA EN CHILE Y SU EFECTO EN LOS ECOSISTEMAS DE EMPLAZAMIENTO 2022-2023,Objetivo 1. Actividad 2. Muestreos y Analisis sedimentos,Gastón Vidal,INSTITUTO DE FOMENTO PESQUERO,Puyuhuapi,12,445441.9,730811.9,TEMPERATURA,9.9,09/10/2022 11:00:00,XI
118,ESTUDIO SEGUIMIENTO DESEMPEÑO AMBIENTAL ACUICULTURA EN CHILE Y SU EFECTO EN LOS ECOSISTEMAS DE EMPLAZAMIENTO 2022-2023,Objetivo 1. Actividad 2. Muestreos y Analisis sedimentos,Gastón Vidal,INSTITUTO DE FOMENTO PESQUERO,Aysen,1,452639.7,730033.3,TEMPERATURA,9.433333333333334,04/10/2022 16:09:00,XI
119,ESTUDIO SEGUIMIENTO DESEMPEÑO AMBIENTAL ACUICULTURA EN CHILE Y SU EFECTO EN LOS ECOSISTEMAS DE EMPLAZAMIENTO 2022-2023,Objetivo 1. Actividad 2. Muestreos y Analisis sedimentos,Gastón Vidal,INSTITUTO DE FOMENTO PESQUERO,Aysen,3,451953.0,732236.0,TEMPERATURA,9.466666666666667,06/10/2022 12:26:00,XI
120,ESTUDIO SEGUIMIENTO DESEMPEÑO AMBIENTAL ACUICULTURA EN CHILE Y SU EFECTO EN LOS ECOSISTEMAS DE EMPLAZAMIENTO 2022-2023,Objetivo 1. Actividad 2. Muestreos y Analisis sedimentos,Gastón Vidal,INSTITUTO DE FOMENTO PESQUERO,Aysen,5,452421.9,733225.0,TEMPERATURA,10.566666666666666,02/10/2022 16:58:00,XI
121,ESTUDIO SEGUIMIENTO DESEMPEÑO AMBIENTAL ACUICULTURA EN CHILE Y SU EFECTO EN LOS ECOSISTEMAS DE EMPLAZAMIENTO 2022-2023,Objetivo 1. Actividad 2. Muestreos y Analisis sedimentos,Gastón Vidal,INSTITUTO DE FOMENTO PESQUERO,Aysen,6,453734.9,733550.9,TEMPERATURA,9.9,02/10/2022 14:12:00,XI
122,ESTUDIO SEGUIMIENTO DESEMPEÑO AMBIENTAL ACUICULTURA EN CHILE Y SU EFECTO EN LOS ECOSISTEMAS DE EMPLAZAMIENTO 2022-2023,Objetivo 1. Actividad 2. Muestreos y Analisis sedimentos,Gastón Vidal,INSTITUTO DE FOMENTO PESQUERO,Aysen,7,454508.5,733655.3,TEMPERATURA,9.766666666666667,02/10/2022 12:50:00,XI
123,ESTUDIO SEGUIMIENTO DESEMPEÑO AMBIENTAL ACUICULTURA EN CHILE Y SU EFECTO EN LOS ECOSISTEMAS DE EMPLAZAMIENTO 2022-2023,Objetivo 1. Actividad 2. Muestreos y Analisis sedimentos,Gastón Vidal,INSTITUTO DE FOMENTO PESQUERO,Aysen,10,455717.6,733619.7,TEMPERATURA,10.166666666666666,02/10/2022 12:15:00,XI
125,ESTUDIO SEGUIMIENTO DESEMPEÑO AMBIENTAL ACUICULTURA EN CHILE Y SU EFECTO EN LOS ECOSISTEMAS DE EMPLAZAMIENTO 2022-2023,Objetivo 1. Actividad 2. Muestreos y Analisis sedimentos,Gastón Vidal,INSTITUTO DE FOMENTO PESQUERO,Aysen,13,461329.4,734345.5,TEMPERATURA,9.333333333333334,30/09/2022 15:24:00,XI
126,ESTUDIO SEGUIMIENTO DESEMPEÑO AMBIENTAL ACUICULTURA EN CHILE Y SU EFECTO EN LOS ECOSISTEMAS DE EMPLAZAMIENTO 2022-2023,Objetivo 1. Actividad 2. Muestreos y Analisis sedimentos,Gastón Vidal,INSTITUTO DE FOMENTO PESQUERO,Aysen,18,460557.7,735202.9,TEMPERATURA,9.533333333333333,30/09/2022 14:10:00,XI
127,ESTUDIO SEGUIMIENTO DESEMPEÑO AMBIENTAL ACUICULTURA EN CHILE Y SU EFECTO EN LOS ECOSISTEMAS DE EMPLAZAMIENTO 2022-2023,Objetivo 1. Actividad 2. Muestreos y Analisis sedimentos,Gastón Vidal,INSTITUTO DE FOMENTO PESQUERO,Aysen,19,460107.9,735645.7,TEMPERATURA,9.6,30/09/2022 12:40:00,XI
128,ESTUDIO SEGUIMIENTO DESEMPEÑO AMBIENTAL ACUICULTURA EN CHILE Y SU EFECTO EN LOS ECOSISTEMAS DE EMPLAZAMIENTO 2022-2023,Objetivo 1. Actividad 2. Muestreos y Analisis sedimentos,Gastón Vidal,INSTITUTO DE FOMENTO PESQUERO,Aysen,24,454429.7,740423.3,TEMPERATURA,9.966666666666667,30/09/2022 08:50:00,XI
129,ESTUDIO SEGUIMIENTO DESEMPEÑO AMBIENTAL ACUICULTURA EN CHILE Y SU EFECTO EN LOS ECOSISTEMAS DE EMPLAZAMIENTO 2022-2023,Objetivo 1. Actividad 2. Muestreos y Analisis sedimentos,Gastón Vidal,INSTITUTO DE FOMENTO PESQUERO,Aysen,25,454137.5,741704.6,TEMPERATURA,9.833333333333334,29/09/2022 18:25:00,XI
130,ESTUDIO SEGUIMIENTO DESEMPEÑO AMBIENTAL ACUICULTURA EN CHILE Y SU EFECTO EN LOS ECOSISTEMAS DE EMPLAZAMIENTO 2022-2023,Objetivo 1. Actividad 2. Muestreos y Analisis sedimentos,Gastón Vidal,INSTITUTO DE FOMENTO PESQUERO,Aysen,28,453351.4,741310.2,TEMPERATURA,9.833333333333334,29/09/2022 15:55:00,XI
131,ESTUDIO SEGUIMIENTO DESEMPEÑO AMBIENTAL ACUICULTURA EN CHILE Y SU EFECTO EN LOS ECOSISTEMAS DE EMPLAZAMIENTO 2022-2023,Objetivo 1. Actividad 2. Muestreos y Analisis sedimentos,Gastón Vidal,INSTITUTO DE FOMENTO PESQUERO,Aysen,30,452356.0,741521.0,TEMPERATURA,9.833333333333334,29/09/2022 14:30:00,XI
132,ESTUDIO SEGUIMIENTO DESEMPEÑO AMBIENTAL ACUICULTURA EN CHILE Y SU EFECTO EN LOS ECOSISTEMAS DE EMPLAZAMIENTO 2022-2023,Objetivo 1. Actividad 2. Muestreos y Analisis sedimentos,Gastón Vidal,INSTITUTO DE FOMENTO PESQUERO,Aysen,34,451659.5,734350.5,TEMPERATURA,9.766666666666667,06/10/2022 13:37:00,XI
133,ESTUDIO SEGUIMIENTO DESEMPEÑO AMBIENTAL ACUICULTURA EN CHILE Y SU EFECTO EN LOS ECOSISTEMAS DE EMPLAZAMIENTO 2022-2023,Objetivo 1. Actividad 2. Muestreos y Analisis sedimentos,Gastón Vidal,INSTITUTO DE FOMENTO PESQUERO,Natales,2,513604.7,724301.6,TEMPERATURA,11.1,11/01/2023 09:25:00,XII
134,ESTUDIO SEGUIMIENTO DESEMPEÑO AMBIENTAL ACUICULTURA EN CHILE Y SU EFECTO EN LOS ECOSISTEMAS DE EMPLAZAMIENTO 2022-2023,Objetivo 1. Actividad 2. Muestreos y Analisis sedimentos,Gastón Vidal,INSTITUTO DE FOMENTO PESQUERO,Natales,3,514018.2,723753.1,TEMPERATURA,11,11/01/2023 10:13:00,XII
135,ESTUDIO SEGUIMIENTO DESEMPEÑO AMBIENTAL ACUICULTURA EN CHILE Y SU EFECTO EN LOS ECOSISTEMAS DE EMPLAZAMIENTO 2022-2023,Objetivo 1. Actividad 2. Muestreos y Analisis sedimentos,Gastón Vidal,INSTITUTO DE FOMENTO PESQUERO,Natales,5,514929.7,723739.8,TEMPERATURA,10.366666666666665,10/01/2023 13:05:00,XII
136,ESTUDIO SEGUIMIENTO DESEMPEÑO AMBIENTAL ACUICULTURA EN CHILE Y SU EFECTO EN LOS ECOSISTEMAS DE EMPLAZAMIENTO 2022-2023,Objetivo 1. Actividad 2. Muestreos y Analisis sedimentos,Gastón Vidal,INSTITUTO DE FOMENTO PESQUERO,Natales,9,514601.6,725405.0,TEMPERATURA,17.133333333333333,19/01/2023 10:52:00,XII
137,ESTUDIO SEGUIMIENTO DESEMPEÑO AMBIENTAL ACUICULTURA EN CHILE Y SU EFECTO EN LOS ECOSISTEMAS DE EMPLAZAMIENTO 2022-2023,Objetivo 1. Actividad 2. Muestreos y Analisis sedimentos,Gastón Vidal,INSTITUTO DE FOMENTO PESQUERO,Natales,10,520357.8,725602.0,TEMPERATURA,12.633333333333333,18/01/2023 11:46:00,XII
138,ESTUDIO SEGUIMIENTO DESEMPEÑO AMBIENTAL ACUICULTURA EN CHILE Y SU EFECTO EN LOS ECOSISTEMAS DE EMPLAZAMIENTO 2022-2023,Objetivo 1. Actividad 2. Muestreos y Analisis sedimentos,Gastón Vidal,INSTITUTO DE FOMENTO PESQUERO,Natales,11,521159.7,725703.6,TEMPERATURA,11.333333333333334,18/01/2023 14:11:00,XII
139,ESTUDIO SEGUIMIENTO DESEMPEÑO AMBIENTAL ACUICULTURA EN CHILE Y SU EFECTO EN LOS ECOSISTEMAS DE EMPLAZAMIENTO 2022-2023,Objetivo 1. Actividad 2. Muestreos y Analisis sedimentos,Gastón Vidal,INSTITUTO DE FOMENTO PESQUERO,Natales,13,521310.4,725226.1,TEMPERATURA,12,18/01/2023 14:45:00,XII
140,ESTUDIO SEGUIMIENTO DESEMPEÑO AMBIENTAL ACUICULTURA EN CHILE Y SU EFECTO EN LOS ECOSISTEMAS DE EMPLAZAMIENTO 2022-2023,Objetivo 1. Actividad 2. Muestreos y Analisis sedimentos,Gastón Vidal,INSTITUTO DE FOMENTO PESQUERO,Natales,14,520439.3,723937.6,TEMPERATURA,11,10/01/2023 10:18:00,XII
1,ESTUDIO SEGUIMIENTO DESEMPEÑO AMBIENTAL ACUICULTURA EN CHILE Y SU EFECTO EN LOS ECOSISTEMAS DE EMPLAZAMIENTO 2022-2023,Objetivo 1. Actividad 2. Muestreos y Analisis sedimentos,Gastón Vidal,INSTITUTO DE FOMENTO PESQUERO,Estuario,1,412614.9,721747.9,REDOX EHNHE,324.26666666666665,27/10/2022 14:47:00,X
2,ESTUDIO SEGUIMIENTO DESEMPEÑO AMBIENTAL ACUICULTURA EN CHILE Y SU EFECTO EN LOS ECOSISTEMAS DE EMPLAZAMIENTO 2022-2023,Objetivo 1. Actividad 2. Muestreos y Analisis sedimentos,Gastón Vidal,INSTITUTO DE FOMENTO PESQUERO,Estuario,2,412807.3,721843.5,REDOX EHNHE,154.66666666666666,27/10/2022 14:20:00,X
3,ESTUDIO SEGUIMIENTO DESEMPEÑO AMBIENTAL ACUICULTURA EN CHILE Y SU EFECTO EN LOS ECOSISTEMAS DE EMPLAZAMIENTO 2022-2023,Objetivo 1. Actividad 2. Muestreos y Analisis sedimentos,Gastón Vidal,INSTITUTO DE FOMENTO PESQUERO,Estuario,3,412945.4,721845.5,REDOX EHNHE,341.09999999999997,27/10/2022 13:52:00,X
4,ESTUDIO SEGUIMIENTO DESEMPEÑO AMBIENTAL ACUICULTURA EN CHILE Y SU EFECTO EN LOS ECOSISTEMAS DE EMPLAZAMIENTO 2022-2023,Objetivo 1. Actividad 2. Muestreos y Analisis sedimentos,Gastón Vidal,INSTITUTO DE FOMENTO PESQUERO,Estuario,5,413039.3,721721.1,REDOX EHNHE,311.36666666666673,27/10/2022 13:35:00,X
5,ESTUDIO SEGUIMIENTO DESEMPEÑO AMBIENTAL ACUICULTURA EN CHILE Y SU EFECTO EN LOS ECOSISTEMAS DE EMPLAZAMIENTO 2022-2023,Objetivo 1. Actividad 2. Muestreos y Analisis sedimentos,Gastón Vidal,INSTITUTO DE FOMENTO PESQUERO,Estuario,6,413132.6,722021.4,REDOX EHNHE,176.26666666666665,27/10/2022 11:43:00,X
6,ESTUDIO SEGUIMIENTO DESEMPEÑO AMBIENTAL ACUICULTURA EN CHILE Y SU EFECTO EN LOS ECOSISTEMAS DE EMPLAZAMIENTO 2022-2023,Objetivo 1. Actividad 2. Muestreos y Analisis sedimentos,Gastón Vidal,INSTITUTO DE FOMENTO PESQUERO,Estuario,7,413157.8,721802.6,REDOX EHNHE,114.06666666666666,27/10/2022 13:52:00,X
7,ESTUDIO SEGUIMIENTO DESEMPEÑO AMBIENTAL ACUICULTURA EN CHILE Y SU EFECTO EN LOS ECOSISTEMAS DE EMPLAZAMIENTO 2022-2023,Objetivo 1. Actividad 2. Muestreos y Analisis sedimentos,Gastón Vidal,INSTITUTO DE FOMENTO PESQUERO,Estuario,8,413533.0,722110.7,REDOX EHNHE,128.66666666666666,27/10/2022 10:46:00,X
8,ESTUDIO SEGUIMIENTO DESEMPEÑO AMBIENTAL ACUICULTURA EN CHILE Y SU EFECTO EN LOS ECOSISTEMAS DE EMPLAZAMIENTO 2022-2023,Objetivo 1. Actividad 2. Muestreos y Analisis sedimentos,Gastón Vidal,INSTITUTO DE FOMENTO PESQUERO,Estuario,12,413938.3,722058.9,REDOX EHNHE,294.8,27/10/2022 10:05:00,X
9,ESTUDIO SEGUIMIENTO DESEMPEÑO AMBIENTAL ACUICULTURA EN CHILE Y SU EFECTO EN LOS ECOSISTEMAS DE EMPLAZAMIENTO 2022-2023,Objetivo 1. Actividad 2. Muestreos y Analisis sedimentos,Gastón Vidal,INSTITUTO DE FOMENTO PESQUERO,Estuario,17,414052.7,722801.1,REDOX EHNHE,501.7666666666667,27/10/2022 09:10:00,X
10,ESTUDIO SEGUIMIENTO DESEMPEÑO AMBIENTAL ACUICULTURA EN CHILE Y SU EFECTO EN LOS ECOSISTEMAS DE EMPLAZAMIENTO 2022-2023,Objetivo 1. Actividad 2. Muestreos y Analisis sedimentos,Gastón Vidal,INSTITUTO DE FOMENTO PESQUERO,Estuario,21,414330.8,723048.5,REDOX EHNHE,294.59999999999997,27/10/2022 08:19:00,X
12,ESTUDIO SEGUIMIENTO DESEMPEÑO AMBIENTAL ACUICULTURA EN CHILE Y SU EFECTO EN LOS ECOSISTEMAS DE EMPLAZAMIENTO 2022-2023,Objetivo 1. Actividad 2. Muestreos y Analisis sedimentos,Gastón Vidal,INSTITUTO DE FOMENTO PESQUERO,Reloncavi,4,415223.0,725351.4,REDOX EHNHE,480.7666666666667,24/10/2022 13:19:00,X
13,ESTUDIO SEGUIMIENTO DESEMPEÑO AMBIENTAL ACUICULTURA EN CHILE Y SU EFECTO EN LOS ECOSISTEMAS DE EMPLAZAMIENTO 2022-2023,Objetivo 1. Actividad 2. Muestreos y Analisis sedimentos,Gastón Vidal,INSTITUTO DE FOMENTO PESQUERO,Reloncavi,5,415307.1,725602.6,REDOX EHNHE,482.3666666666666,24/10/2022 11:27:00,X
14,ESTUDIO SEGUIMIENTO DESEMPEÑO AMBIENTAL ACUICULTURA EN CHILE Y SU EFECTO EN LOS ECOSISTEMAS DE EMPLAZAMIENTO 2022-2023,Objetivo 1. Actividad 2. Muestreos y Analisis sedimentos,Gastón Vidal,INSTITUTO DE FOMENTO PESQUERO,Reloncavi,7,414413.7,730243.4,REDOX EHNHE,-14.000000000000009,09/08/2022 11:06:00,X
15,ESTUDIO SEGUIMIENTO DESEMPEÑO AMBIENTAL ACUICULTURA EN CHILE Y SU EFECTO EN LOS ECOSISTEMAS DE EMPLAZAMIENTO 2022-2023,Objetivo 1. Actividad 2. Muestreos y Analisis sedimentos,Gastón Vidal,INSTITUTO DE FOMENTO PESQUERO,Reloncavi,13,412948.4,725730.9,REDOX EHNHE,21.866666666666664,09/08/2022 08:35:00,X
16,ESTUDIO SEGUIMIENTO DESEMPEÑO AMBIENTAL ACUICULTURA EN CHILE Y SU EFECTO EN LOS ECOSISTEMAS DE EMPLAZAMIENTO 2022-2023,Objetivo 1. Actividad 2. Muestreos y Analisis sedimentos,Gastón Vidal,INSTITUTO DE FOMENTO PESQUERO,Reloncavi,15,413105.3,724724.2,REDOX EHNHE,429.1000000000001,26/10/2022 11:14:00,X
17,ESTUDIO SEGUIMIENTO DESEMPEÑO AMBIENTAL ACUICULTURA EN CHILE Y SU EFECTO EN LOS ECOSISTEMAS DE EMPLAZAMIENTO 2022-2023,Objetivo 1. Actividad 2. Muestreos y Analisis sedimentos,Gastón Vidal,INSTITUTO DE FOMENTO PESQUERO,Reloncavi,17,413450.6,724336.9,REDOX EHNHE,419.2,26/10/2022 12:00:00,X
18,ESTUDIO SEGUIMIENTO DESEMPEÑO AMBIENTAL ACUICULTURA EN CHILE Y SU EFECTO EN LOS ECOSISTEMAS DE EMPLAZAMIENTO 2022-2023,Objetivo 1. Actividad 2. Muestreos y Analisis sedimentos,Gastón Vidal,INSTITUTO DE FOMENTO PESQUERO,Reloncavi,19,413707.8,724152.2,REDOX EHNHE,427.23333333333335,26/10/2022 18:01:00,X
19,ESTUDIO SEGUIMIENTO DESEMPEÑO AMBIENTAL ACUICULTURA EN CHILE Y SU EFECTO EN LOS ECOSISTEMAS DE EMPLAZAMIENTO 2022-2023,Objetivo 1. Actividad 2. Muestreos y Analisis sedimentos,Gastón Vidal,INSTITUTO DE FOMENTO PESQUERO,Reloncavi,21,413751.5,724023.2,REDOX EHNHE,345.1666666666667,26/10/2022 18:17:00,X
20,ESTUDIO SEGUIMIENTO DESEMPEÑO AMBIENTAL ACUICULTURA EN CHILE Y SU EFECTO EN LOS ECOSISTEMAS DE EMPLAZAMIENTO 2022-2023,Objetivo 1. Actividad 2. Muestreos y Analisis sedimentos,Gastón Vidal,INSTITUTO DE FOMENTO PESQUERO,Reloncavi,25,414943.9,724718.2,REDOX EHNHE,342.6333333333334,25/10/2022 10:45:00,X
21,ESTUDIO SEGUIMIENTO DESEMPEÑO AMBIENTAL ACUICULTURA EN CHILE Y SU EFECTO EN LOS ECOSISTEMAS DE EMPLAZAMIENTO 2022-2023,Objetivo 1. Actividad 2. Muestreos y Analisis sedimentos,Gastón Vidal,INSTITUTO DE FOMENTO PESQUERO,Calbuco,1,414442.2,730610.3,REDOX EHNHE,42.9,10/08/2022 08:20:00,X
22,ESTUDIO SEGUIMIENTO DESEMPEÑO AMBIENTAL ACUICULTURA EN CHILE Y SU EFECTO EN LOS ECOSISTEMAS DE EMPLAZAMIENTO 2022-2023,Objetivo 1. Actividad 2. Muestreos y Analisis sedimentos,Gastón Vidal,INSTITUTO DE FOMENTO PESQUERO,Calbuco,2,414630.1,730505.2,REDOX EHNHE,-73.93333333333334,10/08/2022 10:17:00,X
23,ESTUDIO SEGUIMIENTO DESEMPEÑO AMBIENTAL ACUICULTURA EN CHILE Y SU EFECTO EN LOS ECOSISTEMAS DE EMPLAZAMIENTO 2022-2023,Objetivo 1. Actividad 2. Muestreos y Analisis sedimentos,Gastón Vidal,INSTITUTO DE FOMENTO PESQUERO,Calbuco,8,414314.7,730933.2,REDOX EHNHE,-52.53333333333334,10/08/2022 09:20:00,X
24,ESTUDIO SEGUIMIENTO DESEMPEÑO AMBIENTAL ACUICULTURA EN CHILE Y SU EFECTO EN LOS ECOSISTEMAS DE EMPLAZAMIENTO 2022-2023,Objetivo 1. Actividad 2. Muestreos y Analisis sedimentos,Gastón Vidal,INSTITUTO DE FOMENTO PESQUERO,Calbuco,16,414822.6,731018.3,REDOX EHNHE,61.900000000000006,09/08/2022 14:40:00,X
25,ESTUDIO SEGUIMIENTO DESEMPEÑO AMBIENTAL ACUICULTURA EN CHILE Y SU EFECTO EN LOS ECOSISTEMAS DE EMPLAZAMIENTO 2022-2023,Objetivo 1. Actividad 2. Muestreos y Analisis sedimentos,Gastón Vidal,INSTITUTO DE FOMENTO PESQUERO,Calbuco,22,414705.8,730505.2,REDOX EHNHE,46.06666666666666,10/08/2022 10:43:00,X
26,ESTUDIO SEGUIMIENTO DESEMPEÑO AMBIENTAL ACUICULTURA EN CHILE Y SU EFECTO EN LOS ECOSISTEMAS DE EMPLAZAMIENTO 2022-2023,Objetivo 1. Actividad 2. Muestreos y Analisis sedimentos,Gastón Vidal,INSTITUTO DE FOMENTO PESQUERO,Calbuco,26,415016.4,730447.2,REDOX EHNHE,-88.23333333333335,10/08/2022 11:30:00,X
27,ESTUDIO SEGUIMIENTO DESEMPEÑO AMBIENTAL ACUICULTURA EN CHILE Y SU EFECTO EN LOS ECOSISTEMAS DE EMPLAZAMIENTO 2022-2023,Objetivo 1. Actividad 2. Muestreos y Analisis sedimentos,Gastón Vidal,INSTITUTO DE FOMENTO PESQUERO,Calbuco,27,414959.8,730629.1,REDOX EHNHE,1.7333333333333485,10/08/2022 13:11:00,X
28,ESTUDIO SEGUIMIENTO DESEMPEÑO AMBIENTAL ACUICULTURA EN CHILE Y SU EFECTO EN LOS ECOSISTEMAS DE EMPLAZAMIENTO 2022-2023,Objetivo 1. Actividad 2. Muestreos y Analisis sedimentos,Gastón Vidal,INSTITUTO DE FOMENTO PESQUERO,Calbuco,30,415019.0,730822.5,REDOX EHNHE,62.83333333333334,10/08/2022 14:30:00,X
29,ESTUDIO SEGUIMIENTO DESEMPEÑO AMBIENTAL ACUICULTURA EN CHILE Y SU EFECTO EN LOS ECOSISTEMAS DE EMPLAZAMIENTO 2022-2023,Objetivo 1. Actividad 2. Muestreos y Analisis sedimentos,Gastón Vidal,INSTITUTO DE FOMENTO PESQUERO,Chacao,2,415659.3,733134.3,REDOX EHNHE,56.93333333333334,11/08/2022 10:15:00,X
30,ESTUDIO SEGUIMIENTO DESEMPEÑO AMBIENTAL ACUICULTURA EN CHILE Y SU EFECTO EN LOS ECOSISTEMAS DE EMPLAZAMIENTO 2022-2023,Objetivo 1. Actividad 2. Muestreos y Analisis sedimentos,Gastón Vidal,INSTITUTO DE FOMENTO PESQUERO,Chacao,6,415415.1,732906.8,REDOX EHNHE,-26.100000000000005,11/08/2022 09:00:00,X
31,ESTUDIO SEGUIMIENTO DESEMPEÑO AMBIENTAL ACUICULTURA EN CHILE Y SU EFECTO EN LOS ECOSISTEMAS DE EMPLAZAMIENTO 2022-2023,Objetivo 1. Actividad 2. Muestreos y Analisis sedimentos,Gastón Vidal,INSTITUTO DE FOMENTO PESQUERO,Chacao,12,415217.3,733107.9,REDOX EHNHE,2.066666666666672,10/08/2022 17:07:00,X
32,ESTUDIO SEGUIMIENTO DESEMPEÑO AMBIENTAL ACUICULTURA EN CHILE Y SU EFECTO EN LOS ECOSISTEMAS DE EMPLAZAMIENTO 2022-2023,Objetivo 1. Actividad 2. Muestreos y Analisis sedimentos,Gastón Vidal,INSTITUTO DE FOMENTO PESQUERO,Chacao,14,415115.7,732851.2,REDOX EHNHE,81.19999999999999,10/08/2022 16:40:00,X
33,ESTUDIO SEGUIMIENTO DESEMPEÑO AMBIENTAL ACUICULTURA EN CHILE Y SU EFECTO EN LOS ECOSISTEMAS DE EMPLAZAMIENTO 2022-2023,Objetivo 1. Actividad 2. Muestreos y Analisis sedimentos,Gastón Vidal,INSTITUTO DE FOMENTO PESQUERO,Butachauques,1,421917.6,731519.1,REDOX EHNHE,10.96666666666666,12/08/2022 08:35:00,X
34,ESTUDIO SEGUIMIENTO DESEMPEÑO AMBIENTAL ACUICULTURA EN CHILE Y SU EFECTO EN LOS ECOSISTEMAS DE EMPLAZAMIENTO 2022-2023,Objetivo 1. Actividad 2. Muestreos y Analisis sedimentos,Gastón Vidal,INSTITUTO DE FOMENTO PESQUERO,Butachauques,3,421702.6,731506.7,REDOX EHNHE,102.06666666666666,12/08/2022 09:15:00,X
35,ESTUDIO SEGUIMIENTO DESEMPEÑO AMBIENTAL ACUICULTURA EN CHILE Y SU EFECTO EN LOS ECOSISTEMAS DE EMPLAZAMIENTO 2022-2023,Objetivo 1. Actividad 2. Muestreos y Analisis sedimentos,Gastón Vidal,INSTITUTO DE FOMENTO PESQUERO,Butachauques,7,421556.3,730936.2,REDOX EHNHE,93.60000000000001,12/08/2022 12:20:00,X
36,ESTUDIO SEGUIMIENTO DESEMPEÑO AMBIENTAL ACUICULTURA EN CHILE Y SU EFECTO EN LOS ECOSISTEMAS DE EMPLAZAMIENTO 2022-2023,Objetivo 1. Actividad 2. Muestreos y Analisis sedimentos,Gastón Vidal,INSTITUTO DE FOMENTO PESQUERO,Butachauques,10,421645.3,732049.7,REDOX EHNHE,114.66666666666667,12/08/2022 10:40:00,X
37,ESTUDIO SEGUIMIENTO DESEMPEÑO AMBIENTAL ACUICULTURA EN CHILE Y SU EFECTO EN LOS ECOSISTEMAS DE EMPLAZAMIENTO 2022-2023,Objetivo 1. Actividad 2. Muestreos y Analisis sedimentos,Gastón Vidal,INSTITUTO DE FOMENTO PESQUERO,Butachauques,12,421224.4,732358.0,REDOX EHNHE,56.099999999999994,11/08/2022 15:37:00,X
38,ESTUDIO SEGUIMIENTO DESEMPEÑO AMBIENTAL ACUICULTURA EN CHILE Y SU EFECTO EN LOS ECOSISTEMAS DE EMPLAZAMIENTO 2022-2023,Objetivo 1. Actividad 2. Muestreos y Analisis sedimentos,Gastón Vidal,INSTITUTO DE FOMENTO PESQUERO,Butachauques,13,421021.7,732609.5,REDOX EHNHE,70.7,11/08/2022 13:22:00,X
39,ESTUDIO SEGUIMIENTO DESEMPEÑO AMBIENTAL ACUICULTURA EN CHILE Y SU EFECTO EN LOS ECOSISTEMAS DE EMPLAZAMIENTO 2022-2023,Objetivo 1. Actividad 2. Muestreos y Analisis sedimentos,Gastón Vidal,INSTITUTO DE FOMENTO PESQUERO,Butachauques,14,420929.5,732804.6,REDOX EHNHE,-26.033333333333342,11/08/2022 13:00:00,X
40,ESTUDIO SEGUIMIENTO DESEMPEÑO AMBIENTAL ACUICULTURA EN CHILE Y SU EFECTO EN LOS ECOSISTEMAS DE EMPLAZAMIENTO 2022-2023,Objetivo 1. Actividad 2. Muestreos y Analisis sedimentos,Gastón Vidal,INSTITUTO DE FOMENTO PESQUERO,Chaulinec,3,423622.9,731526.5,REDOX EHNHE,138.93333333333334,15/08/2022 09:00:00,X
41,ESTUDIO SEGUIMIENTO DESEMPEÑO AMBIENTAL ACUICULTURA EN CHILE Y SU EFECTO EN LOS ECOSISTEMAS DE EMPLAZAMIENTO 2022-2023,Objetivo 1. Actividad 2. Muestreos y Analisis sedimentos,Gastón Vidal,INSTITUTO DE FOMENTO PESQUERO,Chaulinec,4,423422.1,731353.2,REDOX EHNHE,139.9333333333333,15/08/2022 09:50:00,X
42,ESTUDIO SEGUIMIENTO DESEMPEÑO AMBIENTAL ACUICULTURA EN CHILE Y SU EFECTO EN LOS ECOSISTEMAS DE EMPLAZAMIENTO 2022-2023,Objetivo 1. Actividad 2. Muestreos y Analisis sedimentos,Gastón Vidal,INSTITUTO DE FOMENTO PESQUERO,Chaulinec,7,422803.3,732256.7,REDOX EHNHE,128.33333333333334,12/08/2022 14:58:00,X
43,ESTUDIO SEGUIMIENTO DESEMPEÑO AMBIENTAL ACUICULTURA EN CHILE Y SU EFECTO EN LOS ECOSISTEMAS DE EMPLAZAMIENTO 2022-2023,Objetivo 1. Actividad 2. Muestreos y Analisis sedimentos,Gastón Vidal,INSTITUTO DE FOMENTO PESQUERO,Chaulinec,10,422429.1,731921.4,REDOX EHNHE,115.5,12/08/2022 14:25:00,X
44,ESTUDIO SEGUIMIENTO DESEMPEÑO AMBIENTAL ACUICULTURA EN CHILE Y SU EFECTO EN LOS ECOSISTEMAS DE EMPLAZAMIENTO 2022-2023,Objetivo 1. Actividad 2. Muestreos y Analisis sedimentos,Gastón Vidal,INSTITUTO DE FOMENTO PESQUERO,Chaulinec,13,422634.7,733044.2,REDOX EHNHE,106.3,12/08/2022 16:30:00,X
45,ESTUDIO SEGUIMIENTO DESEMPEÑO AMBIENTAL ACUICULTURA EN CHILE Y SU EFECTO EN LOS ECOSISTEMAS DE EMPLAZAMIENTO 2022-2023,Objetivo 1. Actividad 2. Muestreos y Analisis sedimentos,Gastón Vidal,INSTITUTO DE FOMENTO PESQUERO,Tenaun,2,422246.5,733559.1,REDOX EHNHE,168.83333333333334,14/08/2022 10:15:00,X
46,ESTUDIO SEGUIMIENTO DESEMPEÑO AMBIENTAL ACUICULTURA EN CHILE Y SU EFECTO EN LOS ECOSISTEMAS DE EMPLAZAMIENTO 2022-2023,Objetivo 1. Actividad 2. Muestreos y Analisis sedimentos,Gastón Vidal,INSTITUTO DE FOMENTO PESQUERO,Tenaun,3,422307.4,733744.8,REDOX EHNHE,138.63333333333333,14/08/2022 09:54:00,X
47,ESTUDIO SEGUIMIENTO DESEMPEÑO AMBIENTAL ACUICULTURA EN CHILE Y SU EFECTO EN LOS ECOSISTEMAS DE EMPLAZAMIENTO 2022-2023,Objetivo 1. Actividad 2. Muestreos y Analisis sedimentos,Gastón Vidal,INSTITUTO DE FOMENTO PESQUERO,Tenaun,6,422215.1,733731.1,REDOX EHNHE,109.46666666666665,14/08/2022 10:59:00,X
48,ESTUDIO SEGUIMIENTO DESEMPEÑO AMBIENTAL ACUICULTURA EN CHILE Y SU EFECTO EN LOS ECOSISTEMAS DE EMPLAZAMIENTO 2022-2023,Objetivo 1. Actividad 2. Muestreos y Analisis sedimentos,Gastón Vidal,INSTITUTO DE FOMENTO PESQUERO,Tenaun,9,422139.1,733441.7,REDOX EHNHE,184.16666666666666,14/08/2022 10:35:00,X
49,ESTUDIO SEGUIMIENTO DESEMPEÑO AMBIENTAL ACUICULTURA EN CHILE Y SU EFECTO EN LOS ECOSISTEMAS DE EMPLAZAMIENTO 2022-2023,Objetivo 1. Actividad 2. Muestreos y Analisis sedimentos,Gastón Vidal,INSTITUTO DE FOMENTO PESQUERO,Tenaun,14,422026.0,733200.9,REDOX EHNHE,109.93333333333334,12/08/2022 17:00:00,X
50,ESTUDIO SEGUIMIENTO DESEMPEÑO AMBIENTAL ACUICULTURA EN CHILE Y SU EFECTO EN LOS ECOSISTEMAS DE EMPLAZAMIENTO 2022-2023,Objetivo 1. Actividad 2. Muestreos y Analisis sedimentos,Gastón Vidal,INSTITUTO DE FOMENTO PESQUERO,Chiloe central,1,423046.9,734515.6,REDOX EHNHE,172,16/08/2022 16:08:00,X
51,ESTUDIO SEGUIMIENTO DESEMPEÑO AMBIENTAL ACUICULTURA EN CHILE Y SU EFECTO EN LOS ECOSISTEMAS DE EMPLAZAMIENTO 2022-2023,Objetivo 1. Actividad 2. Muestreos y Analisis sedimentos,Gastón Vidal,INSTITUTO DE FOMENTO PESQUERO,Chiloe central,4,423259.2,734015.8,REDOX EHNHE,100.43333333333332,16/08/2022 13:39:00,X
52,ESTUDIO SEGUIMIENTO DESEMPEÑO AMBIENTAL ACUICULTURA EN CHILE Y SU EFECTO EN LOS ECOSISTEMAS DE EMPLAZAMIENTO 2022-2023,Objetivo 1. Actividad 2. Muestreos y Analisis sedimentos,Gastón Vidal,INSTITUTO DE FOMENTO PESQUERO,Chiloe central,6,423209.3,733613.2,REDOX EHNHE,64.73333333333333,16/08/2022 13:20:00,X
53,ESTUDIO SEGUIMIENTO DESEMPEÑO AMBIENTAL ACUICULTURA EN CHILE Y SU EFECTO EN LOS ECOSISTEMAS DE EMPLAZAMIENTO 2022-2023,Objetivo 1. Actividad 2. Muestreos y Analisis sedimentos,Gastón Vidal,INSTITUTO DE FOMENTO PESQUERO,Chiloe central,7,423029.3,733611.3,REDOX EHNHE,219.16666666666666,14/08/2022 12:35:00,X
54,ESTUDIO SEGUIMIENTO DESEMPEÑO AMBIENTAL ACUICULTURA EN CHILE Y SU EFECTO EN LOS ECOSISTEMAS DE EMPLAZAMIENTO 2022-2023,Objetivo 1. Actividad 2. Muestreos y Analisis sedimentos,Gastón Vidal,INSTITUTO DE FOMENTO PESQUERO,Chiloe central,11,422833.3,733241.1,REDOX EHNHE,169.46666666666667,14/08/2022 13:32:00,X
55,ESTUDIO SEGUIMIENTO DESEMPEÑO AMBIENTAL ACUICULTURA EN CHILE Y SU EFECTO EN LOS ECOSISTEMAS DE EMPLAZAMIENTO 2022-2023,Objetivo 1. Actividad 2. Muestreos y Analisis sedimentos,Gastón Vidal,INSTITUTO DE FOMENTO PESQUERO,Chiloe central,12,423059.3,732821.5,REDOX EHNHE,202.5,14/08/2022 14:30:00,X
56,ESTUDIO SEGUIMIENTO DESEMPEÑO AMBIENTAL ACUICULTURA EN CHILE Y SU EFECTO EN LOS ECOSISTEMAS DE EMPLAZAMIENTO 2022-2023,Objetivo 1. Actividad 2. Muestreos y Analisis sedimentos,Gastón Vidal,INSTITUTO DE FOMENTO PESQUERO,Chiloe central,16,424213.5,733738.2,REDOX EHNHE,179.79999999999998,17/08/2022 09:47:00,X
57,ESTUDIO SEGUIMIENTO DESEMPEÑO AMBIENTAL ACUICULTURA EN CHILE Y SU EFECTO EN LOS ECOSISTEMAS DE EMPLAZAMIENTO 2022-2023,Objetivo 1. Actividad 2. Muestreos y Analisis sedimentos,Gastón Vidal,INSTITUTO DE FOMENTO PESQUERO,Chiloe central,26,423654.6,732710.2,REDOX EHNHE,196.86666666666665,14/08/2022 15:19:00,X
58,ESTUDIO SEGUIMIENTO DESEMPEÑO AMBIENTAL ACUICULTURA EN CHILE Y SU EFECTO EN LOS ECOSISTEMAS DE EMPLAZAMIENTO 2022-2023,Objetivo 1. Actividad 2. Muestreos y Analisis sedimentos,Gastón Vidal,INSTITUTO DE FOMENTO PESQUERO,Desertores,1,424703.0,725635.9,REDOX EHNHE,122.53333333333335,21/10/2022 13:20:00,X
59,ESTUDIO SEGUIMIENTO DESEMPEÑO AMBIENTAL ACUICULTURA EN CHILE Y SU EFECTO EN LOS ECOSISTEMAS DE EMPLAZAMIENTO 2022-2023,Objetivo 1. Actividad 2. Muestreos y Analisis sedimentos,Gastón Vidal,INSTITUTO DE FOMENTO PESQUERO,Desertores,2,424756.1,725723.7,REDOX EHNHE,344.0333333333333,21/10/2022 14:09:00,X
60,ESTUDIO SEGUIMIENTO DESEMPEÑO AMBIENTAL ACUICULTURA EN CHILE Y SU EFECTO EN LOS ECOSISTEMAS DE EMPLAZAMIENTO 2022-2023,Objetivo 1. Actividad 2. Muestreos y Analisis sedimentos,Gastón Vidal,INSTITUTO DE FOMENTO PESQUERO,Desertores,3,424536.0,725951.7,REDOX EHNHE,339.6333333333333,21/10/2022 14:42:00,X
61,ESTUDIO SEGUIMIENTO DESEMPEÑO AMBIENTAL ACUICULTURA EN CHILE Y SU EFECTO EN LOS ECOSISTEMAS DE EMPLAZAMIENTO 2022-2023,Objetivo 1. Actividad 2. Muestreos y Analisis sedimentos,Gastón Vidal,INSTITUTO DE FOMENTO PESQUERO,Desertores,6,424206.5,730534.1,REDOX EHNHE,308.6666666666667,21/10/2022 15:53:00,X
62,ESTUDIO SEGUIMIENTO DESEMPEÑO AMBIENTAL ACUICULTURA EN CHILE Y SU EFECTO EN LOS ECOSISTEMAS DE EMPLAZAMIENTO 2022-2023,Objetivo 1. Actividad 2. Muestreos y Analisis sedimentos,Gastón Vidal,INSTITUTO DE FOMENTO PESQUERO,Quellon,6,431143.2,733811.2,REDOX EHNHE,484.73333333333335,20/08/2022 11:12:00,X
63,ESTUDIO SEGUIMIENTO DESEMPEÑO AMBIENTAL ACUICULTURA EN CHILE Y SU EFECTO EN LOS ECOSISTEMAS DE EMPLAZAMIENTO 2022-2023,Objetivo 1. Actividad 2. Muestreos y Analisis sedimentos,Gastón Vidal,INSTITUTO DE FOMENTO PESQUERO,Quellon,8,430739.5,734328.6,REDOX EHNHE,51.133333333333326,20/08/2022 10:26:00,X
64,ESTUDIO SEGUIMIENTO DESEMPEÑO AMBIENTAL ACUICULTURA EN CHILE Y SU EFECTO EN LOS ECOSISTEMAS DE EMPLAZAMIENTO 2022-2023,Objetivo 1. Actividad 2. Muestreos y Analisis sedimentos,Gastón Vidal,INSTITUTO DE FOMENTO PESQUERO,Quellon,11,430832.2,734013.7,REDOX EHNHE,455.40000000000003,20/08/2022 09:50:00,X
65,ESTUDIO SEGUIMIENTO DESEMPEÑO AMBIENTAL ACUICULTURA EN CHILE Y SU EFECTO EN LOS ECOSISTEMAS DE EMPLAZAMIENTO 2022-2023,Objetivo 1. Actividad 2. Muestreos y Analisis sedimentos,Gastón Vidal,INSTITUTO DE FOMENTO PESQUERO,Quellon,12,431133.5,733423.8,REDOX EHNHE,478.96666666666664,20/08/2022 09:05:00,X
66,ESTUDIO SEGUIMIENTO DESEMPEÑO AMBIENTAL ACUICULTURA EN CHILE Y SU EFECTO EN LOS ECOSISTEMAS DE EMPLAZAMIENTO 2022-2023,Objetivo 1. Actividad 2. Muestreos y Analisis sedimentos,Gastón Vidal,INSTITUTO DE FOMENTO PESQUERO,Quellon,13,430826.2,733310.7,REDOX EHNHE,427.1666666666667,20/08/2022 08:20:00,X
67,ESTUDIO SEGUIMIENTO DESEMPEÑO AMBIENTAL ACUICULTURA EN CHILE Y SU EFECTO EN LOS ECOSISTEMAS DE EMPLAZAMIENTO 2022-2023,Objetivo 1. Actividad 2. Muestreos y Analisis sedimentos,Gastón Vidal,INSTITUTO DE FOMENTO PESQUERO,Quellon,19,430307.5,732746.7,REDOX EHNHE,135.13333333333335,18/08/2022 14:30:00,X
68,ESTUDIO SEGUIMIENTO DESEMPEÑO AMBIENTAL ACUICULTURA EN CHILE Y SU EFECTO EN LOS ECOSISTEMAS DE EMPLAZAMIENTO 2022-2023,Objetivo 1. Actividad 2. Muestreos y Analisis sedimentos,Gastón Vidal,INSTITUTO DE FOMENTO PESQUERO,Quellon,21,430206.1,733133.1,REDOX EHNHE,47.53333333333333,18/08/2022 13:05:00,X
69,ESTUDIO SEGUIMIENTO DESEMPEÑO AMBIENTAL ACUICULTURA EN CHILE Y SU EFECTO EN LOS ECOSISTEMAS DE EMPLAZAMIENTO 2022-2023,Objetivo 1. Actividad 2. Muestreos y Analisis sedimentos,Gastón Vidal,INSTITUTO DE FOMENTO PESQUERO,Quellon,22,425921.8,732805.5,REDOX EHNHE,92.43333333333334,18/08/2022 12:24:00,X
70,ESTUDIO SEGUIMIENTO DESEMPEÑO AMBIENTAL ACUICULTURA EN CHILE Y SU EFECTO EN LOS ECOSISTEMAS DE EMPLAZAMIENTO 2022-2023,Objetivo 1. Actividad 2. Muestreos y Analisis sedimentos,Gastón Vidal,INSTITUTO DE FOMENTO PESQUERO,Quellon,26,425621.2,733649.9,REDOX EHNHE,99.83333333333333,18/08/2022 11:30:00,X
71,ESTUDIO SEGUIMIENTO DESEMPEÑO AMBIENTAL ACUICULTURA EN CHILE Y SU EFECTO EN LOS ECOSISTEMAS DE EMPLAZAMIENTO 2022-2023,Objetivo 1. Actividad 2. Muestreos y Analisis sedimentos,Gastón Vidal,INSTITUTO DE FOMENTO PESQUERO,Quellon,28,425525.9,733504.7,REDOX EHNHE,126.46666666666665,18/08/2022 08:40:00,X
72,ESTUDIO SEGUIMIENTO DESEMPEÑO AMBIENTAL ACUICULTURA EN CHILE Y SU EFECTO EN LOS ECOSISTEMAS DE EMPLAZAMIENTO 2022-2023,Objetivo 1. Actividad 2. Muestreos y Analisis sedimentos,Gastón Vidal,INSTITUTO DE FOMENTO PESQUERO,Quellon,32,425122.8,734130.9,REDOX EHNHE,-99.63333333333333,18/08/2022 09:23:00,X
73,ESTUDIO SEGUIMIENTO DESEMPEÑO AMBIENTAL ACUICULTURA EN CHILE Y SU EFECTO EN LOS ECOSISTEMAS DE EMPLAZAMIENTO 2022-2023,Objetivo 1. Actividad 2. Muestreos y Analisis sedimentos,Gastón Vidal,INSTITUTO DE FOMENTO PESQUERO,Quellon,39,425415.3,732927.9,REDOX EHNHE,239.83333333333334,17/08/2022 13:37:00,X
74,ESTUDIO SEGUIMIENTO DESEMPEÑO AMBIENTAL ACUICULTURA EN CHILE Y SU EFECTO EN LOS ECOSISTEMAS DE EMPLAZAMIENTO 2022-2023,Objetivo 1. Actividad 2. Muestreos y Analisis sedimentos,Gastón Vidal,INSTITUTO DE FOMENTO PESQUERO,Hornopiren,3,420427.1,722759.7,REDOX EHNHE,289.56666666666666,23/10/2022 15:22:00,X
75,ESTUDIO SEGUIMIENTO DESEMPEÑO AMBIENTAL ACUICULTURA EN CHILE Y SU EFECTO EN LOS ECOSISTEMAS DE EMPLAZAMIENTO 2022-2023,Objetivo 1. Actividad 2. Muestreos y Analisis sedimentos,Gastón Vidal,INSTITUTO DE FOMENTO PESQUERO,Hornopiren,6,420209.6,723558.5,REDOX EHNHE,477.1333333333334,23/10/2022 16:19:00,X
76,ESTUDIO SEGUIMIENTO DESEMPEÑO AMBIENTAL ACUICULTURA EN CHILE Y SU EFECTO EN LOS ECOSISTEMAS DE EMPLAZAMIENTO 2022-2023,Objetivo 1. Actividad 2. Muestreos y Analisis sedimentos,Gastón Vidal,INSTITUTO DE FOMENTO PESQUERO,Hornopiren,7,420301.3,723537.3,REDOX EHNHE,399.56666666666666,23/10/2022 16:12:00,X
78,ESTUDIO SEGUIMIENTO DESEMPEÑO AMBIENTAL ACUICULTURA EN CHILE Y SU EFECTO EN LOS ECOSISTEMAS DE EMPLAZAMIENTO 2022-2023,Objetivo 1. Actividad 2. Muestreos y Analisis sedimentos,Gastón Vidal,INSTITUTO DE FOMENTO PESQUERO,Hornopiren,14,421524.5,722346.8,REDOX EHNHE,533.8666666666667,23/10/2022 12:15:00,X
79,ESTUDIO SEGUIMIENTO DESEMPEÑO AMBIENTAL ACUICULTURA EN CHILE Y SU EFECTO EN LOS ECOSISTEMAS DE EMPLAZAMIENTO 2022-2023,Objetivo 1. Actividad 2. Muestreos y Analisis sedimentos,Gastón Vidal,INSTITUTO DE FOMENTO PESQUERO,Ayacara,1,421853.1,724721.9,REDOX EHNHE,547.5333333333333,22/10/2022 19:25:00,X
80,ESTUDIO SEGUIMIENTO DESEMPEÑO AMBIENTAL ACUICULTURA EN CHILE Y SU EFECTO EN LOS ECOSISTEMAS DE EMPLAZAMIENTO 2022-2023,Objetivo 1. Actividad 2. Muestreos y Analisis sedimentos,Gastón Vidal,INSTITUTO DE FOMENTO PESQUERO,Ayacara,2,422434.1,724307.0,REDOX EHNHE,483.3,22/10/2022 18:14:00,X
81,ESTUDIO SEGUIMIENTO DESEMPEÑO AMBIENTAL ACUICULTURA EN CHILE Y SU EFECTO EN LOS ECOSISTEMAS DE EMPLAZAMIENTO 2022-2023,Objetivo 1. Actividad 2. Muestreos y Analisis sedimentos,Gastón Vidal,INSTITUTO DE FOMENTO PESQUERO,Ayacara,3,423409.7,723139.7,REDOX EHNHE,512.6,22/10/2022 16:15:00,X
82,ESTUDIO SEGUIMIENTO DESEMPEÑO AMBIENTAL ACUICULTURA EN CHILE Y SU EFECTO EN LOS ECOSISTEMAS DE EMPLAZAMIENTO 2022-2023,Objetivo 1. Actividad 2. Muestreos y Analisis sedimentos,Gastón Vidal,INSTITUTO DE FOMENTO PESQUERO,Ayacara,4,423117.9,724140.8,REDOX EHNHE,467.7666666666667,22/10/2022 15:11:00,X
83,ESTUDIO SEGUIMIENTO DESEMPEÑO AMBIENTAL ACUICULTURA EN CHILE Y SU EFECTO EN LOS ECOSISTEMAS DE EMPLAZAMIENTO 2022-2023,Objetivo 1. Actividad 2. Muestreos y Analisis sedimentos,Gastón Vidal,INSTITUTO DE FOMENTO PESQUERO,Ayacara,7,423730.6,725115.4,REDOX EHNHE,597.9666666666667,22/10/2022 12:55:00,X
84,ESTUDIO SEGUIMIENTO DESEMPEÑO AMBIENTAL ACUICULTURA EN CHILE Y SU EFECTO EN LOS ECOSISTEMAS DE EMPLAZAMIENTO 2022-2023,Objetivo 1. Actividad 2. Muestreos y Analisis sedimentos,Gastón Vidal,INSTITUTO DE FOMENTO PESQUERO,Ayacara,9,424232.8,725058.9,REDOX EHNHE,598.1333333333333,21/10/2022 12:06:00,X
85,ESTUDIO SEGUIMIENTO DESEMPEÑO AMBIENTAL ACUICULTURA EN CHILE Y SU EFECTO EN LOS ECOSISTEMAS DE EMPLAZAMIENTO 2022-2023,Objetivo 1. Actividad 2. Muestreos y Analisis sedimentos,Gastón Vidal,INSTITUTO DE FOMENTO PESQUERO,Chaiten,3,424711.1,725049.9,REDOX EHNHE,485.73333333333335,21/10/2022 11:24:00,X
86,ESTUDIO SEGUIMIENTO DESEMPEÑO AMBIENTAL ACUICULTURA EN CHILE Y SU EFECTO EN LOS ECOSISTEMAS DE EMPLAZAMIENTO 2022-2023,Objetivo 1. Actividad 2. Muestreos y Analisis sedimentos,Gastón Vidal,INSTITUTO DE FOMENTO PESQUERO,Chaiten,4,425527.6,724459.6,REDOX EHNHE,449.59999999999997,21/10/2022 08:20:00,X
87,ESTUDIO SEGUIMIENTO DESEMPEÑO AMBIENTAL ACUICULTURA EN CHILE Y SU EFECTO EN LOS ECOSISTEMAS DE EMPLAZAMIENTO 2022-2023,Objetivo 1. Actividad 2. Muestreos y Analisis sedimentos,Gastón Vidal,INSTITUTO DE FOMENTO PESQUERO,Chaiten,12,431438.9,725308.2,REDOX EHNHE,557.4666666666667,20/10/2022 13:50:00,X
88,ESTUDIO SEGUIMIENTO DESEMPEÑO AMBIENTAL ACUICULTURA EN CHILE Y SU EFECTO EN LOS ECOSISTEMAS DE EMPLAZAMIENTO 2022-2023,Objetivo 1. Actividad 2. Muestreos y Analisis sedimentos,Gastón Vidal,INSTITUTO DE FOMENTO PESQUERO,Chaiten,14,431550.9,725835.0,REDOX EHNHE,598.6999999999999,20/10/2022 12:50:00,X
89,ESTUDIO SEGUIMIENTO DESEMPEÑO AMBIENTAL ACUICULTURA EN CHILE Y SU EFECTO EN LOS ECOSISTEMAS DE EMPLAZAMIENTO 2022-2023,Objetivo 1. Actividad 2. Muestreos y Analisis sedimentos,Gastón Vidal,INSTITUTO DE FOMENTO PESQUERO,Chaiten,18,433529.8,730022.5,REDOX EHNHE,437.0333333333333,21/08/2022 09:38:00,X
90,ESTUDIO SEGUIMIENTO DESEMPEÑO AMBIENTAL ACUICULTURA EN CHILE Y SU EFECTO EN LOS ECOSISTEMAS DE EMPLAZAMIENTO 2022-2023,Objetivo 1. Actividad 2. Muestreos y Analisis sedimentos,Gastón Vidal,INSTITUTO DE FOMENTO PESQUERO,Chaiten,19,433757.9,725704.9,REDOX EHNHE,641.7333333333332,20/10/2022 08:50:00,X
92,ESTUDIO SEGUIMIENTO DESEMPEÑO AMBIENTAL ACUICULTURA EN CHILE Y SU EFECTO EN LOS ECOSISTEMAS DE EMPLAZAMIENTO 2022-2023,Objetivo 1. Actividad 2. Muestreos y Analisis sedimentos,Gastón Vidal,INSTITUTO DE FOMENTO PESQUERO,Guaitecas,1,442931.1,740942.8,REDOX EHNHE,129.46666666666667,28/09/2022 09:30:00,XI
93,ESTUDIO SEGUIMIENTO DESEMPEÑO AMBIENTAL ACUICULTURA EN CHILE Y SU EFECTO EN LOS ECOSISTEMAS DE EMPLAZAMIENTO 2022-2023,Objetivo 1. Actividad 2. Muestreos y Analisis sedimentos,Gastón Vidal,INSTITUTO DE FOMENTO PESQUERO,Guaitecas,4,441418.4,741320.7,REDOX EHNHE,148.96666666666667,27/09/2022 16:38:00,XI
94,ESTUDIO SEGUIMIENTO DESEMPEÑO AMBIENTAL ACUICULTURA EN CHILE Y SU EFECTO EN LOS ECOSISTEMAS DE EMPLAZAMIENTO 2022-2023,Objetivo 1. Actividad 2. Muestreos y Analisis sedimentos,Gastón Vidal,INSTITUTO DE FOMENTO PESQUERO,Guaitecas,6,440829.0,740209.0,REDOX EHNHE,166.43333333333334,27/09/2022 15:18:00,XI
95,ESTUDIO SEGUIMIENTO DESEMPEÑO AMBIENTAL ACUICULTURA EN CHILE Y SU EFECTO EN LOS ECOSISTEMAS DE EMPLAZAMIENTO 2022-2023,Objetivo 1. Actividad 2. Muestreos y Analisis sedimentos,Gastón Vidal,INSTITUTO DE FOMENTO PESQUERO,Guaitecas,7,440453.4,735253.7,REDOX EHNHE,139.0666666666667,26/09/2022 14:00:00,XI
96,ESTUDIO SEGUIMIENTO DESEMPEÑO AMBIENTAL ACUICULTURA EN CHILE Y SU EFECTO EN LOS ECOSISTEMAS DE EMPLAZAMIENTO 2022-2023,Objetivo 1. Actividad 2. Muestreos y Analisis sedimentos,Gastón Vidal,INSTITUTO DE FOMENTO PESQUERO,Guaitecas,8,435456.5,735432.1,REDOX EHNHE,158.26666666666668,27/09/2022 13:00:00,XI
97,ESTUDIO SEGUIMIENTO DESEMPEÑO AMBIENTAL ACUICULTURA EN CHILE Y SU EFECTO EN LOS ECOSISTEMAS DE EMPLAZAMIENTO 2022-2023,Objetivo 1. Actividad 2. Muestreos y Analisis sedimentos,Gastón Vidal,INSTITUTO DE FOMENTO PESQUERO,Guaitecas,9,435329.1,735219.9,REDOX EHNHE,-33.4,27/09/2022 11:50:00,XI
98,ESTUDIO SEGUIMIENTO DESEMPEÑO AMBIENTAL ACUICULTURA EN CHILE Y SU EFECTO EN LOS ECOSISTEMAS DE EMPLAZAMIENTO 2022-2023,Objetivo 1. Actividad 2. Muestreos y Analisis sedimentos,Gastón Vidal,INSTITUTO DE FOMENTO PESQUERO,Guaitecas,10,435638.0,734800.0,REDOX EHNHE,142.46666666666667,27/09/2022 10:11:00,XI
99,ESTUDIO SEGUIMIENTO DESEMPEÑO AMBIENTAL ACUICULTURA EN CHILE Y SU EFECTO EN LOS ECOSISTEMAS DE EMPLAZAMIENTO 2022-2023,Objetivo 1. Actividad 2. Muestreos y Analisis sedimentos,Gastón Vidal,INSTITUTO DE FOMENTO PESQUERO,Guaitecas,12,440031.4,734511.0,REDOX EHNHE,159.33333333333334,27/09/2022 08:55:00,XI
100,ESTUDIO SEGUIMIENTO DESEMPEÑO AMBIENTAL ACUICULTURA EN CHILE Y SU EFECTO EN LOS ECOSISTEMAS DE EMPLAZAMIENTO 2022-2023,Objetivo 1. Actividad 2. Muestreos y Analisis sedimentos,Gastón Vidal,INSTITUTO DE FOMENTO PESQUERO,Guaitecas,17,441715.5,734639.1,REDOX EHNHE,136.20000000000002,26/09/2022 16:20:00,XI
101,ESTUDIO SEGUIMIENTO DESEMPEÑO AMBIENTAL ACUICULTURA EN CHILE Y SU EFECTO EN LOS ECOSISTEMAS DE EMPLAZAMIENTO 2022-2023,Objetivo 1. Actividad 2. Muestreos y Analisis sedimentos,Gastón Vidal,INSTITUTO DE FOMENTO PESQUERO,Moraleda,2,451131.2,735840.6,REDOX EHNHE,56.96666666666666,29/09/2022 11:55:00,XI
102,ESTUDIO SEGUIMIENTO DESEMPEÑO AMBIENTAL ACUICULTURA EN CHILE Y SU EFECTO EN LOS ECOSISTEMAS DE EMPLAZAMIENTO 2022-2023,Objetivo 1. Actividad 2. Muestreos y Analisis sedimentos,Gastón Vidal,INSTITUTO DE FOMENTO PESQUERO,Moraleda,4,450957.9,740833.4,REDOX EHNHE,43.93333333333334,29/09/2022 10:00:00,XI
103,ESTUDIO SEGUIMIENTO DESEMPEÑO AMBIENTAL ACUICULTURA EN CHILE Y SU EFECTO EN LOS ECOSISTEMAS DE EMPLAZAMIENTO 2022-2023,Objetivo 1. Actividad 2. Muestreos y Analisis sedimentos,Gastón Vidal,INSTITUTO DE FOMENTO PESQUERO,Moraleda,5,450801.8,741520.1,REDOX EHNHE,63.06666666666666,28/09/2022 19:00:00,XI
104,ESTUDIO SEGUIMIENTO DESEMPEÑO AMBIENTAL ACUICULTURA EN CHILE Y SU EFECTO EN LOS ECOSISTEMAS DE EMPLAZAMIENTO 2022-2023,Objetivo 1. Actividad 2. Muestreos y Analisis sedimentos,Gastón Vidal,INSTITUTO DE FOMENTO PESQUERO,Moraleda,12,444145.4,735257.1,REDOX EHNHE,34.099999999999994,28/09/2022 14:14:00,XI
105,ESTUDIO SEGUIMIENTO DESEMPEÑO AMBIENTAL ACUICULTURA EN CHILE Y SU EFECTO EN LOS ECOSISTEMAS DE EMPLAZAMIENTO 2022-2023,Objetivo 1. Actividad 2. Muestreos y Analisis sedimentos,Gastón Vidal,INSTITUTO DE FOMENTO PESQUERO,Moraleda,13,443935.6,735252.9,REDOX EHNHE,57.56666666666666,28/09/2022 13:18:00,XI
106,ESTUDIO SEGUIMIENTO DESEMPEÑO AMBIENTAL ACUICULTURA EN CHILE Y SU EFECTO EN LOS ECOSISTEMAS DE EMPLAZAMIENTO 2022-2023,Objetivo 1. Actividad 2. Muestreos y Analisis sedimentos,Gastón Vidal,INSTITUTO DE FOMENTO PESQUERO,Moraleda,14,443608.6,740025.9,REDOX EHNHE,104.66666666666667,28/09/2022 11:15:00,XI
107,ESTUDIO SEGUIMIENTO DESEMPEÑO AMBIENTAL ACUICULTURA EN CHILE Y SU EFECTO EN LOS ECOSISTEMAS DE EMPLAZAMIENTO 2022-2023,Objetivo 1. Actividad 2. Muestreos y Analisis sedimentos,Gastón Vidal,INSTITUTO DE FOMENTO PESQUERO,Moraleda,16,443308.8,740650.1,REDOX EHNHE,124.33333333333333,28/09/2022 10:20:00,XI
108,ESTUDIO SEGUIMIENTO DESEMPEÑO AMBIENTAL ACUICULTURA EN CHILE Y SU EFECTO EN LOS ECOSISTEMAS DE EMPLAZAMIENTO 2022-2023,Objetivo 1. Actividad 2. Muestreos y Analisis sedimentos,Gastón Vidal,INSTITUTO DE FOMENTO PESQUERO,Moraleda,17,440830.9,733501.0,REDOX EHNHE,150.29999999999998,26/09/2022 18:27:00,XI
109,ESTUDIO SEGUIMIENTO DESEMPEÑO AMBIENTAL ACUICULTURA EN CHILE Y SU EFECTO EN LOS ECOSISTEMAS DE EMPLAZAMIENTO 2022-2023,Objetivo 1. Actividad 2. Muestreos y Analisis sedimentos,Gastón Vidal,INSTITUTO DE FOMENTO PESQUERO,Moraleda,19,434430.9,730056.5,REDOX EHNHE,459.29999999999995,19/10/2022 16:55:00,XI
110,ESTUDIO SEGUIMIENTO DESEMPEÑO AMBIENTAL ACUICULTURA EN CHILE Y SU EFECTO EN LOS ECOSISTEMAS DE EMPLAZAMIENTO 2022-2023,Objetivo 1. Actividad 2. Muestreos y Analisis sedimentos,Gastón Vidal,INSTITUTO DE FOMENTO PESQUERO,Moraleda,25,440204.1,731205.2,REDOX EHNHE,595.4,12/10/2022 11:06:00,XI
111,ESTUDIO SEGUIMIENTO DESEMPEÑO AMBIENTAL ACUICULTURA EN CHILE Y SU EFECTO EN LOS ECOSISTEMAS DE EMPLAZAMIENTO 2022-2023,Objetivo 1. Actividad 2. Muestreos y Analisis sedimentos,Gastón Vidal,INSTITUTO DE FOMENTO PESQUERO,Moraleda,31,442248.0,730431.7,REDOX EHNHE,521.3666666666667,10/10/2022 15:40:00,XI
112,ESTUDIO SEGUIMIENTO DESEMPEÑO AMBIENTAL ACUICULTURA EN CHILE Y SU EFECTO EN LOS ECOSISTEMAS DE EMPLAZAMIENTO 2022-2023,Objetivo 1. Actividad 2. Muestreos y Analisis sedimentos,Gastón Vidal,INSTITUTO DE FOMENTO PESQUERO,Moraleda,32,450149.0,732702.0,REDOX EHNHE,428.4333333333334,08/10/2022 17:25:00,XI
113,ESTUDIO SEGUIMIENTO DESEMPEÑO AMBIENTAL ACUICULTURA EN CHILE Y SU EFECTO EN LOS ECOSISTEMAS DE EMPLAZAMIENTO 2022-2023,Objetivo 1. Actividad 2. Muestreos y Analisis sedimentos,Gastón Vidal,INSTITUTO DE FOMENTO PESQUERO,Puyuhuapi,5,443139.8,724117.0,REDOX EHNHE,508.3666666666666,10/10/2022 11:06:00,XI
114,ESTUDIO SEGUIMIENTO DESEMPEÑO AMBIENTAL ACUICULTURA EN CHILE Y SU EFECTO EN LOS ECOSISTEMAS DE EMPLAZAMIENTO 2022-2023,Objetivo 1. Actividad 2. Muestreos y Analisis sedimentos,Gastón Vidal,INSTITUTO DE FOMENTO PESQUERO,Puyuhuapi,7,443955.1,725020.8,REDOX EHNHE,534.5666666666667,10/10/2022 08:16:00,XI
115,ESTUDIO SEGUIMIENTO DESEMPEÑO AMBIENTAL ACUICULTURA EN CHILE Y SU EFECTO EN LOS ECOSISTEMAS DE EMPLAZAMIENTO 2022-2023,Objetivo 1. Actividad 2. Muestreos y Analisis sedimentos,Gastón Vidal,INSTITUTO DE FOMENTO PESQUERO,Puyuhuapi,8,444209.3,724807.1,REDOX EHNHE,410.3666666666666,09/10/2022 17:37:00,XI
116,ESTUDIO SEGUIMIENTO DESEMPEÑO AMBIENTAL ACUICULTURA EN CHILE Y SU EFECTO EN LOS ECOSISTEMAS DE EMPLAZAMIENTO 2022-2023,Objetivo 1. Actividad 2. Muestreos y Analisis sedimentos,Gastón Vidal,INSTITUTO DE FOMENTO PESQUERO,Puyuhuapi,10,444937.8,725757.3,REDOX EHNHE,524.3666666666667,09/10/2022 12:15:00,XI
117,ESTUDIO SEGUIMIENTO DESEMPEÑO AMBIENTAL ACUICULTURA EN CHILE Y SU EFECTO EN LOS ECOSISTEMAS DE EMPLAZAMIENTO 2022-2023,Objetivo 1. Actividad 2. Muestreos y Analisis sedimentos,Gastón Vidal,INSTITUTO DE FOMENTO PESQUERO,Puyuhuapi,12,445441.9,730811.9,REDOX EHNHE,329.7333333333333,09/10/2022 11:00:00,XI
118,ESTUDIO SEGUIMIENTO DESEMPEÑO AMBIENTAL ACUICULTURA EN CHILE Y SU EFECTO EN LOS ECOSISTEMAS DE EMPLAZAMIENTO 2022-2023,Objetivo 1. Actividad 2. Muestreos y Analisis sedimentos,Gastón Vidal,INSTITUTO DE FOMENTO PESQUERO,Aysen,1,452639.7,730033.3,REDOX EHNHE,411.73333333333335,04/10/2022 16:09:00,XI
119,ESTUDIO SEGUIMIENTO DESEMPEÑO AMBIENTAL ACUICULTURA EN CHILE Y SU EFECTO EN LOS ECOSISTEMAS DE EMPLAZAMIENTO 2022-2023,Objetivo 1. Actividad 2. Muestreos y Analisis sedimentos,Gastón Vidal,INSTITUTO DE FOMENTO PESQUERO,Aysen,3,451953.0,732236.0,REDOX EHNHE,539.1666666666667,06/10/2022 12:26:00,XI
120,ESTUDIO SEGUIMIENTO DESEMPEÑO AMBIENTAL ACUICULTURA EN CHILE Y SU EFECTO EN LOS ECOSISTEMAS DE EMPLAZAMIENTO 2022-2023,Objetivo 1. Actividad 2. Muestreos y Analisis sedimentos,Gastón Vidal,INSTITUTO DE FOMENTO PESQUERO,Aysen,5,452421.9,733225.0,REDOX EHNHE,387.8,02/10/2022 16:58:00,XI
121,ESTUDIO SEGUIMIENTO DESEMPEÑO AMBIENTAL ACUICULTURA EN CHILE Y SU EFECTO EN LOS ECOSISTEMAS DE EMPLAZAMIENTO 2022-2023,Objetivo 1. Actividad 2. Muestreos y Analisis sedimentos,Gastón Vidal,INSTITUTO DE FOMENTO PESQUERO,Aysen,6,453734.9,733550.9,REDOX EHNHE,571.1666666666666,02/10/2022 14:12:00,XI
122,ESTUDIO SEGUIMIENTO DESEMPEÑO AMBIENTAL ACUICULTURA EN CHILE Y SU EFECTO EN LOS ECOSISTEMAS DE EMPLAZAMIENTO 2022-2023,Objetivo 1. Actividad 2. Muestreos y Analisis sedimentos,Gastón Vidal,INSTITUTO DE FOMENTO PESQUERO,Aysen,7,454508.5,733655.3,REDOX EHNHE,409.96666666666664,02/10/2022 12:50:00,XI
123,ESTUDIO SEGUIMIENTO DESEMPEÑO AMBIENTAL ACUICULTURA EN CHILE Y SU EFECTO EN LOS ECOSISTEMAS DE EMPLAZAMIENTO 2022-2023,Objetivo 1. Actividad 2. Muestreos y Analisis sedimentos,Gastón Vidal,INSTITUTO DE FOMENTO PESQUERO,Aysen,10,455717.6,733619.7,REDOX EHNHE,554.4666666666667,02/10/2022 12:15:00,XI
125,ESTUDIO SEGUIMIENTO DESEMPEÑO AMBIENTAL ACUICULTURA EN CHILE Y SU EFECTO EN LOS ECOSISTEMAS DE EMPLAZAMIENTO 2022-2023,Objetivo 1. Actividad 2. Muestreos y Analisis sedimentos,Gastón Vidal,INSTITUTO DE FOMENTO PESQUERO,Aysen,13,461329.4,734345.5,REDOX EHNHE,605.6333333333333,30/09/2022 15:24:00,XI
126,ESTUDIO SEGUIMIENTO DESEMPEÑO AMBIENTAL ACUICULTURA EN CHILE Y SU EFECTO EN LOS ECOSISTEMAS DE EMPLAZAMIENTO 2022-2023,Objetivo 1. Actividad 2. Muestreos y Analisis sedimentos,Gastón Vidal,INSTITUTO DE FOMENTO PESQUERO,Aysen,18,460557.7,735202.9,REDOX EHNHE,538.1999999999999,30/09/2022 14:10:00,XI
127,ESTUDIO SEGUIMIENTO DESEMPEÑO AMBIENTAL ACUICULTURA EN CHILE Y SU EFECTO EN LOS ECOSISTEMAS DE EMPLAZAMIENTO 2022-2023,Objetivo 1. Actividad 2. Muestreos y Analisis sedimentos,Gastón Vidal,INSTITUTO DE FOMENTO PESQUERO,Aysen,19,460107.9,735645.7,REDOX EHNHE,620.4333333333333,30/09/2022 12:40:00,XI
128,ESTUDIO SEGUIMIENTO DESEMPEÑO AMBIENTAL ACUICULTURA EN CHILE Y SU EFECTO EN LOS ECOSISTEMAS DE EMPLAZAMIENTO 2022-2023,Objetivo 1. Actividad 2. Muestreos y Analisis sedimentos,Gastón Vidal,INSTITUTO DE FOMENTO PESQUERO,Aysen,24,454429.7,740423.3,REDOX EHNHE,556.8333333333334,30/09/2022 08:50:00,XI
129,ESTUDIO SEGUIMIENTO DESEMPEÑO AMBIENTAL ACUICULTURA EN CHILE Y SU EFECTO EN LOS ECOSISTEMAS DE EMPLAZAMIENTO 2022-2023,Objetivo 1. Actividad 2. Muestreos y Analisis sedimentos,Gastón Vidal,INSTITUTO DE FOMENTO PESQUERO,Aysen,25,454137.5,741704.6,REDOX EHNHE,61,29/09/2022 18:25:00,XI
130,ESTUDIO SEGUIMIENTO DESEMPEÑO AMBIENTAL ACUICULTURA EN CHILE Y SU EFECTO EN LOS ECOSISTEMAS DE EMPLAZAMIENTO 2022-2023,Objetivo 1. Actividad 2. Muestreos y Analisis sedimentos,Gastón Vidal,INSTITUTO DE FOMENTO PESQUERO,Aysen,28,453351.4,741310.2,REDOX EHNHE,128.5,29/09/2022 15:55:00,XI
131,ESTUDIO SEGUIMIENTO DESEMPEÑO AMBIENTAL ACUICULTURA EN CHILE Y SU EFECTO EN LOS ECOSISTEMAS DE EMPLAZAMIENTO 2022-2023,Objetivo 1. Actividad 2. Muestreos y Analisis sedimentos,Gastón Vidal,INSTITUTO DE FOMENTO PESQUERO,Aysen,30,452356.0,741521.0,REDOX EHNHE,-175.56666666666663,29/09/2022 14:30:00,XI
132,ESTUDIO SEGUIMIENTO DESEMPEÑO AMBIENTAL ACUICULTURA EN CHILE Y SU EFECTO EN LOS ECOSISTEMAS DE EMPLAZAMIENTO 2022-2023,Objetivo 1. Actividad 2. Muestreos y Analisis sedimentos,Gastón Vidal,INSTITUTO DE FOMENTO PESQUERO,Aysen,34,451659.5,734350.5,REDOX EHNHE,618.6666666666666,06/10/2022 13:37:00,XI
133,ESTUDIO SEGUIMIENTO DESEMPEÑO AMBIENTAL ACUICULTURA EN CHILE Y SU EFECTO EN LOS ECOSISTEMAS DE EMPLAZAMIENTO 2022-2023,Objetivo 1. Actividad 2. Muestreos y Analisis sedimentos,Gastón Vidal,INSTITUTO DE FOMENTO PESQUERO,Natales,2,513604.7,724301.6,REDOX EHNHE,220.29999999999998,11/01/2023 09:25:00,XII
134,ESTUDIO SEGUIMIENTO DESEMPEÑO AMBIENTAL ACUICULTURA EN CHILE Y SU EFECTO EN LOS ECOSISTEMAS DE EMPLAZAMIENTO 2022-2023,Objetivo 1. Actividad 2. Muestreos y Analisis sedimentos,Gastón Vidal,INSTITUTO DE FOMENTO PESQUERO,Natales,3,514018.2,723753.1,REDOX EHNHE,-19.799999999999994,11/01/2023 10:13:00,XII
135,ESTUDIO SEGUIMIENTO DESEMPEÑO AMBIENTAL ACUICULTURA EN CHILE Y SU EFECTO EN LOS ECOSISTEMAS DE EMPLAZAMIENTO 2022-2023,Objetivo 1. Actividad 2. Muestreos y Analisis sedimentos,Gastón Vidal,INSTITUTO DE FOMENTO PESQUERO,Natales,5,514929.7,723739.8,REDOX EHNHE,77.53333333333335,10/01/2023 13:05:00,XII
136,ESTUDIO SEGUIMIENTO DESEMPEÑO AMBIENTAL ACUICULTURA EN CHILE Y SU EFECTO EN LOS ECOSISTEMAS DE EMPLAZAMIENTO 2022-2023,Objetivo 1. Actividad 2. Muestreos y Analisis sedimentos,Gastón Vidal,INSTITUTO DE FOMENTO PESQUERO,Natales,9,514601.6,725405.0,REDOX EHNHE,390.1666666666667,19/01/2023 10:52:00,XII
137,ESTUDIO SEGUIMIENTO DESEMPEÑO AMBIENTAL ACUICULTURA EN CHILE Y SU EFECTO EN LOS ECOSISTEMAS DE EMPLAZAMIENTO 2022-2023,Objetivo 1. Actividad 2. Muestreos y Analisis sedimentos,Gastón Vidal,INSTITUTO DE FOMENTO PESQUERO,Natales,10,520357.8,725602.0,REDOX EHNHE,243.23333333333335,18/01/2023 11:46:00,XII
138,ESTUDIO SEGUIMIENTO DESEMPEÑO AMBIENTAL ACUICULTURA EN CHILE Y SU EFECTO EN LOS ECOSISTEMAS DE EMPLAZAMIENTO 2022-2023,Objetivo 1. Actividad 2. Muestreos y Analisis sedimentos,Gastón Vidal,INSTITUTO DE FOMENTO PESQUERO,Natales,11,521159.7,725703.6,REDOX EHNHE,106.96666666666665,18/01/2023 14:11:00,XII
139,ESTUDIO SEGUIMIENTO DESEMPEÑO AMBIENTAL ACUICULTURA EN CHILE Y SU EFECTO EN LOS ECOSISTEMAS DE EMPLAZAMIENTO 2022-2023,Objetivo 1. Actividad 2. Muestreos y Analisis sedimentos,Gastón Vidal,INSTITUTO DE FOMENTO PESQUERO,Natales,13,521310.4,725226.1,REDOX EHNHE,320.43333333333334,18/01/2023 14:45:00,XII
140,ESTUDIO SEGUIMIENTO DESEMPEÑO AMBIENTAL ACUICULTURA EN CHILE Y SU EFECTO EN LOS ECOSISTEMAS DE EMPLAZAMIENTO 2022-2023,Objetivo 1. Actividad 2. Muestreos y Analisis sedimentos,Gastón Vidal,INSTITUTO DE FOMENTO PESQUERO,Natales,14,520439.3,723937.6,REDOX EHNHE,66.46666666666667,10/01/2023 10:18:00,XII
1,ESTUDIO SEGUIMIENTO DESEMPEÑO AMBIENTAL ACUICULTURA EN CHILE Y SU EFECTO EN LOS ECOSISTEMAS DE EMPLAZAMIENTO 2022-2023,Objetivo 1. Actividad 2. Muestreos y Analisis sedimentos,Gastón Vidal,INSTITUTO DE FOMENTO PESQUERO,Estuario,1,412614.9,721747.9,SULFUROS,3.2133236106109777,27/10/2022 14:47:00,X
2,ESTUDIO SEGUIMIENTO DESEMPEÑO AMBIENTAL ACUICULTURA EN CHILE Y SU EFECTO EN LOS ECOSISTEMAS DE EMPLAZAMIENTO 2022-2023,Objetivo 1. Actividad 2. Muestreos y Analisis sedimentos,Gastón Vidal,INSTITUTO DE FOMENTO PESQUERO,Estuario,2,412807.3,721843.5,SULFUROS,8.455679500616345,27/10/2022 14:20:00,X
3,ESTUDIO SEGUIMIENTO DESEMPEÑO AMBIENTAL ACUICULTURA EN CHILE Y SU EFECTO EN LOS ECOSISTEMAS DE EMPLAZAMIENTO 2022-2023,Objetivo 1. Actividad 2. Muestreos y Analisis sedimentos,Gastón Vidal,INSTITUTO DE FOMENTO PESQUERO,Estuario,3,412945.4,721845.5,SULFUROS,51.11458631336757,27/10/2022 13:52:00,X
7,ESTUDIO SEGUIMIENTO DESEMPEÑO AMBIENTAL ACUICULTURA EN CHILE Y SU EFECTO EN LOS ECOSISTEMAS DE EMPLAZAMIENTO 2022-2023,Objetivo 1. Actividad 2. Muestreos y Analisis sedimentos,Gastón Vidal,INSTITUTO DE FOMENTO PESQUERO,Estuario,8,413533.0,722110.7,SULFUROS,6.73135276893671,27/10/2022 10:46:00,X
8,ESTUDIO SEGUIMIENTO DESEMPEÑO AMBIENTAL ACUICULTURA EN CHILE Y SU EFECTO EN LOS ECOSISTEMAS DE EMPLAZAMIENTO 2022-2023,Objetivo 1. Actividad 2. Muestreos y Analisis sedimentos,Gastón Vidal,INSTITUTO DE FOMENTO PESQUERO,Estuario,12,413938.3,722058.9,SULFUROS,7.5659038366775055,27/10/2022 10:05:00,X
10,ESTUDIO SEGUIMIENTO DESEMPEÑO AMBIENTAL ACUICULTURA EN CHILE Y SU EFECTO EN LOS ECOSISTEMAS DE EMPLAZAMIENTO 2022-2023,Objetivo 1. Actividad 2. Muestreos y Analisis sedimentos,Gastón Vidal,INSTITUTO DE FOMENTO PESQUERO,Estuario,21,414330.8,723048.5,SULFUROS,10.273004171322393,27/10/2022 08:19:00,X
15,ESTUDIO SEGUIMIENTO DESEMPEÑO AMBIENTAL ACUICULTURA EN CHILE Y SU EFECTO EN LOS ECOSISTEMAS DE EMPLAZAMIENTO 2022-2023,Objetivo 1. Actividad 2. Muestreos y Analisis sedimentos,Gastón Vidal,INSTITUTO DE FOMENTO PESQUERO,Reloncavi,13,412948.4,725730.9,SULFUROS,13.220178706360441,09/08/2022 08:35:00,X
16,ESTUDIO SEGUIMIENTO DESEMPEÑO AMBIENTAL ACUICULTURA EN CHILE Y SU EFECTO EN LOS ECOSISTEMAS DE EMPLAZAMIENTO 2022-2023,Objetivo 1. Actividad 2. Muestreos y Analisis sedimentos,Gastón Vidal,INSTITUTO DE FOMENTO PESQUERO,Reloncavi,15,413105.3,724724.2,SULFUROS,0.4843581540028674,26/10/2022 11:14:00,X
17,ESTUDIO SEGUIMIENTO DESEMPEÑO AMBIENTAL ACUICULTURA EN CHILE Y SU EFECTO EN LOS ECOSISTEMAS DE EMPLAZAMIENTO 2022-2023,Objetivo 1. Actividad 2. Muestreos y Analisis sedimentos,Gastón Vidal,INSTITUTO DE FOMENTO PESQUERO,Reloncavi,17,413450.6,724336.9,SULFUROS,1.4323857411486485,26/10/2022 12:00:00,X
18,ESTUDIO SEGUIMIENTO DESEMPEÑO AMBIENTAL ACUICULTURA EN CHILE Y SU EFECTO EN LOS ECOSISTEMAS DE EMPLAZAMIENTO 2022-2023,Objetivo 1. Actividad 2. Muestreos y Analisis sedimentos,Gastón Vidal,INSTITUTO DE FOMENTO PESQUERO,Reloncavi,19,413707.8,724152.2,SULFUROS,1.1845226103236839,26/10/2022 18:01:00,X
19,ESTUDIO SEGUIMIENTO DESEMPEÑO AMBIENTAL ACUICULTURA EN CHILE Y SU EFECTO EN LOS ECOSISTEMAS DE EMPLAZAMIENTO 2022-2023,Objetivo 1. Actividad 2. Muestreos y Analisis sedimentos,Gastón Vidal,INSTITUTO DE FOMENTO PESQUERO,Reloncavi,21,413751.5,724023.2,SULFUROS,3.3690193199285665,26/10/2022 18:17:00,X
21,ESTUDIO SEGUIMIENTO DESEMPEÑO AMBIENTAL ACUICULTURA EN CHILE Y SU EFECTO EN LOS ECOSISTEMAS DE EMPLAZAMIENTO 2022-2023,Objetivo 1. Actividad 2. Muestreos y Analisis sedimentos,Gastón Vidal,INSTITUTO DE FOMENTO PESQUERO,Calbuco,1,414442.2,730610.3,SULFUROS,12.48165661557235,10/08/2022 08:20:00,X
22,ESTUDIO SEGUIMIENTO DESEMPEÑO AMBIENTAL ACUICULTURA EN CHILE Y SU EFECTO EN LOS ECOSISTEMAS DE EMPLAZAMIENTO 2022-2023,Objetivo 1. Actividad 2. Muestreos y Analisis sedimentos,Gastón Vidal,INSTITUTO DE FOMENTO PESQUERO,Calbuco,2,414630.1,730505.2,SULFUROS,22.54064365082655,10/08/2022 10:17:00,X
23,ESTUDIO SEGUIMIENTO DESEMPEÑO AMBIENTAL ACUICULTURA EN CHILE Y SU EFECTO EN LOS ECOSISTEMAS DE EMPLAZAMIENTO 2022-2023,Objetivo 1. Actividad 2. Muestreos y Analisis sedimentos,Gastón Vidal,INSTITUTO DE FOMENTO PESQUERO,Calbuco,8,414314.7,730933.2,SULFUROS,57.68200084052372,10/08/2022 09:20:00,X
24,ESTUDIO SEGUIMIENTO DESEMPEÑO AMBIENTAL ACUICULTURA EN CHILE Y SU EFECTO EN LOS ECOSISTEMAS DE EMPLAZAMIENTO 2022-2023,Objetivo 1. Actividad 2. Muestreos y Analisis sedimentos,Gastón Vidal,INSTITUTO DE FOMENTO PESQUERO,Calbuco,16,414822.6,731018.3,SULFUROS,0.6648285639153508,09/08/2022 14:40:00,X
26,ESTUDIO SEGUIMIENTO DESEMPEÑO AMBIENTAL ACUICULTURA EN CHILE Y SU EFECTO EN LOS ECOSISTEMAS DE EMPLAZAMIENTO 2022-2023,Objetivo 1. Actividad 2. Muestreos y Analisis sedimentos,Gastón Vidal,INSTITUTO DE FOMENTO PESQUERO,Calbuco,26,415016.4,730447.2,SULFUROS,98.47212209742399,10/08/2022 11:30:00,X
27,ESTUDIO SEGUIMIENTO DESEMPEÑO AMBIENTAL ACUICULTURA EN CHILE Y SU EFECTO EN LOS ECOSISTEMAS DE EMPLAZAMIENTO 2022-2023,Objetivo 1. Actividad 2. Muestreos y Analisis sedimentos,Gastón Vidal,INSTITUTO DE FOMENTO PESQUERO,Calbuco,27,414959.8,730629.1,SULFUROS,15.81630223895065,10/08/2022 13:11:00,X
28,ESTUDIO SEGUIMIENTO DESEMPEÑO AMBIENTAL ACUICULTURA EN CHILE Y SU EFECTO EN LOS ECOSISTEMAS DE EMPLAZAMIENTO 2022-2023,Objetivo 1. Actividad 2. Muestreos y Analisis sedimentos,Gastón Vidal,INSTITUTO DE FOMENTO PESQUERO,Calbuco,30,415019.0,730822.5,SULFUROS,1.989467316683431e-05,10/08/2022 14:30:00,X
31,ESTUDIO SEGUIMIENTO DESEMPEÑO AMBIENTAL ACUICULTURA EN CHILE Y SU EFECTO EN LOS ECOSISTEMAS DE EMPLAZAMIENTO 2022-2023,Objetivo 1. Actividad 2. Muestreos y Analisis sedimentos,Gastón Vidal,INSTITUTO DE FOMENTO PESQUERO,Chacao,12,415217.3,733107.9,SULFUROS,2.704021557815597,10/08/2022 17:07:00,X
32,ESTUDIO SEGUIMIENTO DESEMPEÑO AMBIENTAL ACUICULTURA EN CHILE Y SU EFECTO EN LOS ECOSISTEMAS DE EMPLAZAMIENTO 2022-2023,Objetivo 1. Actividad 2. Muestreos y Analisis sedimentos,Gastón Vidal,INSTITUTO DE FOMENTO PESQUERO,Chacao,14,415115.7,732851.2,SULFUROS,1.5982519105091723e-06,10/08/2022 16:40:00,X
34,ESTUDIO SEGUIMIENTO DESEMPEÑO AMBIENTAL ACUICULTURA EN CHILE Y SU EFECTO EN LOS ECOSISTEMAS DE EMPLAZAMIENTO 2022-2023,Objetivo 1. Actividad 2. Muestreos y Analisis sedimentos,Gastón Vidal,INSTITUTO DE FOMENTO PESQUERO,Butachauques,3,421702.6,731506.7,SULFUROS,0.7766666666666667,12/08/2022 09:15:00,X
36,ESTUDIO SEGUIMIENTO DESEMPEÑO AMBIENTAL ACUICULTURA EN CHILE Y SU EFECTO EN LOS ECOSISTEMAS DE EMPLAZAMIENTO 2022-2023,Objetivo 1. Actividad 2. Muestreos y Analisis sedimentos,Gastón Vidal,INSTITUTO DE FOMENTO PESQUERO,Butachauques,10,421645.3,732049.7,SULFUROS,10.096666666666666,12/08/2022 10:40:00,X
39,ESTUDIO SEGUIMIENTO DESEMPEÑO AMBIENTAL ACUICULTURA EN CHILE Y SU EFECTO EN LOS ECOSISTEMAS DE EMPLAZAMIENTO 2022-2023,Objetivo 1. Actividad 2. Muestreos y Analisis sedimentos,Gastón Vidal,INSTITUTO DE FOMENTO PESQUERO,Butachauques,14,420929.5,732804.6,SULFUROS,20.71,11/08/2022 13:00:00,X
43,ESTUDIO SEGUIMIENTO DESEMPEÑO AMBIENTAL ACUICULTURA EN CHILE Y SU EFECTO EN LOS ECOSISTEMAS DE EMPLAZAMIENTO 2022-2023,Objetivo 1. Actividad 2. Muestreos y Analisis sedimentos,Gastón Vidal,INSTITUTO DE FOMENTO PESQUERO,Chaulinec,10,422429.1,731921.4,SULFUROS,0,12/08/2022 14:25:00,X
47,ESTUDIO SEGUIMIENTO DESEMPEÑO AMBIENTAL ACUICULTURA EN CHILE Y SU EFECTO EN LOS ECOSISTEMAS DE EMPLAZAMIENTO 2022-2023,Objetivo 1. Actividad 2. Muestreos y Analisis sedimentos,Gastón Vidal,INSTITUTO DE FOMENTO PESQUERO,Tenaun,6,422215.1,733731.1,SULFUROS,64.30197772593804,14/08/2022 10:59:00,X
50,ESTUDIO SEGUIMIENTO DESEMPEÑO AMBIENTAL ACUICULTURA EN CHILE Y SU EFECTO EN LOS ECOSISTEMAS DE EMPLAZAMIENTO 2022-2023,Objetivo 1. Actividad 2. Muestreos y Analisis sedimentos,Gastón Vidal,INSTITUTO DE FOMENTO PESQUERO,Chiloe central,1,423046.9,734515.6,SULFUROS,0.016666666666666666,16/08/2022 16:08:00,X
51,ESTUDIO SEGUIMIENTO DESEMPEÑO AMBIENTAL ACUICULTURA EN CHILE Y SU EFECTO EN LOS ECOSISTEMAS DE EMPLAZAMIENTO 2022-2023,Objetivo 1. Actividad 2. Muestreos y Analisis sedimentos,Gastón Vidal,INSTITUTO DE FOMENTO PESQUERO,Chiloe central,4,423259.2,734015.8,SULFUROS,0.016666666666666666,16/08/2022 13:39:00,X
52,ESTUDIO SEGUIMIENTO DESEMPEÑO AMBIENTAL ACUICULTURA EN CHILE Y SU EFECTO EN LOS ECOSISTEMAS DE EMPLAZAMIENTO 2022-2023,Objetivo 1. Actividad 2. Muestreos y Analisis sedimentos,Gastón Vidal,INSTITUTO DE FOMENTO PESQUERO,Chiloe central,6,423209.3,733613.2,SULFUROS,2.973333333333333,16/08/2022 13:20:00,X
53,ESTUDIO SEGUIMIENTO DESEMPEÑO AMBIENTAL ACUICULTURA EN CHILE Y SU EFECTO EN LOS ECOSISTEMAS DE EMPLAZAMIENTO 2022-2023,Objetivo 1. Actividad 2. Muestreos y Analisis sedimentos,Gastón Vidal,INSTITUTO DE FOMENTO PESQUERO,Chiloe central,7,423029.3,733611.3,SULFUROS,0.61,14/08/2022 12:35:00,X
54,ESTUDIO SEGUIMIENTO DESEMPEÑO AMBIENTAL ACUICULTURA EN CHILE Y SU EFECTO EN LOS ECOSISTEMAS DE EMPLAZAMIENTO 2022-2023,Objetivo 1. Actividad 2. Muestreos y Analisis sedimentos,Gastón Vidal,INSTITUTO DE FOMENTO PESQUERO,Chiloe central,11,422833.3,733241.1,SULFUROS,8.273333333333333,14/08/2022 13:32:00,X
55,ESTUDIO SEGUIMIENTO DESEMPEÑO AMBIENTAL ACUICULTURA EN CHILE Y SU EFECTO EN LOS ECOSISTEMAS DE EMPLAZAMIENTO 2022-2023,Objetivo 1. Actividad 2. Muestreos y Analisis sedimentos,Gastón Vidal,INSTITUTO DE FOMENTO PESQUERO,Chiloe central,12,423059.3,732821.5,SULFUROS,0.25666666666666665,14/08/2022 14:30:00,X
58,ESTUDIO SEGUIMIENTO DESEMPEÑO AMBIENTAL ACUICULTURA EN CHILE Y SU EFECTO EN LOS ECOSISTEMAS DE EMPLAZAMIENTO 2022-2023,Objetivo 1. Actividad 2. Muestreos y Analisis sedimentos,Gastón Vidal,INSTITUTO DE FOMENTO PESQUERO,Desertores,1,424703.0,725635.9,SULFUROS,20.05434977810866,21/10/2022 13:20:00,X
59,ESTUDIO SEGUIMIENTO DESEMPEÑO AMBIENTAL ACUICULTURA EN CHILE Y SU EFECTO EN LOS ECOSISTEMAS DE EMPLAZAMIENTO 2022-2023,Objetivo 1. Actividad 2. Muestreos y Analisis sedimentos,Gastón Vidal,INSTITUTO DE FOMENTO PESQUERO,Desertores,2,424756.1,725723.7,SULFUROS,1.0202702052216324,21/10/2022 14:09:00,X
60,ESTUDIO SEGUIMIENTO DESEMPEÑO AMBIENTAL ACUICULTURA EN CHILE Y SU EFECTO EN LOS ECOSISTEMAS DE EMPLAZAMIENTO 2022-2023,Objetivo 1. Actividad 2. Muestreos y Analisis sedimentos,Gastón Vidal,INSTITUTO DE FOMENTO PESQUERO,Desertores,3,424536.0,725951.7,SULFUROS,1.1797559214419855,21/10/2022 14:42:00,X
62,ESTUDIO SEGUIMIENTO DESEMPEÑO AMBIENTAL ACUICULTURA EN CHILE Y SU EFECTO EN LOS ECOSISTEMAS DE EMPLAZAMIENTO 2022-2023,Objetivo 1. Actividad 2. Muestreos y Analisis sedimentos,Gastón Vidal,INSTITUTO DE FOMENTO PESQUERO,Quellon,6,431143.2,733811.2,SULFUROS,33.876666666666665,20/08/2022 11:12:00,X
63,ESTUDIO SEGUIMIENTO DESEMPEÑO AMBIENTAL ACUICULTURA EN CHILE Y SU EFECTO EN LOS ECOSISTEMAS DE EMPLAZAMIENTO 2022-2023,Objetivo 1. Actividad 2. Muestreos y Analisis sedimentos,Gastón Vidal,INSTITUTO DE FOMENTO PESQUERO,Quellon,8,430739.5,734328.6,SULFUROS,83.39,20/08/2022 10:26:00,X
64,ESTUDIO SEGUIMIENTO DESEMPEÑO AMBIENTAL ACUICULTURA EN CHILE Y SU EFECTO EN LOS ECOSISTEMAS DE EMPLAZAMIENTO 2022-2023,Objetivo 1. Actividad 2. Muestreos y Analisis sedimentos,Gastón Vidal,INSTITUTO DE FOMENTO PESQUERO,Quellon,11,430832.2,734013.7,SULFUROS,13.193333333333333,20/08/2022 09:50:00,X
65,ESTUDIO SEGUIMIENTO DESEMPEÑO AMBIENTAL ACUICULTURA EN CHILE Y SU EFECTO EN LOS ECOSISTEMAS DE EMPLAZAMIENTO 2022-2023,Objetivo 1. Actividad 2. Muestreos y Analisis sedimentos,Gastón Vidal,INSTITUTO DE FOMENTO PESQUERO,Quellon,12,431133.5,733423.8,SULFUROS,79.64999999999999,20/08/2022 09:05:00,X
66,ESTUDIO SEGUIMIENTO DESEMPEÑO AMBIENTAL ACUICULTURA EN CHILE Y SU EFECTO EN LOS ECOSISTEMAS DE EMPLAZAMIENTO 2022-2023,Objetivo 1. Actividad 2. Muestreos y Analisis sedimentos,Gastón Vidal,INSTITUTO DE FOMENTO PESQUERO,Quellon,13,430826.2,733310.7,SULFUROS,54.43000000000001,20/08/2022 08:20:00,X
70,ESTUDIO SEGUIMIENTO DESEMPEÑO AMBIENTAL ACUICULTURA EN CHILE Y SU EFECTO EN LOS ECOSISTEMAS DE EMPLAZAMIENTO 2022-2023,Objetivo 1. Actividad 2. Muestreos y Analisis sedimentos,Gastón Vidal,INSTITUTO DE FOMENTO PESQUERO,Quellon,26,425621.2,733649.9,SULFUROS,18.863333333333333,18/08/2022 11:30:00,X
71,ESTUDIO SEGUIMIENTO DESEMPEÑO AMBIENTAL ACUICULTURA EN CHILE Y SU EFECTO EN LOS ECOSISTEMAS DE EMPLAZAMIENTO 2022-2023,Objetivo 1. Actividad 2. Muestreos y Analisis sedimentos,Gastón Vidal,INSTITUTO DE FOMENTO PESQUERO,Quellon,28,425525.9,733504.7,SULFUROS,0,18/08/2022 08:40:00,X
72,ESTUDIO SEGUIMIENTO DESEMPEÑO AMBIENTAL ACUICULTURA EN CHILE Y SU EFECTO EN LOS ECOSISTEMAS DE EMPLAZAMIENTO 2022-2023,Objetivo 1. Actividad 2. Muestreos y Analisis sedimentos,Gastón Vidal,INSTITUTO DE FOMENTO PESQUERO,Quellon,32,425122.8,734130.9,SULFUROS,15.756666666666666,18/08/2022 09:23:00,X
83,ESTUDIO SEGUIMIENTO DESEMPEÑO AMBIENTAL ACUICULTURA EN CHILE Y SU EFECTO EN LOS ECOSISTEMAS DE EMPLAZAMIENTO 2022-2023,Objetivo 1. Actividad 2. Muestreos y Analisis sedimentos,Gastón Vidal,INSTITUTO DE FOMENTO PESQUERO,Ayacara,7,423730.6,725115.4,SULFUROS,0.07187176014458257,22/10/2022 12:55:00,X
95,ESTUDIO SEGUIMIENTO DESEMPEÑO AMBIENTAL ACUICULTURA EN CHILE Y SU EFECTO EN LOS ECOSISTEMAS DE EMPLAZAMIENTO 2022-2023,Objetivo 1. Actividad 2. Muestreos y Analisis sedimentos,Gastón Vidal,INSTITUTO DE FOMENTO PESQUERO,Guaitecas,7,440453.4,735253.7,SULFUROS,1.1717136311946266,26/09/2022 14:00:00,XI
96,ESTUDIO SEGUIMIENTO DESEMPEÑO AMBIENTAL ACUICULTURA EN CHILE Y SU EFECTO EN LOS ECOSISTEMAS DE EMPLAZAMIENTO 2022-2023,Objetivo 1. Actividad 2. Muestreos y Analisis sedimentos,Gastón Vidal,INSTITUTO DE FOMENTO PESQUERO,Guaitecas,8,435456.5,735432.1,SULFUROS,18.635975451420478,27/09/2022 13:00:00,XI
102,ESTUDIO SEGUIMIENTO DESEMPEÑO AMBIENTAL ACUICULTURA EN CHILE Y SU EFECTO EN LOS ECOSISTEMAS DE EMPLAZAMIENTO 2022-2023,Objetivo 1. Actividad 2. Muestreos y Analisis sedimentos,Gastón Vidal,INSTITUTO DE FOMENTO PESQUERO,Moraleda,4,450957.9,740833.4,SULFUROS,7.574922624655323,29/09/2022 10:00:00,XI
103,ESTUDIO SEGUIMIENTO DESEMPEÑO AMBIENTAL ACUICULTURA EN CHILE Y SU EFECTO EN LOS ECOSISTEMAS DE EMPLAZAMIENTO 2022-2023,Objetivo 1. Actividad 2. Muestreos y Analisis sedimentos,Gastón Vidal,INSTITUTO DE FOMENTO PESQUERO,Moraleda,5,450801.8,741520.1,SULFUROS,40.096126713740354,28/09/2022 19:00:00,XI
104,ESTUDIO SEGUIMIENTO DESEMPEÑO AMBIENTAL ACUICULTURA EN CHILE Y SU EFECTO EN LOS ECOSISTEMAS DE EMPLAZAMIENTO 2022-2023,Objetivo 1. Actividad 2. Muestreos y Analisis sedimentos,Gastón Vidal,INSTITUTO DE FOMENTO PESQUERO,Moraleda,12,444145.4,735257.1,SULFUROS,47.37243043717049,28/09/2022 14:14:00,XI
105,ESTUDIO SEGUIMIENTO DESEMPEÑO AMBIENTAL ACUICULTURA EN CHILE Y SU EFECTO EN LOS ECOSISTEMAS DE EMPLAZAMIENTO 2022-2023,Objetivo 1. Actividad 2. Muestreos y Analisis sedimentos,Gastón Vidal,INSTITUTO DE FOMENTO PESQUERO,Moraleda,13,443935.6,735252.9,SULFUROS,74.1449254825823,28/09/2022 13:18:00,XI
106,ESTUDIO SEGUIMIENTO DESEMPEÑO AMBIENTAL ACUICULTURA EN CHILE Y SU EFECTO EN LOS ECOSISTEMAS DE EMPLAZAMIENTO 2022-2023,Objetivo 1. Actividad 2. Muestreos y Analisis sedimentos,Gastón Vidal,INSTITUTO DE FOMENTO PESQUERO,Moraleda,14,443608.6,740025.9,SULFUROS,31.99131481949038,28/09/2022 11:15:00,XI
107,ESTUDIO SEGUIMIENTO DESEMPEÑO AMBIENTAL ACUICULTURA EN CHILE Y SU EFECTO EN LOS ECOSISTEMAS DE EMPLAZAMIENTO 2022-2023,Objetivo 1. Actividad 2. Muestreos y Analisis sedimentos,Gastón Vidal,INSTITUTO DE FOMENTO PESQUERO,Moraleda,16,443308.8,740650.1,SULFUROS,66.9115127948442,28/09/2022 10:20:00,XI
117,ESTUDIO SEGUIMIENTO DESEMPEÑO AMBIENTAL ACUICULTURA EN CHILE Y SU EFECTO EN LOS ECOSISTEMAS DE EMPLAZAMIENTO 2022-2023,Objetivo 1. Actividad 2. Muestreos y Analisis sedimentos,Gastón Vidal,INSTITUTO DE FOMENTO PESQUERO,Puyuhuapi,12,445441.9,730811.9,SULFUROS,25.106331464393943,09/10/2022 11:00:00,XI
118,ESTUDIO SEGUIMIENTO DESEMPEÑO AMBIENTAL ACUICULTURA EN CHILE Y SU EFECTO EN LOS ECOSISTEMAS DE EMPLAZAMIENTO 2022-2023,Objetivo 1. Actividad 2. Muestreos y Analisis sedimentos,Gastón Vidal,INSTITUTO DE FOMENTO PESQUERO,Aysen,1,452639.7,730033.3,SULFUROS,58.86663578550348,04/10/2022 16:09:00,XI
121,ESTUDIO SEGUIMIENTO DESEMPEÑO AMBIENTAL ACUICULTURA EN CHILE Y SU EFECTO EN LOS ECOSISTEMAS DE EMPLAZAMIENTO 2022-2023,Objetivo 1. Actividad 2. Muestreos y Analisis sedimentos,Gastón Vidal,INSTITUTO DE FOMENTO PESQUERO,Aysen,6,453734.9,733550.9,SULFUROS,0.0001241508365035002,02/10/2022 14:12:00,XI
125,ESTUDIO SEGUIMIENTO DESEMPEÑO AMBIENTAL ACUICULTURA EN CHILE Y SU EFECTO EN LOS ECOSISTEMAS DE EMPLAZAMIENTO 2022-2023,Objetivo 1. Actividad 2. Muestreos y Analisis sedimentos,Gastón Vidal,INSTITUTO DE FOMENTO PESQUERO,Aysen,13,461329.4,734345.5,SULFUROS,6.416022703197081e-09,30/09/2022 15:24:00,XI
126,ESTUDIO SEGUIMIENTO DESEMPEÑO AMBIENTAL ACUICULTURA EN CHILE Y SU EFECTO EN LOS ECOSISTEMAS DE EMPLAZAMIENTO 2022-2023,Objetivo 1. Actividad 2. Muestreos y Analisis sedimentos,Gastón Vidal,INSTITUTO DE FOMENTO PESQUERO,Aysen,18,460557.7,735202.9,SULFUROS,0.4030616020871894,30/09/2022 14:10:00,XI
127,ESTUDIO SEGUIMIENTO DESEMPEÑO AMBIENTAL ACUICULTURA EN CHILE Y SU EFECTO EN LOS ECOSISTEMAS DE EMPLAZAMIENTO 2022-2023,Objetivo 1. Actividad 2. Muestreos y Analisis sedimentos,Gastón Vidal,INSTITUTO DE FOMENTO PESQUERO,Aysen,19,460107.9,735645.7,SULFUROS,1.829928814981235e-05,30/09/2022 12:40:00,XI
128,ESTUDIO SEGUIMIENTO DESEMPEÑO AMBIENTAL ACUICULTURA EN CHILE Y SU EFECTO EN LOS ECOSISTEMAS DE EMPLAZAMIENTO 2022-2023,Objetivo 1. Actividad 2. Muestreos y Analisis sedimentos,Gastón Vidal,INSTITUTO DE FOMENTO PESQUERO,Aysen,24,454429.7,740423.3,SULFUROS,13.89960851676023,30/09/2022 08:50:00,XI
132,ESTUDIO SEGUIMIENTO DESEMPEÑO AMBIENTAL ACUICULTURA EN CHILE Y SU EFECTO EN LOS ECOSISTEMAS DE EMPLAZAMIENTO 2022-2023,Objetivo 1. Actividad 2. Muestreos y Analisis sedimentos,Gastón Vidal,INSTITUTO DE FOMENTO PESQUERO,Aysen,34,451659.5,734350.5,SULFUROS,13.280590404442213,06/10/2022 13:37:00,XI
133,ESTUDIO SEGUIMIENTO DESEMPEÑO AMBIENTAL ACUICULTURA EN CHILE Y SU EFECTO EN LOS ECOSISTEMAS DE EMPLAZAMIENTO 2022-2023,Objetivo 1. Actividad 2. Muestreos y Analisis sedimentos,Gastón Vidal,INSTITUTO DE FOMENTO PESQUERO,Natales,2,513604.7,724301.6,SULFUROS,89.89737113751376,11/01/2023 09:25:00,XII
134,ESTUDIO SEGUIMIENTO DESEMPEÑO AMBIENTAL ACUICULTURA EN CHILE Y SU EFECTO EN LOS ECOSISTEMAS DE EMPLAZAMIENTO 2022-2023,Objetivo 1. Actividad 2. Muestreos y Analisis sedimentos,Gastón Vidal,INSTITUTO DE FOMENTO PESQUERO,Natales,3,514018.2,723753.1,SULFUROS,40.36090992305132,11/01/2023 10:13:00,XII
135,ESTUDIO SEGUIMIENTO DESEMPEÑO AMBIENTAL ACUICULTURA EN CHILE Y SU EFECTO EN LOS ECOSISTEMAS DE EMPLAZAMIENTO 2022-2023,Objetivo 1. Actividad 2. Muestreos y Analisis sedimentos,Gastón Vidal,INSTITUTO DE FOMENTO PESQUERO,Natales,5,514929.7,723739.8,SULFUROS,13.186093402167907,10/01/2023 13:05:00,XII
136,ESTUDIO SEGUIMIENTO DESEMPEÑO AMBIENTAL ACUICULTURA EN CHILE Y SU EFECTO EN LOS ECOSISTEMAS DE EMPLAZAMIENTO 2022-2023,Objetivo 1. Actividad 2. Muestreos y Analisis sedimentos,Gastón Vidal,INSTITUTO DE FOMENTO PESQUERO,Natales,9,514601.6,725405.0,SULFUROS,15.249446740442488,19/01/2023 10:52:00,XII
137,ESTUDIO SEGUIMIENTO DESEMPEÑO AMBIENTAL ACUICULTURA EN CHILE Y SU EFECTO EN LOS ECOSISTEMAS DE EMPLAZAMIENTO 2022-2023,Objetivo 1. Actividad 2. Muestreos y Analisis sedimentos,Gastón Vidal,INSTITUTO DE FOMENTO PESQUERO,Natales,10,520357.8,725602.0,SULFUROS,32.5627247335719,18/01/2023 11:46:00,XII
138,ESTUDIO SEGUIMIENTO DESEMPEÑO AMBIENTAL ACUICULTURA EN CHILE Y SU EFECTO EN LOS ECOSISTEMAS DE EMPLAZAMIENTO 2022-2023,Objetivo 1. Actividad 2. Muestreos y Analisis sedimentos,Gastón Vidal,INSTITUTO DE FOMENTO PESQUERO,Natales,11,521159.7,725703.6,SULFUROS,122.40194535201204,18/01/2023 14:11:00,XII
139,ESTUDIO SEGUIMIENTO DESEMPEÑO AMBIENTAL ACUICULTURA EN CHILE Y SU EFECTO EN LOS ECOSISTEMAS DE EMPLAZAMIENTO 2022-2023,Objetivo 1. Actividad 2. Muestreos y Analisis sedimentos,Gastón Vidal,INSTITUTO DE FOMENTO PESQUERO,Natales,13,521310.4,725226.1,SULFUROS,25.96852764964809,18/01/2023 14:45:00,XII
140,ESTUDIO SEGUIMIENTO DESEMPEÑO AMBIENTAL ACUICULTURA EN CHILE Y SU EFECTO EN LOS ECOSISTEMAS DE EMPLAZAMIENTO 2022-2023,Objetivo 1. Actividad 2. Muestreos y Analisis sedimentos,Gastón Vidal,INSTITUTO DE FOMENTO PESQUERO,Natales,14,520439.3,723937.6,SULFUROS,37.789238825886706,10/01/2023 10:18:00,XII
1,ESTUDIO SEGUIMIENTO DESEMPEÑO AMBIENTAL ACUICULTURA EN CHILE Y SU EFECTO EN LOS ECOSISTEMAS DE EMPLAZAMIENTO 2022-2023,Objetivo 1. Actividad 2. Muestreos y Analisis sedimentos,Gastón Vidal,INSTITUTO DE FOMENTO PESQUERO,Estuario,1,412614.9,721747.9,MATERIA ORGANICA,3.131656757701955,27/10/2022 14:47:00,X
2,ESTUDIO SEGUIMIENTO DESEMPEÑO AMBIENTAL ACUICULTURA EN CHILE Y SU EFECTO EN LOS ECOSISTEMAS DE EMPLAZAMIENTO 2022-2023,Objetivo 1. Actividad 2. Muestreos y Analisis sedimentos,Gastón Vidal,INSTITUTO DE FOMENTO PESQUERO,Estuario,2,412807.3,721843.5,MATERIA ORGANICA,3.6041619713019366,27/10/2022 14:20:00,X
3,ESTUDIO SEGUIMIENTO DESEMPEÑO AMBIENTAL ACUICULTURA EN CHILE Y SU EFECTO EN LOS ECOSISTEMAS DE EMPLAZAMIENTO 2022-2023,Objetivo 1. Actividad 2. Muestreos y Analisis sedimentos,Gastón Vidal,INSTITUTO DE FOMENTO PESQUERO,Estuario,3,412945.4,721845.5,MATERIA ORGANICA,2.3919508953995976,27/10/2022 13:52:00,X
4,ESTUDIO SEGUIMIENTO DESEMPEÑO AMBIENTAL ACUICULTURA EN CHILE Y SU EFECTO EN LOS ECOSISTEMAS DE EMPLAZAMIENTO 2022-2023,Objetivo 1. Actividad 2. Muestreos y Analisis sedimentos,Gastón Vidal,INSTITUTO DE FOMENTO PESQUERO,Estuario,5,413039.3,721721.1,MATERIA ORGANICA,1.1997767857143278,27/10/2022 13:35:00,X
5,ESTUDIO SEGUIMIENTO DESEMPEÑO AMBIENTAL ACUICULTURA EN CHILE Y SU EFECTO EN LOS ECOSISTEMAS DE EMPLAZAMIENTO 2022-2023,Objetivo 1. Actividad 2. Muestreos y Analisis sedimentos,Gastón Vidal,INSTITUTO DE FOMENTO PESQUERO,Estuario,6,413132.6,722021.4,MATERIA ORGANICA,1.7822251169400212,27/10/2022 11:43:00,X
6,ESTUDIO SEGUIMIENTO DESEMPEÑO AMBIENTAL ACUICULTURA EN CHILE Y SU EFECTO EN LOS ECOSISTEMAS DE EMPLAZAMIENTO 2022-2023,Objetivo 1. Actividad 2. Muestreos y Analisis sedimentos,Gastón Vidal,INSTITUTO DE FOMENTO PESQUERO,Estuario,7,413157.8,721802.6,MATERIA ORGANICA,3.9592163270864433,27/10/2022 13:52:00,X
7,ESTUDIO SEGUIMIENTO DESEMPEÑO AMBIENTAL ACUICULTURA EN CHILE Y SU EFECTO EN LOS ECOSISTEMAS DE EMPLAZAMIENTO 2022-2023,Objetivo 1. Actividad 2. Muestreos y Analisis sedimentos,Gastón Vidal,INSTITUTO DE FOMENTO PESQUERO,Estuario,8,413533.0,722110.7,MATERIA ORGANICA,5.504705983939191,27/10/2022 10:46:00,X
8,ESTUDIO SEGUIMIENTO DESEMPEÑO AMBIENTAL ACUICULTURA EN CHILE Y SU EFECTO EN LOS ECOSISTEMAS DE EMPLAZAMIENTO 2022-2023,Objetivo 1. Actividad 2. Muestreos y Analisis sedimentos,Gastón Vidal,INSTITUTO DE FOMENTO PESQUERO,Estuario,12,413938.3,722058.9,MATERIA ORGANICA,1.873753317941213,27/10/2022 10:05:00,X
9,ESTUDIO SEGUIMIENTO DESEMPEÑO AMBIENTAL ACUICULTURA EN CHILE Y SU EFECTO EN LOS ECOSISTEMAS DE EMPLAZAMIENTO 2022-2023,Objetivo 1. Actividad 2. Muestreos y Analisis sedimentos,Gastón Vidal,INSTITUTO DE FOMENTO PESQUERO,Estuario,17,414052.7,722801.1,MATERIA ORGANICA,1.7123675712424073,27/10/2022 09:10:00,X
10,ESTUDIO SEGUIMIENTO DESEMPEÑO AMBIENTAL ACUICULTURA EN CHILE Y SU EFECTO EN LOS ECOSISTEMAS DE EMPLAZAMIENTO 2022-2023,Objetivo 1. Actividad 2. Muestreos y Analisis sedimentos,Gastón Vidal,INSTITUTO DE FOMENTO PESQUERO,Estuario,21,414330.8,723048.5,MATERIA ORGANICA,2.717516163969958,27/10/2022 08:19:00,X
12,ESTUDIO SEGUIMIENTO DESEMPEÑO AMBIENTAL ACUICULTURA EN CHILE Y SU EFECTO EN LOS ECOSISTEMAS DE EMPLAZAMIENTO 2022-2023,Objetivo 1. Actividad 2. Muestreos y Analisis sedimentos,Gastón Vidal,INSTITUTO DE FOMENTO PESQUERO,Reloncavi,4,415223.0,725351.4,MATERIA ORGANICA,1.2271,24/10/2022 13:19:00,X
13,ESTUDIO SEGUIMIENTO DESEMPEÑO AMBIENTAL ACUICULTURA EN CHILE Y SU EFECTO EN LOS ECOSISTEMAS DE EMPLAZAMIENTO 2022-2023,Objetivo 1. Actividad 2. Muestreos y Analisis sedimentos,Gastón Vidal,INSTITUTO DE FOMENTO PESQUERO,Reloncavi,5,415307.1,725602.6,MATERIA ORGANICA,0.8081,24/10/2022 11:27:00,X
14,ESTUDIO SEGUIMIENTO DESEMPEÑO AMBIENTAL ACUICULTURA EN CHILE Y SU EFECTO EN LOS ECOSISTEMAS DE EMPLAZAMIENTO 2022-2023,Objetivo 1. Actividad 2. Muestreos y Analisis sedimentos,Gastón Vidal,INSTITUTO DE FOMENTO PESQUERO,Reloncavi,7,414413.7,730243.4,MATERIA ORGANICA,0.7265,09/08/2022 11:06:00,X
15,ESTUDIO SEGUIMIENTO DESEMPEÑO AMBIENTAL ACUICULTURA EN CHILE Y SU EFECTO EN LOS ECOSISTEMAS DE EMPLAZAMIENTO 2022-2023,Objetivo 1. Actividad 2. Muestreos y Analisis sedimentos,Gastón Vidal,INSTITUTO DE FOMENTO PESQUERO,Reloncavi,13,412948.4,725730.9,MATERIA ORGANICA,1.0245,09/08/2022 08:35:00,X
16,ESTUDIO SEGUIMIENTO DESEMPEÑO AMBIENTAL ACUICULTURA EN CHILE Y SU EFECTO EN LOS ECOSISTEMAS DE EMPLAZAMIENTO 2022-2023,Objetivo 1. Actividad 2. Muestreos y Analisis sedimentos,Gastón Vidal,INSTITUTO DE FOMENTO PESQUERO,Reloncavi,15,413105.3,724724.2,MATERIA ORGANICA,1.3303,26/10/2022 11:14:00,X
17,ESTUDIO SEGUIMIENTO DESEMPEÑO AMBIENTAL ACUICULTURA EN CHILE Y SU EFECTO EN LOS ECOSISTEMAS DE EMPLAZAMIENTO 2022-2023,Objetivo 1. Actividad 2. Muestreos y Analisis sedimentos,Gastón Vidal,INSTITUTO DE FOMENTO PESQUERO,Reloncavi,17,413450.6,724336.9,MATERIA ORGANICA,1.1656,26/10/2022 12:00:00,X
18,ESTUDIO SEGUIMIENTO DESEMPEÑO AMBIENTAL ACUICULTURA EN CHILE Y SU EFECTO EN LOS ECOSISTEMAS DE EMPLAZAMIENTO 2022-2023,Objetivo 1. Actividad 2. Muestreos y Analisis sedimentos,Gastón Vidal,INSTITUTO DE FOMENTO PESQUERO,Reloncavi,19,413707.8,724152.2,MATERIA ORGANICA,1.0401,26/10/2022 18:01:00,X
19,ESTUDIO SEGUIMIENTO DESEMPEÑO AMBIENTAL ACUICULTURA EN CHILE Y SU EFECTO EN LOS ECOSISTEMAS DE EMPLAZAMIENTO 2022-2023,Objetivo 1. Actividad 2. Muestreos y Analisis sedimentos,Gastón Vidal,INSTITUTO DE FOMENTO PESQUERO,Reloncavi,21,413751.5,724023.2,MATERIA ORGANICA,1.8436,26/10/2022 18:17:00,X
20,ESTUDIO SEGUIMIENTO DESEMPEÑO AMBIENTAL ACUICULTURA EN CHILE Y SU EFECTO EN LOS ECOSISTEMAS DE EMPLAZAMIENTO 2022-2023,Objetivo 1. Actividad 2. Muestreos y Analisis sedimentos,Gastón Vidal,INSTITUTO DE FOMENTO PESQUERO,Reloncavi,25,414943.9,724718.2,MATERIA ORGANICA,1.6972,25/10/2022 10:45:00,X
21,ESTUDIO SEGUIMIENTO DESEMPEÑO AMBIENTAL ACUICULTURA EN CHILE Y SU EFECTO EN LOS ECOSISTEMAS DE EMPLAZAMIENTO 2022-2023,Objetivo 1. Actividad 2. Muestreos y Analisis sedimentos,Gastón Vidal,INSTITUTO DE FOMENTO PESQUERO,Calbuco,1,414442.2,730610.3,MATERIA ORGANICA,0.9551,10/08/2022 08:20:00,X
22,ESTUDIO SEGUIMIENTO DESEMPEÑO AMBIENTAL ACUICULTURA EN CHILE Y SU EFECTO EN LOS ECOSISTEMAS DE EMPLAZAMIENTO 2022-2023,Objetivo 1. Actividad 2. Muestreos y Analisis sedimentos,Gastón Vidal,INSTITUTO DE FOMENTO PESQUERO,Calbuco,2,414630.1,730505.2,MATERIA ORGANICA,2.2729,10/08/2022 10:17:00,X
23,ESTUDIO SEGUIMIENTO DESEMPEÑO AMBIENTAL ACUICULTURA EN CHILE Y SU EFECTO EN LOS ECOSISTEMAS DE EMPLAZAMIENTO 2022-2023,Objetivo 1. Actividad 2. Muestreos y Analisis sedimentos,Gastón Vidal,INSTITUTO DE FOMENTO PESQUERO,Calbuco,8,414314.7,730933.2,MATERIA ORGANICA,1.6743,10/08/2022 09:20:00,X
24,ESTUDIO SEGUIMIENTO DESEMPEÑO AMBIENTAL ACUICULTURA EN CHILE Y SU EFECTO EN LOS ECOSISTEMAS DE EMPLAZAMIENTO 2022-2023,Objetivo 1. Actividad 2. Muestreos y Analisis sedimentos,Gastón Vidal,INSTITUTO DE FOMENTO PESQUERO,Calbuco,16,414822.6,731018.3,MATERIA ORGANICA,0.867,09/08/2022 14:40:00,X
25,ESTUDIO SEGUIMIENTO DESEMPEÑO AMBIENTAL ACUICULTURA EN CHILE Y SU EFECTO EN LOS ECOSISTEMAS DE EMPLAZAMIENTO 2022-2023,Objetivo 1. Actividad 2. Muestreos y Analisis sedimentos,Gastón Vidal,INSTITUTO DE FOMENTO PESQUERO,Calbuco,22,414705.8,730505.2,MATERIA ORGANICA,1.8743,10/08/2022 10:43:00,X
26,ESTUDIO SEGUIMIENTO DESEMPEÑO AMBIENTAL ACUICULTURA EN CHILE Y SU EFECTO EN LOS ECOSISTEMAS DE EMPLAZAMIENTO 2022-2023,Objetivo 1. Actividad 2. Muestreos y Analisis sedimentos,Gastón Vidal,INSTITUTO DE FOMENTO PESQUERO,Calbuco,26,415016.4,730447.2,MATERIA ORGANICA,8.0351,10/08/2022 11:30:00,X
27,ESTUDIO SEGUIMIENTO DESEMPEÑO AMBIENTAL ACUICULTURA EN CHILE Y SU EFECTO EN LOS ECOSISTEMAS DE EMPLAZAMIENTO 2022-2023,Objetivo 1. Actividad 2. Muestreos y Analisis sedimentos,Gastón Vidal,INSTITUTO DE FOMENTO PESQUERO,Calbuco,27,414959.8,730629.1,MATERIA ORGANICA,0.7919,10/08/2022 13:11:00,X
28,ESTUDIO SEGUIMIENTO DESEMPEÑO AMBIENTAL ACUICULTURA EN CHILE Y SU EFECTO EN LOS ECOSISTEMAS DE EMPLAZAMIENTO 2022-2023,Objetivo 1. Actividad 2. Muestreos y Analisis sedimentos,Gastón Vidal,INSTITUTO DE FOMENTO PESQUERO,Calbuco,30,415019.0,730822.5,MATERIA ORGANICA,0.8416,10/08/2022 14:30:00,X
29,ESTUDIO SEGUIMIENTO DESEMPEÑO AMBIENTAL ACUICULTURA EN CHILE Y SU EFECTO EN LOS ECOSISTEMAS DE EMPLAZAMIENTO 2022-2023,Objetivo 1. Actividad 2. Muestreos y Analisis sedimentos,Gastón Vidal,INSTITUTO DE FOMENTO PESQUERO,Chacao,2,415659.3,733134.3,MATERIA ORGANICA,1.2537,11/08/2022 10:15:00,X
30,ESTUDIO SEGUIMIENTO DESEMPEÑO AMBIENTAL ACUICULTURA EN CHILE Y SU EFECTO EN LOS ECOSISTEMAS DE EMPLAZAMIENTO 2022-2023,Objetivo 1. Actividad 2. Muestreos y Analisis sedimentos,Gastón Vidal,INSTITUTO DE FOMENTO PESQUERO,Chacao,6,415415.1,732906.8,MATERIA ORGANICA,0.8298,11/08/2022 09:00:00,X
31,ESTUDIO SEGUIMIENTO DESEMPEÑO AMBIENTAL ACUICULTURA EN CHILE Y SU EFECTO EN LOS ECOSISTEMAS DE EMPLAZAMIENTO 2022-2023,Objetivo 1. Actividad 2. Muestreos y Analisis sedimentos,Gastón Vidal,INSTITUTO DE FOMENTO PESQUERO,Chacao,12,415217.3,733107.9,MATERIA ORGANICA,0.9388,10/08/2022 17:07:00,X
32,ESTUDIO SEGUIMIENTO DESEMPEÑO AMBIENTAL ACUICULTURA EN CHILE Y SU EFECTO EN LOS ECOSISTEMAS DE EMPLAZAMIENTO 2022-2023,Objetivo 1. Actividad 2. Muestreos y Analisis sedimentos,Gastón Vidal,INSTITUTO DE FOMENTO PESQUERO,Chacao,14,415115.7,732851.2,MATERIA ORGANICA,0.9706,10/08/2022 16:40:00,X
33,ESTUDIO SEGUIMIENTO DESEMPEÑO AMBIENTAL ACUICULTURA EN CHILE Y SU EFECTO EN LOS ECOSISTEMAS DE EMPLAZAMIENTO 2022-2023,Objetivo 1. Actividad 2. Muestreos y Analisis sedimentos,Gastón Vidal,INSTITUTO DE FOMENTO PESQUERO,Butachauques,1,421917.6,731519.1,MATERIA ORGANICA,1.1596,12/08/2022 08:35:00,X
34,ESTUDIO SEGUIMIENTO DESEMPEÑO AMBIENTAL ACUICULTURA EN CHILE Y SU EFECTO EN LOS ECOSISTEMAS DE EMPLAZAMIENTO 2022-2023,Objetivo 1. Actividad 2. Muestreos y Analisis sedimentos,Gastón Vidal,INSTITUTO DE FOMENTO PESQUERO,Butachauques,3,421702.6,731506.7,MATERIA ORGANICA,1.829,12/08/2022 09:15:00,X
35,ESTUDIO SEGUIMIENTO DESEMPEÑO AMBIENTAL ACUICULTURA EN CHILE Y SU EFECTO EN LOS ECOSISTEMAS DE EMPLAZAMIENTO 2022-2023,Objetivo 1. Actividad 2. Muestreos y Analisis sedimentos,Gastón Vidal,INSTITUTO DE FOMENTO PESQUERO,Butachauques,7,421556.3,730936.2,MATERIA ORGANICA,0.9632,12/08/2022 12:20:00,X
36,ESTUDIO SEGUIMIENTO DESEMPEÑO AMBIENTAL ACUICULTURA EN CHILE Y SU EFECTO EN LOS ECOSISTEMAS DE EMPLAZAMIENTO 2022-2023,Objetivo 1. Actividad 2. Muestreos y Analisis sedimentos,Gastón Vidal,INSTITUTO DE FOMENTO PESQUERO,Butachauques,10,421645.3,732049.7,MATERIA ORGANICA,1.2903,12/08/2022 10:40:00,X
37,ESTUDIO SEGUIMIENTO DESEMPEÑO AMBIENTAL ACUICULTURA EN CHILE Y SU EFECTO EN LOS ECOSISTEMAS DE EMPLAZAMIENTO 2022-2023,Objetivo 1. Actividad 2. Muestreos y Analisis sedimentos,Gastón Vidal,INSTITUTO DE FOMENTO PESQUERO,Butachauques,12,421224.4,732358.0,MATERIA ORGANICA,1.199,11/08/2022 15:37:00,X
38,ESTUDIO SEGUIMIENTO DESEMPEÑO AMBIENTAL ACUICULTURA EN CHILE Y SU EFECTO EN LOS ECOSISTEMAS DE EMPLAZAMIENTO 2022-2023,Objetivo 1. Actividad 2. Muestreos y Analisis sedimentos,Gastón Vidal,INSTITUTO DE FOMENTO PESQUERO,Butachauques,13,421021.7,732609.5,MATERIA ORGANICA,1.303,11/08/2022 13:22:00,X
39,ESTUDIO SEGUIMIENTO DESEMPEÑO AMBIENTAL ACUICULTURA EN CHILE Y SU EFECTO EN LOS ECOSISTEMAS DE EMPLAZAMIENTO 2022-2023,Objetivo 1. Actividad 2. Muestreos y Analisis sedimentos,Gastón Vidal,INSTITUTO DE FOMENTO PESQUERO,Butachauques,14,420929.5,732804.6,MATERIA ORGANICA,7.2139,11/08/2022 13:00:00,X
40,ESTUDIO SEGUIMIENTO DESEMPEÑO AMBIENTAL ACUICULTURA EN CHILE Y SU EFECTO EN LOS ECOSISTEMAS DE EMPLAZAMIENTO 2022-2023,Objetivo 1. Actividad 2. Muestreos y Analisis sedimentos,Gastón Vidal,INSTITUTO DE FOMENTO PESQUERO,Chaulinec,3,423622.9,731526.5,MATERIA ORGANICA,0.6066,15/08/2022 09:00:00,X
41,ESTUDIO SEGUIMIENTO DESEMPEÑO AMBIENTAL ACUICULTURA EN CHILE Y SU EFECTO EN LOS ECOSISTEMAS DE EMPLAZAMIENTO 2022-2023,Objetivo 1. Actividad 2. Muestreos y Analisis sedimentos,Gastón Vidal,INSTITUTO DE FOMENTO PESQUERO,Chaulinec,4,423422.1,731353.2,MATERIA ORGANICA,0.9231,15/08/2022 09:50:00,X
42,ESTUDIO SEGUIMIENTO DESEMPEÑO AMBIENTAL ACUICULTURA EN CHILE Y SU EFECTO EN LOS ECOSISTEMAS DE EMPLAZAMIENTO 2022-2023,Objetivo 1. Actividad 2. Muestreos y Analisis sedimentos,Gastón Vidal,INSTITUTO DE FOMENTO PESQUERO,Chaulinec,7,422803.3,732256.7,MATERIA ORGANICA,0.8023,12/08/2022 14:58:00,X
43,ESTUDIO SEGUIMIENTO DESEMPEÑO AMBIENTAL ACUICULTURA EN CHILE Y SU EFECTO EN LOS ECOSISTEMAS DE EMPLAZAMIENTO 2022-2023,Objetivo 1. Actividad 2. Muestreos y Analisis sedimentos,Gastón Vidal,INSTITUTO DE FOMENTO PESQUERO,Chaulinec,10,422429.1,731921.4,MATERIA ORGANICA,1.2114,12/08/2022 14:25:00,X
44,ESTUDIO SEGUIMIENTO DESEMPEÑO AMBIENTAL ACUICULTURA EN CHILE Y SU EFECTO EN LOS ECOSISTEMAS DE EMPLAZAMIENTO 2022-2023,Objetivo 1. Actividad 2. Muestreos y Analisis sedimentos,Gastón Vidal,INSTITUTO DE FOMENTO PESQUERO,Chaulinec,13,422634.7,733044.2,MATERIA ORGANICA,1.2679,12/08/2022 16:30:00,X
45,ESTUDIO SEGUIMIENTO DESEMPEÑO AMBIENTAL ACUICULTURA EN CHILE Y SU EFECTO EN LOS ECOSISTEMAS DE EMPLAZAMIENTO 2022-2023,Objetivo 1. Actividad 2. Muestreos y Analisis sedimentos,Gastón Vidal,INSTITUTO DE FOMENTO PESQUERO,Tenaun,2,422246.5,733559.1,MATERIA ORGANICA,2.239033446947654,14/08/2022 10:15:00,X
46,ESTUDIO SEGUIMIENTO DESEMPEÑO AMBIENTAL ACUICULTURA EN CHILE Y SU EFECTO EN LOS ECOSISTEMAS DE EMPLAZAMIENTO 2022-2023,Objetivo 1. Actividad 2. Muestreos y Analisis sedimentos,Gastón Vidal,INSTITUTO DE FOMENTO PESQUERO,Tenaun,3,422307.4,733744.8,MATERIA ORGANICA,1.1230124409553888,14/08/2022 09:54:00,X
47,ESTUDIO SEGUIMIENTO DESEMPEÑO AMBIENTAL ACUICULTURA EN CHILE Y SU EFECTO EN LOS ECOSISTEMAS DE EMPLAZAMIENTO 2022-2023,Objetivo 1. Actividad 2. Muestreos y Analisis sedimentos,Gastón Vidal,INSTITUTO DE FOMENTO PESQUERO,Tenaun,6,422215.1,733731.1,MATERIA ORGANICA,1.0646956011260529,14/08/2022 10:59:00,X
48,ESTUDIO SEGUIMIENTO DESEMPEÑO AMBIENTAL ACUICULTURA EN CHILE Y SU EFECTO EN LOS ECOSISTEMAS DE EMPLAZAMIENTO 2022-2023,Objetivo 1. Actividad 2. Muestreos y Analisis sedimentos,Gastón Vidal,INSTITUTO DE FOMENTO PESQUERO,Tenaun,9,422139.1,733441.7,MATERIA ORGANICA,0.8510067114094154,14/08/2022 10:35:00,X
49,ESTUDIO SEGUIMIENTO DESEMPEÑO AMBIENTAL ACUICULTURA EN CHILE Y SU EFECTO EN LOS ECOSISTEMAS DE EMPLAZAMIENTO 2022-2023,Objetivo 1. Actividad 2. Muestreos y Analisis sedimentos,Gastón Vidal,INSTITUTO DE FOMENTO PESQUERO,Tenaun,14,422026.0,733200.9,MATERIA ORGANICA,1.0216844627598225,12/08/2022 17:00:00,X
50,ESTUDIO SEGUIMIENTO DESEMPEÑO AMBIENTAL ACUICULTURA EN CHILE Y SU EFECTO EN LOS ECOSISTEMAS DE EMPLAZAMIENTO 2022-2023,Objetivo 1. Actividad 2. Muestreos y Analisis sedimentos,Gastón Vidal,INSTITUTO DE FOMENTO PESQUERO,Chiloe central,1,423046.9,734515.6,MATERIA ORGANICA,1.6828,16/08/2022 16:08:00,X
51,ESTUDIO SEGUIMIENTO DESEMPEÑO AMBIENTAL ACUICULTURA EN CHILE Y SU EFECTO EN LOS ECOSISTEMAS DE EMPLAZAMIENTO 2022-2023,Objetivo 1. Actividad 2. Muestreos y Analisis sedimentos,Gastón Vidal,INSTITUTO DE FOMENTO PESQUERO,Chiloe central,4,423259.2,734015.8,MATERIA ORGANICA,0.9698,16/08/2022 13:39:00,X
52,ESTUDIO SEGUIMIENTO DESEMPEÑO AMBIENTAL ACUICULTURA EN CHILE Y SU EFECTO EN LOS ECOSISTEMAS DE EMPLAZAMIENTO 2022-2023,Objetivo 1. Actividad 2. Muestreos y Analisis sedimentos,Gastón Vidal,INSTITUTO DE FOMENTO PESQUERO,Chiloe central,6,423209.3,733613.2,MATERIA ORGANICA,0.7481,16/08/2022 13:20:00,X
53,ESTUDIO SEGUIMIENTO DESEMPEÑO AMBIENTAL ACUICULTURA EN CHILE Y SU EFECTO EN LOS ECOSISTEMAS DE EMPLAZAMIENTO 2022-2023,Objetivo 1. Actividad 2. Muestreos y Analisis sedimentos,Gastón Vidal,INSTITUTO DE FOMENTO PESQUERO,Chiloe central,7,423029.3,733611.3,MATERIA ORGANICA,0.7675,14/08/2022 12:35:00,X
54,ESTUDIO SEGUIMIENTO DESEMPEÑO AMBIENTAL ACUICULTURA EN CHILE Y SU EFECTO EN LOS ECOSISTEMAS DE EMPLAZAMIENTO 2022-2023,Objetivo 1. Actividad 2. Muestreos y Analisis sedimentos,Gastón Vidal,INSTITUTO DE FOMENTO PESQUERO,Chiloe central,11,422833.3,733241.1,MATERIA ORGANICA,0.9437,14/08/2022 13:32:00,X
55,ESTUDIO SEGUIMIENTO DESEMPEÑO AMBIENTAL ACUICULTURA EN CHILE Y SU EFECTO EN LOS ECOSISTEMAS DE EMPLAZAMIENTO 2022-2023,Objetivo 1. Actividad 2. Muestreos y Analisis sedimentos,Gastón Vidal,INSTITUTO DE FOMENTO PESQUERO,Chiloe central,12,423059.3,732821.5,MATERIA ORGANICA,0.8536,14/08/2022 14:30:00,X
56,ESTUDIO SEGUIMIENTO DESEMPEÑO AMBIENTAL ACUICULTURA EN CHILE Y SU EFECTO EN LOS ECOSISTEMAS DE EMPLAZAMIENTO 2022-2023,Objetivo 1. Actividad 2. Muestreos y Analisis sedimentos,Gastón Vidal,INSTITUTO DE FOMENTO PESQUERO,Chiloe central,16,424213.5,733738.2,MATERIA ORGANICA,0.8796,17/08/2022 09:47:00,X
57,ESTUDIO SEGUIMIENTO DESEMPEÑO AMBIENTAL ACUICULTURA EN CHILE Y SU EFECTO EN LOS ECOSISTEMAS DE EMPLAZAMIENTO 2022-2023,Objetivo 1. Actividad 2. Muestreos y Analisis sedimentos,Gastón Vidal,INSTITUTO DE FOMENTO PESQUERO,Chiloe central,26,423654.6,732710.2,MATERIA ORGANICA,0.6941,14/08/2022 15:19:00,X
58,ESTUDIO SEGUIMIENTO DESEMPEÑO AMBIENTAL ACUICULTURA EN CHILE Y SU EFECTO EN LOS ECOSISTEMAS DE EMPLAZAMIENTO 2022-2023,Objetivo 1. Actividad 2. Muestreos y Analisis sedimentos,Gastón Vidal,INSTITUTO DE FOMENTO PESQUERO,Desertores,1,424703.0,725635.9,MATERIA ORGANICA,0.7075940477294698,21/10/2022 13:20:00,X
59,ESTUDIO SEGUIMIENTO DESEMPEÑO AMBIENTAL ACUICULTURA EN CHILE Y SU EFECTO EN LOS ECOSISTEMAS DE EMPLAZAMIENTO 2022-2023,Objetivo 1. Actividad 2. Muestreos y Analisis sedimentos,Gastón Vidal,INSTITUTO DE FOMENTO PESQUERO,Desertores,2,424756.1,725723.7,MATERIA ORGANICA,0.8491515377086493,21/10/2022 14:09:00,X
60,ESTUDIO SEGUIMIENTO DESEMPEÑO AMBIENTAL ACUICULTURA EN CHILE Y SU EFECTO EN LOS ECOSISTEMAS DE EMPLAZAMIENTO 2022-2023,Objetivo 1. Actividad 2. Muestreos y Analisis sedimentos,Gastón Vidal,INSTITUTO DE FOMENTO PESQUERO,Desertores,3,424536.0,725951.7,MATERIA ORGANICA,0.6568324256274365,21/10/2022 14:42:00,X
61,ESTUDIO SEGUIMIENTO DESEMPEÑO AMBIENTAL ACUICULTURA EN CHILE Y SU EFECTO EN LOS ECOSISTEMAS DE EMPLAZAMIENTO 2022-2023,Objetivo 1. Actividad 2. Muestreos y Analisis sedimentos,Gastón Vidal,INSTITUTO DE FOMENTO PESQUERO,Desertores,6,424206.5,730534.1,MATERIA ORGANICA,0.7608185358040302,21/10/2022 15:53:00,X
62,ESTUDIO SEGUIMIENTO DESEMPEÑO AMBIENTAL ACUICULTURA EN CHILE Y SU EFECTO EN LOS ECOSISTEMAS DE EMPLAZAMIENTO 2022-2023,Objetivo 1. Actividad 2. Muestreos y Analisis sedimentos,Gastón Vidal,INSTITUTO DE FOMENTO PESQUERO,Quellon,6,431143.2,733811.2,MATERIA ORGANICA,0.9579,20/08/2022 11:12:00,X
63,ESTUDIO SEGUIMIENTO DESEMPEÑO AMBIENTAL ACUICULTURA EN CHILE Y SU EFECTO EN LOS ECOSISTEMAS DE EMPLAZAMIENTO 2022-2023,Objetivo 1. Actividad 2. Muestreos y Analisis sedimentos,Gastón Vidal,INSTITUTO DE FOMENTO PESQUERO,Quellon,8,430739.5,734328.6,MATERIA ORGANICA,11.046,20/08/2022 10:26:00,X
64,ESTUDIO SEGUIMIENTO DESEMPEÑO AMBIENTAL ACUICULTURA EN CHILE Y SU EFECTO EN LOS ECOSISTEMAS DE EMPLAZAMIENTO 2022-2023,Objetivo 1. Actividad 2. Muestreos y Analisis sedimentos,Gastón Vidal,INSTITUTO DE FOMENTO PESQUERO,Quellon,11,430832.2,734013.7,MATERIA ORGANICA,1.199,20/08/2022 09:50:00,X
65,ESTUDIO SEGUIMIENTO DESEMPEÑO AMBIENTAL ACUICULTURA EN CHILE Y SU EFECTO EN LOS ECOSISTEMAS DE EMPLAZAMIENTO 2022-2023,Objetivo 1. Actividad 2. Muestreos y Analisis sedimentos,Gastón Vidal,INSTITUTO DE FOMENTO PESQUERO,Quellon,12,431133.5,733423.8,MATERIA ORGANICA,1.559,20/08/2022 09:05:00,X
66,ESTUDIO SEGUIMIENTO DESEMPEÑO AMBIENTAL ACUICULTURA EN CHILE Y SU EFECTO EN LOS ECOSISTEMAS DE EMPLAZAMIENTO 2022-2023,Objetivo 1. Actividad 2. Muestreos y Analisis sedimentos,Gastón Vidal,INSTITUTO DE FOMENTO PESQUERO,Quellon,13,430826.2,733310.7,MATERIA ORGANICA,1.4918,20/08/2022 08:20:00,X
67,ESTUDIO SEGUIMIENTO DESEMPEÑO AMBIENTAL ACUICULTURA EN CHILE Y SU EFECTO EN LOS ECOSISTEMAS DE EMPLAZAMIENTO 2022-2023,Objetivo 1. Actividad 2. Muestreos y Analisis sedimentos,Gastón Vidal,INSTITUTO DE FOMENTO PESQUERO,Quellon,19,430307.5,732746.7,MATERIA ORGANICA,0.8463,18/08/2022 14:30:00,X
68,ESTUDIO SEGUIMIENTO DESEMPEÑO AMBIENTAL ACUICULTURA EN CHILE Y SU EFECTO EN LOS ECOSISTEMAS DE EMPLAZAMIENTO 2022-2023,Objetivo 1. Actividad 2. Muestreos y Analisis sedimentos,Gastón Vidal,INSTITUTO DE FOMENTO PESQUERO,Quellon,21,430206.1,733133.1,MATERIA ORGANICA,1.1358,18/08/2022 13:05:00,X
69,ESTUDIO SEGUIMIENTO DESEMPEÑO AMBIENTAL ACUICULTURA EN CHILE Y SU EFECTO EN LOS ECOSISTEMAS DE EMPLAZAMIENTO 2022-2023,Objetivo 1. Actividad 2. Muestreos y Analisis sedimentos,Gastón Vidal,INSTITUTO DE FOMENTO PESQUERO,Quellon,22,425921.8,732805.5,MATERIA ORGANICA,0.8711,18/08/2022 12:24:00,X
70,ESTUDIO SEGUIMIENTO DESEMPEÑO AMBIENTAL ACUICULTURA EN CHILE Y SU EFECTO EN LOS ECOSISTEMAS DE EMPLAZAMIENTO 2022-2023,Objetivo 1. Actividad 2. Muestreos y Analisis sedimentos,Gastón Vidal,INSTITUTO DE FOMENTO PESQUERO,Quellon,26,425621.2,733649.9,MATERIA ORGANICA,2.8379,18/08/2022 11:30:00,X
71,ESTUDIO SEGUIMIENTO DESEMPEÑO AMBIENTAL ACUICULTURA EN CHILE Y SU EFECTO EN LOS ECOSISTEMAS DE EMPLAZAMIENTO 2022-2023,Objetivo 1. Actividad 2. Muestreos y Analisis sedimentos,Gastón Vidal,INSTITUTO DE FOMENTO PESQUERO,Quellon,28,425525.9,733504.7,MATERIA ORGANICA,1.6191,18/08/2022 08:40:00,X
72,ESTUDIO SEGUIMIENTO DESEMPEÑO AMBIENTAL ACUICULTURA EN CHILE Y SU EFECTO EN LOS ECOSISTEMAS DE EMPLAZAMIENTO 2022-2023,Objetivo 1. Actividad 2. Muestreos y Analisis sedimentos,Gastón Vidal,INSTITUTO DE FOMENTO PESQUERO,Quellon,32,425122.8,734130.9,MATERIA ORGANICA,2.3696,18/08/2022 09:23:00,X
73,ESTUDIO SEGUIMIENTO DESEMPEÑO AMBIENTAL ACUICULTURA EN CHILE Y SU EFECTO EN LOS ECOSISTEMAS DE EMPLAZAMIENTO 2022-2023,Objetivo 1. Actividad 2. Muestreos y Analisis sedimentos,Gastón Vidal,INSTITUTO DE FOMENTO PESQUERO,Quellon,39,425415.3,732927.9,MATERIA ORGANICA,0.7665,17/08/2022 13:37:00,X
74,ESTUDIO SEGUIMIENTO DESEMPEÑO AMBIENTAL ACUICULTURA EN CHILE Y SU EFECTO EN LOS ECOSISTEMAS DE EMPLAZAMIENTO 2022-2023,Objetivo 1. Actividad 2. Muestreos y Analisis sedimentos,Gastón Vidal,INSTITUTO DE FOMENTO PESQUERO,Hornopiren,3,420427.1,722759.7,MATERIA ORGANICA,1.8568501024641164,23/10/2022 15:22:00,X
75,ESTUDIO SEGUIMIENTO DESEMPEÑO AMBIENTAL ACUICULTURA EN CHILE Y SU EFECTO EN LOS ECOSISTEMAS DE EMPLAZAMIENTO 2022-2023,Objetivo 1. Actividad 2. Muestreos y Analisis sedimentos,Gastón Vidal,INSTITUTO DE FOMENTO PESQUERO,Hornopiren,6,420209.6,723558.5,MATERIA ORGANICA,1.342862824456935,23/10/2022 16:19:00,X
76,ESTUDIO SEGUIMIENTO DESEMPEÑO AMBIENTAL ACUICULTURA EN CHILE Y SU EFECTO EN LOS ECOSISTEMAS DE EMPLAZAMIENTO 2022-2023,Objetivo 1. Actividad 2. Muestreos y Analisis sedimentos,Gastón Vidal,INSTITUTO DE FOMENTO PESQUERO,Hornopiren,7,420301.3,723537.3,MATERIA ORGANICA,1.0985756213145434,23/10/2022 16:12:00,X
78,ESTUDIO SEGUIMIENTO DESEMPEÑO AMBIENTAL ACUICULTURA EN CHILE Y SU EFECTO EN LOS ECOSISTEMAS DE EMPLAZAMIENTO 2022-2023,Objetivo 1. Actividad 2. Muestreos y Analisis sedimentos,Gastón Vidal,INSTITUTO DE FOMENTO PESQUERO,Hornopiren,14,421524.5,722346.8,MATERIA ORGANICA,0.3204458376872126,23/10/2022 12:15:00,X
79,ESTUDIO SEGUIMIENTO DESEMPEÑO AMBIENTAL ACUICULTURA EN CHILE Y SU EFECTO EN LOS ECOSISTEMAS DE EMPLAZAMIENTO 2022-2023,Objetivo 1. Actividad 2. Muestreos y Analisis sedimentos,Gastón Vidal,INSTITUTO DE FOMENTO PESQUERO,Ayacara,1,421853.1,724721.9,MATERIA ORGANICA,1.2781127925057694,22/10/2022 19:25:00,X
80,ESTUDIO SEGUIMIENTO DESEMPEÑO AMBIENTAL ACUICULTURA EN CHILE Y SU EFECTO EN LOS ECOSISTEMAS DE EMPLAZAMIENTO 2022-2023,Objetivo 1. Actividad 2. Muestreos y Analisis sedimentos,Gastón Vidal,INSTITUTO DE FOMENTO PESQUERO,Ayacara,2,422434.1,724307.0,MATERIA ORGANICA,0.8642753334276908,22/10/2022 18:14:00,X
81,ESTUDIO SEGUIMIENTO DESEMPEÑO AMBIENTAL ACUICULTURA EN CHILE Y SU EFECTO EN LOS ECOSISTEMAS DE EMPLAZAMIENTO 2022-2023,Objetivo 1. Actividad 2. Muestreos y Analisis sedimentos,Gastón Vidal,INSTITUTO DE FOMENTO PESQUERO,Ayacara,3,423409.7,723139.7,MATERIA ORGANICA,0.29001268805507047,22/10/2022 16:15:00,X
82,ESTUDIO SEGUIMIENTO DESEMPEÑO AMBIENTAL ACUICULTURA EN CHILE Y SU EFECTO EN LOS ECOSISTEMAS DE EMPLAZAMIENTO 2022-2023,Objetivo 1. Actividad 2. Muestreos y Analisis sedimentos,Gastón Vidal,INSTITUTO DE FOMENTO PESQUERO,Ayacara,4,423117.9,724140.8,MATERIA ORGANICA,1.0755829393955423,22/10/2022 15:11:00,X
83,ESTUDIO SEGUIMIENTO DESEMPEÑO AMBIENTAL ACUICULTURA EN CHILE Y SU EFECTO EN LOS ECOSISTEMAS DE EMPLAZAMIENTO 2022-2023,Objetivo 1. Actividad 2. Muestreos y Analisis sedimentos,Gastón Vidal,INSTITUTO DE FOMENTO PESQUERO,Ayacara,7,423730.6,725115.4,MATERIA ORGANICA,0.7132667617689127,22/10/2022 12:55:00,X
84,ESTUDIO SEGUIMIENTO DESEMPEÑO AMBIENTAL ACUICULTURA EN CHILE Y SU EFECTO EN LOS ECOSISTEMAS DE EMPLAZAMIENTO 2022-2023,Objetivo 1. Actividad 2. Muestreos y Analisis sedimentos,Gastón Vidal,INSTITUTO DE FOMENTO PESQUERO,Ayacara,9,424232.8,725058.9,MATERIA ORGANICA,0.7093875620713892,21/10/2022 12:06:00,X
85,ESTUDIO SEGUIMIENTO DESEMPEÑO AMBIENTAL ACUICULTURA EN CHILE Y SU EFECTO EN LOS ECOSISTEMAS DE EMPLAZAMIENTO 2022-2023,Objetivo 1. Actividad 2. Muestreos y Analisis sedimentos,Gastón Vidal,INSTITUTO DE FOMENTO PESQUERO,Chaiten,3,424711.1,725049.9,MATERIA ORGANICA,0.6610299769407867,21/10/2022 11:24:00,X
86,ESTUDIO SEGUIMIENTO DESEMPEÑO AMBIENTAL ACUICULTURA EN CHILE Y SU EFECTO EN LOS ECOSISTEMAS DE EMPLAZAMIENTO 2022-2023,Objetivo 1. Actividad 2. Muestreos y Analisis sedimentos,Gastón Vidal,INSTITUTO DE FOMENTO PESQUERO,Chaiten,4,425527.6,724459.6,MATERIA ORGANICA,0.9529765627326614,21/10/2022 08:20:00,X
87,ESTUDIO SEGUIMIENTO DESEMPEÑO AMBIENTAL ACUICULTURA EN CHILE Y SU EFECTO EN LOS ECOSISTEMAS DE EMPLAZAMIENTO 2022-2023,Objetivo 1. Actividad 2. Muestreos y Analisis sedimentos,Gastón Vidal,INSTITUTO DE FOMENTO PESQUERO,Chaiten,12,431438.9,725308.2,MATERIA ORGANICA,0.38958457563112087,20/10/2022 13:50:00,X
88,ESTUDIO SEGUIMIENTO DESEMPEÑO AMBIENTAL ACUICULTURA EN CHILE Y SU EFECTO EN LOS ECOSISTEMAS DE EMPLAZAMIENTO 2022-2023,Objetivo 1. Actividad 2. Muestreos y Analisis sedimentos,Gastón Vidal,INSTITUTO DE FOMENTO PESQUERO,Chaiten,14,431550.9,725835.0,MATERIA ORGANICA,0.9387767363614515,20/10/2022 12:50:00,X
89,ESTUDIO SEGUIMIENTO DESEMPEÑO AMBIENTAL ACUICULTURA EN CHILE Y SU EFECTO EN LOS ECOSISTEMAS DE EMPLAZAMIENTO 2022-2023,Objetivo 1. Actividad 2. Muestreos y Analisis sedimentos,Gastón Vidal,INSTITUTO DE FOMENTO PESQUERO,Chaiten,18,433529.8,730022.5,MATERIA ORGANICA,0.47362155864555877,21/08/2022 09:38:00,X
90,ESTUDIO SEGUIMIENTO DESEMPEÑO AMBIENTAL ACUICULTURA EN CHILE Y SU EFECTO EN LOS ECOSISTEMAS DE EMPLAZAMIENTO 2022-2023,Objetivo 1. Actividad 2. Muestreos y Analisis sedimentos,Gastón Vidal,INSTITUTO DE FOMENTO PESQUERO,Chaiten,19,433757.9,725704.9,MATERIA ORGANICA,1.3715801594589614,20/10/2022 08:50:00,X
92,ESTUDIO SEGUIMIENTO DESEMPEÑO AMBIENTAL ACUICULTURA EN CHILE Y SU EFECTO EN LOS ECOSISTEMAS DE EMPLAZAMIENTO 2022-2023,Objetivo 1. Actividad 2. Muestreos y Analisis sedimentos,Gastón Vidal,INSTITUTO DE FOMENTO PESQUERO,Guaitecas,1,442931.1,740942.8,MATERIA ORGANICA,0.864509218881517,28/09/2022 09:30:00,XI
93,ESTUDIO SEGUIMIENTO DESEMPEÑO AMBIENTAL ACUICULTURA EN CHILE Y SU EFECTO EN LOS ECOSISTEMAS DE EMPLAZAMIENTO 2022-2023,Objetivo 1. Actividad 2. Muestreos y Analisis sedimentos,Gastón Vidal,INSTITUTO DE FOMENTO PESQUERO,Guaitecas,4,441418.4,741320.7,MATERIA ORGANICA,1.3693959884084306,27/09/2022 16:38:00,XI
94,ESTUDIO SEGUIMIENTO DESEMPEÑO AMBIENTAL ACUICULTURA EN CHILE Y SU EFECTO EN LOS ECOSISTEMAS DE EMPLAZAMIENTO 2022-2023,Objetivo 1. Actividad 2. Muestreos y Analisis sedimentos,Gastón Vidal,INSTITUTO DE FOMENTO PESQUERO,Guaitecas,6,440829.0,740209.0,MATERIA ORGANICA,0.682693198205953,27/09/2022 15:18:00,XI
95,ESTUDIO SEGUIMIENTO DESEMPEÑO AMBIENTAL ACUICULTURA EN CHILE Y SU EFECTO EN LOS ECOSISTEMAS DE EMPLAZAMIENTO 2022-2023,Objetivo 1. Actividad 2. Muestreos y Analisis sedimentos,Gastón Vidal,INSTITUTO DE FOMENTO PESQUERO,Guaitecas,7,440453.4,735253.7,MATERIA ORGANICA,1.2881224684297916,26/09/2022 14:00:00,XI
96,ESTUDIO SEGUIMIENTO DESEMPEÑO AMBIENTAL ACUICULTURA EN CHILE Y SU EFECTO EN LOS ECOSISTEMAS DE EMPLAZAMIENTO 2022-2023,Objetivo 1. Actividad 2. Muestreos y Analisis sedimentos,Gastón Vidal,INSTITUTO DE FOMENTO PESQUERO,Guaitecas,8,435456.5,735432.1,MATERIA ORGANICA,0.9415185692305642,27/09/2022 13:00:00,XI
97,ESTUDIO SEGUIMIENTO DESEMPEÑO AMBIENTAL ACUICULTURA EN CHILE Y SU EFECTO EN LOS ECOSISTEMAS DE EMPLAZAMIENTO 2022-2023,Objetivo 1. Actividad 2. Muestreos y Analisis sedimentos,Gastón Vidal,INSTITUTO DE FOMENTO PESQUERO,Guaitecas,9,435329.1,735219.9,MATERIA ORGANICA,1.4924246237479326,27/09/2022 11:50:00,XI
98,ESTUDIO SEGUIMIENTO DESEMPEÑO AMBIENTAL ACUICULTURA EN CHILE Y SU EFECTO EN LOS ECOSISTEMAS DE EMPLAZAMIENTO 2022-2023,Objetivo 1. Actividad 2. Muestreos y Analisis sedimentos,Gastón Vidal,INSTITUTO DE FOMENTO PESQUERO,Guaitecas,10,435638.0,734800.0,MATERIA ORGANICA,0.5116412762287833,27/09/2022 10:11:00,XI
99,ESTUDIO SEGUIMIENTO DESEMPEÑO AMBIENTAL ACUICULTURA EN CHILE Y SU EFECTO EN LOS ECOSISTEMAS DE EMPLAZAMIENTO 2022-2023,Objetivo 1. Actividad 2. Muestreos y Analisis sedimentos,Gastón Vidal,INSTITUTO DE FOMENTO PESQUERO,Guaitecas,12,440031.4,734511.0,MATERIA ORGANICA,0.712270894782249,27/09/2022 08:55:00,XI
100,ESTUDIO SEGUIMIENTO DESEMPEÑO AMBIENTAL ACUICULTURA EN CHILE Y SU EFECTO EN LOS ECOSISTEMAS DE EMPLAZAMIENTO 2022-2023,Objetivo 1. Actividad 2. Muestreos y Analisis sedimentos,Gastón Vidal,INSTITUTO DE FOMENTO PESQUERO,Guaitecas,17,441715.5,734639.1,MATERIA ORGANICA,0.8779326995275394,26/09/2022 16:20:00,XI
101,ESTUDIO SEGUIMIENTO DESEMPEÑO AMBIENTAL ACUICULTURA EN CHILE Y SU EFECTO EN LOS ECOSISTEMAS DE EMPLAZAMIENTO 2022-2023,Objetivo 1. Actividad 2. Muestreos y Analisis sedimentos,Gastón Vidal,INSTITUTO DE FOMENTO PESQUERO,Moraleda,2,451131.2,735840.6,MATERIA ORGANICA,1.0405785987227631,29/09/2022 11:55:00,XI
102,ESTUDIO SEGUIMIENTO DESEMPEÑO AMBIENTAL ACUICULTURA EN CHILE Y SU EFECTO EN LOS ECOSISTEMAS DE EMPLAZAMIENTO 2022-2023,Objetivo 1. Actividad 2. Muestreos y Analisis sedimentos,Gastón Vidal,INSTITUTO DE FOMENTO PESQUERO,Moraleda,4,450957.9,740833.4,MATERIA ORGANICA,1.6396998221489414,29/09/2022 10:00:00,XI
103,ESTUDIO SEGUIMIENTO DESEMPEÑO AMBIENTAL ACUICULTURA EN CHILE Y SU EFECTO EN LOS ECOSISTEMAS DE EMPLAZAMIENTO 2022-2023,Objetivo 1. Actividad 2. Muestreos y Analisis sedimentos,Gastón Vidal,INSTITUTO DE FOMENTO PESQUERO,Moraleda,5,450801.8,741520.1,MATERIA ORGANICA,1.3781756154995755,28/09/2022 19:00:00,XI
104,ESTUDIO SEGUIMIENTO DESEMPEÑO AMBIENTAL ACUICULTURA EN CHILE Y SU EFECTO EN LOS ECOSISTEMAS DE EMPLAZAMIENTO 2022-2023,Objetivo 1. Actividad 2. Muestreos y Analisis sedimentos,Gastón Vidal,INSTITUTO DE FOMENTO PESQUERO,Moraleda,12,444145.4,735257.1,MATERIA ORGANICA,2.1501742903891103,28/09/2022 14:14:00,XI
105,ESTUDIO SEGUIMIENTO DESEMPEÑO AMBIENTAL ACUICULTURA EN CHILE Y SU EFECTO EN LOS ECOSISTEMAS DE EMPLAZAMIENTO 2022-2023,Objetivo 1. Actividad 2. Muestreos y Analisis sedimentos,Gastón Vidal,INSTITUTO DE FOMENTO PESQUERO,Moraleda,13,443935.6,735252.9,MATERIA ORGANICA,0.9284267386900596,28/09/2022 13:18:00,XI
106,ESTUDIO SEGUIMIENTO DESEMPEÑO AMBIENTAL ACUICULTURA EN CHILE Y SU EFECTO EN LOS ECOSISTEMAS DE EMPLAZAMIENTO 2022-2023,Objetivo 1. Actividad 2. Muestreos y Analisis sedimentos,Gastón Vidal,INSTITUTO DE FOMENTO PESQUERO,Moraleda,14,443608.6,740025.9,MATERIA ORGANICA,3.479103032109096,28/09/2022 11:15:00,XI
107,ESTUDIO SEGUIMIENTO DESEMPEÑO AMBIENTAL ACUICULTURA EN CHILE Y SU EFECTO EN LOS ECOSISTEMAS DE EMPLAZAMIENTO 2022-2023,Objetivo 1. Actividad 2. Muestreos y Analisis sedimentos,Gastón Vidal,INSTITUTO DE FOMENTO PESQUERO,Moraleda,16,443308.8,740650.1,MATERIA ORGANICA,1.2916081309670526,28/09/2022 10:20:00,XI
108,ESTUDIO SEGUIMIENTO DESEMPEÑO AMBIENTAL ACUICULTURA EN CHILE Y SU EFECTO EN LOS ECOSISTEMAS DE EMPLAZAMIENTO 2022-2023,Objetivo 1. Actividad 2. Muestreos y Analisis sedimentos,Gastón Vidal,INSTITUTO DE FOMENTO PESQUERO,Moraleda,17,440830.9,733501.0,MATERIA ORGANICA,0.9118577598132668,26/09/2022 18:27:00,XI
109,ESTUDIO SEGUIMIENTO DESEMPEÑO AMBIENTAL ACUICULTURA EN CHILE Y SU EFECTO EN LOS ECOSISTEMAS DE EMPLAZAMIENTO 2022-2023,Objetivo 1. Actividad 2. Muestreos y Analisis sedimentos,Gastón Vidal,INSTITUTO DE FOMENTO PESQUERO,Moraleda,19,434430.9,730056.5,MATERIA ORGANICA,0,19/10/2022 16:55:00,XI
110,ESTUDIO SEGUIMIENTO DESEMPEÑO AMBIENTAL ACUICULTURA EN CHILE Y SU EFECTO EN LOS ECOSISTEMAS DE EMPLAZAMIENTO 2022-2023,Objetivo 1. Actividad 2. Muestreos y Analisis sedimentos,Gastón Vidal,INSTITUTO DE FOMENTO PESQUERO,Moraleda,25,440204.1,731205.2,MATERIA ORGANICA,2.5491022233745912,12/10/2022 11:06:00,XI
111,ESTUDIO SEGUIMIENTO DESEMPEÑO AMBIENTAL ACUICULTURA EN CHILE Y SU EFECTO EN LOS ECOSISTEMAS DE EMPLAZAMIENTO 2022-2023,Objetivo 1. Actividad 2. Muestreos y Analisis sedimentos,Gastón Vidal,INSTITUTO DE FOMENTO PESQUERO,Moraleda,31,442248.0,730431.7,MATERIA ORGANICA,1.098465700271848,10/10/2022 15:40:00,XI
112,ESTUDIO SEGUIMIENTO DESEMPEÑO AMBIENTAL ACUICULTURA EN CHILE Y SU EFECTO EN LOS ECOSISTEMAS DE EMPLAZAMIENTO 2022-2023,Objetivo 1. Actividad 2. Muestreos y Analisis sedimentos,Gastón Vidal,INSTITUTO DE FOMENTO PESQUERO,Moraleda,32,450149.0,732702.0,MATERIA ORGANICA,2.084916269033219,08/10/2022 17:25:00,XI
113,ESTUDIO SEGUIMIENTO DESEMPEÑO AMBIENTAL ACUICULTURA EN CHILE Y SU EFECTO EN LOS ECOSISTEMAS DE EMPLAZAMIENTO 2022-2023,Objetivo 1. Actividad 2. Muestreos y Analisis sedimentos,Gastón Vidal,INSTITUTO DE FOMENTO PESQUERO,Puyuhuapi,5,443139.8,724117.0,MATERIA ORGANICA,2.8810279433392623,10/10/2022 11:06:00,XI
114,ESTUDIO SEGUIMIENTO DESEMPEÑO AMBIENTAL ACUICULTURA EN CHILE Y SU EFECTO EN LOS ECOSISTEMAS DE EMPLAZAMIENTO 2022-2023,Objetivo 1. Actividad 2. Muestreos y Analisis sedimentos,Gastón Vidal,INSTITUTO DE FOMENTO PESQUERO,Puyuhuapi,7,443955.1,725020.8,MATERIA ORGANICA,3.8516011551124536,10/10/2022 08:16:00,XI
115,ESTUDIO SEGUIMIENTO DESEMPEÑO AMBIENTAL ACUICULTURA EN CHILE Y SU EFECTO EN LOS ECOSISTEMAS DE EMPLAZAMIENTO 2022-2023,Objetivo 1. Actividad 2. Muestreos y Analisis sedimentos,Gastón Vidal,INSTITUTO DE FOMENTO PESQUERO,Puyuhuapi,8,444209.3,724807.1,MATERIA ORGANICA,5.2483069977426675,09/10/2022 17:37:00,XI
116,ESTUDIO SEGUIMIENTO DESEMPEÑO AMBIENTAL ACUICULTURA EN CHILE Y SU EFECTO EN LOS ECOSISTEMAS DE EMPLAZAMIENTO 2022-2023,Objetivo 1. Actividad 2. Muestreos y Analisis sedimentos,Gastón Vidal,INSTITUTO DE FOMENTO PESQUERO,Puyuhuapi,10,444937.8,725757.3,MATERIA ORGANICA,1.5018097347523118,09/10/2022 12:15:00,XI
117,ESTUDIO SEGUIMIENTO DESEMPEÑO AMBIENTAL ACUICULTURA EN CHILE Y SU EFECTO EN LOS ECOSISTEMAS DE EMPLAZAMIENTO 2022-2023,Objetivo 1. Actividad 2. Muestreos y Analisis sedimentos,Gastón Vidal,INSTITUTO DE FOMENTO PESQUERO,Puyuhuapi,12,445441.9,730811.9,MATERIA ORGANICA,6.0908556008683865,09/10/2022 11:00:00,XI
118,ESTUDIO SEGUIMIENTO DESEMPEÑO AMBIENTAL ACUICULTURA EN CHILE Y SU EFECTO EN LOS ECOSISTEMAS DE EMPLAZAMIENTO 2022-2023,Objetivo 1. Actividad 2. Muestreos y Analisis sedimentos,Gastón Vidal,INSTITUTO DE FOMENTO PESQUERO,Aysen,1,452639.7,730033.3,MATERIA ORGANICA,11.037763583397838,04/10/2022 16:09:00,XI
119,ESTUDIO SEGUIMIENTO DESEMPEÑO AMBIENTAL ACUICULTURA EN CHILE Y SU EFECTO EN LOS ECOSISTEMAS DE EMPLAZAMIENTO 2022-2023,Objetivo 1. Actividad 2. Muestreos y Analisis sedimentos,Gastón Vidal,INSTITUTO DE FOMENTO PESQUERO,Aysen,3,451953.0,732236.0,MATERIA ORGANICA,2.2995015858631356,06/10/2022 12:26:00,XI
120,ESTUDIO SEGUIMIENTO DESEMPEÑO AMBIENTAL ACUICULTURA EN CHILE Y SU EFECTO EN LOS ECOSISTEMAS DE EMPLAZAMIENTO 2022-2023,Objetivo 1. Actividad 2. Muestreos y Analisis sedimentos,Gastón Vidal,INSTITUTO DE FOMENTO PESQUERO,Aysen,5,452421.9,733225.0,MATERIA ORGANICA,1.8327705859633168,02/10/2022 16:58:00,XI
121,ESTUDIO SEGUIMIENTO DESEMPEÑO AMBIENTAL ACUICULTURA EN CHILE Y SU EFECTO EN LOS ECOSISTEMAS DE EMPLAZAMIENTO 2022-2023,Objetivo 1. Actividad 2. Muestreos y Analisis sedimentos,Gastón Vidal,INSTITUTO DE FOMENTO PESQUERO,Aysen,6,453734.9,733550.9,MATERIA ORGANICA,2.500253355146041,02/10/2022 14:12:00,XI
122,ESTUDIO SEGUIMIENTO DESEMPEÑO AMBIENTAL ACUICULTURA EN CHILE Y SU EFECTO EN LOS ECOSISTEMAS DE EMPLAZAMIENTO 2022-2023,Objetivo 1. Actividad 2. Muestreos y Analisis sedimentos,Gastón Vidal,INSTITUTO DE FOMENTO PESQUERO,Aysen,7,454508.5,733655.3,MATERIA ORGANICA,3.0863138633959646,02/10/2022 12:50:00,XI
123,ESTUDIO SEGUIMIENTO DESEMPEÑO AMBIENTAL ACUICULTURA EN CHILE Y SU EFECTO EN LOS ECOSISTEMAS DE EMPLAZAMIENTO 2022-2023,Objetivo 1. Actividad 2. Muestreos y Analisis sedimentos,Gastón Vidal,INSTITUTO DE FOMENTO PESQUERO,Aysen,10,455717.6,733619.7,MATERIA ORGANICA,0.9963264697509759,02/10/2022 12:15:00,XI
125,ESTUDIO SEGUIMIENTO DESEMPEÑO AMBIENTAL ACUICULTURA EN CHILE Y SU EFECTO EN LOS ECOSISTEMAS DE EMPLAZAMIENTO 2022-2023,Objetivo 1. Actividad 2. Muestreos y Analisis sedimentos,Gastón Vidal,INSTITUTO DE FOMENTO PESQUERO,Aysen,13,461329.4,734345.5,MATERIA ORGANICA,2.40816543511774,30/09/2022 15:24:00,XI
126,ESTUDIO SEGUIMIENTO DESEMPEÑO AMBIENTAL ACUICULTURA EN CHILE Y SU EFECTO EN LOS ECOSISTEMAS DE EMPLAZAMIENTO 2022-2023,Objetivo 1. Actividad 2. Muestreos y Analisis sedimentos,Gastón Vidal,INSTITUTO DE FOMENTO PESQUERO,Aysen,18,460557.7,735202.9,MATERIA ORGANICA,1.5310426273759767,30/09/2022 14:10:00,XI
127,ESTUDIO SEGUIMIENTO DESEMPEÑO AMBIENTAL ACUICULTURA EN CHILE Y SU EFECTO EN LOS ECOSISTEMAS DE EMPLAZAMIENTO 2022-2023,Objetivo 1. Actividad 2. Muestreos y Analisis sedimentos,Gastón Vidal,INSTITUTO DE FOMENTO PESQUERO,Aysen,19,460107.9,735645.7,MATERIA ORGANICA,1.734219986731072,30/09/2022 12:40:00,XI
128,ESTUDIO SEGUIMIENTO DESEMPEÑO AMBIENTAL ACUICULTURA EN CHILE Y SU EFECTO EN LOS ECOSISTEMAS DE EMPLAZAMIENTO 2022-2023,Objetivo 1. Actividad 2. Muestreos y Analisis sedimentos,Gastón Vidal,INSTITUTO DE FOMENTO PESQUERO,Aysen,24,454429.7,740423.3,MATERIA ORGANICA,0.9392721317687568,30/09/2022 08:50:00,XI
129,ESTUDIO SEGUIMIENTO DESEMPEÑO AMBIENTAL ACUICULTURA EN CHILE Y SU EFECTO EN LOS ECOSISTEMAS DE EMPLAZAMIENTO 2022-2023,Objetivo 1. Actividad 2. Muestreos y Analisis sedimentos,Gastón Vidal,INSTITUTO DE FOMENTO PESQUERO,Aysen,25,454137.5,741704.6,MATERIA ORGANICA,1.3362968584826065,29/09/2022 18:25:00,XI
130,ESTUDIO SEGUIMIENTO DESEMPEÑO AMBIENTAL ACUICULTURA EN CHILE Y SU EFECTO EN LOS ECOSISTEMAS DE EMPLAZAMIENTO 2022-2023,Objetivo 1. Actividad 2. Muestreos y Analisis sedimentos,Gastón Vidal,INSTITUTO DE FOMENTO PESQUERO,Aysen,28,453351.4,741310.2,MATERIA ORGANICA,0.5659544292958469,29/09/2022 15:55:00,XI
131,ESTUDIO SEGUIMIENTO DESEMPEÑO AMBIENTAL ACUICULTURA EN CHILE Y SU EFECTO EN LOS ECOSISTEMAS DE EMPLAZAMIENTO 2022-2023,Objetivo 1. Actividad 2. Muestreos y Analisis sedimentos,Gastón Vidal,INSTITUTO DE FOMENTO PESQUERO,Aysen,30,452356.0,741521.0,MATERIA ORGANICA,0.6508144269924278,29/09/2022 14:30:00,XI
132,ESTUDIO SEGUIMIENTO DESEMPEÑO AMBIENTAL ACUICULTURA EN CHILE Y SU EFECTO EN LOS ECOSISTEMAS DE EMPLAZAMIENTO 2022-2023,Objetivo 1. Actividad 2. Muestreos y Analisis sedimentos,Gastón Vidal,INSTITUTO DE FOMENTO PESQUERO,Aysen,34,451659.5,734350.5,MATERIA ORGANICA,1.1445697159983068,06/10/2022 13:37:00,XI
133,ESTUDIO SEGUIMIENTO DESEMPEÑO AMBIENTAL ACUICULTURA EN CHILE Y SU EFECTO EN LOS ECOSISTEMAS DE EMPLAZAMIENTO 2022-2023,Objetivo 1. Actividad 2. Muestreos y Analisis sedimentos,Gastón Vidal,INSTITUTO DE FOMENTO PESQUERO,Natales,2,513604.7,724301.6,MATERIA ORGANICA,4.507439463191707,11/01/2023 09:25:00,XII
134,ESTUDIO SEGUIMIENTO DESEMPEÑO AMBIENTAL ACUICULTURA EN CHILE Y SU EFECTO EN LOS ECOSISTEMAS DE EMPLAZAMIENTO 2022-2023,Objetivo 1. Actividad 2. Muestreos y Analisis sedimentos,Gastón Vidal,INSTITUTO DE FOMENTO PESQUERO,Natales,3,514018.2,723753.1,MATERIA ORGANICA,7.932721343157453,11/01/2023 10:13:00,XII
135,ESTUDIO SEGUIMIENTO DESEMPEÑO AMBIENTAL ACUICULTURA EN CHILE Y SU EFECTO EN LOS ECOSISTEMAS DE EMPLAZAMIENTO 2022-2023,Objetivo 1. Actividad 2. Muestreos y Analisis sedimentos,Gastón Vidal,INSTITUTO DE FOMENTO PESQUERO,Natales,5,514929.7,723739.8,MATERIA ORGANICA,7.214971681851788,10/01/2023 13:05:00,XII
136,ESTUDIO SEGUIMIENTO DESEMPEÑO AMBIENTAL ACUICULTURA EN CHILE Y SU EFECTO EN LOS ECOSISTEMAS DE EMPLAZAMIENTO 2022-2023,Objetivo 1. Actividad 2. Muestreos y Analisis sedimentos,Gastón Vidal,INSTITUTO DE FOMENTO PESQUERO,Natales,9,514601.6,725405.0,MATERIA ORGANICA,2.452311452039929,19/01/2023 10:52:00,XII
137,ESTUDIO SEGUIMIENTO DESEMPEÑO AMBIENTAL ACUICULTURA EN CHILE Y SU EFECTO EN LOS ECOSISTEMAS DE EMPLAZAMIENTO 2022-2023,Objetivo 1. Actividad 2. Muestreos y Analisis sedimentos,Gastón Vidal,INSTITUTO DE FOMENTO PESQUERO,Natales,10,520357.8,725602.0,MATERIA ORGANICA,3.402234419401255,18/01/2023 11:46:00,XII
138,ESTUDIO SEGUIMIENTO DESEMPEÑO AMBIENTAL ACUICULTURA EN CHILE Y SU EFECTO EN LOS ECOSISTEMAS DE EMPLAZAMIENTO 2022-2023,Objetivo 1. Actividad 2. Muestreos y Analisis sedimentos,Gastón Vidal,INSTITUTO DE FOMENTO PESQUERO,Natales,11,521159.7,725703.6,MATERIA ORGANICA,5.839302398006797,18/01/2023 14:11:00,XII
139,ESTUDIO SEGUIMIENTO DESEMPEÑO AMBIENTAL ACUICULTURA EN CHILE Y SU EFECTO EN LOS ECOSISTEMAS DE EMPLAZAMIENTO 2022-2023,Objetivo 1. Actividad 2. Muestreos y Analisis sedimentos,Gastón Vidal,INSTITUTO DE FOMENTO PESQUERO,Natales,13,521310.4,725226.1,MATERIA ORGANICA,3.920292619437681,18/01/2023 14:45:00,XII
140,ESTUDIO SEGUIMIENTO DESEMPEÑO AMBIENTAL ACUICULTURA EN CHILE Y SU EFECTO EN LOS ECOSISTEMAS DE EMPLAZAMIENTO 2022-2023,Objetivo 1. Actividad 2. Muestreos y Analisis sedimentos,Gastón Vidal,INSTITUTO DE FOMENTO PESQUERO,Natales,14,520439.3,723937.6,MATERIA ORGANICA,9.445676274944612,10/01/2023 10:18:00,XII
