ID,NOMB_PROY,ETAP_PROY,JEFE_PROY,INST_PROY,CAMPAÑA,ZONA,ESTACION,LATITUD,LONGITUD,Fecha,Hora Muestreo,VARIABLE,VALOR,FECHA_MUESTREO,COD_REGION
1,ESTUDIO SEGUIMIENTO DESEMPEÑO AMBIENTAL ACUICULTURA EN CHILE Y SU EFECTO EN LOS ECOSISTEMAS DE EMPLAZAMIENTO 2024-2025,Objetivo 1. Actividad 2. Muestreos y Analisis sedimentos,Johana Ojeda ,INSTITUTO DE FOMENTO PESQUERO,Campaña_Otoño-Inv_2024.Proy.SeguimientoAmbiental,Estuario,1,412614.9,721747.9,2024-05-20,09:35:00,PH,6.896666666666667,20/05/2024 09:35:00,X
2,ESTUDIO SEGUIMIENTO DESEMPEÑO AMBIENTAL ACUICULTURA EN CHILE Y SU EFECTO EN LOS ECOSISTEMAS DE EMPLAZAMIENTO 2024-2025,Objetivo 1. Actividad 2. Muestreos y Analisis sedimentos,Johana Ojeda ,INSTITUTO DE FOMENTO PESQUERO,Campaña_Otoño-Inv_2024.Proy.SeguimientoAmbiental,Estuario,2,412807.3,721843.5,2024-05-20,09:16:00,PH,7.34,20/05/2024 09:16:00,X
3,ESTUDIO SEGUIMIENTO DESEMPEÑO AMBIENTAL ACUICULTURA EN CHILE Y SU EFECTO EN LOS ECOSISTEMAS DE EMPLAZAMIENTO 2024-2025,Objetivo 1. Actividad 2. Muestreos y Analisis sedimentos,Johana Ojeda ,INSTITUTO DE FOMENTO PESQUERO,Campaña_Otoño-Inv_2024.Proy.SeguimientoAmbiental,Estuario,3,412945.4,721845.5,2024-05-19,16:20:00,PH,7.096666666666667,19/05/2024 16:20:00,X
4,ESTUDIO SEGUIMIENTO DESEMPEÑO AMBIENTAL ACUICULTURA EN CHILE Y SU EFECTO EN LOS ECOSISTEMAS DE EMPLAZAMIENTO 2024-2025,Objetivo 1. Actividad 2. Muestreos y Analisis sedimentos,Johana Ojeda ,INSTITUTO DE FOMENTO PESQUERO,Campaña_Otoño-Inv_2024.Proy.SeguimientoAmbiental,Estuario,5,413039.3,721721.1,2024-05-19,15:50:00,PH,7.43,19/05/2024 15:50:00,X
5,ESTUDIO SEGUIMIENTO DESEMPEÑO AMBIENTAL ACUICULTURA EN CHILE Y SU EFECTO EN LOS ECOSISTEMAS DE EMPLAZAMIENTO 2024-2025,Objetivo 1. Actividad 2. Muestreos y Analisis sedimentos,Johana Ojeda ,INSTITUTO DE FOMENTO PESQUERO,Campaña_Otoño-Inv_2024.Proy.SeguimientoAmbiental,Estuario,6,413132.6,722021.4,2024-05-19,15:00:00,PH,7.333333333333333,19/05/2024 15:00:00,X
6,ESTUDIO SEGUIMIENTO DESEMPEÑO AMBIENTAL ACUICULTURA EN CHILE Y SU EFECTO EN LOS ECOSISTEMAS DE EMPLAZAMIENTO 2024-2025,Objetivo 1. Actividad 2. Muestreos y Analisis sedimentos,Johana Ojeda ,INSTITUTO DE FOMENTO PESQUERO,Campaña_Otoño-Inv_2024.Proy.SeguimientoAmbiental,Estuario,7,413157.8,721802.6,2024-05-19,15:30:00,PH,7.433333333333334,19/05/2024 15:30:00,X
7,ESTUDIO SEGUIMIENTO DESEMPEÑO AMBIENTAL ACUICULTURA EN CHILE Y SU EFECTO EN LOS ECOSISTEMAS DE EMPLAZAMIENTO 2024-2025,Objetivo 1. Actividad 2. Muestreos y Analisis sedimentos,Johana Ojeda ,INSTITUTO DE FOMENTO PESQUERO,Campaña_Otoño-Inv_2024.Proy.SeguimientoAmbiental,Estuario,8,413533.0,722110.7,2024-05-19,14:15:00,PH,7.1000000000000005,19/05/2024 14:15:00,X
8,ESTUDIO SEGUIMIENTO DESEMPEÑO AMBIENTAL ACUICULTURA EN CHILE Y SU EFECTO EN LOS ECOSISTEMAS DE EMPLAZAMIENTO 2024-2025,Objetivo 1. Actividad 2. Muestreos y Analisis sedimentos,Johana Ojeda ,INSTITUTO DE FOMENTO PESQUERO,Campaña_Otoño-Inv_2024.Proy.SeguimientoAmbiental,Estuario,12,413938.3,722058.9,2024-05-19,11:00:00,PH,7.170000000000001,19/05/2024 11:00:00,X
9,ESTUDIO SEGUIMIENTO DESEMPEÑO AMBIENTAL ACUICULTURA EN CHILE Y SU EFECTO EN LOS ECOSISTEMAS DE EMPLAZAMIENTO 2024-2025,Objetivo 1. Actividad 2. Muestreos y Analisis sedimentos,Johana Ojeda ,INSTITUTO DE FOMENTO PESQUERO,Campaña_Otoño-Inv_2024.Proy.SeguimientoAmbiental,Estuario,17,414052.7,722801.1,2024-05-19,09:45:00,PH,7.420000000000001,19/05/2024 09:45:00,X
10,ESTUDIO SEGUIMIENTO DESEMPEÑO AMBIENTAL ACUICULTURA EN CHILE Y SU EFECTO EN LOS ECOSISTEMAS DE EMPLAZAMIENTO 2024-2025,Objetivo 1. Actividad 2. Muestreos y Analisis sedimentos,Johana Ojeda ,INSTITUTO DE FOMENTO PESQUERO,Campaña_Otoño-Inv_2024.Proy.SeguimientoAmbiental,Estuario,21,414330.8,723048.5,2024-05-19,09:00:00,PH,7.316666666666667,19/05/2024 09:00:00,X
11,ESTUDIO SEGUIMIENTO DESEMPEÑO AMBIENTAL ACUICULTURA EN CHILE Y SU EFECTO EN LOS ECOSISTEMAS DE EMPLAZAMIENTO 2024-2025,Objetivo 1. Actividad 2. Muestreos y Analisis sedimentos,Johana Ojeda ,INSTITUTO DE FOMENTO PESQUERO,Campaña_Otoño-Inv_2024.Proy.SeguimientoAmbiental,Reloncavi,3,415420.9,725230.7,2024-05-21,15:20:00,PH,7.573333333333333,21/05/2024 15:20:00,X
12,ESTUDIO SEGUIMIENTO DESEMPEÑO AMBIENTAL ACUICULTURA EN CHILE Y SU EFECTO EN LOS ECOSISTEMAS DE EMPLAZAMIENTO 2024-2025,Objetivo 1. Actividad 2. Muestreos y Analisis sedimentos,Johana Ojeda ,INSTITUTO DE FOMENTO PESQUERO,Campaña_Otoño-Inv_2024.Proy.SeguimientoAmbiental,Reloncavi,4,415223.0,725351.4,2024-05-21,16:20:00,PH,7.823333333333333,21/05/2024 16:20:00,X
13,ESTUDIO SEGUIMIENTO DESEMPEÑO AMBIENTAL ACUICULTURA EN CHILE Y SU EFECTO EN LOS ECOSISTEMAS DE EMPLAZAMIENTO 2024-2025,Objetivo 1. Actividad 2. Muestreos y Analisis sedimentos,Johana Ojeda ,INSTITUTO DE FOMENTO PESQUERO,Campaña_Otoño-Inv_2024.Proy.SeguimientoAmbiental,Reloncavi,5,415307.1,725602.6,2024-05-22,09:00:00,PH,7.663333333333334,22/05/2024 09:00:00,X
14,ESTUDIO SEGUIMIENTO DESEMPEÑO AMBIENTAL ACUICULTURA EN CHILE Y SU EFECTO EN LOS ECOSISTEMAS DE EMPLAZAMIENTO 2024-2025,Objetivo 1. Actividad 2. Muestreos y Analisis sedimentos,Johana Ojeda ,INSTITUTO DE FOMENTO PESQUERO,Campaña_Otoño-Inv_2024.Proy.SeguimientoAmbiental,Reloncavi,7,414413.7,730243.4,2024-05-23,08:50:00,PH,7.783333333333334,23/05/2024 08:50:00,X
15,ESTUDIO SEGUIMIENTO DESEMPEÑO AMBIENTAL ACUICULTURA EN CHILE Y SU EFECTO EN LOS ECOSISTEMAS DE EMPLAZAMIENTO 2024-2025,Objetivo 1. Actividad 2. Muestreos y Analisis sedimentos,Johana Ojeda ,INSTITUTO DE FOMENTO PESQUERO,Campaña_Otoño-Inv_2024.Proy.SeguimientoAmbiental,Reloncavi,13,412948.4,725730.9,2024-05-18,08:55:00,PH,7.146666666666666,18/05/2024 08:55:00,X
16,ESTUDIO SEGUIMIENTO DESEMPEÑO AMBIENTAL ACUICULTURA EN CHILE Y SU EFECTO EN LOS ECOSISTEMAS DE EMPLAZAMIENTO 2024-2025,Objetivo 1. Actividad 2. Muestreos y Analisis sedimentos,Johana Ojeda ,INSTITUTO DE FOMENTO PESQUERO,Campaña_Otoño-Inv_2024.Proy.SeguimientoAmbiental,Reloncavi,15,413105.3,724724.2,2024-05-18,10:05:00,PH,7.083333333333333,18/05/2024 10:05:00,X
17,ESTUDIO SEGUIMIENTO DESEMPEÑO AMBIENTAL ACUICULTURA EN CHILE Y SU EFECTO EN LOS ECOSISTEMAS DE EMPLAZAMIENTO 2024-2025,Objetivo 1. Actividad 2. Muestreos y Analisis sedimentos,Johana Ojeda ,INSTITUTO DE FOMENTO PESQUERO,Campaña_Otoño-Inv_2024.Proy.SeguimientoAmbiental,Reloncavi,17,413450.6,724336.9,2024-05-18,11:00:00,PH,7.046666666666667,18/05/2024 11:00:00,X
18,ESTUDIO SEGUIMIENTO DESEMPEÑO AMBIENTAL ACUICULTURA EN CHILE Y SU EFECTO EN LOS ECOSISTEMAS DE EMPLAZAMIENTO 2024-2025,Objetivo 1. Actividad 2. Muestreos y Analisis sedimentos,Johana Ojeda ,INSTITUTO DE FOMENTO PESQUERO,Campaña_Otoño-Inv_2024.Proy.SeguimientoAmbiental,Reloncavi,19,413707.8,724152.2,2024-05-18,12:00:00,PH,7.126666666666666,18/05/2024 12:00:00,X
19,ESTUDIO SEGUIMIENTO DESEMPEÑO AMBIENTAL ACUICULTURA EN CHILE Y SU EFECTO EN LOS ECOSISTEMAS DE EMPLAZAMIENTO 2024-2025,Objetivo 1. Actividad 2. Muestreos y Analisis sedimentos,Johana Ojeda ,INSTITUTO DE FOMENTO PESQUERO,Campaña_Otoño-Inv_2024.Proy.SeguimientoAmbiental,Reloncavi,21,413751.5,724023.2,2024-05-18,13:55:00,PH,7.1933333333333325,18/05/2024 13:55:00,X
20,ESTUDIO SEGUIMIENTO DESEMPEÑO AMBIENTAL ACUICULTURA EN CHILE Y SU EFECTO EN LOS ECOSISTEMAS DE EMPLAZAMIENTO 2024-2025,Objetivo 1. Actividad 2. Muestreos y Analisis sedimentos,Johana Ojeda ,INSTITUTO DE FOMENTO PESQUERO,Campaña_Otoño-Inv_2024.Proy.SeguimientoAmbiental,Reloncavi,25,414943.9,724718.2,2024-05-21,14:25:00,PH,7.566666666666666,21/05/2024 14:25:00,X
21,ESTUDIO SEGUIMIENTO DESEMPEÑO AMBIENTAL ACUICULTURA EN CHILE Y SU EFECTO EN LOS ECOSISTEMAS DE EMPLAZAMIENTO 2024-2025,Objetivo 1. Actividad 2. Muestreos y Analisis sedimentos,Johana Ojeda ,INSTITUTO DE FOMENTO PESQUERO,Campaña_Otoño-Inv_2024.Proy.SeguimientoAmbiental,Calbuco,1,414442.2,730610.3,2024-05-23,08:20:00,PH,7.489999999999999,23/05/2024 08:20:00,X
22,ESTUDIO SEGUIMIENTO DESEMPEÑO AMBIENTAL ACUICULTURA EN CHILE Y SU EFECTO EN LOS ECOSISTEMAS DE EMPLAZAMIENTO 2024-2025,Objetivo 1. Actividad 2. Muestreos y Analisis sedimentos,Johana Ojeda ,INSTITUTO DE FOMENTO PESQUERO,Campaña_Otoño-Inv_2024.Proy.SeguimientoAmbiental,Calbuco,2,414630.1,730505.2,2024-05-22,16:10:00,PH,7.326666666666667,22/05/2024 16:10:00,X
23,ESTUDIO SEGUIMIENTO DESEMPEÑO AMBIENTAL ACUICULTURA EN CHILE Y SU EFECTO EN LOS ECOSISTEMAS DE EMPLAZAMIENTO 2024-2025,Objetivo 1. Actividad 2. Muestreos y Analisis sedimentos,Johana Ojeda ,INSTITUTO DE FOMENTO PESQUERO,Campaña_Otoño-Inv_2024.Proy.SeguimientoAmbiental,Calbuco,8,414314.7,730933.2,2024-05-23,10:20:00,PH,7.31,23/05/2024 10:20:00,X
24,ESTUDIO SEGUIMIENTO DESEMPEÑO AMBIENTAL ACUICULTURA EN CHILE Y SU EFECTO EN LOS ECOSISTEMAS DE EMPLAZAMIENTO 2024-2025,Objetivo 1. Actividad 2. Muestreos y Analisis sedimentos,Johana Ojeda ,INSTITUTO DE FOMENTO PESQUERO,Campaña_Otoño-Inv_2024.Proy.SeguimientoAmbiental,Calbuco,16,414822.6,731018.3,2024-05-23,11:30:00,PH,7.1066666666666665,23/05/2024 11:30:00,X
25,ESTUDIO SEGUIMIENTO DESEMPEÑO AMBIENTAL ACUICULTURA EN CHILE Y SU EFECTO EN LOS ECOSISTEMAS DE EMPLAZAMIENTO 2024-2025,Objetivo 1. Actividad 2. Muestreos y Analisis sedimentos,Johana Ojeda ,INSTITUTO DE FOMENTO PESQUERO,Campaña_Otoño-Inv_2024.Proy.SeguimientoAmbiental,Calbuco,22,414705.8,730505.2,2024-05-22,15:30:00,PH,7.59,22/05/2024 15:30:00,X
26,ESTUDIO SEGUIMIENTO DESEMPEÑO AMBIENTAL ACUICULTURA EN CHILE Y SU EFECTO EN LOS ECOSISTEMAS DE EMPLAZAMIENTO 2024-2025,Objetivo 1. Actividad 2. Muestreos y Analisis sedimentos,Johana Ojeda ,INSTITUTO DE FOMENTO PESQUERO,Campaña_Otoño-Inv_2024.Proy.SeguimientoAmbiental,Calbuco,26,415016.4,730447.2,2024-05-22,12:00:00,PH,7.546666666666667,22/05/2024 12:00:00,X
27,ESTUDIO SEGUIMIENTO DESEMPEÑO AMBIENTAL ACUICULTURA EN CHILE Y SU EFECTO EN LOS ECOSISTEMAS DE EMPLAZAMIENTO 2024-2025,Objetivo 1. Actividad 2. Muestreos y Analisis sedimentos,Johana Ojeda ,INSTITUTO DE FOMENTO PESQUERO,Campaña_Otoño-Inv_2024.Proy.SeguimientoAmbiental,Calbuco,27,414959.8,730629.1,2024-05-22,14:30:00,PH,7.433333333333333,22/05/2024 14:30:00,X
28,ESTUDIO SEGUIMIENTO DESEMPEÑO AMBIENTAL ACUICULTURA EN CHILE Y SU EFECTO EN LOS ECOSISTEMAS DE EMPLAZAMIENTO 2024-2025,Objetivo 1. Actividad 2. Muestreos y Analisis sedimentos,Johana Ojeda ,INSTITUTO DE FOMENTO PESQUERO,Campaña_Otoño-Inv_2024.Proy.SeguimientoAmbiental,Calbuco,30,415019.0,730822.5,2024-05-22,14:50:00,PH,7.63,22/05/2024 14:50:00,X
29,ESTUDIO SEGUIMIENTO DESEMPEÑO AMBIENTAL ACUICULTURA EN CHILE Y SU EFECTO EN LOS ECOSISTEMAS DE EMPLAZAMIENTO 2024-2025,Objetivo 1. Actividad 2. Muestreos y Analisis sedimentos,Johana Ojeda ,INSTITUTO DE FOMENTO PESQUERO,Campaña_Otoño-Inv_2024.Proy.SeguimientoAmbiental,Chacao,2,415659.3,733134.3,2024-05-24,12:00:00,PH,7.466666666666666,24/05/2024 12:00:00,X
30,ESTUDIO SEGUIMIENTO DESEMPEÑO AMBIENTAL ACUICULTURA EN CHILE Y SU EFECTO EN LOS ECOSISTEMAS DE EMPLAZAMIENTO 2024-2025,Objetivo 1. Actividad 2. Muestreos y Analisis sedimentos,Johana Ojeda ,INSTITUTO DE FOMENTO PESQUERO,Campaña_Otoño-Inv_2024.Proy.SeguimientoAmbiental,Chacao,6,415415.1,732906.8,2024-05-24,11:30:00,PH,7.236666666666667,24/05/2024 11:30:00,X
31,ESTUDIO SEGUIMIENTO DESEMPEÑO AMBIENTAL ACUICULTURA EN CHILE Y SU EFECTO EN LOS ECOSISTEMAS DE EMPLAZAMIENTO 2024-2025,Objetivo 1. Actividad 2. Muestreos y Analisis sedimentos,Johana Ojeda ,INSTITUTO DE FOMENTO PESQUERO,Campaña_Otoño-Inv_2024.Proy.SeguimientoAmbiental,Chacao,12,415217.3,733107.9,2024-05-24,11:40:00,PH,7.5200000000000005,24/05/2024 11:40:00,X
32,ESTUDIO SEGUIMIENTO DESEMPEÑO AMBIENTAL ACUICULTURA EN CHILE Y SU EFECTO EN LOS ECOSISTEMAS DE EMPLAZAMIENTO 2024-2025,Objetivo 1. Actividad 2. Muestreos y Analisis sedimentos,Johana Ojeda ,INSTITUTO DE FOMENTO PESQUERO,Campaña_Otoño-Inv_2024.Proy.SeguimientoAmbiental,Chacao,14,415115.7,732851.2,2024-05-24,11:10:00,PH,7.419999999999999,24/05/2024 11:10:00,X
33,ESTUDIO SEGUIMIENTO DESEMPEÑO AMBIENTAL ACUICULTURA EN CHILE Y SU EFECTO EN LOS ECOSISTEMAS DE EMPLAZAMIENTO 2024-2025,Objetivo 1. Actividad 2. Muestreos y Analisis sedimentos,Johana Ojeda ,INSTITUTO DE FOMENTO PESQUERO,Campaña_Otoño-Inv_2024.Proy.SeguimientoAmbiental,Butachauques,1,421917.6,731519.1,2024-05-25,10:45:00,PH,7.453333333333333,25/05/2024 10:45:00,X
34,ESTUDIO SEGUIMIENTO DESEMPEÑO AMBIENTAL ACUICULTURA EN CHILE Y SU EFECTO EN LOS ECOSISTEMAS DE EMPLAZAMIENTO 2024-2025,Objetivo 1. Actividad 2. Muestreos y Analisis sedimentos,Johana Ojeda ,INSTITUTO DE FOMENTO PESQUERO,Campaña_Otoño-Inv_2024.Proy.SeguimientoAmbiental,Butachauques,3,421702.6,731506.7,2024-05-25,11:20:00,PH,7.09,25/05/2024 11:20:00,X
35,ESTUDIO SEGUIMIENTO DESEMPEÑO AMBIENTAL ACUICULTURA EN CHILE Y SU EFECTO EN LOS ECOSISTEMAS DE EMPLAZAMIENTO 2024-2025,Objetivo 1. Actividad 2. Muestreos y Analisis sedimentos,Johana Ojeda ,INSTITUTO DE FOMENTO PESQUERO,Campaña_Otoño-Inv_2024.Proy.SeguimientoAmbiental,Butachauques,7,421556.3,730936.2,2024-05-25,12:40:00,PH,7.486666666666667,25/05/2024 12:40:00,X
36,ESTUDIO SEGUIMIENTO DESEMPEÑO AMBIENTAL ACUICULTURA EN CHILE Y SU EFECTO EN LOS ECOSISTEMAS DE EMPLAZAMIENTO 2024-2025,Objetivo 1. Actividad 2. Muestreos y Analisis sedimentos,Johana Ojeda ,INSTITUTO DE FOMENTO PESQUERO,Campaña_Otoño-Inv_2024.Proy.SeguimientoAmbiental,Butachauques,10,421645.3,732049.7,2024-05-25,10:00:00,PH,7.330000000000001,25/05/2024 10:00:00,X
37,ESTUDIO SEGUIMIENTO DESEMPEÑO AMBIENTAL ACUICULTURA EN CHILE Y SU EFECTO EN LOS ECOSISTEMAS DE EMPLAZAMIENTO 2024-2025,Objetivo 1. Actividad 2. Muestreos y Analisis sedimentos,Johana Ojeda ,INSTITUTO DE FOMENTO PESQUERO,Campaña_Otoño-Inv_2024.Proy.SeguimientoAmbiental,Butachauques,12,421224.4,732358.0,2024-05-25,08:45:00,PH,7.403333333333333,25/05/2024 08:45:00,X
38,ESTUDIO SEGUIMIENTO DESEMPEÑO AMBIENTAL ACUICULTURA EN CHILE Y SU EFECTO EN LOS ECOSISTEMAS DE EMPLAZAMIENTO 2024-2025,Objetivo 1. Actividad 2. Muestreos y Analisis sedimentos,Johana Ojeda ,INSTITUTO DE FOMENTO PESQUERO,Campaña_Otoño-Inv_2024.Proy.SeguimientoAmbiental,Butachauques,13,421021.7,732609.5,2024-05-25,08:20:00,PH,7.413333333333333,25/05/2024 08:20:00,X
39,ESTUDIO SEGUIMIENTO DESEMPEÑO AMBIENTAL ACUICULTURA EN CHILE Y SU EFECTO EN LOS ECOSISTEMAS DE EMPLAZAMIENTO 2024-2025,Objetivo 1. Actividad 2. Muestreos y Analisis sedimentos,Johana Ojeda ,INSTITUTO DE FOMENTO PESQUERO,Campaña_Otoño-Inv_2024.Proy.SeguimientoAmbiental,Butachauques,14,420929.5,732804.6,2024-05-24,14:10:00,PH,7.186666666666667,24/05/2024 14:10:00,X
40,ESTUDIO SEGUIMIENTO DESEMPEÑO AMBIENTAL ACUICULTURA EN CHILE Y SU EFECTO EN LOS ECOSISTEMAS DE EMPLAZAMIENTO 2024-2025,Objetivo 1. Actividad 2. Muestreos y Analisis sedimentos,Johana Ojeda ,INSTITUTO DE FOMENTO PESQUERO,Campaña_Otoño-Inv_2024.Proy.SeguimientoAmbiental,Chaulinec,3,423622.9,731526.5,2024-05-26,10:35:00,PH,7.6066666666666665,26/05/2024 10:35:00,X
41,ESTUDIO SEGUIMIENTO DESEMPEÑO AMBIENTAL ACUICULTURA EN CHILE Y SU EFECTO EN LOS ECOSISTEMAS DE EMPLAZAMIENTO 2024-2025,Objetivo 1. Actividad 2. Muestreos y Analisis sedimentos,Johana Ojeda ,INSTITUTO DE FOMENTO PESQUERO,Campaña_Otoño-Inv_2024.Proy.SeguimientoAmbiental,Chaulinec,4,423422.1,731353.2,2024-05-26,11:15:00,PH,7.57,26/05/2024 11:15:00,X
42,ESTUDIO SEGUIMIENTO DESEMPEÑO AMBIENTAL ACUICULTURA EN CHILE Y SU EFECTO EN LOS ECOSISTEMAS DE EMPLAZAMIENTO 2024-2025,Objetivo 1. Actividad 2. Muestreos y Analisis sedimentos,Johana Ojeda ,INSTITUTO DE FOMENTO PESQUERO,Campaña_Otoño-Inv_2024.Proy.SeguimientoAmbiental,Chaulinec,7,422803.3,732256.7,2024-05-26,09:50:00,PH,7.8133333333333335,26/05/2024 09:50:00,X
43,ESTUDIO SEGUIMIENTO DESEMPEÑO AMBIENTAL ACUICULTURA EN CHILE Y SU EFECTO EN LOS ECOSISTEMAS DE EMPLAZAMIENTO 2024-2025,Objetivo 1. Actividad 2. Muestreos y Analisis sedimentos,Johana Ojeda ,INSTITUTO DE FOMENTO PESQUERO,Campaña_Otoño-Inv_2024.Proy.SeguimientoAmbiental,Chaulinec,10,422429.1,731921.4,2024-05-25,15:15:00,PH,7.266666666666667,25/05/2024 15:15:00,X
44,ESTUDIO SEGUIMIENTO DESEMPEÑO AMBIENTAL ACUICULTURA EN CHILE Y SU EFECTO EN LOS ECOSISTEMAS DE EMPLAZAMIENTO 2024-2025,Objetivo 1. Actividad 2. Muestreos y Analisis sedimentos,Johana Ojeda ,INSTITUTO DE FOMENTO PESQUERO,Campaña_Otoño-Inv_2024.Proy.SeguimientoAmbiental,Chaulinec,13,422634.7,733044.2,2024-05-26,14:50:00,PH,7.419999999999999,26/05/2024 14:50:00,X
45,ESTUDIO SEGUIMIENTO DESEMPEÑO AMBIENTAL ACUICULTURA EN CHILE Y SU EFECTO EN LOS ECOSISTEMAS DE EMPLAZAMIENTO 2024-2025,Objetivo 1. Actividad 2. Muestreos y Analisis sedimentos,Johana Ojeda ,INSTITUTO DE FOMENTO PESQUERO,Campaña_Otoño-Inv_2024.Proy.SeguimientoAmbiental,Tenaun,2,422246.5,733559.1,2024-05-26,16:55:00,PH,7.210000000000001,26/05/2024 16:55:00,X
46,ESTUDIO SEGUIMIENTO DESEMPEÑO AMBIENTAL ACUICULTURA EN CHILE Y SU EFECTO EN LOS ECOSISTEMAS DE EMPLAZAMIENTO 2024-2025,Objetivo 1. Actividad 2. Muestreos y Analisis sedimentos,Johana Ojeda ,INSTITUTO DE FOMENTO PESQUERO,Campaña_Otoño-Inv_2024.Proy.SeguimientoAmbiental,Tenaun,3,422307.4,733744.8,2024-05-27,08:15:00,PH,7.656666666666666,27/05/2024 08:15:00,X
47,ESTUDIO SEGUIMIENTO DESEMPEÑO AMBIENTAL ACUICULTURA EN CHILE Y SU EFECTO EN LOS ECOSISTEMAS DE EMPLAZAMIENTO 2024-2025,Objetivo 1. Actividad 2. Muestreos y Analisis sedimentos,Johana Ojeda ,INSTITUTO DE FOMENTO PESQUERO,Campaña_Otoño-Inv_2024.Proy.SeguimientoAmbiental,Tenaun,6,422215.1,733731.1,2024-05-27,08:45:00,PH,7.283333333333332,27/05/2024 08:45:00,X
48,ESTUDIO SEGUIMIENTO DESEMPEÑO AMBIENTAL ACUICULTURA EN CHILE Y SU EFECTO EN LOS ECOSISTEMAS DE EMPLAZAMIENTO 2024-2025,Objetivo 1. Actividad 2. Muestreos y Analisis sedimentos,Johana Ojeda ,INSTITUTO DE FOMENTO PESQUERO,Campaña_Otoño-Inv_2024.Proy.SeguimientoAmbiental,Tenaun,9,422139.1,733441.7,2024-05-26,15:20:00,PH,7.216666666666666,26/05/2024 15:20:00,X
49,ESTUDIO SEGUIMIENTO DESEMPEÑO AMBIENTAL ACUICULTURA EN CHILE Y SU EFECTO EN LOS ECOSISTEMAS DE EMPLAZAMIENTO 2024-2025,Objetivo 1. Actividad 2. Muestreos y Analisis sedimentos,Johana Ojeda ,INSTITUTO DE FOMENTO PESQUERO,Campaña_Otoño-Inv_2024.Proy.SeguimientoAmbiental,Tenaun,14,422026.0,733200.9,2024-05-26,14:50:00,PH,7.41,26/05/2024 14:50:00,X
50,ESTUDIO SEGUIMIENTO DESEMPEÑO AMBIENTAL ACUICULTURA EN CHILE Y SU EFECTO EN LOS ECOSISTEMAS DE EMPLAZAMIENTO 2024-2025,Objetivo 1. Actividad 2. Muestreos y Analisis sedimentos,Johana Ojeda ,INSTITUTO DE FOMENTO PESQUERO,Campaña_Otoño-Inv_2024.Proy.SeguimientoAmbiental,Chiloe central,1,423046.9,734515.6,2024-05-27,14:45:00,PH,7.239999999999999,27/05/2024 14:45:00,X
51,ESTUDIO SEGUIMIENTO DESEMPEÑO AMBIENTAL ACUICULTURA EN CHILE Y SU EFECTO EN LOS ECOSISTEMAS DE EMPLAZAMIENTO 2024-2025,Objetivo 1. Actividad 2. Muestreos y Analisis sedimentos,Johana Ojeda ,INSTITUTO DE FOMENTO PESQUERO,Campaña_Otoño-Inv_2024.Proy.SeguimientoAmbiental,Chiloe central,4,423259.2,734015.8,2024-05-27,13:35:00,PH,7.6433333333333335,27/05/2024 13:35:00,X
52,ESTUDIO SEGUIMIENTO DESEMPEÑO AMBIENTAL ACUICULTURA EN CHILE Y SU EFECTO EN LOS ECOSISTEMAS DE EMPLAZAMIENTO 2024-2025,Objetivo 1. Actividad 2. Muestreos y Analisis sedimentos,Johana Ojeda ,INSTITUTO DE FOMENTO PESQUERO,Campaña_Otoño-Inv_2024.Proy.SeguimientoAmbiental,Chiloe central,6,423209.3,733613.2,2024-05-27,13:00:00,PH,7.653333333333333,27/05/2024 13:00:00,X
53,ESTUDIO SEGUIMIENTO DESEMPEÑO AMBIENTAL ACUICULTURA EN CHILE Y SU EFECTO EN LOS ECOSISTEMAS DE EMPLAZAMIENTO 2024-2025,Objetivo 1. Actividad 2. Muestreos y Analisis sedimentos,Johana Ojeda ,INSTITUTO DE FOMENTO PESQUERO,Campaña_Otoño-Inv_2024.Proy.SeguimientoAmbiental,Chiloe central,7,423029.3,733611.3,2024-05-27,10:25:00,PH,7.23,27/05/2024 10:25:00,X
54,ESTUDIO SEGUIMIENTO DESEMPEÑO AMBIENTAL ACUICULTURA EN CHILE Y SU EFECTO EN LOS ECOSISTEMAS DE EMPLAZAMIENTO 2024-2025,Objetivo 1. Actividad 2. Muestreos y Analisis sedimentos,Johana Ojeda ,INSTITUTO DE FOMENTO PESQUERO,Campaña_Otoño-Inv_2024.Proy.SeguimientoAmbiental,Chiloe central,11,422833.3,733241.1,2024-05-27,11:00:00,PH,7.623333333333332,27/05/2024 11:00:00,X
55,ESTUDIO SEGUIMIENTO DESEMPEÑO AMBIENTAL ACUICULTURA EN CHILE Y SU EFECTO EN LOS ECOSISTEMAS DE EMPLAZAMIENTO 2024-2025,Objetivo 1. Actividad 2. Muestreos y Analisis sedimentos,Johana Ojeda ,INSTITUTO DE FOMENTO PESQUERO,Campaña_Otoño-Inv_2024.Proy.SeguimientoAmbiental,Chiloe central,12,423059.3,732821.5,2024-05-27,11:35:00,PH,7.466666666666666,27/05/2024 11:35:00,X
56,ESTUDIO SEGUIMIENTO DESEMPEÑO AMBIENTAL ACUICULTURA EN CHILE Y SU EFECTO EN LOS ECOSISTEMAS DE EMPLAZAMIENTO 2024-2025,Objetivo 1. Actividad 2. Muestreos y Analisis sedimentos,Johana Ojeda ,INSTITUTO DE FOMENTO PESQUERO,Campaña_Otoño-Inv_2024.Proy.SeguimientoAmbiental,Chiloe central,16,424213.5,733738.2,2024-05-29,10:45:00,PH,7.233333333333334,29/05/2024 10:45:00,X
57,ESTUDIO SEGUIMIENTO DESEMPEÑO AMBIENTAL ACUICULTURA EN CHILE Y SU EFECTO EN LOS ECOSISTEMAS DE EMPLAZAMIENTO 2024-2025,Objetivo 1. Actividad 2. Muestreos y Analisis sedimentos,Johana Ojeda ,INSTITUTO DE FOMENTO PESQUERO,Campaña_Otoño-Inv_2024.Proy.SeguimientoAmbiental,Chiloe central,26,423654.6,732710.2,2024-05-26,12:00:00,PH,7.390000000000001,26/05/2024 12:00:00,X
58,ESTUDIO SEGUIMIENTO DESEMPEÑO AMBIENTAL ACUICULTURA EN CHILE Y SU EFECTO EN LOS ECOSISTEMAS DE EMPLAZAMIENTO 2024-2025,Objetivo 1. Actividad 2. Muestreos y Analisis sedimentos,Johana Ojeda ,INSTITUTO DE FOMENTO PESQUERO,Campaña_Otoño-Inv_2024.Proy.SeguimientoAmbiental,Desertores,1,424703.0,725635.9,2024-06-19,15:30:00,PH,7.003333333333333,19/06/2024 15:30:00,X
59,ESTUDIO SEGUIMIENTO DESEMPEÑO AMBIENTAL ACUICULTURA EN CHILE Y SU EFECTO EN LOS ECOSISTEMAS DE EMPLAZAMIENTO 2024-2025,Objetivo 1. Actividad 2. Muestreos y Analisis sedimentos,Johana Ojeda ,INSTITUTO DE FOMENTO PESQUERO,Campaña_Otoño-Inv_2024.Proy.SeguimientoAmbiental,Desertores,2,424756.1,725723.7,2024-06-22,09:15:00,PH,7.766666666666667,22/06/2024 09:15:00,X
60,ESTUDIO SEGUIMIENTO DESEMPEÑO AMBIENTAL ACUICULTURA EN CHILE Y SU EFECTO EN LOS ECOSISTEMAS DE EMPLAZAMIENTO 2024-2025,Objetivo 1. Actividad 2. Muestreos y Analisis sedimentos,Johana Ojeda ,INSTITUTO DE FOMENTO PESQUERO,Campaña_Otoño-Inv_2024.Proy.SeguimientoAmbiental,Desertores,3,424536.0,725951.7,2024-06-22,09:50:00,PH,7.653333333333333,22/06/2024 09:50:00,X
61,ESTUDIO SEGUIMIENTO DESEMPEÑO AMBIENTAL ACUICULTURA EN CHILE Y SU EFECTO EN LOS ECOSISTEMAS DE EMPLAZAMIENTO 2024-2025,Objetivo 1. Actividad 2. Muestreos y Analisis sedimentos,Johana Ojeda ,INSTITUTO DE FOMENTO PESQUERO,Campaña_Otoño-Inv_2024.Proy.SeguimientoAmbiental,Desertores,6,424206.5,730534.1,2024-06-22,10:45:00,PH,7.266666666666666,22/06/2024 10:45:00,X
62,ESTUDIO SEGUIMIENTO DESEMPEÑO AMBIENTAL ACUICULTURA EN CHILE Y SU EFECTO EN LOS ECOSISTEMAS DE EMPLAZAMIENTO 2024-2025,Objetivo 1. Actividad 2. Muestreos y Analisis sedimentos,Johana Ojeda ,INSTITUTO DE FOMENTO PESQUERO,Campaña_Otoño-Inv_2024.Proy.SeguimientoAmbiental,Quellon,6,431143.2,733811.2,2024-06-01,11:05:00,PH,7.433333333333334,01/06/2024 11:05:00,X
63,ESTUDIO SEGUIMIENTO DESEMPEÑO AMBIENTAL ACUICULTURA EN CHILE Y SU EFECTO EN LOS ECOSISTEMAS DE EMPLAZAMIENTO 2024-2025,Objetivo 1. Actividad 2. Muestreos y Analisis sedimentos,Johana Ojeda ,INSTITUTO DE FOMENTO PESQUERO,Campaña_Otoño-Inv_2024.Proy.SeguimientoAmbiental,Quellon,8,430739.5,734328.6,2024-06-01,12:05:00,PH,7.376666666666666,01/06/2024 12:05:00,X
64,ESTUDIO SEGUIMIENTO DESEMPEÑO AMBIENTAL ACUICULTURA EN CHILE Y SU EFECTO EN LOS ECOSISTEMAS DE EMPLAZAMIENTO 2024-2025,Objetivo 1. Actividad 2. Muestreos y Analisis sedimentos,Johana Ojeda ,INSTITUTO DE FOMENTO PESQUERO,Campaña_Otoño-Inv_2024.Proy.SeguimientoAmbiental,Quellon,11,430832.2,734013.7,2024-06-01,12:35:00,PH,6.650000000000001,01/06/2024 12:35:00,X
65,ESTUDIO SEGUIMIENTO DESEMPEÑO AMBIENTAL ACUICULTURA EN CHILE Y SU EFECTO EN LOS ECOSISTEMAS DE EMPLAZAMIENTO 2024-2025,Objetivo 1. Actividad 2. Muestreos y Analisis sedimentos,Johana Ojeda ,INSTITUTO DE FOMENTO PESQUERO,Campaña_Otoño-Inv_2024.Proy.SeguimientoAmbiental,Quellon,12,431133.5,733423.8,2024-06-01,10:15:00,PH,7.206666666666667,01/06/2024 10:15:00,X
66,ESTUDIO SEGUIMIENTO DESEMPEÑO AMBIENTAL ACUICULTURA EN CHILE Y SU EFECTO EN LOS ECOSISTEMAS DE EMPLAZAMIENTO 2024-2025,Objetivo 1. Actividad 2. Muestreos y Analisis sedimentos,Johana Ojeda ,INSTITUTO DE FOMENTO PESQUERO,Campaña_Otoño-Inv_2024.Proy.SeguimientoAmbiental,Quellon,13,430826.2,733310.7,2024-06-01,09:30:00,PH,7.333333333333333,01/06/2024 09:30:00,X
67,ESTUDIO SEGUIMIENTO DESEMPEÑO AMBIENTAL ACUICULTURA EN CHILE Y SU EFECTO EN LOS ECOSISTEMAS DE EMPLAZAMIENTO 2024-2025,Objetivo 1. Actividad 2. Muestreos y Analisis sedimentos,Johana Ojeda ,INSTITUTO DE FOMENTO PESQUERO,Campaña_Otoño-Inv_2024.Proy.SeguimientoAmbiental,Quellon,19,430307.5,732746.7,2024-05-31,15:10:00,PH,7.386666666666667,31/05/2024 15:10:00,X
68,ESTUDIO SEGUIMIENTO DESEMPEÑO AMBIENTAL ACUICULTURA EN CHILE Y SU EFECTO EN LOS ECOSISTEMAS DE EMPLAZAMIENTO 2024-2025,Objetivo 1. Actividad 2. Muestreos y Analisis sedimentos,Johana Ojeda ,INSTITUTO DE FOMENTO PESQUERO,Campaña_Otoño-Inv_2024.Proy.SeguimientoAmbiental,Quellon,21,430206.1,733133.1,2024-05-31,14:35:00,PH,7.303333333333334,31/05/2024 14:35:00,X
69,ESTUDIO SEGUIMIENTO DESEMPEÑO AMBIENTAL ACUICULTURA EN CHILE Y SU EFECTO EN LOS ECOSISTEMAS DE EMPLAZAMIENTO 2024-2025,Objetivo 1. Actividad 2. Muestreos y Analisis sedimentos,Johana Ojeda ,INSTITUTO DE FOMENTO PESQUERO,Campaña_Otoño-Inv_2024.Proy.SeguimientoAmbiental,Quellon,22,425921.8,732805.5,2024-05-31,14:00:00,PH,7.536666666666666,31/05/2024 14:00:00,X
70,ESTUDIO SEGUIMIENTO DESEMPEÑO AMBIENTAL ACUICULTURA EN CHILE Y SU EFECTO EN LOS ECOSISTEMAS DE EMPLAZAMIENTO 2024-2025,Objetivo 1. Actividad 2. Muestreos y Analisis sedimentos,Johana Ojeda ,INSTITUTO DE FOMENTO PESQUERO,Campaña_Otoño-Inv_2024.Proy.SeguimientoAmbiental,Quellon,26,425621.2,733649.9,2024-05-31,12:50:00,PH,7.326666666666667,31/05/2024 12:50:00,X
71,ESTUDIO SEGUIMIENTO DESEMPEÑO AMBIENTAL ACUICULTURA EN CHILE Y SU EFECTO EN LOS ECOSISTEMAS DE EMPLAZAMIENTO 2024-2025,Objetivo 1. Actividad 2. Muestreos y Analisis sedimentos,Johana Ojeda ,INSTITUTO DE FOMENTO PESQUERO,Campaña_Otoño-Inv_2024.Proy.SeguimientoAmbiental,Quellon,28,425525.9,733504.7,2024-05-31,12:30:00,PH,7.273333333333333,31/05/2024 12:30:00,X
72,ESTUDIO SEGUIMIENTO DESEMPEÑO AMBIENTAL ACUICULTURA EN CHILE Y SU EFECTO EN LOS ECOSISTEMAS DE EMPLAZAMIENTO 2024-2025,Objetivo 1. Actividad 2. Muestreos y Analisis sedimentos,Johana Ojeda ,INSTITUTO DE FOMENTO PESQUERO,Campaña_Otoño-Inv_2024.Proy.SeguimientoAmbiental,Quellon,32,425122.8,734130.9,2024-05-31,11:45:00,PH,7.293333333333333,31/05/2024 11:45:00,X
73,ESTUDIO SEGUIMIENTO DESEMPEÑO AMBIENTAL ACUICULTURA EN CHILE Y SU EFECTO EN LOS ECOSISTEMAS DE EMPLAZAMIENTO 2024-2025,Objetivo 1. Actividad 2. Muestreos y Analisis sedimentos,Johana Ojeda ,INSTITUTO DE FOMENTO PESQUERO,Campaña_Otoño-Inv_2024.Proy.SeguimientoAmbiental,Quellon,39,425415.3,732927.9,2024-05-29,13:15:00,PH,7.3566666666666665,29/05/2024 13:15:00,X
74,ESTUDIO SEGUIMIENTO DESEMPEÑO AMBIENTAL ACUICULTURA EN CHILE Y SU EFECTO EN LOS ECOSISTEMAS DE EMPLAZAMIENTO 2024-2025,Objetivo 1. Actividad 2. Muestreos y Analisis sedimentos,Johana Ojeda ,INSTITUTO DE FOMENTO PESQUERO,Campaña_Otoño-Inv_2024.Proy.SeguimientoAmbiental,Hornopiren,3,420427.1,722759.7,2024-06-14,15:25:00,PH,7.103333333333334,14/06/2024 15:25:00,X
75,ESTUDIO SEGUIMIENTO DESEMPEÑO AMBIENTAL ACUICULTURA EN CHILE Y SU EFECTO EN LOS ECOSISTEMAS DE EMPLAZAMIENTO 2024-2025,Objetivo 1. Actividad 2. Muestreos y Analisis sedimentos,Johana Ojeda ,INSTITUTO DE FOMENTO PESQUERO,Campaña_Otoño-Inv_2024.Proy.SeguimientoAmbiental,Hornopiren,6,420209.6,723558.5,2024-06-14,14:20:00,PH,7.62,14/06/2024 14:20:00,X
76,ESTUDIO SEGUIMIENTO DESEMPEÑO AMBIENTAL ACUICULTURA EN CHILE Y SU EFECTO EN LOS ECOSISTEMAS DE EMPLAZAMIENTO 2024-2025,Objetivo 1. Actividad 2. Muestreos y Analisis sedimentos,Johana Ojeda ,INSTITUTO DE FOMENTO PESQUERO,Campaña_Otoño-Inv_2024.Proy.SeguimientoAmbiental,Hornopiren,7,420301.3,723537.3,2024-06-14,13:45:00,PH,7.613333333333333,14/06/2024 13:45:00,X
78,ESTUDIO SEGUIMIENTO DESEMPEÑO AMBIENTAL ACUICULTURA EN CHILE Y SU EFECTO EN LOS ECOSISTEMAS DE EMPLAZAMIENTO 2024-2025,Objetivo 1. Actividad 2. Muestreos y Analisis sedimentos,Johana Ojeda ,INSTITUTO DE FOMENTO PESQUERO,Campaña_Otoño-Inv_2024.Proy.SeguimientoAmbiental,Hornopiren,14,421524.5,722346.8,2024-06-14,17:20:00,PH,6.8133333333333335,14/06/2024 17:20:00,X
79,ESTUDIO SEGUIMIENTO DESEMPEÑO AMBIENTAL ACUICULTURA EN CHILE Y SU EFECTO EN LOS ECOSISTEMAS DE EMPLAZAMIENTO 2024-2025,Objetivo 1. Actividad 2. Muestreos y Analisis sedimentos,Johana Ojeda ,INSTITUTO DE FOMENTO PESQUERO,Campaña_Otoño-Inv_2024.Proy.SeguimientoAmbiental,Ayacara,1,421853.1,724721.9,2024-06-15,13:15:00,PH,7.483333333333334,15/06/2024 13:15:00,X
80,ESTUDIO SEGUIMIENTO DESEMPEÑO AMBIENTAL ACUICULTURA EN CHILE Y SU EFECTO EN LOS ECOSISTEMAS DE EMPLAZAMIENTO 2024-2025,Objetivo 1. Actividad 2. Muestreos y Analisis sedimentos,Johana Ojeda ,INSTITUTO DE FOMENTO PESQUERO,Campaña_Otoño-Inv_2024.Proy.SeguimientoAmbiental,Ayacara,2,422434.1,724307.0,2024-06-15,14:50:00,PH,7.4366666666666665,15/06/2024 14:50:00,X
81,ESTUDIO SEGUIMIENTO DESEMPEÑO AMBIENTAL ACUICULTURA EN CHILE Y SU EFECTO EN LOS ECOSISTEMAS DE EMPLAZAMIENTO 2024-2025,Objetivo 1. Actividad 2. Muestreos y Analisis sedimentos,Johana Ojeda ,INSTITUTO DE FOMENTO PESQUERO,Campaña_Otoño-Inv_2024.Proy.SeguimientoAmbiental,Ayacara,3,423409.7,723139.7,2024-06-15,17:15:00,PH,7.296666666666667,15/06/2024 17:15:00,X
82,ESTUDIO SEGUIMIENTO DESEMPEÑO AMBIENTAL ACUICULTURA EN CHILE Y SU EFECTO EN LOS ECOSISTEMAS DE EMPLAZAMIENTO 2024-2025,Objetivo 1. Actividad 2. Muestreos y Analisis sedimentos,Johana Ojeda ,INSTITUTO DE FOMENTO PESQUERO,Campaña_Otoño-Inv_2024.Proy.SeguimientoAmbiental,Ayacara,4,423117.9,724140.8,2024-06-15,16:00:00,PH,7.466666666666666,15/06/2024 16:00:00,X
83,ESTUDIO SEGUIMIENTO DESEMPEÑO AMBIENTAL ACUICULTURA EN CHILE Y SU EFECTO EN LOS ECOSISTEMAS DE EMPLAZAMIENTO 2024-2025,Objetivo 1. Actividad 2. Muestreos y Analisis sedimentos,Johana Ojeda ,INSTITUTO DE FOMENTO PESQUERO,Campaña_Otoño-Inv_2024.Proy.SeguimientoAmbiental,Ayacara,7,423730.6,725115.4,2024-06-19,12:10:00,PH,7.306666666666666,19/06/2024 12:10:00,X
84,ESTUDIO SEGUIMIENTO DESEMPEÑO AMBIENTAL ACUICULTURA EN CHILE Y SU EFECTO EN LOS ECOSISTEMAS DE EMPLAZAMIENTO 2024-2025,Objetivo 1. Actividad 2. Muestreos y Analisis sedimentos,Johana Ojeda ,INSTITUTO DE FOMENTO PESQUERO,Campaña_Otoño-Inv_2024.Proy.SeguimientoAmbiental,Ayacara,9,424232.8,725058.9,2024-06-19,13:00:00,PH,7.286666666666666,19/06/2024 13:00:00,X
85,ESTUDIO SEGUIMIENTO DESEMPEÑO AMBIENTAL ACUICULTURA EN CHILE Y SU EFECTO EN LOS ECOSISTEMAS DE EMPLAZAMIENTO 2024-2025,Objetivo 1. Actividad 2. Muestreos y Analisis sedimentos,Johana Ojeda ,INSTITUTO DE FOMENTO PESQUERO,Campaña_Otoño-Inv_2024.Proy.SeguimientoAmbiental,Chaiten,3,424711.1,725049.9,2024-06-16,13:30:00,PH,7.453333333333333,16/06/2024 13:30:00,X
86,ESTUDIO SEGUIMIENTO DESEMPEÑO AMBIENTAL ACUICULTURA EN CHILE Y SU EFECTO EN LOS ECOSISTEMAS DE EMPLAZAMIENTO 2024-2025,Objetivo 1. Actividad 2. Muestreos y Analisis sedimentos,Johana Ojeda ,INSTITUTO DE FOMENTO PESQUERO,Campaña_Otoño-Inv_2024.Proy.SeguimientoAmbiental,Chaiten,4,425527.6,724459.6,2024-06-16,14:20:00,PH,7.263333333333333,16/06/2024 14:20:00,X
87,ESTUDIO SEGUIMIENTO DESEMPEÑO AMBIENTAL ACUICULTURA EN CHILE Y SU EFECTO EN LOS ECOSISTEMAS DE EMPLAZAMIENTO 2024-2025,Objetivo 1. Actividad 2. Muestreos y Analisis sedimentos,Johana Ojeda ,INSTITUTO DE FOMENTO PESQUERO,Campaña_Otoño-Inv_2024.Proy.SeguimientoAmbiental,Chaiten,12,431438.9,725308.2,2024-06-23,12:00:00,PH,7.43,23/06/2024 12:00:00,X
88,ESTUDIO SEGUIMIENTO DESEMPEÑO AMBIENTAL ACUICULTURA EN CHILE Y SU EFECTO EN LOS ECOSISTEMAS DE EMPLAZAMIENTO 2024-2025,Objetivo 1. Actividad 2. Muestreos y Analisis sedimentos,Johana Ojeda ,INSTITUTO DE FOMENTO PESQUERO,Campaña_Otoño-Inv_2024.Proy.SeguimientoAmbiental,Chaiten,14,431550.9,725835.0,2024-06-23,11:00:00,PH,7.293333333333333,23/06/2024 11:00:00,X
89,ESTUDIO SEGUIMIENTO DESEMPEÑO AMBIENTAL ACUICULTURA EN CHILE Y SU EFECTO EN LOS ECOSISTEMAS DE EMPLAZAMIENTO 2024-2025,Objetivo 1. Actividad 2. Muestreos y Analisis sedimentos,Johana Ojeda ,INSTITUTO DE FOMENTO PESQUERO,Campaña_Otoño-Inv_2024.Proy.SeguimientoAmbiental,Chaiten,18,433529.8,730022.5,2024-08-05,07:21:00,PH,7.346666666666667,05/08/2024 07:21:00,X
90,ESTUDIO SEGUIMIENTO DESEMPEÑO AMBIENTAL ACUICULTURA EN CHILE Y SU EFECTO EN LOS ECOSISTEMAS DE EMPLAZAMIENTO 2024-2025,Objetivo 1. Actividad 2. Muestreos y Analisis sedimentos,Johana Ojeda ,INSTITUTO DE FOMENTO PESQUERO,Campaña_Otoño-Inv_2024.Proy.SeguimientoAmbiental,Chaiten,19,433757.9,725704.9,2024-08-04,16:35:00,PH,7.546666666666667,04/08/2024 16:35:00,X
92,ESTUDIO SEGUIMIENTO DESEMPEÑO AMBIENTAL ACUICULTURA EN CHILE Y SU EFECTO EN LOS ECOSISTEMAS DE EMPLAZAMIENTO 2024-2025,Objetivo 1. Actividad 2. Muestreos y Analisis sedimentos,Johana Ojeda ,INSTITUTO DE FOMENTO PESQUERO,Campaña_Otoño-Inv_2024.Proy.SeguimientoAmbiental,Guaitecas,1,442931.1,740942.8,2024-07-14,10:50:00,PH,7.3566666666666665,14/07/2024 10:50:00,XI
93,ESTUDIO SEGUIMIENTO DESEMPEÑO AMBIENTAL ACUICULTURA EN CHILE Y SU EFECTO EN LOS ECOSISTEMAS DE EMPLAZAMIENTO 2024-2025,Objetivo 1. Actividad 2. Muestreos y Analisis sedimentos,Johana Ojeda ,INSTITUTO DE FOMENTO PESQUERO,Campaña_Otoño-Inv_2024.Proy.SeguimientoAmbiental,Guaitecas,2,442708.1,740808.5,2024-07-14,10:20:00,PH,7.406666666666666,14/07/2024 10:20:00,XI
94,ESTUDIO SEGUIMIENTO DESEMPEÑO AMBIENTAL ACUICULTURA EN CHILE Y SU EFECTO EN LOS ECOSISTEMAS DE EMPLAZAMIENTO 2024-2025,Objetivo 1. Actividad 2. Muestreos y Analisis sedimentos,Johana Ojeda ,INSTITUTO DE FOMENTO PESQUERO,Campaña_Otoño-Inv_2024.Proy.SeguimientoAmbiental,Guaitecas,4,441418.4,741320.7,2024-07-14,08:30:00,PH,7.476666666666667,14/07/2024 08:30:00,XI
95,ESTUDIO SEGUIMIENTO DESEMPEÑO AMBIENTAL ACUICULTURA EN CHILE Y SU EFECTO EN LOS ECOSISTEMAS DE EMPLAZAMIENTO 2024-2025,Objetivo 1. Actividad 2. Muestreos y Analisis sedimentos,Johana Ojeda ,INSTITUTO DE FOMENTO PESQUERO,Campaña_Otoño-Inv_2024.Proy.SeguimientoAmbiental,Guaitecas,6,440829.0,740209.0,2024-07-13,16:00:00,PH,7.366666666666667,13/07/2024 16:00:00,XI
96,ESTUDIO SEGUIMIENTO DESEMPEÑO AMBIENTAL ACUICULTURA EN CHILE Y SU EFECTO EN LOS ECOSISTEMAS DE EMPLAZAMIENTO 2024-2025,Objetivo 1. Actividad 2. Muestreos y Analisis sedimentos,Johana Ojeda ,INSTITUTO DE FOMENTO PESQUERO,Campaña_Otoño-Inv_2024.Proy.SeguimientoAmbiental,Guaitecas,7,440453.4,735253.7,2024-07-13,14:35:00,PH,7.246666666666666,13/07/2024 14:35:00,XI
97,ESTUDIO SEGUIMIENTO DESEMPEÑO AMBIENTAL ACUICULTURA EN CHILE Y SU EFECTO EN LOS ECOSISTEMAS DE EMPLAZAMIENTO 2024-2025,Objetivo 1. Actividad 2. Muestreos y Analisis sedimentos,Johana Ojeda ,INSTITUTO DE FOMENTO PESQUERO,Campaña_Otoño-Inv_2024.Proy.SeguimientoAmbiental,Guaitecas,8,435456.5,735432.1,2024-07-12,09:30:00,PH,7.126666666666666,12/07/2024 09:30:00,XI
98,ESTUDIO SEGUIMIENTO DESEMPEÑO AMBIENTAL ACUICULTURA EN CHILE Y SU EFECTO EN LOS ECOSISTEMAS DE EMPLAZAMIENTO 2024-2025,Objetivo 1. Actividad 2. Muestreos y Analisis sedimentos,Johana Ojeda ,INSTITUTO DE FOMENTO PESQUERO,Campaña_Otoño-Inv_2024.Proy.SeguimientoAmbiental,Guaitecas,9,435329.1,735219.9,2024-07-12,08:45:00,PH,7.286666666666666,12/07/2024 08:45:00,XI
99,ESTUDIO SEGUIMIENTO DESEMPEÑO AMBIENTAL ACUICULTURA EN CHILE Y SU EFECTO EN LOS ECOSISTEMAS DE EMPLAZAMIENTO 2024-2025,Objetivo 1. Actividad 2. Muestreos y Analisis sedimentos,Johana Ojeda ,INSTITUTO DE FOMENTO PESQUERO,Campaña_Otoño-Inv_2024.Proy.SeguimientoAmbiental,Guaitecas,10,435638.0,734800.0,2024-07-12,10:20:00,PH,7.38,12/07/2024 10:20:00,XI
100,ESTUDIO SEGUIMIENTO DESEMPEÑO AMBIENTAL ACUICULTURA EN CHILE Y SU EFECTO EN LOS ECOSISTEMAS DE EMPLAZAMIENTO 2024-2025,Objetivo 1. Actividad 2. Muestreos y Analisis sedimentos,Johana Ojeda ,INSTITUTO DE FOMENTO PESQUERO,Campaña_Otoño-Inv_2024.Proy.SeguimientoAmbiental,Guaitecas,12,440031.4,734511.0,2024-07-12,11:10:00,PH,7.2,12/07/2024 11:10:00,XI
101,ESTUDIO SEGUIMIENTO DESEMPEÑO AMBIENTAL ACUICULTURA EN CHILE Y SU EFECTO EN LOS ECOSISTEMAS DE EMPLAZAMIENTO 2024-2025,Objetivo 1. Actividad 2. Muestreos y Analisis sedimentos,Johana Ojeda ,INSTITUTO DE FOMENTO PESQUERO,Campaña_Otoño-Inv_2024.Proy.SeguimientoAmbiental,Guaitecas,17,441715.5,734639.1,2024-07-12,14:40:00,PH,7.546666666666667,12/07/2024 14:40:00,XI
102,ESTUDIO SEGUIMIENTO DESEMPEÑO AMBIENTAL ACUICULTURA EN CHILE Y SU EFECTO EN LOS ECOSISTEMAS DE EMPLAZAMIENTO 2024-2025,Objetivo 1. Actividad 2. Muestreos y Analisis sedimentos,Johana Ojeda ,INSTITUTO DE FOMENTO PESQUERO,Campaña_Otoño-Inv_2024.Proy.SeguimientoAmbiental,Moraleda,2,451131.2,735840.6,2024-07-16,15:05:00,PH,7.4366666666666665,16/07/2024 15:05:00,XI
103,ESTUDIO SEGUIMIENTO DESEMPEÑO AMBIENTAL ACUICULTURA EN CHILE Y SU EFECTO EN LOS ECOSISTEMAS DE EMPLAZAMIENTO 2024-2025,Objetivo 1. Actividad 2. Muestreos y Analisis sedimentos,Johana Ojeda ,INSTITUTO DE FOMENTO PESQUERO,Campaña_Otoño-Inv_2024.Proy.SeguimientoAmbiental,Moraleda,4,450957.9,740833.4,2024-07-16,14:00:00,PH,7.506666666666667,16/07/2024 14:00:00,XI
104,ESTUDIO SEGUIMIENTO DESEMPEÑO AMBIENTAL ACUICULTURA EN CHILE Y SU EFECTO EN LOS ECOSISTEMAS DE EMPLAZAMIENTO 2024-2025,Objetivo 1. Actividad 2. Muestreos y Analisis sedimentos,Johana Ojeda ,INSTITUTO DE FOMENTO PESQUERO,Campaña_Otoño-Inv_2024.Proy.SeguimientoAmbiental,Moraleda,5,450801.8,741520.1,2024-07-16,12:30:00,PH,7.666666666666667,16/07/2024 12:30:00,XI
105,ESTUDIO SEGUIMIENTO DESEMPEÑO AMBIENTAL ACUICULTURA EN CHILE Y SU EFECTO EN LOS ECOSISTEMAS DE EMPLAZAMIENTO 2024-2025,Objetivo 1. Actividad 2. Muestreos y Analisis sedimentos,Johana Ojeda ,INSTITUTO DE FOMENTO PESQUERO,Campaña_Otoño-Inv_2024.Proy.SeguimientoAmbiental,Moraleda,12,444145.4,735257.1,2024-07-14,14:50:00,PH,7.063333333333333,14/07/2024 14:50:00,XI
106,ESTUDIO SEGUIMIENTO DESEMPEÑO AMBIENTAL ACUICULTURA EN CHILE Y SU EFECTO EN LOS ECOSISTEMAS DE EMPLAZAMIENTO 2024-2025,Objetivo 1. Actividad 2. Muestreos y Analisis sedimentos,Johana Ojeda ,INSTITUTO DE FOMENTO PESQUERO,Campaña_Otoño-Inv_2024.Proy.SeguimientoAmbiental,Moraleda,13,443935.6,735252.9,2024-07-14,14:00:00,PH,6.876666666666666,14/07/2024 14:00:00,XI
107,ESTUDIO SEGUIMIENTO DESEMPEÑO AMBIENTAL ACUICULTURA EN CHILE Y SU EFECTO EN LOS ECOSISTEMAS DE EMPLAZAMIENTO 2024-2025,Objetivo 1. Actividad 2. Muestreos y Analisis sedimentos,Johana Ojeda ,INSTITUTO DE FOMENTO PESQUERO,Campaña_Otoño-Inv_2024.Proy.SeguimientoAmbiental,Moraleda,14,443608.6,740025.9,2024-07-14,12:30:00,PH,7.19,14/07/2024 12:30:00,XI
108,ESTUDIO SEGUIMIENTO DESEMPEÑO AMBIENTAL ACUICULTURA EN CHILE Y SU EFECTO EN LOS ECOSISTEMAS DE EMPLAZAMIENTO 2024-2025,Objetivo 1. Actividad 2. Muestreos y Analisis sedimentos,Johana Ojeda ,INSTITUTO DE FOMENTO PESQUERO,Campaña_Otoño-Inv_2024.Proy.SeguimientoAmbiental,Moraleda,16,443308.8,740650.1,2024-07-14,11:40:00,PH,6.876666666666666,14/07/2024 11:40:00,XI
109,ESTUDIO SEGUIMIENTO DESEMPEÑO AMBIENTAL ACUICULTURA EN CHILE Y SU EFECTO EN LOS ECOSISTEMAS DE EMPLAZAMIENTO 2024-2025,Objetivo 1. Actividad 2. Muestreos y Analisis sedimentos,Johana Ojeda ,INSTITUTO DE FOMENTO PESQUERO,Campaña_Otoño-Inv_2024.Proy.SeguimientoAmbiental,Moraleda,17,440830.9,733501.0,2024-07-12,13:00:00,PH,7.053333333333334,12/07/2024 13:00:00,XI
110,ESTUDIO SEGUIMIENTO DESEMPEÑO AMBIENTAL ACUICULTURA EN CHILE Y SU EFECTO EN LOS ECOSISTEMAS DE EMPLAZAMIENTO 2024-2025,Objetivo 1. Actividad 2. Muestreos y Analisis sedimentos,Johana Ojeda ,INSTITUTO DE FOMENTO PESQUERO,Campaña_Otoño-Inv_2024.Proy.SeguimientoAmbiental,Moraleda,19,434430.9,730056.5,2024-08-04,15:10:00,PH,7.4433333333333325,04/08/2024 15:10:00,XI
111,ESTUDIO SEGUIMIENTO DESEMPEÑO AMBIENTAL ACUICULTURA EN CHILE Y SU EFECTO EN LOS ECOSISTEMAS DE EMPLAZAMIENTO 2024-2025,Objetivo 1. Actividad 2. Muestreos y Analisis sedimentos,Johana Ojeda ,INSTITUTO DE FOMENTO PESQUERO,Campaña_Otoño-Inv_2024.Proy.SeguimientoAmbiental,Moraleda,25,440204.1,731205.2,2024-08-04,11:30:00,PH,7.93,04/08/2024 11:30:00,XI
112,ESTUDIO SEGUIMIENTO DESEMPEÑO AMBIENTAL ACUICULTURA EN CHILE Y SU EFECTO EN LOS ECOSISTEMAS DE EMPLAZAMIENTO 2024-2025,Objetivo 1. Actividad 2. Muestreos y Analisis sedimentos,Johana Ojeda ,INSTITUTO DE FOMENTO PESQUERO,Campaña_Otoño-Inv_2024.Proy.SeguimientoAmbiental,Moraleda,31,442248.0,730431.7,2024-08-02,10:45:00,PH,7.466666666666666,02/08/2024 10:45:00,XI
113,ESTUDIO SEGUIMIENTO DESEMPEÑO AMBIENTAL ACUICULTURA EN CHILE Y SU EFECTO EN LOS ECOSISTEMAS DE EMPLAZAMIENTO 2024-2025,Objetivo 1. Actividad 2. Muestreos y Analisis sedimentos,Johana Ojeda ,INSTITUTO DE FOMENTO PESQUERO,Campaña_Otoño-Inv_2024.Proy.SeguimientoAmbiental,Moraleda,32,450149.0,732702.0,2024-07-29,15:40:00,PH,7.796666666666667,29/07/2024 15:40:00,XI
114,ESTUDIO SEGUIMIENTO DESEMPEÑO AMBIENTAL ACUICULTURA EN CHILE Y SU EFECTO EN LOS ECOSISTEMAS DE EMPLAZAMIENTO 2024-2025,Objetivo 1. Actividad 2. Muestreos y Analisis sedimentos,Johana Ojeda ,INSTITUTO DE FOMENTO PESQUERO,Campaña_Otoño-Inv_2024.Proy.SeguimientoAmbiental,Puyuhuapi,5,443139.8,724117.0,2024-08-01,11:50:00,PH,7.45,01/08/2024 11:50:00,XI
115,ESTUDIO SEGUIMIENTO DESEMPEÑO AMBIENTAL ACUICULTURA EN CHILE Y SU EFECTO EN LOS ECOSISTEMAS DE EMPLAZAMIENTO 2024-2025,Objetivo 1. Actividad 2. Muestreos y Analisis sedimentos,Johana Ojeda ,INSTITUTO DE FOMENTO PESQUERO,Campaña_Otoño-Inv_2024.Proy.SeguimientoAmbiental,Puyuhuapi,7,443955.1,725020.8,2024-07-30,15:30:00,PH,7.283333333333334,30/07/2024 15:30:00,XI
116,ESTUDIO SEGUIMIENTO DESEMPEÑO AMBIENTAL ACUICULTURA EN CHILE Y SU EFECTO EN LOS ECOSISTEMAS DE EMPLAZAMIENTO 2024-2025,Objetivo 1. Actividad 2. Muestreos y Analisis sedimentos,Johana Ojeda ,INSTITUTO DE FOMENTO PESQUERO,Campaña_Otoño-Inv_2024.Proy.SeguimientoAmbiental,Puyuhuapi,8,444209.3,724807.1,2024-07-30,14:50:00,PH,7.3566666666666665,30/07/2024 14:50:00,XI
117,ESTUDIO SEGUIMIENTO DESEMPEÑO AMBIENTAL ACUICULTURA EN CHILE Y SU EFECTO EN LOS ECOSISTEMAS DE EMPLAZAMIENTO 2024-2025,Objetivo 1. Actividad 2. Muestreos y Analisis sedimentos,Johana Ojeda ,INSTITUTO DE FOMENTO PESQUERO,Campaña_Otoño-Inv_2024.Proy.SeguimientoAmbiental,Puyuhuapi,10,444937.8,725757.3,2024-07-30,12:45:00,PH,7.633333333333333,30/07/2024 12:45:00,XI
118,ESTUDIO SEGUIMIENTO DESEMPEÑO AMBIENTAL ACUICULTURA EN CHILE Y SU EFECTO EN LOS ECOSISTEMAS DE EMPLAZAMIENTO 2024-2025,Objetivo 1. Actividad 2. Muestreos y Analisis sedimentos,Johana Ojeda ,INSTITUTO DE FOMENTO PESQUERO,Campaña_Otoño-Inv_2024.Proy.SeguimientoAmbiental,Puyuhuapi,12,445441.9,730811.9,2024-07-30,11:14:00,PH,7.466666666666666,30/07/2024 11:14:00,XI
119,ESTUDIO SEGUIMIENTO DESEMPEÑO AMBIENTAL ACUICULTURA EN CHILE Y SU EFECTO EN LOS ECOSISTEMAS DE EMPLAZAMIENTO 2024-2025,Objetivo 1. Actividad 2. Muestreos y Analisis sedimentos,Johana Ojeda ,INSTITUTO DE FOMENTO PESQUERO,Campaña_Otoño-Inv_2024.Proy.SeguimientoAmbiental,Aysen,1,452639.7,730033.3,2024-07-23,08:55:00,PH,7.446666666666666,23/07/2024 08:55:00,XI
120,ESTUDIO SEGUIMIENTO DESEMPEÑO AMBIENTAL ACUICULTURA EN CHILE Y SU EFECTO EN LOS ECOSISTEMAS DE EMPLAZAMIENTO 2024-2025,Objetivo 1. Actividad 2. Muestreos y Analisis sedimentos,Johana Ojeda ,INSTITUTO DE FOMENTO PESQUERO,Campaña_Otoño-Inv_2024.Proy.SeguimientoAmbiental,Aysen,3,451953.0,732236.0,2024-07-23,15:45:00,PH,7.783333333333334,23/07/2024 15:45:00,XI
121,ESTUDIO SEGUIMIENTO DESEMPEÑO AMBIENTAL ACUICULTURA EN CHILE Y SU EFECTO EN LOS ECOSISTEMAS DE EMPLAZAMIENTO 2024-2025,Objetivo 1. Actividad 2. Muestreos y Analisis sedimentos,Johana Ojeda ,INSTITUTO DE FOMENTO PESQUERO,Campaña_Otoño-Inv_2024.Proy.SeguimientoAmbiental,Aysen,5,452421.9,733225.0,2024-07-18,17:15:00,PH,7.609999999999999,18/07/2024 17:15:00,XI
122,ESTUDIO SEGUIMIENTO DESEMPEÑO AMBIENTAL ACUICULTURA EN CHILE Y SU EFECTO EN LOS ECOSISTEMAS DE EMPLAZAMIENTO 2024-2025,Objetivo 1. Actividad 2. Muestreos y Analisis sedimentos,Johana Ojeda ,INSTITUTO DE FOMENTO PESQUERO,Campaña_Otoño-Inv_2024.Proy.SeguimientoAmbiental,Aysen,6,453734.9,733550.9,2024-07-18,12:00:00,PH,7.41,18/07/2024 12:00:00,XI
123,ESTUDIO SEGUIMIENTO DESEMPEÑO AMBIENTAL ACUICULTURA EN CHILE Y SU EFECTO EN LOS ECOSISTEMAS DE EMPLAZAMIENTO 2024-2025,Objetivo 1. Actividad 2. Muestreos y Analisis sedimentos,Johana Ojeda ,INSTITUTO DE FOMENTO PESQUERO,Campaña_Otoño-Inv_2024.Proy.SeguimientoAmbiental,Aysen,7,454508.5,733655.3,2024-07-18,09:45:00,PH,7.676666666666667,18/07/2024 09:45:00,XI
124,ESTUDIO SEGUIMIENTO DESEMPEÑO AMBIENTAL ACUICULTURA EN CHILE Y SU EFECTO EN LOS ECOSISTEMAS DE EMPLAZAMIENTO 2024-2025,Objetivo 1. Actividad 2. Muestreos y Analisis sedimentos,Johana Ojeda ,INSTITUTO DE FOMENTO PESQUERO,Campaña_Otoño-Inv_2024.Proy.SeguimientoAmbiental,Aysen,10,455717.6,733619.7,2024-07-26,10:45:00,PH,7.25,26/07/2024 10:45:00,XI
126,ESTUDIO SEGUIMIENTO DESEMPEÑO AMBIENTAL ACUICULTURA EN CHILE Y SU EFECTO EN LOS ECOSISTEMAS DE EMPLAZAMIENTO 2024-2025,Objetivo 1. Actividad 2. Muestreos y Analisis sedimentos,Johana Ojeda ,INSTITUTO DE FOMENTO PESQUERO,Campaña_Otoño-Inv_2024.Proy.SeguimientoAmbiental,Aysen,13,461329.4,734345.5,2024-07-26,14:10:00,PH,7.503333333333333,26/07/2024 14:10:00,XI
127,ESTUDIO SEGUIMIENTO DESEMPEÑO AMBIENTAL ACUICULTURA EN CHILE Y SU EFECTO EN LOS ECOSISTEMAS DE EMPLAZAMIENTO 2024-2025,Objetivo 1. Actividad 2. Muestreos y Analisis sedimentos,Johana Ojeda ,INSTITUTO DE FOMENTO PESQUERO,Campaña_Otoño-Inv_2024.Proy.SeguimientoAmbiental,Aysen,18,460557.7,735202.9,2024-07-28,14:15:00,PH,7.323333333333333,28/07/2024 14:15:00,XI
128,ESTUDIO SEGUIMIENTO DESEMPEÑO AMBIENTAL ACUICULTURA EN CHILE Y SU EFECTO EN LOS ECOSISTEMAS DE EMPLAZAMIENTO 2024-2025,Objetivo 1. Actividad 2. Muestreos y Analisis sedimentos,Johana Ojeda ,INSTITUTO DE FOMENTO PESQUERO,Campaña_Otoño-Inv_2024.Proy.SeguimientoAmbiental,Aysen,19,460107.9,735645.7,2024-07-28,00:00:00,PH,7.346666666666667,28/07/2024 00:00:00,XI
129,ESTUDIO SEGUIMIENTO DESEMPEÑO AMBIENTAL ACUICULTURA EN CHILE Y SU EFECTO EN LOS ECOSISTEMAS DE EMPLAZAMIENTO 2024-2025,Objetivo 1. Actividad 2. Muestreos y Analisis sedimentos,Johana Ojeda ,INSTITUTO DE FOMENTO PESQUERO,Campaña_Otoño-Inv_2024.Proy.SeguimientoAmbiental,Aysen,24,454429.7,740423.3,2024-07-17,13:50:00,PH,7.07,17/07/2024 13:50:00,XI
130,ESTUDIO SEGUIMIENTO DESEMPEÑO AMBIENTAL ACUICULTURA EN CHILE Y SU EFECTO EN LOS ECOSISTEMAS DE EMPLAZAMIENTO 2024-2025,Objetivo 1. Actividad 2. Muestreos y Analisis sedimentos,Johana Ojeda ,INSTITUTO DE FOMENTO PESQUERO,Campaña_Otoño-Inv_2024.Proy.SeguimientoAmbiental,Aysen,25,454137.5,741704.6,2024-07-17,12:00:00,PH,7.536666666666666,17/07/2024 12:00:00,XI
131,ESTUDIO SEGUIMIENTO DESEMPEÑO AMBIENTAL ACUICULTURA EN CHILE Y SU EFECTO EN LOS ECOSISTEMAS DE EMPLAZAMIENTO 2024-2025,Objetivo 1. Actividad 2. Muestreos y Analisis sedimentos,Johana Ojeda ,INSTITUTO DE FOMENTO PESQUERO,Campaña_Otoño-Inv_2024.Proy.SeguimientoAmbiental,Aysen,28,453351.4,741310.2,2024-07-17,10:28:00,PH,7.406666666666666,17/07/2024 10:28:00,XI
132,ESTUDIO SEGUIMIENTO DESEMPEÑO AMBIENTAL ACUICULTURA EN CHILE Y SU EFECTO EN LOS ECOSISTEMAS DE EMPLAZAMIENTO 2024-2025,Objetivo 1. Actividad 2. Muestreos y Analisis sedimentos,Johana Ojeda ,INSTITUTO DE FOMENTO PESQUERO,Campaña_Otoño-Inv_2024.Proy.SeguimientoAmbiental,Aysen,30,452356.0,741521.0,2024-07-17,08:45:00,PH,7.523333333333333,17/07/2024 08:45:00,XI
133,ESTUDIO SEGUIMIENTO DESEMPEÑO AMBIENTAL ACUICULTURA EN CHILE Y SU EFECTO EN LOS ECOSISTEMAS DE EMPLAZAMIENTO 2024-2025,Objetivo 1. Actividad 2. Muestreos y Analisis sedimentos,Johana Ojeda ,INSTITUTO DE FOMENTO PESQUERO,Campaña_Otoño-Inv_2024.Proy.SeguimientoAmbiental,Aysen,34,451659.5,734350.5,2024-07-29,12:10:00,PH,7.373333333333334,29/07/2024 12:10:00,XI
134,ESTUDIO SEGUIMIENTO DESEMPEÑO AMBIENTAL ACUICULTURA EN CHILE Y SU EFECTO EN LOS ECOSISTEMAS DE EMPLAZAMIENTO 2024-2025,Objetivo 1. Actividad 2. Muestreos y Analisis sedimentos,Johana Ojeda ,INSTITUTO DE FOMENTO PESQUERO,Campaña_Otoño-Inv_2024.Proy.SeguimientoAmbiental,Atacama,2,270624.3,705211.4,2024-08-07,13:20:00,PH,7.603333333333334,07/08/2024 13:20:00,III
135,ESTUDIO SEGUIMIENTO DESEMPEÑO AMBIENTAL ACUICULTURA EN CHILE Y SU EFECTO EN LOS ECOSISTEMAS DE EMPLAZAMIENTO 2024-2025,Objetivo 1. Actividad 2. Muestreos y Analisis sedimentos,Johana Ojeda ,INSTITUTO DE FOMENTO PESQUERO,Campaña_Otoño-Inv_2024.Proy.SeguimientoAmbiental,Atacama,3,270703.7,705142.7,2024-08-07,12:30:00,PH,7.673333333333335,07/08/2024 12:30:00,III
136,ESTUDIO SEGUIMIENTO DESEMPEÑO AMBIENTAL ACUICULTURA EN CHILE Y SU EFECTO EN LOS ECOSISTEMAS DE EMPLAZAMIENTO 2024-2025,Objetivo 1. Actividad 2. Muestreos y Analisis sedimentos,Johana Ojeda ,INSTITUTO DE FOMENTO PESQUERO,Campaña_Otoño-Inv_2024.Proy.SeguimientoAmbiental,Atacama,6,270657.6,705223.1,2024-08-07,12:00:00,PH,7.53,07/08/2024 12:00:00,III
137,ESTUDIO SEGUIMIENTO DESEMPEÑO AMBIENTAL ACUICULTURA EN CHILE Y SU EFECTO EN LOS ECOSISTEMAS DE EMPLAZAMIENTO 2024-2025,Objetivo 1. Actividad 2. Muestreos y Analisis sedimentos,Johana Ojeda ,INSTITUTO DE FOMENTO PESQUERO,Campaña_Otoño-Inv_2024.Proy.SeguimientoAmbiental,Atacama,7,270740.8,705230.3,2024-08-07,11:35:00,PH,7.419999999999999,07/08/2024 11:35:00,III
138,ESTUDIO SEGUIMIENTO DESEMPEÑO AMBIENTAL ACUICULTURA EN CHILE Y SU EFECTO EN LOS ECOSISTEMAS DE EMPLAZAMIENTO 2024-2025,Objetivo 1. Actividad 2. Muestreos y Analisis sedimentos,Johana Ojeda ,INSTITUTO DE FOMENTO PESQUERO,Campaña_Otoño-Inv_2024.Proy.SeguimientoAmbiental,Atacama,10,270730.7,705259.8,2024-08-07,11:20:00,PH,7.53,07/08/2024 11:20:00,III
139,ESTUDIO SEGUIMIENTO DESEMPEÑO AMBIENTAL ACUICULTURA EN CHILE Y SU EFECTO EN LOS ECOSISTEMAS DE EMPLAZAMIENTO 2024-2025,Objetivo 1. Actividad 2. Muestreos y Analisis sedimentos,Johana Ojeda ,INSTITUTO DE FOMENTO PESQUERO,Campaña_Otoño-Inv_2024.Proy.SeguimientoAmbiental,Atacama,14,270756.6,705332.6,2024-08-07,09:30:00,PH,7.580000000000001,07/08/2024 09:30:00,III
140,ESTUDIO SEGUIMIENTO DESEMPEÑO AMBIENTAL ACUICULTURA EN CHILE Y SU EFECTO EN LOS ECOSISTEMAS DE EMPLAZAMIENTO 2024-2025,Objetivo 1. Actividad 2. Muestreos y Analisis sedimentos,Johana Ojeda ,INSTITUTO DE FOMENTO PESQUERO,Campaña_Otoño-Inv_2024.Proy.SeguimientoAmbiental,Natales,2,513604.7,724301.6,2024-11-30,09:30:00,PH,7.080000000000001,30/11/2024 09:30:00,XII
141,ESTUDIO SEGUIMIENTO DESEMPEÑO AMBIENTAL ACUICULTURA EN CHILE Y SU EFECTO EN LOS ECOSISTEMAS DE EMPLAZAMIENTO 2024-2025,Objetivo 1. Actividad 2. Muestreos y Analisis sedimentos,Johana Ojeda ,INSTITUTO DE FOMENTO PESQUERO,Campaña_Otoño-Inv_2024.Proy.SeguimientoAmbiental,Natales,3,514018.2,723753.1,2024-11-30,08:30:00,PH,6.986666666666667,30/11/2024 08:30:00,XII
142,ESTUDIO SEGUIMIENTO DESEMPEÑO AMBIENTAL ACUICULTURA EN CHILE Y SU EFECTO EN LOS ECOSISTEMAS DE EMPLAZAMIENTO 2024-2025,Objetivo 1. Actividad 2. Muestreos y Analisis sedimentos,Johana Ojeda ,INSTITUTO DE FOMENTO PESQUERO,Campaña_Otoño-Inv_2024.Proy.SeguimientoAmbiental,Natales,5,514929.7,723739.8,2024-11-28,17:20:00,PH,7.6066666666666665,28/11/2024 17:20:00,XII
143,ESTUDIO SEGUIMIENTO DESEMPEÑO AMBIENTAL ACUICULTURA EN CHILE Y SU EFECTO EN LOS ECOSISTEMAS DE EMPLAZAMIENTO 2024-2025,Objetivo 1. Actividad 2. Muestreos y Analisis sedimentos,Johana Ojeda ,INSTITUTO DE FOMENTO PESQUERO,Campaña_Otoño-Inv_2024.Proy.SeguimientoAmbiental,Natales,9,514601.6,725405.0,2024-11-27,15:10:00,PH,7.743333333333333,27/11/2024 15:10:00,XII
144,ESTUDIO SEGUIMIENTO DESEMPEÑO AMBIENTAL ACUICULTURA EN CHILE Y SU EFECTO EN LOS ECOSISTEMAS DE EMPLAZAMIENTO 2024-2025,Objetivo 1. Actividad 2. Muestreos y Analisis sedimentos,Johana Ojeda ,INSTITUTO DE FOMENTO PESQUERO,Campaña_Otoño-Inv_2024.Proy.SeguimientoAmbiental,Natales,10,520357.8,725602.0,2024-11-27,20:20:00,PH,7.279999999999999,27/11/2024 20:20:00,XII
145,ESTUDIO SEGUIMIENTO DESEMPEÑO AMBIENTAL ACUICULTURA EN CHILE Y SU EFECTO EN LOS ECOSISTEMAS DE EMPLAZAMIENTO 2024-2025,Objetivo 1. Actividad 2. Muestreos y Analisis sedimentos,Johana Ojeda ,INSTITUTO DE FOMENTO PESQUERO,Campaña_Otoño-Inv_2024.Proy.SeguimientoAmbiental,Natales,11,521159.7,725703.6,2024-11-28,13:30:00,PH,7.79,28/11/2024 13:30:00,XII
146,ESTUDIO SEGUIMIENTO DESEMPEÑO AMBIENTAL ACUICULTURA EN CHILE Y SU EFECTO EN LOS ECOSISTEMAS DE EMPLAZAMIENTO 2024-2025,Objetivo 1. Actividad 2. Muestreos y Analisis sedimentos,Johana Ojeda ,INSTITUTO DE FOMENTO PESQUERO,Campaña_Otoño-Inv_2024.Proy.SeguimientoAmbiental,Natales,13,521310.4,725226.1,2024-11-28,09:09:00,PH,8.093333333333334,28/11/2024 09:09:00,XII
147,ESTUDIO SEGUIMIENTO DESEMPEÑO AMBIENTAL ACUICULTURA EN CHILE Y SU EFECTO EN LOS ECOSISTEMAS DE EMPLAZAMIENTO 2024-2025,Objetivo 1. Actividad 2. Muestreos y Analisis sedimentos,Johana Ojeda ,INSTITUTO DE FOMENTO PESQUERO,Campaña_Otoño-Inv_2024.Proy.SeguimientoAmbiental,Natales,14,520439.3,723937.6,2024-11-27,10:50:00,PH,7.153333333333333,27/11/2024 10:50:00,XII
1,ESTUDIO SEGUIMIENTO DESEMPEÑO AMBIENTAL ACUICULTURA EN CHILE Y SU EFECTO EN LOS ECOSISTEMAS DE EMPLAZAMIENTO 2024-2025,Objetivo 1. Actividad 2. Muestreos y Analisis sedimentos,Johana Ojeda ,INSTITUTO DE FOMENTO PESQUERO,Campaña_Otoño-Inv_2024.Proy.SeguimientoAmbiental,Estuario,1,412614.9,721747.9,2024-05-20,09:35:00,TEMPERATURA,11.299999999999999,20/05/2024 09:35:00,X
2,ESTUDIO SEGUIMIENTO DESEMPEÑO AMBIENTAL ACUICULTURA EN CHILE Y SU EFECTO EN LOS ECOSISTEMAS DE EMPLAZAMIENTO 2024-2025,Objetivo 1. Actividad 2. Muestreos y Analisis sedimentos,Johana Ojeda ,INSTITUTO DE FOMENTO PESQUERO,Campaña_Otoño-Inv_2024.Proy.SeguimientoAmbiental,Estuario,2,412807.3,721843.5,2024-05-20,09:16:00,TEMPERATURA,10.966666666666669,20/05/2024 09:16:00,X
3,ESTUDIO SEGUIMIENTO DESEMPEÑO AMBIENTAL ACUICULTURA EN CHILE Y SU EFECTO EN LOS ECOSISTEMAS DE EMPLAZAMIENTO 2024-2025,Objetivo 1. Actividad 2. Muestreos y Analisis sedimentos,Johana Ojeda ,INSTITUTO DE FOMENTO PESQUERO,Campaña_Otoño-Inv_2024.Proy.SeguimientoAmbiental,Estuario,3,412945.4,721845.5,2024-05-19,16:20:00,TEMPERATURA,12.933333333333332,19/05/2024 16:20:00,X
4,ESTUDIO SEGUIMIENTO DESEMPEÑO AMBIENTAL ACUICULTURA EN CHILE Y SU EFECTO EN LOS ECOSISTEMAS DE EMPLAZAMIENTO 2024-2025,Objetivo 1. Actividad 2. Muestreos y Analisis sedimentos,Johana Ojeda ,INSTITUTO DE FOMENTO PESQUERO,Campaña_Otoño-Inv_2024.Proy.SeguimientoAmbiental,Estuario,5,413039.3,721721.1,2024-05-19,15:50:00,TEMPERATURA,13,19/05/2024 15:50:00,X
5,ESTUDIO SEGUIMIENTO DESEMPEÑO AMBIENTAL ACUICULTURA EN CHILE Y SU EFECTO EN LOS ECOSISTEMAS DE EMPLAZAMIENTO 2024-2025,Objetivo 1. Actividad 2. Muestreos y Analisis sedimentos,Johana Ojeda ,INSTITUTO DE FOMENTO PESQUERO,Campaña_Otoño-Inv_2024.Proy.SeguimientoAmbiental,Estuario,6,413132.6,722021.4,2024-05-19,15:00:00,TEMPERATURA,12.9,19/05/2024 15:00:00,X
6,ESTUDIO SEGUIMIENTO DESEMPEÑO AMBIENTAL ACUICULTURA EN CHILE Y SU EFECTO EN LOS ECOSISTEMAS DE EMPLAZAMIENTO 2024-2025,Objetivo 1. Actividad 2. Muestreos y Analisis sedimentos,Johana Ojeda ,INSTITUTO DE FOMENTO PESQUERO,Campaña_Otoño-Inv_2024.Proy.SeguimientoAmbiental,Estuario,7,413157.8,721802.6,2024-05-19,15:30:00,TEMPERATURA,13.4,19/05/2024 15:30:00,X
7,ESTUDIO SEGUIMIENTO DESEMPEÑO AMBIENTAL ACUICULTURA EN CHILE Y SU EFECTO EN LOS ECOSISTEMAS DE EMPLAZAMIENTO 2024-2025,Objetivo 1. Actividad 2. Muestreos y Analisis sedimentos,Johana Ojeda ,INSTITUTO DE FOMENTO PESQUERO,Campaña_Otoño-Inv_2024.Proy.SeguimientoAmbiental,Estuario,8,413533.0,722110.7,2024-05-19,14:15:00,TEMPERATURA,12.833333333333334,19/05/2024 14:15:00,X
8,ESTUDIO SEGUIMIENTO DESEMPEÑO AMBIENTAL ACUICULTURA EN CHILE Y SU EFECTO EN LOS ECOSISTEMAS DE EMPLAZAMIENTO 2024-2025,Objetivo 1. Actividad 2. Muestreos y Analisis sedimentos,Johana Ojeda ,INSTITUTO DE FOMENTO PESQUERO,Campaña_Otoño-Inv_2024.Proy.SeguimientoAmbiental,Estuario,12,413938.3,722058.9,2024-05-19,11:00:00,TEMPERATURA,12.233333333333334,19/05/2024 11:00:00,X
9,ESTUDIO SEGUIMIENTO DESEMPEÑO AMBIENTAL ACUICULTURA EN CHILE Y SU EFECTO EN LOS ECOSISTEMAS DE EMPLAZAMIENTO 2024-2025,Objetivo 1. Actividad 2. Muestreos y Analisis sedimentos,Johana Ojeda ,INSTITUTO DE FOMENTO PESQUERO,Campaña_Otoño-Inv_2024.Proy.SeguimientoAmbiental,Estuario,17,414052.7,722801.1,2024-05-19,09:45:00,TEMPERATURA,12.133333333333333,19/05/2024 09:45:00,X
10,ESTUDIO SEGUIMIENTO DESEMPEÑO AMBIENTAL ACUICULTURA EN CHILE Y SU EFECTO EN LOS ECOSISTEMAS DE EMPLAZAMIENTO 2024-2025,Objetivo 1. Actividad 2. Muestreos y Analisis sedimentos,Johana Ojeda ,INSTITUTO DE FOMENTO PESQUERO,Campaña_Otoño-Inv_2024.Proy.SeguimientoAmbiental,Estuario,21,414330.8,723048.5,2024-05-19,09:00:00,TEMPERATURA,12.433333333333332,19/05/2024 09:00:00,X
11,ESTUDIO SEGUIMIENTO DESEMPEÑO AMBIENTAL ACUICULTURA EN CHILE Y SU EFECTO EN LOS ECOSISTEMAS DE EMPLAZAMIENTO 2024-2025,Objetivo 1. Actividad 2. Muestreos y Analisis sedimentos,Johana Ojeda ,INSTITUTO DE FOMENTO PESQUERO,Campaña_Otoño-Inv_2024.Proy.SeguimientoAmbiental,Reloncavi,3,415420.9,725230.7,2024-05-21,15:20:00,TEMPERATURA,11.566666666666668,21/05/2024 15:20:00,X
12,ESTUDIO SEGUIMIENTO DESEMPEÑO AMBIENTAL ACUICULTURA EN CHILE Y SU EFECTO EN LOS ECOSISTEMAS DE EMPLAZAMIENTO 2024-2025,Objetivo 1. Actividad 2. Muestreos y Analisis sedimentos,Johana Ojeda ,INSTITUTO DE FOMENTO PESQUERO,Campaña_Otoño-Inv_2024.Proy.SeguimientoAmbiental,Reloncavi,4,415223.0,725351.4,2024-05-21,16:20:00,TEMPERATURA,11.766666666666666,21/05/2024 16:20:00,X
13,ESTUDIO SEGUIMIENTO DESEMPEÑO AMBIENTAL ACUICULTURA EN CHILE Y SU EFECTO EN LOS ECOSISTEMAS DE EMPLAZAMIENTO 2024-2025,Objetivo 1. Actividad 2. Muestreos y Analisis sedimentos,Johana Ojeda ,INSTITUTO DE FOMENTO PESQUERO,Campaña_Otoño-Inv_2024.Proy.SeguimientoAmbiental,Reloncavi,5,415307.1,725602.6,2024-05-22,09:00:00,TEMPERATURA,11.700000000000001,22/05/2024 09:00:00,X
14,ESTUDIO SEGUIMIENTO DESEMPEÑO AMBIENTAL ACUICULTURA EN CHILE Y SU EFECTO EN LOS ECOSISTEMAS DE EMPLAZAMIENTO 2024-2025,Objetivo 1. Actividad 2. Muestreos y Analisis sedimentos,Johana Ojeda ,INSTITUTO DE FOMENTO PESQUERO,Campaña_Otoño-Inv_2024.Proy.SeguimientoAmbiental,Reloncavi,7,414413.7,730243.4,2024-05-23,08:50:00,TEMPERATURA,11.866666666666667,23/05/2024 08:50:00,X
15,ESTUDIO SEGUIMIENTO DESEMPEÑO AMBIENTAL ACUICULTURA EN CHILE Y SU EFECTO EN LOS ECOSISTEMAS DE EMPLAZAMIENTO 2024-2025,Objetivo 1. Actividad 2. Muestreos y Analisis sedimentos,Johana Ojeda ,INSTITUTO DE FOMENTO PESQUERO,Campaña_Otoño-Inv_2024.Proy.SeguimientoAmbiental,Reloncavi,13,412948.4,725730.9,2024-05-18,08:55:00,TEMPERATURA,10.766666666666666,18/05/2024 08:55:00,X
16,ESTUDIO SEGUIMIENTO DESEMPEÑO AMBIENTAL ACUICULTURA EN CHILE Y SU EFECTO EN LOS ECOSISTEMAS DE EMPLAZAMIENTO 2024-2025,Objetivo 1. Actividad 2. Muestreos y Analisis sedimentos,Johana Ojeda ,INSTITUTO DE FOMENTO PESQUERO,Campaña_Otoño-Inv_2024.Proy.SeguimientoAmbiental,Reloncavi,15,413105.3,724724.2,2024-05-18,10:05:00,TEMPERATURA,11.433333333333332,18/05/2024 10:05:00,X
17,ESTUDIO SEGUIMIENTO DESEMPEÑO AMBIENTAL ACUICULTURA EN CHILE Y SU EFECTO EN LOS ECOSISTEMAS DE EMPLAZAMIENTO 2024-2025,Objetivo 1. Actividad 2. Muestreos y Analisis sedimentos,Johana Ojeda ,INSTITUTO DE FOMENTO PESQUERO,Campaña_Otoño-Inv_2024.Proy.SeguimientoAmbiental,Reloncavi,17,413450.6,724336.9,2024-05-18,11:00:00,TEMPERATURA,11.733333333333334,18/05/2024 11:00:00,X
18,ESTUDIO SEGUIMIENTO DESEMPEÑO AMBIENTAL ACUICULTURA EN CHILE Y SU EFECTO EN LOS ECOSISTEMAS DE EMPLAZAMIENTO 2024-2025,Objetivo 1. Actividad 2. Muestreos y Analisis sedimentos,Johana Ojeda ,INSTITUTO DE FOMENTO PESQUERO,Campaña_Otoño-Inv_2024.Proy.SeguimientoAmbiental,Reloncavi,19,413707.8,724152.2,2024-05-18,12:00:00,TEMPERATURA,12.233333333333334,18/05/2024 12:00:00,X
19,ESTUDIO SEGUIMIENTO DESEMPEÑO AMBIENTAL ACUICULTURA EN CHILE Y SU EFECTO EN LOS ECOSISTEMAS DE EMPLAZAMIENTO 2024-2025,Objetivo 1. Actividad 2. Muestreos y Analisis sedimentos,Johana Ojeda ,INSTITUTO DE FOMENTO PESQUERO,Campaña_Otoño-Inv_2024.Proy.SeguimientoAmbiental,Reloncavi,21,413751.5,724023.2,2024-05-18,13:55:00,TEMPERATURA,12.333333333333334,18/05/2024 13:55:00,X
20,ESTUDIO SEGUIMIENTO DESEMPEÑO AMBIENTAL ACUICULTURA EN CHILE Y SU EFECTO EN LOS ECOSISTEMAS DE EMPLAZAMIENTO 2024-2025,Objetivo 1. Actividad 2. Muestreos y Analisis sedimentos,Johana Ojeda ,INSTITUTO DE FOMENTO PESQUERO,Campaña_Otoño-Inv_2024.Proy.SeguimientoAmbiental,Reloncavi,25,414943.9,724718.2,2024-05-21,14:25:00,TEMPERATURA,11.6,21/05/2024 14:25:00,X
21,ESTUDIO SEGUIMIENTO DESEMPEÑO AMBIENTAL ACUICULTURA EN CHILE Y SU EFECTO EN LOS ECOSISTEMAS DE EMPLAZAMIENTO 2024-2025,Objetivo 1. Actividad 2. Muestreos y Analisis sedimentos,Johana Ojeda ,INSTITUTO DE FOMENTO PESQUERO,Campaña_Otoño-Inv_2024.Proy.SeguimientoAmbiental,Calbuco,1,414442.2,730610.3,2024-05-23,08:20:00,TEMPERATURA,11.533333333333333,23/05/2024 08:20:00,X
22,ESTUDIO SEGUIMIENTO DESEMPEÑO AMBIENTAL ACUICULTURA EN CHILE Y SU EFECTO EN LOS ECOSISTEMAS DE EMPLAZAMIENTO 2024-2025,Objetivo 1. Actividad 2. Muestreos y Analisis sedimentos,Johana Ojeda ,INSTITUTO DE FOMENTO PESQUERO,Campaña_Otoño-Inv_2024.Proy.SeguimientoAmbiental,Calbuco,2,414630.1,730505.2,2024-05-22,16:10:00,TEMPERATURA,12.533333333333333,22/05/2024 16:10:00,X
23,ESTUDIO SEGUIMIENTO DESEMPEÑO AMBIENTAL ACUICULTURA EN CHILE Y SU EFECTO EN LOS ECOSISTEMAS DE EMPLAZAMIENTO 2024-2025,Objetivo 1. Actividad 2. Muestreos y Analisis sedimentos,Johana Ojeda ,INSTITUTO DE FOMENTO PESQUERO,Campaña_Otoño-Inv_2024.Proy.SeguimientoAmbiental,Calbuco,8,414314.7,730933.2,2024-05-23,10:20:00,TEMPERATURA,11.666666666666666,23/05/2024 10:20:00,X
24,ESTUDIO SEGUIMIENTO DESEMPEÑO AMBIENTAL ACUICULTURA EN CHILE Y SU EFECTO EN LOS ECOSISTEMAS DE EMPLAZAMIENTO 2024-2025,Objetivo 1. Actividad 2. Muestreos y Analisis sedimentos,Johana Ojeda ,INSTITUTO DE FOMENTO PESQUERO,Campaña_Otoño-Inv_2024.Proy.SeguimientoAmbiental,Calbuco,16,414822.6,731018.3,2024-05-23,11:30:00,TEMPERATURA,12.299999999999999,23/05/2024 11:30:00,X
25,ESTUDIO SEGUIMIENTO DESEMPEÑO AMBIENTAL ACUICULTURA EN CHILE Y SU EFECTO EN LOS ECOSISTEMAS DE EMPLAZAMIENTO 2024-2025,Objetivo 1. Actividad 2. Muestreos y Analisis sedimentos,Johana Ojeda ,INSTITUTO DE FOMENTO PESQUERO,Campaña_Otoño-Inv_2024.Proy.SeguimientoAmbiental,Calbuco,22,414705.8,730505.2,2024-05-22,15:30:00,TEMPERATURA,12.299999999999999,22/05/2024 15:30:00,X
26,ESTUDIO SEGUIMIENTO DESEMPEÑO AMBIENTAL ACUICULTURA EN CHILE Y SU EFECTO EN LOS ECOSISTEMAS DE EMPLAZAMIENTO 2024-2025,Objetivo 1. Actividad 2. Muestreos y Analisis sedimentos,Johana Ojeda ,INSTITUTO DE FOMENTO PESQUERO,Campaña_Otoño-Inv_2024.Proy.SeguimientoAmbiental,Calbuco,26,415016.4,730447.2,2024-05-22,12:00:00,TEMPERATURA,13.5,22/05/2024 12:00:00,X
27,ESTUDIO SEGUIMIENTO DESEMPEÑO AMBIENTAL ACUICULTURA EN CHILE Y SU EFECTO EN LOS ECOSISTEMAS DE EMPLAZAMIENTO 2024-2025,Objetivo 1. Actividad 2. Muestreos y Analisis sedimentos,Johana Ojeda ,INSTITUTO DE FOMENTO PESQUERO,Campaña_Otoño-Inv_2024.Proy.SeguimientoAmbiental,Calbuco,27,414959.8,730629.1,2024-05-22,14:30:00,TEMPERATURA,12.966666666666667,22/05/2024 14:30:00,X
28,ESTUDIO SEGUIMIENTO DESEMPEÑO AMBIENTAL ACUICULTURA EN CHILE Y SU EFECTO EN LOS ECOSISTEMAS DE EMPLAZAMIENTO 2024-2025,Objetivo 1. Actividad 2. Muestreos y Analisis sedimentos,Johana Ojeda ,INSTITUTO DE FOMENTO PESQUERO,Campaña_Otoño-Inv_2024.Proy.SeguimientoAmbiental,Calbuco,30,415019.0,730822.5,2024-05-22,14:50:00,TEMPERATURA,12.5,22/05/2024 14:50:00,X
29,ESTUDIO SEGUIMIENTO DESEMPEÑO AMBIENTAL ACUICULTURA EN CHILE Y SU EFECTO EN LOS ECOSISTEMAS DE EMPLAZAMIENTO 2024-2025,Objetivo 1. Actividad 2. Muestreos y Analisis sedimentos,Johana Ojeda ,INSTITUTO DE FOMENTO PESQUERO,Campaña_Otoño-Inv_2024.Proy.SeguimientoAmbiental,Chacao,2,415659.3,733134.3,2024-05-24,12:00:00,TEMPERATURA,12.066666666666668,24/05/2024 12:00:00,X
30,ESTUDIO SEGUIMIENTO DESEMPEÑO AMBIENTAL ACUICULTURA EN CHILE Y SU EFECTO EN LOS ECOSISTEMAS DE EMPLAZAMIENTO 2024-2025,Objetivo 1. Actividad 2. Muestreos y Analisis sedimentos,Johana Ojeda ,INSTITUTO DE FOMENTO PESQUERO,Campaña_Otoño-Inv_2024.Proy.SeguimientoAmbiental,Chacao,6,415415.1,732906.8,2024-05-24,11:30:00,TEMPERATURA,12.766666666666666,24/05/2024 11:30:00,X
31,ESTUDIO SEGUIMIENTO DESEMPEÑO AMBIENTAL ACUICULTURA EN CHILE Y SU EFECTO EN LOS ECOSISTEMAS DE EMPLAZAMIENTO 2024-2025,Objetivo 1. Actividad 2. Muestreos y Analisis sedimentos,Johana Ojeda ,INSTITUTO DE FOMENTO PESQUERO,Campaña_Otoño-Inv_2024.Proy.SeguimientoAmbiental,Chacao,12,415217.3,733107.9,2024-05-24,11:40:00,TEMPERATURA,12.1,24/05/2024 11:40:00,X
32,ESTUDIO SEGUIMIENTO DESEMPEÑO AMBIENTAL ACUICULTURA EN CHILE Y SU EFECTO EN LOS ECOSISTEMAS DE EMPLAZAMIENTO 2024-2025,Objetivo 1. Actividad 2. Muestreos y Analisis sedimentos,Johana Ojeda ,INSTITUTO DE FOMENTO PESQUERO,Campaña_Otoño-Inv_2024.Proy.SeguimientoAmbiental,Chacao,14,415115.7,732851.2,2024-05-24,11:10:00,TEMPERATURA,13.1,24/05/2024 11:10:00,X
33,ESTUDIO SEGUIMIENTO DESEMPEÑO AMBIENTAL ACUICULTURA EN CHILE Y SU EFECTO EN LOS ECOSISTEMAS DE EMPLAZAMIENTO 2024-2025,Objetivo 1. Actividad 2. Muestreos y Analisis sedimentos,Johana Ojeda ,INSTITUTO DE FOMENTO PESQUERO,Campaña_Otoño-Inv_2024.Proy.SeguimientoAmbiental,Butachauques,1,421917.6,731519.1,2024-05-25,10:45:00,TEMPERATURA,12,25/05/2024 10:45:00,X
34,ESTUDIO SEGUIMIENTO DESEMPEÑO AMBIENTAL ACUICULTURA EN CHILE Y SU EFECTO EN LOS ECOSISTEMAS DE EMPLAZAMIENTO 2024-2025,Objetivo 1. Actividad 2. Muestreos y Analisis sedimentos,Johana Ojeda ,INSTITUTO DE FOMENTO PESQUERO,Campaña_Otoño-Inv_2024.Proy.SeguimientoAmbiental,Butachauques,3,421702.6,731506.7,2024-05-25,11:20:00,TEMPERATURA,11.766666666666666,25/05/2024 11:20:00,X
35,ESTUDIO SEGUIMIENTO DESEMPEÑO AMBIENTAL ACUICULTURA EN CHILE Y SU EFECTO EN LOS ECOSISTEMAS DE EMPLAZAMIENTO 2024-2025,Objetivo 1. Actividad 2. Muestreos y Analisis sedimentos,Johana Ojeda ,INSTITUTO DE FOMENTO PESQUERO,Campaña_Otoño-Inv_2024.Proy.SeguimientoAmbiental,Butachauques,7,421556.3,730936.2,2024-05-25,12:40:00,TEMPERATURA,12.533333333333333,25/05/2024 12:40:00,X
36,ESTUDIO SEGUIMIENTO DESEMPEÑO AMBIENTAL ACUICULTURA EN CHILE Y SU EFECTO EN LOS ECOSISTEMAS DE EMPLAZAMIENTO 2024-2025,Objetivo 1. Actividad 2. Muestreos y Analisis sedimentos,Johana Ojeda ,INSTITUTO DE FOMENTO PESQUERO,Campaña_Otoño-Inv_2024.Proy.SeguimientoAmbiental,Butachauques,10,421645.3,732049.7,2024-05-25,10:00:00,TEMPERATURA,12.433333333333332,25/05/2024 10:00:00,X
37,ESTUDIO SEGUIMIENTO DESEMPEÑO AMBIENTAL ACUICULTURA EN CHILE Y SU EFECTO EN LOS ECOSISTEMAS DE EMPLAZAMIENTO 2024-2025,Objetivo 1. Actividad 2. Muestreos y Analisis sedimentos,Johana Ojeda ,INSTITUTO DE FOMENTO PESQUERO,Campaña_Otoño-Inv_2024.Proy.SeguimientoAmbiental,Butachauques,12,421224.4,732358.0,2024-05-25,08:45:00,TEMPERATURA,11.799999999999999,25/05/2024 08:45:00,X
38,ESTUDIO SEGUIMIENTO DESEMPEÑO AMBIENTAL ACUICULTURA EN CHILE Y SU EFECTO EN LOS ECOSISTEMAS DE EMPLAZAMIENTO 2024-2025,Objetivo 1. Actividad 2. Muestreos y Analisis sedimentos,Johana Ojeda ,INSTITUTO DE FOMENTO PESQUERO,Campaña_Otoño-Inv_2024.Proy.SeguimientoAmbiental,Butachauques,13,421021.7,732609.5,2024-05-25,08:20:00,TEMPERATURA,11.700000000000001,25/05/2024 08:20:00,X
39,ESTUDIO SEGUIMIENTO DESEMPEÑO AMBIENTAL ACUICULTURA EN CHILE Y SU EFECTO EN LOS ECOSISTEMAS DE EMPLAZAMIENTO 2024-2025,Objetivo 1. Actividad 2. Muestreos y Analisis sedimentos,Johana Ojeda ,INSTITUTO DE FOMENTO PESQUERO,Campaña_Otoño-Inv_2024.Proy.SeguimientoAmbiental,Butachauques,14,420929.5,732804.6,2024-05-24,14:10:00,TEMPERATURA,13.200000000000001,24/05/2024 14:10:00,X
40,ESTUDIO SEGUIMIENTO DESEMPEÑO AMBIENTAL ACUICULTURA EN CHILE Y SU EFECTO EN LOS ECOSISTEMAS DE EMPLAZAMIENTO 2024-2025,Objetivo 1. Actividad 2. Muestreos y Analisis sedimentos,Johana Ojeda ,INSTITUTO DE FOMENTO PESQUERO,Campaña_Otoño-Inv_2024.Proy.SeguimientoAmbiental,Chaulinec,3,423622.9,731526.5,2024-05-26,10:35:00,TEMPERATURA,12,26/05/2024 10:35:00,X
41,ESTUDIO SEGUIMIENTO DESEMPEÑO AMBIENTAL ACUICULTURA EN CHILE Y SU EFECTO EN LOS ECOSISTEMAS DE EMPLAZAMIENTO 2024-2025,Objetivo 1. Actividad 2. Muestreos y Analisis sedimentos,Johana Ojeda ,INSTITUTO DE FOMENTO PESQUERO,Campaña_Otoño-Inv_2024.Proy.SeguimientoAmbiental,Chaulinec,4,423422.1,731353.2,2024-05-26,11:15:00,TEMPERATURA,12.199999999999998,26/05/2024 11:15:00,X
42,ESTUDIO SEGUIMIENTO DESEMPEÑO AMBIENTAL ACUICULTURA EN CHILE Y SU EFECTO EN LOS ECOSISTEMAS DE EMPLAZAMIENTO 2024-2025,Objetivo 1. Actividad 2. Muestreos y Analisis sedimentos,Johana Ojeda ,INSTITUTO DE FOMENTO PESQUERO,Campaña_Otoño-Inv_2024.Proy.SeguimientoAmbiental,Chaulinec,7,422803.3,732256.7,2024-05-26,09:50:00,TEMPERATURA,11.799999999999999,26/05/2024 09:50:00,X
43,ESTUDIO SEGUIMIENTO DESEMPEÑO AMBIENTAL ACUICULTURA EN CHILE Y SU EFECTO EN LOS ECOSISTEMAS DE EMPLAZAMIENTO 2024-2025,Objetivo 1. Actividad 2. Muestreos y Analisis sedimentos,Johana Ojeda ,INSTITUTO DE FOMENTO PESQUERO,Campaña_Otoño-Inv_2024.Proy.SeguimientoAmbiental,Chaulinec,10,422429.1,731921.4,2024-05-25,15:15:00,TEMPERATURA,12.566666666666668,25/05/2024 15:15:00,X
44,ESTUDIO SEGUIMIENTO DESEMPEÑO AMBIENTAL ACUICULTURA EN CHILE Y SU EFECTO EN LOS ECOSISTEMAS DE EMPLAZAMIENTO 2024-2025,Objetivo 1. Actividad 2. Muestreos y Analisis sedimentos,Johana Ojeda ,INSTITUTO DE FOMENTO PESQUERO,Campaña_Otoño-Inv_2024.Proy.SeguimientoAmbiental,Chaulinec,13,422634.7,733044.2,2024-05-26,14:50:00,TEMPERATURA,12.066666666666668,26/05/2024 14:50:00,X
45,ESTUDIO SEGUIMIENTO DESEMPEÑO AMBIENTAL ACUICULTURA EN CHILE Y SU EFECTO EN LOS ECOSISTEMAS DE EMPLAZAMIENTO 2024-2025,Objetivo 1. Actividad 2. Muestreos y Analisis sedimentos,Johana Ojeda ,INSTITUTO DE FOMENTO PESQUERO,Campaña_Otoño-Inv_2024.Proy.SeguimientoAmbiental,Tenaun,2,422246.5,733559.1,2024-05-26,16:55:00,TEMPERATURA,12.466666666666667,26/05/2024 16:55:00,X
46,ESTUDIO SEGUIMIENTO DESEMPEÑO AMBIENTAL ACUICULTURA EN CHILE Y SU EFECTO EN LOS ECOSISTEMAS DE EMPLAZAMIENTO 2024-2025,Objetivo 1. Actividad 2. Muestreos y Analisis sedimentos,Johana Ojeda ,INSTITUTO DE FOMENTO PESQUERO,Campaña_Otoño-Inv_2024.Proy.SeguimientoAmbiental,Tenaun,3,422307.4,733744.8,2024-05-27,08:15:00,TEMPERATURA,11.566666666666668,27/05/2024 08:15:00,X
47,ESTUDIO SEGUIMIENTO DESEMPEÑO AMBIENTAL ACUICULTURA EN CHILE Y SU EFECTO EN LOS ECOSISTEMAS DE EMPLAZAMIENTO 2024-2025,Objetivo 1. Actividad 2. Muestreos y Analisis sedimentos,Johana Ojeda ,INSTITUTO DE FOMENTO PESQUERO,Campaña_Otoño-Inv_2024.Proy.SeguimientoAmbiental,Tenaun,6,422215.1,733731.1,2024-05-27,08:45:00,TEMPERATURA,12.1,27/05/2024 08:45:00,X
48,ESTUDIO SEGUIMIENTO DESEMPEÑO AMBIENTAL ACUICULTURA EN CHILE Y SU EFECTO EN LOS ECOSISTEMAS DE EMPLAZAMIENTO 2024-2025,Objetivo 1. Actividad 2. Muestreos y Analisis sedimentos,Johana Ojeda ,INSTITUTO DE FOMENTO PESQUERO,Campaña_Otoño-Inv_2024.Proy.SeguimientoAmbiental,Tenaun,9,422139.1,733441.7,2024-05-26,15:20:00,TEMPERATURA,12.566666666666668,26/05/2024 15:20:00,X
49,ESTUDIO SEGUIMIENTO DESEMPEÑO AMBIENTAL ACUICULTURA EN CHILE Y SU EFECTO EN LOS ECOSISTEMAS DE EMPLAZAMIENTO 2024-2025,Objetivo 1. Actividad 2. Muestreos y Analisis sedimentos,Johana Ojeda ,INSTITUTO DE FOMENTO PESQUERO,Campaña_Otoño-Inv_2024.Proy.SeguimientoAmbiental,Tenaun,14,422026.0,733200.9,2024-05-26,14:50:00,TEMPERATURA,12.233333333333334,26/05/2024 14:50:00,X
50,ESTUDIO SEGUIMIENTO DESEMPEÑO AMBIENTAL ACUICULTURA EN CHILE Y SU EFECTO EN LOS ECOSISTEMAS DE EMPLAZAMIENTO 2024-2025,Objetivo 1. Actividad 2. Muestreos y Analisis sedimentos,Johana Ojeda ,INSTITUTO DE FOMENTO PESQUERO,Campaña_Otoño-Inv_2024.Proy.SeguimientoAmbiental,Chiloe central,1,423046.9,734515.6,2024-05-27,14:45:00,TEMPERATURA,12.699999999999998,27/05/2024 14:45:00,X
51,ESTUDIO SEGUIMIENTO DESEMPEÑO AMBIENTAL ACUICULTURA EN CHILE Y SU EFECTO EN LOS ECOSISTEMAS DE EMPLAZAMIENTO 2024-2025,Objetivo 1. Actividad 2. Muestreos y Analisis sedimentos,Johana Ojeda ,INSTITUTO DE FOMENTO PESQUERO,Campaña_Otoño-Inv_2024.Proy.SeguimientoAmbiental,Chiloe central,4,423259.2,734015.8,2024-05-27,13:35:00,TEMPERATURA,12.9,27/05/2024 13:35:00,X
52,ESTUDIO SEGUIMIENTO DESEMPEÑO AMBIENTAL ACUICULTURA EN CHILE Y SU EFECTO EN LOS ECOSISTEMAS DE EMPLAZAMIENTO 2024-2025,Objetivo 1. Actividad 2. Muestreos y Analisis sedimentos,Johana Ojeda ,INSTITUTO DE FOMENTO PESQUERO,Campaña_Otoño-Inv_2024.Proy.SeguimientoAmbiental,Chiloe central,6,423209.3,733613.2,2024-05-27,13:00:00,TEMPERATURA,12.733333333333334,27/05/2024 13:00:00,X
53,ESTUDIO SEGUIMIENTO DESEMPEÑO AMBIENTAL ACUICULTURA EN CHILE Y SU EFECTO EN LOS ECOSISTEMAS DE EMPLAZAMIENTO 2024-2025,Objetivo 1. Actividad 2. Muestreos y Analisis sedimentos,Johana Ojeda ,INSTITUTO DE FOMENTO PESQUERO,Campaña_Otoño-Inv_2024.Proy.SeguimientoAmbiental,Chiloe central,7,423029.3,733611.3,2024-05-27,10:25:00,TEMPERATURA,12.5,27/05/2024 10:25:00,X
54,ESTUDIO SEGUIMIENTO DESEMPEÑO AMBIENTAL ACUICULTURA EN CHILE Y SU EFECTO EN LOS ECOSISTEMAS DE EMPLAZAMIENTO 2024-2025,Objetivo 1. Actividad 2. Muestreos y Analisis sedimentos,Johana Ojeda ,INSTITUTO DE FOMENTO PESQUERO,Campaña_Otoño-Inv_2024.Proy.SeguimientoAmbiental,Chiloe central,11,422833.3,733241.1,2024-05-27,11:00:00,TEMPERATURA,12.233333333333334,27/05/2024 11:00:00,X
55,ESTUDIO SEGUIMIENTO DESEMPEÑO AMBIENTAL ACUICULTURA EN CHILE Y SU EFECTO EN LOS ECOSISTEMAS DE EMPLAZAMIENTO 2024-2025,Objetivo 1. Actividad 2. Muestreos y Analisis sedimentos,Johana Ojeda ,INSTITUTO DE FOMENTO PESQUERO,Campaña_Otoño-Inv_2024.Proy.SeguimientoAmbiental,Chiloe central,12,423059.3,732821.5,2024-05-27,11:35:00,TEMPERATURA,12.333333333333334,27/05/2024 11:35:00,X
56,ESTUDIO SEGUIMIENTO DESEMPEÑO AMBIENTAL ACUICULTURA EN CHILE Y SU EFECTO EN LOS ECOSISTEMAS DE EMPLAZAMIENTO 2024-2025,Objetivo 1. Actividad 2. Muestreos y Analisis sedimentos,Johana Ojeda ,INSTITUTO DE FOMENTO PESQUERO,Campaña_Otoño-Inv_2024.Proy.SeguimientoAmbiental,Chiloe central,16,424213.5,733738.2,2024-05-29,10:45:00,TEMPERATURA,12.233333333333334,29/05/2024 10:45:00,X
57,ESTUDIO SEGUIMIENTO DESEMPEÑO AMBIENTAL ACUICULTURA EN CHILE Y SU EFECTO EN LOS ECOSISTEMAS DE EMPLAZAMIENTO 2024-2025,Objetivo 1. Actividad 2. Muestreos y Analisis sedimentos,Johana Ojeda ,INSTITUTO DE FOMENTO PESQUERO,Campaña_Otoño-Inv_2024.Proy.SeguimientoAmbiental,Chiloe central,26,423654.6,732710.2,2024-05-26,12:00:00,TEMPERATURA,12.600000000000001,26/05/2024 12:00:00,X
58,ESTUDIO SEGUIMIENTO DESEMPEÑO AMBIENTAL ACUICULTURA EN CHILE Y SU EFECTO EN LOS ECOSISTEMAS DE EMPLAZAMIENTO 2024-2025,Objetivo 1. Actividad 2. Muestreos y Analisis sedimentos,Johana Ojeda ,INSTITUTO DE FOMENTO PESQUERO,Campaña_Otoño-Inv_2024.Proy.SeguimientoAmbiental,Desertores,1,424703.0,725635.9,2024-06-19,15:30:00,TEMPERATURA,12.233333333333334,19/06/2024 15:30:00,X
59,ESTUDIO SEGUIMIENTO DESEMPEÑO AMBIENTAL ACUICULTURA EN CHILE Y SU EFECTO EN LOS ECOSISTEMAS DE EMPLAZAMIENTO 2024-2025,Objetivo 1. Actividad 2. Muestreos y Analisis sedimentos,Johana Ojeda ,INSTITUTO DE FOMENTO PESQUERO,Campaña_Otoño-Inv_2024.Proy.SeguimientoAmbiental,Desertores,2,424756.1,725723.7,2024-06-22,09:15:00,TEMPERATURA,13.066666666666668,22/06/2024 09:15:00,X
60,ESTUDIO SEGUIMIENTO DESEMPEÑO AMBIENTAL ACUICULTURA EN CHILE Y SU EFECTO EN LOS ECOSISTEMAS DE EMPLAZAMIENTO 2024-2025,Objetivo 1. Actividad 2. Muestreos y Analisis sedimentos,Johana Ojeda ,INSTITUTO DE FOMENTO PESQUERO,Campaña_Otoño-Inv_2024.Proy.SeguimientoAmbiental,Desertores,3,424536.0,725951.7,2024-06-22,09:50:00,TEMPERATURA,12.233333333333334,22/06/2024 09:50:00,X
61,ESTUDIO SEGUIMIENTO DESEMPEÑO AMBIENTAL ACUICULTURA EN CHILE Y SU EFECTO EN LOS ECOSISTEMAS DE EMPLAZAMIENTO 2024-2025,Objetivo 1. Actividad 2. Muestreos y Analisis sedimentos,Johana Ojeda ,INSTITUTO DE FOMENTO PESQUERO,Campaña_Otoño-Inv_2024.Proy.SeguimientoAmbiental,Desertores,6,424206.5,730534.1,2024-06-22,10:45:00,TEMPERATURA,12.166666666666666,22/06/2024 10:45:00,X
62,ESTUDIO SEGUIMIENTO DESEMPEÑO AMBIENTAL ACUICULTURA EN CHILE Y SU EFECTO EN LOS ECOSISTEMAS DE EMPLAZAMIENTO 2024-2025,Objetivo 1. Actividad 2. Muestreos y Analisis sedimentos,Johana Ojeda ,INSTITUTO DE FOMENTO PESQUERO,Campaña_Otoño-Inv_2024.Proy.SeguimientoAmbiental,Quellon,6,431143.2,733811.2,2024-06-01,11:05:00,TEMPERATURA,10.766666666666666,01/06/2024 11:05:00,X
63,ESTUDIO SEGUIMIENTO DESEMPEÑO AMBIENTAL ACUICULTURA EN CHILE Y SU EFECTO EN LOS ECOSISTEMAS DE EMPLAZAMIENTO 2024-2025,Objetivo 1. Actividad 2. Muestreos y Analisis sedimentos,Johana Ojeda ,INSTITUTO DE FOMENTO PESQUERO,Campaña_Otoño-Inv_2024.Proy.SeguimientoAmbiental,Quellon,8,430739.5,734328.6,2024-06-01,12:05:00,TEMPERATURA,11.433333333333332,01/06/2024 12:05:00,X
64,ESTUDIO SEGUIMIENTO DESEMPEÑO AMBIENTAL ACUICULTURA EN CHILE Y SU EFECTO EN LOS ECOSISTEMAS DE EMPLAZAMIENTO 2024-2025,Objetivo 1. Actividad 2. Muestreos y Analisis sedimentos,Johana Ojeda ,INSTITUTO DE FOMENTO PESQUERO,Campaña_Otoño-Inv_2024.Proy.SeguimientoAmbiental,Quellon,11,430832.2,734013.7,2024-06-01,12:35:00,TEMPERATURA,10.766666666666666,01/06/2024 12:35:00,X
65,ESTUDIO SEGUIMIENTO DESEMPEÑO AMBIENTAL ACUICULTURA EN CHILE Y SU EFECTO EN LOS ECOSISTEMAS DE EMPLAZAMIENTO 2024-2025,Objetivo 1. Actividad 2. Muestreos y Analisis sedimentos,Johana Ojeda ,INSTITUTO DE FOMENTO PESQUERO,Campaña_Otoño-Inv_2024.Proy.SeguimientoAmbiental,Quellon,12,431133.5,733423.8,2024-06-01,10:15:00,TEMPERATURA,10.733333333333334,01/06/2024 10:15:00,X
66,ESTUDIO SEGUIMIENTO DESEMPEÑO AMBIENTAL ACUICULTURA EN CHILE Y SU EFECTO EN LOS ECOSISTEMAS DE EMPLAZAMIENTO 2024-2025,Objetivo 1. Actividad 2. Muestreos y Analisis sedimentos,Johana Ojeda ,INSTITUTO DE FOMENTO PESQUERO,Campaña_Otoño-Inv_2024.Proy.SeguimientoAmbiental,Quellon,13,430826.2,733310.7,2024-06-01,09:30:00,TEMPERATURA,10.433333333333332,01/06/2024 09:30:00,X
67,ESTUDIO SEGUIMIENTO DESEMPEÑO AMBIENTAL ACUICULTURA EN CHILE Y SU EFECTO EN LOS ECOSISTEMAS DE EMPLAZAMIENTO 2024-2025,Objetivo 1. Actividad 2. Muestreos y Analisis sedimentos,Johana Ojeda ,INSTITUTO DE FOMENTO PESQUERO,Campaña_Otoño-Inv_2024.Proy.SeguimientoAmbiental,Quellon,19,430307.5,732746.7,2024-05-31,15:10:00,TEMPERATURA,11.866666666666665,31/05/2024 15:10:00,X
68,ESTUDIO SEGUIMIENTO DESEMPEÑO AMBIENTAL ACUICULTURA EN CHILE Y SU EFECTO EN LOS ECOSISTEMAS DE EMPLAZAMIENTO 2024-2025,Objetivo 1. Actividad 2. Muestreos y Analisis sedimentos,Johana Ojeda ,INSTITUTO DE FOMENTO PESQUERO,Campaña_Otoño-Inv_2024.Proy.SeguimientoAmbiental,Quellon,21,430206.1,733133.1,2024-05-31,14:35:00,TEMPERATURA,11.5,31/05/2024 14:35:00,X
69,ESTUDIO SEGUIMIENTO DESEMPEÑO AMBIENTAL ACUICULTURA EN CHILE Y SU EFECTO EN LOS ECOSISTEMAS DE EMPLAZAMIENTO 2024-2025,Objetivo 1. Actividad 2. Muestreos y Analisis sedimentos,Johana Ojeda ,INSTITUTO DE FOMENTO PESQUERO,Campaña_Otoño-Inv_2024.Proy.SeguimientoAmbiental,Quellon,22,425921.8,732805.5,2024-05-31,14:00:00,TEMPERATURA,12.466666666666667,31/05/2024 14:00:00,X
70,ESTUDIO SEGUIMIENTO DESEMPEÑO AMBIENTAL ACUICULTURA EN CHILE Y SU EFECTO EN LOS ECOSISTEMAS DE EMPLAZAMIENTO 2024-2025,Objetivo 1. Actividad 2. Muestreos y Analisis sedimentos,Johana Ojeda ,INSTITUTO DE FOMENTO PESQUERO,Campaña_Otoño-Inv_2024.Proy.SeguimientoAmbiental,Quellon,26,425621.2,733649.9,2024-05-31,12:50:00,TEMPERATURA,11.4,31/05/2024 12:50:00,X
71,ESTUDIO SEGUIMIENTO DESEMPEÑO AMBIENTAL ACUICULTURA EN CHILE Y SU EFECTO EN LOS ECOSISTEMAS DE EMPLAZAMIENTO 2024-2025,Objetivo 1. Actividad 2. Muestreos y Analisis sedimentos,Johana Ojeda ,INSTITUTO DE FOMENTO PESQUERO,Campaña_Otoño-Inv_2024.Proy.SeguimientoAmbiental,Quellon,28,425525.9,733504.7,2024-05-31,12:30:00,TEMPERATURA,11.733333333333333,31/05/2024 12:30:00,X
72,ESTUDIO SEGUIMIENTO DESEMPEÑO AMBIENTAL ACUICULTURA EN CHILE Y SU EFECTO EN LOS ECOSISTEMAS DE EMPLAZAMIENTO 2024-2025,Objetivo 1. Actividad 2. Muestreos y Analisis sedimentos,Johana Ojeda ,INSTITUTO DE FOMENTO PESQUERO,Campaña_Otoño-Inv_2024.Proy.SeguimientoAmbiental,Quellon,32,425122.8,734130.9,2024-05-31,11:45:00,TEMPERATURA,11.466666666666667,31/05/2024 11:45:00,X
73,ESTUDIO SEGUIMIENTO DESEMPEÑO AMBIENTAL ACUICULTURA EN CHILE Y SU EFECTO EN LOS ECOSISTEMAS DE EMPLAZAMIENTO 2024-2025,Objetivo 1. Actividad 2. Muestreos y Analisis sedimentos,Johana Ojeda ,INSTITUTO DE FOMENTO PESQUERO,Campaña_Otoño-Inv_2024.Proy.SeguimientoAmbiental,Quellon,39,425415.3,732927.9,2024-05-29,13:15:00,TEMPERATURA,13.1,29/05/2024 13:15:00,X
74,ESTUDIO SEGUIMIENTO DESEMPEÑO AMBIENTAL ACUICULTURA EN CHILE Y SU EFECTO EN LOS ECOSISTEMAS DE EMPLAZAMIENTO 2024-2025,Objetivo 1. Actividad 2. Muestreos y Analisis sedimentos,Johana Ojeda ,INSTITUTO DE FOMENTO PESQUERO,Campaña_Otoño-Inv_2024.Proy.SeguimientoAmbiental,Hornopiren,3,420427.1,722759.7,2024-06-14,15:25:00,TEMPERATURA,12.4,14/06/2024 15:25:00,X
75,ESTUDIO SEGUIMIENTO DESEMPEÑO AMBIENTAL ACUICULTURA EN CHILE Y SU EFECTO EN LOS ECOSISTEMAS DE EMPLAZAMIENTO 2024-2025,Objetivo 1. Actividad 2. Muestreos y Analisis sedimentos,Johana Ojeda ,INSTITUTO DE FOMENTO PESQUERO,Campaña_Otoño-Inv_2024.Proy.SeguimientoAmbiental,Hornopiren,6,420209.6,723558.5,2024-06-14,14:20:00,TEMPERATURA,12.6,14/06/2024 14:20:00,X
76,ESTUDIO SEGUIMIENTO DESEMPEÑO AMBIENTAL ACUICULTURA EN CHILE Y SU EFECTO EN LOS ECOSISTEMAS DE EMPLAZAMIENTO 2024-2025,Objetivo 1. Actividad 2. Muestreos y Analisis sedimentos,Johana Ojeda ,INSTITUTO DE FOMENTO PESQUERO,Campaña_Otoño-Inv_2024.Proy.SeguimientoAmbiental,Hornopiren,7,420301.3,723537.3,2024-06-14,13:45:00,TEMPERATURA,12.433333333333332,14/06/2024 13:45:00,X
78,ESTUDIO SEGUIMIENTO DESEMPEÑO AMBIENTAL ACUICULTURA EN CHILE Y SU EFECTO EN LOS ECOSISTEMAS DE EMPLAZAMIENTO 2024-2025,Objetivo 1. Actividad 2. Muestreos y Analisis sedimentos,Johana Ojeda ,INSTITUTO DE FOMENTO PESQUERO,Campaña_Otoño-Inv_2024.Proy.SeguimientoAmbiental,Hornopiren,14,421524.5,722346.8,2024-06-14,17:20:00,TEMPERATURA,14.566666666666668,14/06/2024 17:20:00,X
79,ESTUDIO SEGUIMIENTO DESEMPEÑO AMBIENTAL ACUICULTURA EN CHILE Y SU EFECTO EN LOS ECOSISTEMAS DE EMPLAZAMIENTO 2024-2025,Objetivo 1. Actividad 2. Muestreos y Analisis sedimentos,Johana Ojeda ,INSTITUTO DE FOMENTO PESQUERO,Campaña_Otoño-Inv_2024.Proy.SeguimientoAmbiental,Ayacara,1,421853.1,724721.9,2024-06-15,13:15:00,TEMPERATURA,12.1,15/06/2024 13:15:00,X
80,ESTUDIO SEGUIMIENTO DESEMPEÑO AMBIENTAL ACUICULTURA EN CHILE Y SU EFECTO EN LOS ECOSISTEMAS DE EMPLAZAMIENTO 2024-2025,Objetivo 1. Actividad 2. Muestreos y Analisis sedimentos,Johana Ojeda ,INSTITUTO DE FOMENTO PESQUERO,Campaña_Otoño-Inv_2024.Proy.SeguimientoAmbiental,Ayacara,2,422434.1,724307.0,2024-06-15,14:50:00,TEMPERATURA,12.333333333333334,15/06/2024 14:50:00,X
81,ESTUDIO SEGUIMIENTO DESEMPEÑO AMBIENTAL ACUICULTURA EN CHILE Y SU EFECTO EN LOS ECOSISTEMAS DE EMPLAZAMIENTO 2024-2025,Objetivo 1. Actividad 2. Muestreos y Analisis sedimentos,Johana Ojeda ,INSTITUTO DE FOMENTO PESQUERO,Campaña_Otoño-Inv_2024.Proy.SeguimientoAmbiental,Ayacara,3,423409.7,723139.7,2024-06-15,17:15:00,TEMPERATURA,13.266666666666666,15/06/2024 17:15:00,X
82,ESTUDIO SEGUIMIENTO DESEMPEÑO AMBIENTAL ACUICULTURA EN CHILE Y SU EFECTO EN LOS ECOSISTEMAS DE EMPLAZAMIENTO 2024-2025,Objetivo 1. Actividad 2. Muestreos y Analisis sedimentos,Johana Ojeda ,INSTITUTO DE FOMENTO PESQUERO,Campaña_Otoño-Inv_2024.Proy.SeguimientoAmbiental,Ayacara,4,423117.9,724140.8,2024-06-15,16:00:00,TEMPERATURA,12.033333333333333,15/06/2024 16:00:00,X
83,ESTUDIO SEGUIMIENTO DESEMPEÑO AMBIENTAL ACUICULTURA EN CHILE Y SU EFECTO EN LOS ECOSISTEMAS DE EMPLAZAMIENTO 2024-2025,Objetivo 1. Actividad 2. Muestreos y Analisis sedimentos,Johana Ojeda ,INSTITUTO DE FOMENTO PESQUERO,Campaña_Otoño-Inv_2024.Proy.SeguimientoAmbiental,Ayacara,7,423730.6,725115.4,2024-06-19,12:10:00,TEMPERATURA,11.266666666666666,19/06/2024 12:10:00,X
84,ESTUDIO SEGUIMIENTO DESEMPEÑO AMBIENTAL ACUICULTURA EN CHILE Y SU EFECTO EN LOS ECOSISTEMAS DE EMPLAZAMIENTO 2024-2025,Objetivo 1. Actividad 2. Muestreos y Analisis sedimentos,Johana Ojeda ,INSTITUTO DE FOMENTO PESQUERO,Campaña_Otoño-Inv_2024.Proy.SeguimientoAmbiental,Ayacara,9,424232.8,725058.9,2024-06-19,13:00:00,TEMPERATURA,12.199999999999998,19/06/2024 13:00:00,X
85,ESTUDIO SEGUIMIENTO DESEMPEÑO AMBIENTAL ACUICULTURA EN CHILE Y SU EFECTO EN LOS ECOSISTEMAS DE EMPLAZAMIENTO 2024-2025,Objetivo 1. Actividad 2. Muestreos y Analisis sedimentos,Johana Ojeda ,INSTITUTO DE FOMENTO PESQUERO,Campaña_Otoño-Inv_2024.Proy.SeguimientoAmbiental,Chaiten,3,424711.1,725049.9,2024-06-16,13:30:00,TEMPERATURA,11.5,16/06/2024 13:30:00,X
86,ESTUDIO SEGUIMIENTO DESEMPEÑO AMBIENTAL ACUICULTURA EN CHILE Y SU EFECTO EN LOS ECOSISTEMAS DE EMPLAZAMIENTO 2024-2025,Objetivo 1. Actividad 2. Muestreos y Analisis sedimentos,Johana Ojeda ,INSTITUTO DE FOMENTO PESQUERO,Campaña_Otoño-Inv_2024.Proy.SeguimientoAmbiental,Chaiten,4,425527.6,724459.6,2024-06-16,14:20:00,TEMPERATURA,12.266666666666666,16/06/2024 14:20:00,X
87,ESTUDIO SEGUIMIENTO DESEMPEÑO AMBIENTAL ACUICULTURA EN CHILE Y SU EFECTO EN LOS ECOSISTEMAS DE EMPLAZAMIENTO 2024-2025,Objetivo 1. Actividad 2. Muestreos y Analisis sedimentos,Johana Ojeda ,INSTITUTO DE FOMENTO PESQUERO,Campaña_Otoño-Inv_2024.Proy.SeguimientoAmbiental,Chaiten,12,431438.9,725308.2,2024-06-23,12:00:00,TEMPERATURA,11.633333333333333,23/06/2024 12:00:00,X
88,ESTUDIO SEGUIMIENTO DESEMPEÑO AMBIENTAL ACUICULTURA EN CHILE Y SU EFECTO EN LOS ECOSISTEMAS DE EMPLAZAMIENTO 2024-2025,Objetivo 1. Actividad 2. Muestreos y Analisis sedimentos,Johana Ojeda ,INSTITUTO DE FOMENTO PESQUERO,Campaña_Otoño-Inv_2024.Proy.SeguimientoAmbiental,Chaiten,14,431550.9,725835.0,2024-06-23,11:00:00,TEMPERATURA,11.933333333333332,23/06/2024 11:00:00,X
89,ESTUDIO SEGUIMIENTO DESEMPEÑO AMBIENTAL ACUICULTURA EN CHILE Y SU EFECTO EN LOS ECOSISTEMAS DE EMPLAZAMIENTO 2024-2025,Objetivo 1. Actividad 2. Muestreos y Analisis sedimentos,Johana Ojeda ,INSTITUTO DE FOMENTO PESQUERO,Campaña_Otoño-Inv_2024.Proy.SeguimientoAmbiental,Chaiten,18,433529.8,730022.5,2024-08-05,07:21:00,TEMPERATURA,12.033333333333333,05/08/2024 07:21:00,X
90,ESTUDIO SEGUIMIENTO DESEMPEÑO AMBIENTAL ACUICULTURA EN CHILE Y SU EFECTO EN LOS ECOSISTEMAS DE EMPLAZAMIENTO 2024-2025,Objetivo 1. Actividad 2. Muestreos y Analisis sedimentos,Johana Ojeda ,INSTITUTO DE FOMENTO PESQUERO,Campaña_Otoño-Inv_2024.Proy.SeguimientoAmbiental,Chaiten,19,433757.9,725704.9,2024-08-04,16:35:00,TEMPERATURA,12.066666666666668,04/08/2024 16:35:00,X
92,ESTUDIO SEGUIMIENTO DESEMPEÑO AMBIENTAL ACUICULTURA EN CHILE Y SU EFECTO EN LOS ECOSISTEMAS DE EMPLAZAMIENTO 2024-2025,Objetivo 1. Actividad 2. Muestreos y Analisis sedimentos,Johana Ojeda ,INSTITUTO DE FOMENTO PESQUERO,Campaña_Otoño-Inv_2024.Proy.SeguimientoAmbiental,Guaitecas,1,442931.1,740942.8,2024-07-14,10:50:00,TEMPERATURA,11.433333333333335,14/07/2024 10:50:00,XI
93,ESTUDIO SEGUIMIENTO DESEMPEÑO AMBIENTAL ACUICULTURA EN CHILE Y SU EFECTO EN LOS ECOSISTEMAS DE EMPLAZAMIENTO 2024-2025,Objetivo 1. Actividad 2. Muestreos y Analisis sedimentos,Johana Ojeda ,INSTITUTO DE FOMENTO PESQUERO,Campaña_Otoño-Inv_2024.Proy.SeguimientoAmbiental,Guaitecas,2,442708.1,740808.5,2024-07-14,10:20:00,TEMPERATURA,11.533333333333333,14/07/2024 10:20:00,XI
94,ESTUDIO SEGUIMIENTO DESEMPEÑO AMBIENTAL ACUICULTURA EN CHILE Y SU EFECTO EN LOS ECOSISTEMAS DE EMPLAZAMIENTO 2024-2025,Objetivo 1. Actividad 2. Muestreos y Analisis sedimentos,Johana Ojeda ,INSTITUTO DE FOMENTO PESQUERO,Campaña_Otoño-Inv_2024.Proy.SeguimientoAmbiental,Guaitecas,4,441418.4,741320.7,2024-07-14,08:30:00,TEMPERATURA,12.199999999999998,14/07/2024 08:30:00,XI
95,ESTUDIO SEGUIMIENTO DESEMPEÑO AMBIENTAL ACUICULTURA EN CHILE Y SU EFECTO EN LOS ECOSISTEMAS DE EMPLAZAMIENTO 2024-2025,Objetivo 1. Actividad 2. Muestreos y Analisis sedimentos,Johana Ojeda ,INSTITUTO DE FOMENTO PESQUERO,Campaña_Otoño-Inv_2024.Proy.SeguimientoAmbiental,Guaitecas,6,440829.0,740209.0,2024-07-13,16:00:00,TEMPERATURA,11.300000000000002,13/07/2024 16:00:00,XI
96,ESTUDIO SEGUIMIENTO DESEMPEÑO AMBIENTAL ACUICULTURA EN CHILE Y SU EFECTO EN LOS ECOSISTEMAS DE EMPLAZAMIENTO 2024-2025,Objetivo 1. Actividad 2. Muestreos y Analisis sedimentos,Johana Ojeda ,INSTITUTO DE FOMENTO PESQUERO,Campaña_Otoño-Inv_2024.Proy.SeguimientoAmbiental,Guaitecas,7,440453.4,735253.7,2024-07-13,14:35:00,TEMPERATURA,11.299999999999999,13/07/2024 14:35:00,XI
97,ESTUDIO SEGUIMIENTO DESEMPEÑO AMBIENTAL ACUICULTURA EN CHILE Y SU EFECTO EN LOS ECOSISTEMAS DE EMPLAZAMIENTO 2024-2025,Objetivo 1. Actividad 2. Muestreos y Analisis sedimentos,Johana Ojeda ,INSTITUTO DE FOMENTO PESQUERO,Campaña_Otoño-Inv_2024.Proy.SeguimientoAmbiental,Guaitecas,8,435456.5,735432.1,2024-07-12,09:30:00,TEMPERATURA,11.366666666666667,12/07/2024 09:30:00,XI
98,ESTUDIO SEGUIMIENTO DESEMPEÑO AMBIENTAL ACUICULTURA EN CHILE Y SU EFECTO EN LOS ECOSISTEMAS DE EMPLAZAMIENTO 2024-2025,Objetivo 1. Actividad 2. Muestreos y Analisis sedimentos,Johana Ojeda ,INSTITUTO DE FOMENTO PESQUERO,Campaña_Otoño-Inv_2024.Proy.SeguimientoAmbiental,Guaitecas,9,435329.1,735219.9,2024-07-12,08:45:00,TEMPERATURA,12.233333333333334,12/07/2024 08:45:00,XI
99,ESTUDIO SEGUIMIENTO DESEMPEÑO AMBIENTAL ACUICULTURA EN CHILE Y SU EFECTO EN LOS ECOSISTEMAS DE EMPLAZAMIENTO 2024-2025,Objetivo 1. Actividad 2. Muestreos y Analisis sedimentos,Johana Ojeda ,INSTITUTO DE FOMENTO PESQUERO,Campaña_Otoño-Inv_2024.Proy.SeguimientoAmbiental,Guaitecas,10,435638.0,734800.0,2024-07-12,10:20:00,TEMPERATURA,11.066666666666668,12/07/2024 10:20:00,XI
100,ESTUDIO SEGUIMIENTO DESEMPEÑO AMBIENTAL ACUICULTURA EN CHILE Y SU EFECTO EN LOS ECOSISTEMAS DE EMPLAZAMIENTO 2024-2025,Objetivo 1. Actividad 2. Muestreos y Analisis sedimentos,Johana Ojeda ,INSTITUTO DE FOMENTO PESQUERO,Campaña_Otoño-Inv_2024.Proy.SeguimientoAmbiental,Guaitecas,12,440031.4,734511.0,2024-07-12,11:10:00,TEMPERATURA,11.266666666666666,12/07/2024 11:10:00,XI
101,ESTUDIO SEGUIMIENTO DESEMPEÑO AMBIENTAL ACUICULTURA EN CHILE Y SU EFECTO EN LOS ECOSISTEMAS DE EMPLAZAMIENTO 2024-2025,Objetivo 1. Actividad 2. Muestreos y Analisis sedimentos,Johana Ojeda ,INSTITUTO DE FOMENTO PESQUERO,Campaña_Otoño-Inv_2024.Proy.SeguimientoAmbiental,Guaitecas,17,441715.5,734639.1,2024-07-12,14:40:00,TEMPERATURA,11.466666666666667,12/07/2024 14:40:00,XI
102,ESTUDIO SEGUIMIENTO DESEMPEÑO AMBIENTAL ACUICULTURA EN CHILE Y SU EFECTO EN LOS ECOSISTEMAS DE EMPLAZAMIENTO 2024-2025,Objetivo 1. Actividad 2. Muestreos y Analisis sedimentos,Johana Ojeda ,INSTITUTO DE FOMENTO PESQUERO,Campaña_Otoño-Inv_2024.Proy.SeguimientoAmbiental,Moraleda,2,451131.2,735840.6,2024-07-16,15:05:00,TEMPERATURA,11.233333333333334,16/07/2024 15:05:00,XI
103,ESTUDIO SEGUIMIENTO DESEMPEÑO AMBIENTAL ACUICULTURA EN CHILE Y SU EFECTO EN LOS ECOSISTEMAS DE EMPLAZAMIENTO 2024-2025,Objetivo 1. Actividad 2. Muestreos y Analisis sedimentos,Johana Ojeda ,INSTITUTO DE FOMENTO PESQUERO,Campaña_Otoño-Inv_2024.Proy.SeguimientoAmbiental,Moraleda,4,450957.9,740833.4,2024-07-16,14:00:00,TEMPERATURA,11.066666666666668,16/07/2024 14:00:00,XI
104,ESTUDIO SEGUIMIENTO DESEMPEÑO AMBIENTAL ACUICULTURA EN CHILE Y SU EFECTO EN LOS ECOSISTEMAS DE EMPLAZAMIENTO 2024-2025,Objetivo 1. Actividad 2. Muestreos y Analisis sedimentos,Johana Ojeda ,INSTITUTO DE FOMENTO PESQUERO,Campaña_Otoño-Inv_2024.Proy.SeguimientoAmbiental,Moraleda,5,450801.8,741520.1,2024-07-16,12:30:00,TEMPERATURA,11.799999999999999,16/07/2024 12:30:00,XI
105,ESTUDIO SEGUIMIENTO DESEMPEÑO AMBIENTAL ACUICULTURA EN CHILE Y SU EFECTO EN LOS ECOSISTEMAS DE EMPLAZAMIENTO 2024-2025,Objetivo 1. Actividad 2. Muestreos y Analisis sedimentos,Johana Ojeda ,INSTITUTO DE FOMENTO PESQUERO,Campaña_Otoño-Inv_2024.Proy.SeguimientoAmbiental,Moraleda,12,444145.4,735257.1,2024-07-14,14:50:00,TEMPERATURA,11.6,14/07/2024 14:50:00,XI
106,ESTUDIO SEGUIMIENTO DESEMPEÑO AMBIENTAL ACUICULTURA EN CHILE Y SU EFECTO EN LOS ECOSISTEMAS DE EMPLAZAMIENTO 2024-2025,Objetivo 1. Actividad 2. Muestreos y Analisis sedimentos,Johana Ojeda ,INSTITUTO DE FOMENTO PESQUERO,Campaña_Otoño-Inv_2024.Proy.SeguimientoAmbiental,Moraleda,13,443935.6,735252.9,2024-07-14,14:00:00,TEMPERATURA,11.533333333333331,14/07/2024 14:00:00,XI
107,ESTUDIO SEGUIMIENTO DESEMPEÑO AMBIENTAL ACUICULTURA EN CHILE Y SU EFECTO EN LOS ECOSISTEMAS DE EMPLAZAMIENTO 2024-2025,Objetivo 1. Actividad 2. Muestreos y Analisis sedimentos,Johana Ojeda ,INSTITUTO DE FOMENTO PESQUERO,Campaña_Otoño-Inv_2024.Proy.SeguimientoAmbiental,Moraleda,14,443608.6,740025.9,2024-07-14,12:30:00,TEMPERATURA,10.800000000000002,14/07/2024 12:30:00,XI
108,ESTUDIO SEGUIMIENTO DESEMPEÑO AMBIENTAL ACUICULTURA EN CHILE Y SU EFECTO EN LOS ECOSISTEMAS DE EMPLAZAMIENTO 2024-2025,Objetivo 1. Actividad 2. Muestreos y Analisis sedimentos,Johana Ojeda ,INSTITUTO DE FOMENTO PESQUERO,Campaña_Otoño-Inv_2024.Proy.SeguimientoAmbiental,Moraleda,16,443308.8,740650.1,2024-07-14,11:40:00,TEMPERATURA,11.133333333333335,14/07/2024 11:40:00,XI
109,ESTUDIO SEGUIMIENTO DESEMPEÑO AMBIENTAL ACUICULTURA EN CHILE Y SU EFECTO EN LOS ECOSISTEMAS DE EMPLAZAMIENTO 2024-2025,Objetivo 1. Actividad 2. Muestreos y Analisis sedimentos,Johana Ojeda ,INSTITUTO DE FOMENTO PESQUERO,Campaña_Otoño-Inv_2024.Proy.SeguimientoAmbiental,Moraleda,17,440830.9,733501.0,2024-07-12,13:00:00,TEMPERATURA,11.333333333333334,12/07/2024 13:00:00,XI
110,ESTUDIO SEGUIMIENTO DESEMPEÑO AMBIENTAL ACUICULTURA EN CHILE Y SU EFECTO EN LOS ECOSISTEMAS DE EMPLAZAMIENTO 2024-2025,Objetivo 1. Actividad 2. Muestreos y Analisis sedimentos,Johana Ojeda ,INSTITUTO DE FOMENTO PESQUERO,Campaña_Otoño-Inv_2024.Proy.SeguimientoAmbiental,Moraleda,19,434430.9,730056.5,2024-08-04,15:10:00,TEMPERATURA,11.5,04/08/2024 15:10:00,XI
111,ESTUDIO SEGUIMIENTO DESEMPEÑO AMBIENTAL ACUICULTURA EN CHILE Y SU EFECTO EN LOS ECOSISTEMAS DE EMPLAZAMIENTO 2024-2025,Objetivo 1. Actividad 2. Muestreos y Analisis sedimentos,Johana Ojeda ,INSTITUTO DE FOMENTO PESQUERO,Campaña_Otoño-Inv_2024.Proy.SeguimientoAmbiental,Moraleda,25,440204.1,731205.2,2024-08-04,11:30:00,TEMPERATURA,11.033333333333333,04/08/2024 11:30:00,XI
112,ESTUDIO SEGUIMIENTO DESEMPEÑO AMBIENTAL ACUICULTURA EN CHILE Y SU EFECTO EN LOS ECOSISTEMAS DE EMPLAZAMIENTO 2024-2025,Objetivo 1. Actividad 2. Muestreos y Analisis sedimentos,Johana Ojeda ,INSTITUTO DE FOMENTO PESQUERO,Campaña_Otoño-Inv_2024.Proy.SeguimientoAmbiental,Moraleda,31,442248.0,730431.7,2024-08-02,10:45:00,TEMPERATURA,12.399999999999999,02/08/2024 10:45:00,XI
113,ESTUDIO SEGUIMIENTO DESEMPEÑO AMBIENTAL ACUICULTURA EN CHILE Y SU EFECTO EN LOS ECOSISTEMAS DE EMPLAZAMIENTO 2024-2025,Objetivo 1. Actividad 2. Muestreos y Analisis sedimentos,Johana Ojeda ,INSTITUTO DE FOMENTO PESQUERO,Campaña_Otoño-Inv_2024.Proy.SeguimientoAmbiental,Moraleda,32,450149.0,732702.0,2024-07-29,15:40:00,TEMPERATURA,12.266666666666667,29/07/2024 15:40:00,XI
114,ESTUDIO SEGUIMIENTO DESEMPEÑO AMBIENTAL ACUICULTURA EN CHILE Y SU EFECTO EN LOS ECOSISTEMAS DE EMPLAZAMIENTO 2024-2025,Objetivo 1. Actividad 2. Muestreos y Analisis sedimentos,Johana Ojeda ,INSTITUTO DE FOMENTO PESQUERO,Campaña_Otoño-Inv_2024.Proy.SeguimientoAmbiental,Puyuhuapi,5,443139.8,724117.0,2024-08-01,11:50:00,TEMPERATURA,11.166666666666666,01/08/2024 11:50:00,XI
115,ESTUDIO SEGUIMIENTO DESEMPEÑO AMBIENTAL ACUICULTURA EN CHILE Y SU EFECTO EN LOS ECOSISTEMAS DE EMPLAZAMIENTO 2024-2025,Objetivo 1. Actividad 2. Muestreos y Analisis sedimentos,Johana Ojeda ,INSTITUTO DE FOMENTO PESQUERO,Campaña_Otoño-Inv_2024.Proy.SeguimientoAmbiental,Puyuhuapi,7,443955.1,725020.8,2024-07-30,15:30:00,TEMPERATURA,11.133333333333333,30/07/2024 15:30:00,XI
116,ESTUDIO SEGUIMIENTO DESEMPEÑO AMBIENTAL ACUICULTURA EN CHILE Y SU EFECTO EN LOS ECOSISTEMAS DE EMPLAZAMIENTO 2024-2025,Objetivo 1. Actividad 2. Muestreos y Analisis sedimentos,Johana Ojeda ,INSTITUTO DE FOMENTO PESQUERO,Campaña_Otoño-Inv_2024.Proy.SeguimientoAmbiental,Puyuhuapi,8,444209.3,724807.1,2024-07-30,14:50:00,TEMPERATURA,11.4,30/07/2024 14:50:00,XI
117,ESTUDIO SEGUIMIENTO DESEMPEÑO AMBIENTAL ACUICULTURA EN CHILE Y SU EFECTO EN LOS ECOSISTEMAS DE EMPLAZAMIENTO 2024-2025,Objetivo 1. Actividad 2. Muestreos y Analisis sedimentos,Johana Ojeda ,INSTITUTO DE FOMENTO PESQUERO,Campaña_Otoño-Inv_2024.Proy.SeguimientoAmbiental,Puyuhuapi,10,444937.8,725757.3,2024-07-30,12:45:00,TEMPERATURA,11.366666666666667,30/07/2024 12:45:00,XI
118,ESTUDIO SEGUIMIENTO DESEMPEÑO AMBIENTAL ACUICULTURA EN CHILE Y SU EFECTO EN LOS ECOSISTEMAS DE EMPLAZAMIENTO 2024-2025,Objetivo 1. Actividad 2. Muestreos y Analisis sedimentos,Johana Ojeda ,INSTITUTO DE FOMENTO PESQUERO,Campaña_Otoño-Inv_2024.Proy.SeguimientoAmbiental,Puyuhuapi,12,445441.9,730811.9,2024-07-30,11:14:00,TEMPERATURA,10.533333333333333,30/07/2024 11:14:00,XI
119,ESTUDIO SEGUIMIENTO DESEMPEÑO AMBIENTAL ACUICULTURA EN CHILE Y SU EFECTO EN LOS ECOSISTEMAS DE EMPLAZAMIENTO 2024-2025,Objetivo 1. Actividad 2. Muestreos y Analisis sedimentos,Johana Ojeda ,INSTITUTO DE FOMENTO PESQUERO,Campaña_Otoño-Inv_2024.Proy.SeguimientoAmbiental,Aysen,1,452639.7,730033.3,2024-07-23,08:55:00,TEMPERATURA,11.233333333333334,23/07/2024 08:55:00,XI
120,ESTUDIO SEGUIMIENTO DESEMPEÑO AMBIENTAL ACUICULTURA EN CHILE Y SU EFECTO EN LOS ECOSISTEMAS DE EMPLAZAMIENTO 2024-2025,Objetivo 1. Actividad 2. Muestreos y Analisis sedimentos,Johana Ojeda ,INSTITUTO DE FOMENTO PESQUERO,Campaña_Otoño-Inv_2024.Proy.SeguimientoAmbiental,Aysen,3,451953.0,732236.0,2024-07-23,15:45:00,TEMPERATURA,11.966666666666667,23/07/2024 15:45:00,XI
121,ESTUDIO SEGUIMIENTO DESEMPEÑO AMBIENTAL ACUICULTURA EN CHILE Y SU EFECTO EN LOS ECOSISTEMAS DE EMPLAZAMIENTO 2024-2025,Objetivo 1. Actividad 2. Muestreos y Analisis sedimentos,Johana Ojeda ,INSTITUTO DE FOMENTO PESQUERO,Campaña_Otoño-Inv_2024.Proy.SeguimientoAmbiental,Aysen,5,452421.9,733225.0,2024-07-18,17:15:00,TEMPERATURA,11.700000000000001,18/07/2024 17:15:00,XI
122,ESTUDIO SEGUIMIENTO DESEMPEÑO AMBIENTAL ACUICULTURA EN CHILE Y SU EFECTO EN LOS ECOSISTEMAS DE EMPLAZAMIENTO 2024-2025,Objetivo 1. Actividad 2. Muestreos y Analisis sedimentos,Johana Ojeda ,INSTITUTO DE FOMENTO PESQUERO,Campaña_Otoño-Inv_2024.Proy.SeguimientoAmbiental,Aysen,6,453734.9,733550.9,2024-07-18,12:00:00,TEMPERATURA,10.166666666666666,18/07/2024 12:00:00,XI
123,ESTUDIO SEGUIMIENTO DESEMPEÑO AMBIENTAL ACUICULTURA EN CHILE Y SU EFECTO EN LOS ECOSISTEMAS DE EMPLAZAMIENTO 2024-2025,Objetivo 1. Actividad 2. Muestreos y Analisis sedimentos,Johana Ojeda ,INSTITUTO DE FOMENTO PESQUERO,Campaña_Otoño-Inv_2024.Proy.SeguimientoAmbiental,Aysen,7,454508.5,733655.3,2024-07-18,09:45:00,TEMPERATURA,10,18/07/2024 09:45:00,XI
124,ESTUDIO SEGUIMIENTO DESEMPEÑO AMBIENTAL ACUICULTURA EN CHILE Y SU EFECTO EN LOS ECOSISTEMAS DE EMPLAZAMIENTO 2024-2025,Objetivo 1. Actividad 2. Muestreos y Analisis sedimentos,Johana Ojeda ,INSTITUTO DE FOMENTO PESQUERO,Campaña_Otoño-Inv_2024.Proy.SeguimientoAmbiental,Aysen,10,455717.6,733619.7,2024-07-26,10:45:00,TEMPERATURA,10.1,26/07/2024 10:45:00,XI
126,ESTUDIO SEGUIMIENTO DESEMPEÑO AMBIENTAL ACUICULTURA EN CHILE Y SU EFECTO EN LOS ECOSISTEMAS DE EMPLAZAMIENTO 2024-2025,Objetivo 1. Actividad 2. Muestreos y Analisis sedimentos,Johana Ojeda ,INSTITUTO DE FOMENTO PESQUERO,Campaña_Otoño-Inv_2024.Proy.SeguimientoAmbiental,Aysen,13,461329.4,734345.5,2024-07-26,14:10:00,TEMPERATURA,10.733333333333334,26/07/2024 14:10:00,XI
127,ESTUDIO SEGUIMIENTO DESEMPEÑO AMBIENTAL ACUICULTURA EN CHILE Y SU EFECTO EN LOS ECOSISTEMAS DE EMPLAZAMIENTO 2024-2025,Objetivo 1. Actividad 2. Muestreos y Analisis sedimentos,Johana Ojeda ,INSTITUTO DE FOMENTO PESQUERO,Campaña_Otoño-Inv_2024.Proy.SeguimientoAmbiental,Aysen,18,460557.7,735202.9,2024-07-28,14:15:00,TEMPERATURA,10.966666666666667,28/07/2024 14:15:00,XI
128,ESTUDIO SEGUIMIENTO DESEMPEÑO AMBIENTAL ACUICULTURA EN CHILE Y SU EFECTO EN LOS ECOSISTEMAS DE EMPLAZAMIENTO 2024-2025,Objetivo 1. Actividad 2. Muestreos y Analisis sedimentos,Johana Ojeda ,INSTITUTO DE FOMENTO PESQUERO,Campaña_Otoño-Inv_2024.Proy.SeguimientoAmbiental,Aysen,19,460107.9,735645.7,2024-07-28,00:00:00,TEMPERATURA,11.566666666666668,28/07/2024 00:00:00,XI
129,ESTUDIO SEGUIMIENTO DESEMPEÑO AMBIENTAL ACUICULTURA EN CHILE Y SU EFECTO EN LOS ECOSISTEMAS DE EMPLAZAMIENTO 2024-2025,Objetivo 1. Actividad 2. Muestreos y Analisis sedimentos,Johana Ojeda ,INSTITUTO DE FOMENTO PESQUERO,Campaña_Otoño-Inv_2024.Proy.SeguimientoAmbiental,Aysen,24,454429.7,740423.3,2024-07-17,13:50:00,TEMPERATURA,10.533333333333333,17/07/2024 13:50:00,XI
130,ESTUDIO SEGUIMIENTO DESEMPEÑO AMBIENTAL ACUICULTURA EN CHILE Y SU EFECTO EN LOS ECOSISTEMAS DE EMPLAZAMIENTO 2024-2025,Objetivo 1. Actividad 2. Muestreos y Analisis sedimentos,Johana Ojeda ,INSTITUTO DE FOMENTO PESQUERO,Campaña_Otoño-Inv_2024.Proy.SeguimientoAmbiental,Aysen,25,454137.5,741704.6,2024-07-17,12:00:00,TEMPERATURA,10.666666666666666,17/07/2024 12:00:00,XI
131,ESTUDIO SEGUIMIENTO DESEMPEÑO AMBIENTAL ACUICULTURA EN CHILE Y SU EFECTO EN LOS ECOSISTEMAS DE EMPLAZAMIENTO 2024-2025,Objetivo 1. Actividad 2. Muestreos y Analisis sedimentos,Johana Ojeda ,INSTITUTO DE FOMENTO PESQUERO,Campaña_Otoño-Inv_2024.Proy.SeguimientoAmbiental,Aysen,28,453351.4,741310.2,2024-07-17,10:28:00,TEMPERATURA,11.166666666666666,17/07/2024 10:28:00,XI
132,ESTUDIO SEGUIMIENTO DESEMPEÑO AMBIENTAL ACUICULTURA EN CHILE Y SU EFECTO EN LOS ECOSISTEMAS DE EMPLAZAMIENTO 2024-2025,Objetivo 1. Actividad 2. Muestreos y Analisis sedimentos,Johana Ojeda ,INSTITUTO DE FOMENTO PESQUERO,Campaña_Otoño-Inv_2024.Proy.SeguimientoAmbiental,Aysen,30,452356.0,741521.0,2024-07-17,08:45:00,TEMPERATURA,10.5,17/07/2024 08:45:00,XI
133,ESTUDIO SEGUIMIENTO DESEMPEÑO AMBIENTAL ACUICULTURA EN CHILE Y SU EFECTO EN LOS ECOSISTEMAS DE EMPLAZAMIENTO 2024-2025,Objetivo 1. Actividad 2. Muestreos y Analisis sedimentos,Johana Ojeda ,INSTITUTO DE FOMENTO PESQUERO,Campaña_Otoño-Inv_2024.Proy.SeguimientoAmbiental,Aysen,34,451659.5,734350.5,2024-07-29,12:10:00,TEMPERATURA,11.5,29/07/2024 12:10:00,XI
134,ESTUDIO SEGUIMIENTO DESEMPEÑO AMBIENTAL ACUICULTURA EN CHILE Y SU EFECTO EN LOS ECOSISTEMAS DE EMPLAZAMIENTO 2024-2025,Objetivo 1. Actividad 2. Muestreos y Analisis sedimentos,Johana Ojeda ,INSTITUTO DE FOMENTO PESQUERO,Campaña_Otoño-Inv_2024.Proy.SeguimientoAmbiental,Atacama,2,270624.3,705211.4,2024-08-07,13:20:00,TEMPERATURA,14.833333333333334,07/08/2024 13:20:00,III
135,ESTUDIO SEGUIMIENTO DESEMPEÑO AMBIENTAL ACUICULTURA EN CHILE Y SU EFECTO EN LOS ECOSISTEMAS DE EMPLAZAMIENTO 2024-2025,Objetivo 1. Actividad 2. Muestreos y Analisis sedimentos,Johana Ojeda ,INSTITUTO DE FOMENTO PESQUERO,Campaña_Otoño-Inv_2024.Proy.SeguimientoAmbiental,Atacama,3,270703.7,705142.7,2024-08-07,12:30:00,TEMPERATURA,15.666666666666666,07/08/2024 12:30:00,III
136,ESTUDIO SEGUIMIENTO DESEMPEÑO AMBIENTAL ACUICULTURA EN CHILE Y SU EFECTO EN LOS ECOSISTEMAS DE EMPLAZAMIENTO 2024-2025,Objetivo 1. Actividad 2. Muestreos y Analisis sedimentos,Johana Ojeda ,INSTITUTO DE FOMENTO PESQUERO,Campaña_Otoño-Inv_2024.Proy.SeguimientoAmbiental,Atacama,6,270657.6,705223.1,2024-08-07,12:00:00,TEMPERATURA,14.466666666666667,07/08/2024 12:00:00,III
137,ESTUDIO SEGUIMIENTO DESEMPEÑO AMBIENTAL ACUICULTURA EN CHILE Y SU EFECTO EN LOS ECOSISTEMAS DE EMPLAZAMIENTO 2024-2025,Objetivo 1. Actividad 2. Muestreos y Analisis sedimentos,Johana Ojeda ,INSTITUTO DE FOMENTO PESQUERO,Campaña_Otoño-Inv_2024.Proy.SeguimientoAmbiental,Atacama,7,270740.8,705230.3,2024-08-07,11:35:00,TEMPERATURA,14.833333333333334,07/08/2024 11:35:00,III
138,ESTUDIO SEGUIMIENTO DESEMPEÑO AMBIENTAL ACUICULTURA EN CHILE Y SU EFECTO EN LOS ECOSISTEMAS DE EMPLAZAMIENTO 2024-2025,Objetivo 1. Actividad 2. Muestreos y Analisis sedimentos,Johana Ojeda ,INSTITUTO DE FOMENTO PESQUERO,Campaña_Otoño-Inv_2024.Proy.SeguimientoAmbiental,Atacama,10,270730.7,705259.8,2024-08-07,11:20:00,TEMPERATURA,14.766666666666666,07/08/2024 11:20:00,III
139,ESTUDIO SEGUIMIENTO DESEMPEÑO AMBIENTAL ACUICULTURA EN CHILE Y SU EFECTO EN LOS ECOSISTEMAS DE EMPLAZAMIENTO 2024-2025,Objetivo 1. Actividad 2. Muestreos y Analisis sedimentos,Johana Ojeda ,INSTITUTO DE FOMENTO PESQUERO,Campaña_Otoño-Inv_2024.Proy.SeguimientoAmbiental,Atacama,14,270756.6,705332.6,2024-08-07,09:30:00,TEMPERATURA,14.966666666666667,07/08/2024 09:30:00,III
140,ESTUDIO SEGUIMIENTO DESEMPEÑO AMBIENTAL ACUICULTURA EN CHILE Y SU EFECTO EN LOS ECOSISTEMAS DE EMPLAZAMIENTO 2024-2025,Objetivo 1. Actividad 2. Muestreos y Analisis sedimentos,Johana Ojeda ,INSTITUTO DE FOMENTO PESQUERO,Campaña_Otoño-Inv_2024.Proy.SeguimientoAmbiental,Natales,2,513604.7,724301.6,2024-11-30,09:30:00,TEMPERATURA,8.766666666666667,30/11/2024 09:30:00,XII
141,ESTUDIO SEGUIMIENTO DESEMPEÑO AMBIENTAL ACUICULTURA EN CHILE Y SU EFECTO EN LOS ECOSISTEMAS DE EMPLAZAMIENTO 2024-2025,Objetivo 1. Actividad 2. Muestreos y Analisis sedimentos,Johana Ojeda ,INSTITUTO DE FOMENTO PESQUERO,Campaña_Otoño-Inv_2024.Proy.SeguimientoAmbiental,Natales,3,514018.2,723753.1,2024-11-30,08:30:00,TEMPERATURA,9.700000000000001,30/11/2024 08:30:00,XII
142,ESTUDIO SEGUIMIENTO DESEMPEÑO AMBIENTAL ACUICULTURA EN CHILE Y SU EFECTO EN LOS ECOSISTEMAS DE EMPLAZAMIENTO 2024-2025,Objetivo 1. Actividad 2. Muestreos y Analisis sedimentos,Johana Ojeda ,INSTITUTO DE FOMENTO PESQUERO,Campaña_Otoño-Inv_2024.Proy.SeguimientoAmbiental,Natales,5,514929.7,723739.8,2024-11-28,17:20:00,TEMPERATURA,8.766666666666667,28/11/2024 17:20:00,XII
143,ESTUDIO SEGUIMIENTO DESEMPEÑO AMBIENTAL ACUICULTURA EN CHILE Y SU EFECTO EN LOS ECOSISTEMAS DE EMPLAZAMIENTO 2024-2025,Objetivo 1. Actividad 2. Muestreos y Analisis sedimentos,Johana Ojeda ,INSTITUTO DE FOMENTO PESQUERO,Campaña_Otoño-Inv_2024.Proy.SeguimientoAmbiental,Natales,9,514601.6,725405.0,2024-11-27,15:10:00,TEMPERATURA,12.5,27/11/2024 15:10:00,XII
144,ESTUDIO SEGUIMIENTO DESEMPEÑO AMBIENTAL ACUICULTURA EN CHILE Y SU EFECTO EN LOS ECOSISTEMAS DE EMPLAZAMIENTO 2024-2025,Objetivo 1. Actividad 2. Muestreos y Analisis sedimentos,Johana Ojeda ,INSTITUTO DE FOMENTO PESQUERO,Campaña_Otoño-Inv_2024.Proy.SeguimientoAmbiental,Natales,10,520357.8,725602.0,2024-11-27,20:20:00,TEMPERATURA,8.5,27/11/2024 20:20:00,XII
145,ESTUDIO SEGUIMIENTO DESEMPEÑO AMBIENTAL ACUICULTURA EN CHILE Y SU EFECTO EN LOS ECOSISTEMAS DE EMPLAZAMIENTO 2024-2025,Objetivo 1. Actividad 2. Muestreos y Analisis sedimentos,Johana Ojeda ,INSTITUTO DE FOMENTO PESQUERO,Campaña_Otoño-Inv_2024.Proy.SeguimientoAmbiental,Natales,11,521159.7,725703.6,2024-11-28,13:30:00,TEMPERATURA,7.766666666666667,28/11/2024 13:30:00,XII
146,ESTUDIO SEGUIMIENTO DESEMPEÑO AMBIENTAL ACUICULTURA EN CHILE Y SU EFECTO EN LOS ECOSISTEMAS DE EMPLAZAMIENTO 2024-2025,Objetivo 1. Actividad 2. Muestreos y Analisis sedimentos,Johana Ojeda ,INSTITUTO DE FOMENTO PESQUERO,Campaña_Otoño-Inv_2024.Proy.SeguimientoAmbiental,Natales,13,521310.4,725226.1,2024-11-28,09:09:00,TEMPERATURA,7.966666666666666,28/11/2024 09:09:00,XII
147,ESTUDIO SEGUIMIENTO DESEMPEÑO AMBIENTAL ACUICULTURA EN CHILE Y SU EFECTO EN LOS ECOSISTEMAS DE EMPLAZAMIENTO 2024-2025,Objetivo 1. Actividad 2. Muestreos y Analisis sedimentos,Johana Ojeda ,INSTITUTO DE FOMENTO PESQUERO,Campaña_Otoño-Inv_2024.Proy.SeguimientoAmbiental,Natales,14,520439.3,723937.6,2024-11-27,10:50:00,TEMPERATURA,9.666666666666666,27/11/2024 10:50:00,XII
1,ESTUDIO SEGUIMIENTO DESEMPEÑO AMBIENTAL ACUICULTURA EN CHILE Y SU EFECTO EN LOS ECOSISTEMAS DE EMPLAZAMIENTO 2024-2025,Objetivo 1. Actividad 2. Muestreos y Analisis sedimentos,Johana Ojeda ,INSTITUTO DE FOMENTO PESQUERO,Campaña_Otoño-Inv_2024.Proy.SeguimientoAmbiental,Estuario,1,412614.9,721747.9,2024-05-20,09:35:00,REDOX EHNHE,192.33333333333334,20/05/2024 09:35:00,X
2,ESTUDIO SEGUIMIENTO DESEMPEÑO AMBIENTAL ACUICULTURA EN CHILE Y SU EFECTO EN LOS ECOSISTEMAS DE EMPLAZAMIENTO 2024-2025,Objetivo 1. Actividad 2. Muestreos y Analisis sedimentos,Johana Ojeda ,INSTITUTO DE FOMENTO PESQUERO,Campaña_Otoño-Inv_2024.Proy.SeguimientoAmbiental,Estuario,2,412807.3,721843.5,2024-05-20,09:16:00,REDOX EHNHE,428.7666666666667,20/05/2024 09:16:00,X
3,ESTUDIO SEGUIMIENTO DESEMPEÑO AMBIENTAL ACUICULTURA EN CHILE Y SU EFECTO EN LOS ECOSISTEMAS DE EMPLAZAMIENTO 2024-2025,Objetivo 1. Actividad 2. Muestreos y Analisis sedimentos,Johana Ojeda ,INSTITUTO DE FOMENTO PESQUERO,Campaña_Otoño-Inv_2024.Proy.SeguimientoAmbiental,Estuario,3,412945.4,721845.5,2024-05-19,16:20:00,REDOX EHNHE,353.93333333333334,19/05/2024 16:20:00,X
4,ESTUDIO SEGUIMIENTO DESEMPEÑO AMBIENTAL ACUICULTURA EN CHILE Y SU EFECTO EN LOS ECOSISTEMAS DE EMPLAZAMIENTO 2024-2025,Objetivo 1. Actividad 2. Muestreos y Analisis sedimentos,Johana Ojeda ,INSTITUTO DE FOMENTO PESQUERO,Campaña_Otoño-Inv_2024.Proy.SeguimientoAmbiental,Estuario,5,413039.3,721721.1,2024-05-19,15:50:00,REDOX EHNHE,74.63333333333333,19/05/2024 15:50:00,X
5,ESTUDIO SEGUIMIENTO DESEMPEÑO AMBIENTAL ACUICULTURA EN CHILE Y SU EFECTO EN LOS ECOSISTEMAS DE EMPLAZAMIENTO 2024-2025,Objetivo 1. Actividad 2. Muestreos y Analisis sedimentos,Johana Ojeda ,INSTITUTO DE FOMENTO PESQUERO,Campaña_Otoño-Inv_2024.Proy.SeguimientoAmbiental,Estuario,6,413132.6,722021.4,2024-05-19,15:00:00,REDOX EHNHE,311.8666666666666,19/05/2024 15:00:00,X
6,ESTUDIO SEGUIMIENTO DESEMPEÑO AMBIENTAL ACUICULTURA EN CHILE Y SU EFECTO EN LOS ECOSISTEMAS DE EMPLAZAMIENTO 2024-2025,Objetivo 1. Actividad 2. Muestreos y Analisis sedimentos,Johana Ojeda ,INSTITUTO DE FOMENTO PESQUERO,Campaña_Otoño-Inv_2024.Proy.SeguimientoAmbiental,Estuario,7,413157.8,721802.6,2024-05-19,15:30:00,REDOX EHNHE,124.16666666666667,19/05/2024 15:30:00,X
7,ESTUDIO SEGUIMIENTO DESEMPEÑO AMBIENTAL ACUICULTURA EN CHILE Y SU EFECTO EN LOS ECOSISTEMAS DE EMPLAZAMIENTO 2024-2025,Objetivo 1. Actividad 2. Muestreos y Analisis sedimentos,Johana Ojeda ,INSTITUTO DE FOMENTO PESQUERO,Campaña_Otoño-Inv_2024.Proy.SeguimientoAmbiental,Estuario,8,413533.0,722110.7,2024-05-19,14:15:00,REDOX EHNHE,339.46666666666664,19/05/2024 14:15:00,X
8,ESTUDIO SEGUIMIENTO DESEMPEÑO AMBIENTAL ACUICULTURA EN CHILE Y SU EFECTO EN LOS ECOSISTEMAS DE EMPLAZAMIENTO 2024-2025,Objetivo 1. Actividad 2. Muestreos y Analisis sedimentos,Johana Ojeda ,INSTITUTO DE FOMENTO PESQUERO,Campaña_Otoño-Inv_2024.Proy.SeguimientoAmbiental,Estuario,12,413938.3,722058.9,2024-05-19,11:00:00,REDOX EHNHE,224.66666666666666,19/05/2024 11:00:00,X
9,ESTUDIO SEGUIMIENTO DESEMPEÑO AMBIENTAL ACUICULTURA EN CHILE Y SU EFECTO EN LOS ECOSISTEMAS DE EMPLAZAMIENTO 2024-2025,Objetivo 1. Actividad 2. Muestreos y Analisis sedimentos,Johana Ojeda ,INSTITUTO DE FOMENTO PESQUERO,Campaña_Otoño-Inv_2024.Proy.SeguimientoAmbiental,Estuario,17,414052.7,722801.1,2024-05-19,09:45:00,REDOX EHNHE,296.3666666666666,19/05/2024 09:45:00,X
10,ESTUDIO SEGUIMIENTO DESEMPEÑO AMBIENTAL ACUICULTURA EN CHILE Y SU EFECTO EN LOS ECOSISTEMAS DE EMPLAZAMIENTO 2024-2025,Objetivo 1. Actividad 2. Muestreos y Analisis sedimentos,Johana Ojeda ,INSTITUTO DE FOMENTO PESQUERO,Campaña_Otoño-Inv_2024.Proy.SeguimientoAmbiental,Estuario,21,414330.8,723048.5,2024-05-19,09:00:00,REDOX EHNHE,371.1333333333334,19/05/2024 09:00:00,X
11,ESTUDIO SEGUIMIENTO DESEMPEÑO AMBIENTAL ACUICULTURA EN CHILE Y SU EFECTO EN LOS ECOSISTEMAS DE EMPLAZAMIENTO 2024-2025,Objetivo 1. Actividad 2. Muestreos y Analisis sedimentos,Johana Ojeda ,INSTITUTO DE FOMENTO PESQUERO,Campaña_Otoño-Inv_2024.Proy.SeguimientoAmbiental,Reloncavi,3,415420.9,725230.7,2024-05-21,15:20:00,REDOX EHNHE,484,21/05/2024 15:20:00,X
12,ESTUDIO SEGUIMIENTO DESEMPEÑO AMBIENTAL ACUICULTURA EN CHILE Y SU EFECTO EN LOS ECOSISTEMAS DE EMPLAZAMIENTO 2024-2025,Objetivo 1. Actividad 2. Muestreos y Analisis sedimentos,Johana Ojeda ,INSTITUTO DE FOMENTO PESQUERO,Campaña_Otoño-Inv_2024.Proy.SeguimientoAmbiental,Reloncavi,4,415223.0,725351.4,2024-05-21,16:20:00,REDOX EHNHE,353.0333333333333,21/05/2024 16:20:00,X
13,ESTUDIO SEGUIMIENTO DESEMPEÑO AMBIENTAL ACUICULTURA EN CHILE Y SU EFECTO EN LOS ECOSISTEMAS DE EMPLAZAMIENTO 2024-2025,Objetivo 1. Actividad 2. Muestreos y Analisis sedimentos,Johana Ojeda ,INSTITUTO DE FOMENTO PESQUERO,Campaña_Otoño-Inv_2024.Proy.SeguimientoAmbiental,Reloncavi,5,415307.1,725602.6,2024-05-22,09:00:00,REDOX EHNHE,413.90000000000003,22/05/2024 09:00:00,X
14,ESTUDIO SEGUIMIENTO DESEMPEÑO AMBIENTAL ACUICULTURA EN CHILE Y SU EFECTO EN LOS ECOSISTEMAS DE EMPLAZAMIENTO 2024-2025,Objetivo 1. Actividad 2. Muestreos y Analisis sedimentos,Johana Ojeda ,INSTITUTO DE FOMENTO PESQUERO,Campaña_Otoño-Inv_2024.Proy.SeguimientoAmbiental,Reloncavi,7,414413.7,730243.4,2024-05-23,08:50:00,REDOX EHNHE,296.76666666666665,23/05/2024 08:50:00,X
15,ESTUDIO SEGUIMIENTO DESEMPEÑO AMBIENTAL ACUICULTURA EN CHILE Y SU EFECTO EN LOS ECOSISTEMAS DE EMPLAZAMIENTO 2024-2025,Objetivo 1. Actividad 2. Muestreos y Analisis sedimentos,Johana Ojeda ,INSTITUTO DE FOMENTO PESQUERO,Campaña_Otoño-Inv_2024.Proy.SeguimientoAmbiental,Reloncavi,13,412948.4,725730.9,2024-05-18,08:55:00,REDOX EHNHE,412.8,18/05/2024 08:55:00,X
16,ESTUDIO SEGUIMIENTO DESEMPEÑO AMBIENTAL ACUICULTURA EN CHILE Y SU EFECTO EN LOS ECOSISTEMAS DE EMPLAZAMIENTO 2024-2025,Objetivo 1. Actividad 2. Muestreos y Analisis sedimentos,Johana Ojeda ,INSTITUTO DE FOMENTO PESQUERO,Campaña_Otoño-Inv_2024.Proy.SeguimientoAmbiental,Reloncavi,15,413105.3,724724.2,2024-05-18,10:05:00,REDOX EHNHE,401.8666666666666,18/05/2024 10:05:00,X
17,ESTUDIO SEGUIMIENTO DESEMPEÑO AMBIENTAL ACUICULTURA EN CHILE Y SU EFECTO EN LOS ECOSISTEMAS DE EMPLAZAMIENTO 2024-2025,Objetivo 1. Actividad 2. Muestreos y Analisis sedimentos,Johana Ojeda ,INSTITUTO DE FOMENTO PESQUERO,Campaña_Otoño-Inv_2024.Proy.SeguimientoAmbiental,Reloncavi,17,413450.6,724336.9,2024-05-18,11:00:00,REDOX EHNHE,392.4666666666667,18/05/2024 11:00:00,X
18,ESTUDIO SEGUIMIENTO DESEMPEÑO AMBIENTAL ACUICULTURA EN CHILE Y SU EFECTO EN LOS ECOSISTEMAS DE EMPLAZAMIENTO 2024-2025,Objetivo 1. Actividad 2. Muestreos y Analisis sedimentos,Johana Ojeda ,INSTITUTO DE FOMENTO PESQUERO,Campaña_Otoño-Inv_2024.Proy.SeguimientoAmbiental,Reloncavi,19,413707.8,724152.2,2024-05-18,12:00:00,REDOX EHNHE,417.1333333333334,18/05/2024 12:00:00,X
19,ESTUDIO SEGUIMIENTO DESEMPEÑO AMBIENTAL ACUICULTURA EN CHILE Y SU EFECTO EN LOS ECOSISTEMAS DE EMPLAZAMIENTO 2024-2025,Objetivo 1. Actividad 2. Muestreos y Analisis sedimentos,Johana Ojeda ,INSTITUTO DE FOMENTO PESQUERO,Campaña_Otoño-Inv_2024.Proy.SeguimientoAmbiental,Reloncavi,21,413751.5,724023.2,2024-05-18,13:55:00,REDOX EHNHE,353.06666666666666,18/05/2024 13:55:00,X
20,ESTUDIO SEGUIMIENTO DESEMPEÑO AMBIENTAL ACUICULTURA EN CHILE Y SU EFECTO EN LOS ECOSISTEMAS DE EMPLAZAMIENTO 2024-2025,Objetivo 1. Actividad 2. Muestreos y Analisis sedimentos,Johana Ojeda ,INSTITUTO DE FOMENTO PESQUERO,Campaña_Otoño-Inv_2024.Proy.SeguimientoAmbiental,Reloncavi,25,414943.9,724718.2,2024-05-21,14:25:00,REDOX EHNHE,295.6,21/05/2024 14:25:00,X
21,ESTUDIO SEGUIMIENTO DESEMPEÑO AMBIENTAL ACUICULTURA EN CHILE Y SU EFECTO EN LOS ECOSISTEMAS DE EMPLAZAMIENTO 2024-2025,Objetivo 1. Actividad 2. Muestreos y Analisis sedimentos,Johana Ojeda ,INSTITUTO DE FOMENTO PESQUERO,Campaña_Otoño-Inv_2024.Proy.SeguimientoAmbiental,Calbuco,1,414442.2,730610.3,2024-05-23,08:20:00,REDOX EHNHE,266.76666666666665,23/05/2024 08:20:00,X
22,ESTUDIO SEGUIMIENTO DESEMPEÑO AMBIENTAL ACUICULTURA EN CHILE Y SU EFECTO EN LOS ECOSISTEMAS DE EMPLAZAMIENTO 2024-2025,Objetivo 1. Actividad 2. Muestreos y Analisis sedimentos,Johana Ojeda ,INSTITUTO DE FOMENTO PESQUERO,Campaña_Otoño-Inv_2024.Proy.SeguimientoAmbiental,Calbuco,2,414630.1,730505.2,2024-05-22,16:10:00,REDOX EHNHE,326.3,22/05/2024 16:10:00,X
23,ESTUDIO SEGUIMIENTO DESEMPEÑO AMBIENTAL ACUICULTURA EN CHILE Y SU EFECTO EN LOS ECOSISTEMAS DE EMPLAZAMIENTO 2024-2025,Objetivo 1. Actividad 2. Muestreos y Analisis sedimentos,Johana Ojeda ,INSTITUTO DE FOMENTO PESQUERO,Campaña_Otoño-Inv_2024.Proy.SeguimientoAmbiental,Calbuco,8,414314.7,730933.2,2024-05-23,10:20:00,REDOX EHNHE,353.3666666666666,23/05/2024 10:20:00,X
24,ESTUDIO SEGUIMIENTO DESEMPEÑO AMBIENTAL ACUICULTURA EN CHILE Y SU EFECTO EN LOS ECOSISTEMAS DE EMPLAZAMIENTO 2024-2025,Objetivo 1. Actividad 2. Muestreos y Analisis sedimentos,Johana Ojeda ,INSTITUTO DE FOMENTO PESQUERO,Campaña_Otoño-Inv_2024.Proy.SeguimientoAmbiental,Calbuco,16,414822.6,731018.3,2024-05-23,11:30:00,REDOX EHNHE,162.03333333333333,23/05/2024 11:30:00,X
25,ESTUDIO SEGUIMIENTO DESEMPEÑO AMBIENTAL ACUICULTURA EN CHILE Y SU EFECTO EN LOS ECOSISTEMAS DE EMPLAZAMIENTO 2024-2025,Objetivo 1. Actividad 2. Muestreos y Analisis sedimentos,Johana Ojeda ,INSTITUTO DE FOMENTO PESQUERO,Campaña_Otoño-Inv_2024.Proy.SeguimientoAmbiental,Calbuco,22,414705.8,730505.2,2024-05-22,15:30:00,REDOX EHNHE,292.26666666666665,22/05/2024 15:30:00,X
26,ESTUDIO SEGUIMIENTO DESEMPEÑO AMBIENTAL ACUICULTURA EN CHILE Y SU EFECTO EN LOS ECOSISTEMAS DE EMPLAZAMIENTO 2024-2025,Objetivo 1. Actividad 2. Muestreos y Analisis sedimentos,Johana Ojeda ,INSTITUTO DE FOMENTO PESQUERO,Campaña_Otoño-Inv_2024.Proy.SeguimientoAmbiental,Calbuco,26,415016.4,730447.2,2024-05-22,12:00:00,REDOX EHNHE,338.8666666666667,22/05/2024 12:00:00,X
27,ESTUDIO SEGUIMIENTO DESEMPEÑO AMBIENTAL ACUICULTURA EN CHILE Y SU EFECTO EN LOS ECOSISTEMAS DE EMPLAZAMIENTO 2024-2025,Objetivo 1. Actividad 2. Muestreos y Analisis sedimentos,Johana Ojeda ,INSTITUTO DE FOMENTO PESQUERO,Campaña_Otoño-Inv_2024.Proy.SeguimientoAmbiental,Calbuco,27,414959.8,730629.1,2024-05-22,14:30:00,REDOX EHNHE,56.76666666666666,22/05/2024 14:30:00,X
28,ESTUDIO SEGUIMIENTO DESEMPEÑO AMBIENTAL ACUICULTURA EN CHILE Y SU EFECTO EN LOS ECOSISTEMAS DE EMPLAZAMIENTO 2024-2025,Objetivo 1. Actividad 2. Muestreos y Analisis sedimentos,Johana Ojeda ,INSTITUTO DE FOMENTO PESQUERO,Campaña_Otoño-Inv_2024.Proy.SeguimientoAmbiental,Calbuco,30,415019.0,730822.5,2024-05-22,14:50:00,REDOX EHNHE,230.53333333333333,22/05/2024 14:50:00,X
29,ESTUDIO SEGUIMIENTO DESEMPEÑO AMBIENTAL ACUICULTURA EN CHILE Y SU EFECTO EN LOS ECOSISTEMAS DE EMPLAZAMIENTO 2024-2025,Objetivo 1. Actividad 2. Muestreos y Analisis sedimentos,Johana Ojeda ,INSTITUTO DE FOMENTO PESQUERO,Campaña_Otoño-Inv_2024.Proy.SeguimientoAmbiental,Chacao,2,415659.3,733134.3,2024-05-24,12:00:00,REDOX EHNHE,315.3,24/05/2024 12:00:00,X
30,ESTUDIO SEGUIMIENTO DESEMPEÑO AMBIENTAL ACUICULTURA EN CHILE Y SU EFECTO EN LOS ECOSISTEMAS DE EMPLAZAMIENTO 2024-2025,Objetivo 1. Actividad 2. Muestreos y Analisis sedimentos,Johana Ojeda ,INSTITUTO DE FOMENTO PESQUERO,Campaña_Otoño-Inv_2024.Proy.SeguimientoAmbiental,Chacao,6,415415.1,732906.8,2024-05-24,11:30:00,REDOX EHNHE,309.43333333333334,24/05/2024 11:30:00,X
31,ESTUDIO SEGUIMIENTO DESEMPEÑO AMBIENTAL ACUICULTURA EN CHILE Y SU EFECTO EN LOS ECOSISTEMAS DE EMPLAZAMIENTO 2024-2025,Objetivo 1. Actividad 2. Muestreos y Analisis sedimentos,Johana Ojeda ,INSTITUTO DE FOMENTO PESQUERO,Campaña_Otoño-Inv_2024.Proy.SeguimientoAmbiental,Chacao,12,415217.3,733107.9,2024-05-24,11:40:00,REDOX EHNHE,302.8,24/05/2024 11:40:00,X
32,ESTUDIO SEGUIMIENTO DESEMPEÑO AMBIENTAL ACUICULTURA EN CHILE Y SU EFECTO EN LOS ECOSISTEMAS DE EMPLAZAMIENTO 2024-2025,Objetivo 1. Actividad 2. Muestreos y Analisis sedimentos,Johana Ojeda ,INSTITUTO DE FOMENTO PESQUERO,Campaña_Otoño-Inv_2024.Proy.SeguimientoAmbiental,Chacao,14,415115.7,732851.2,2024-05-24,11:10:00,REDOX EHNHE,339.7333333333333,24/05/2024 11:10:00,X
33,ESTUDIO SEGUIMIENTO DESEMPEÑO AMBIENTAL ACUICULTURA EN CHILE Y SU EFECTO EN LOS ECOSISTEMAS DE EMPLAZAMIENTO 2024-2025,Objetivo 1. Actividad 2. Muestreos y Analisis sedimentos,Johana Ojeda ,INSTITUTO DE FOMENTO PESQUERO,Campaña_Otoño-Inv_2024.Proy.SeguimientoAmbiental,Butachauques,1,421917.6,731519.1,2024-05-25,10:45:00,REDOX EHNHE,291.59999999999997,25/05/2024 10:45:00,X
34,ESTUDIO SEGUIMIENTO DESEMPEÑO AMBIENTAL ACUICULTURA EN CHILE Y SU EFECTO EN LOS ECOSISTEMAS DE EMPLAZAMIENTO 2024-2025,Objetivo 1. Actividad 2. Muestreos y Analisis sedimentos,Johana Ojeda ,INSTITUTO DE FOMENTO PESQUERO,Campaña_Otoño-Inv_2024.Proy.SeguimientoAmbiental,Butachauques,3,421702.6,731506.7,2024-05-25,11:20:00,REDOX EHNHE,331.96666666666664,25/05/2024 11:20:00,X
35,ESTUDIO SEGUIMIENTO DESEMPEÑO AMBIENTAL ACUICULTURA EN CHILE Y SU EFECTO EN LOS ECOSISTEMAS DE EMPLAZAMIENTO 2024-2025,Objetivo 1. Actividad 2. Muestreos y Analisis sedimentos,Johana Ojeda ,INSTITUTO DE FOMENTO PESQUERO,Campaña_Otoño-Inv_2024.Proy.SeguimientoAmbiental,Butachauques,7,421556.3,730936.2,2024-05-25,12:40:00,REDOX EHNHE,371.2,25/05/2024 12:40:00,X
36,ESTUDIO SEGUIMIENTO DESEMPEÑO AMBIENTAL ACUICULTURA EN CHILE Y SU EFECTO EN LOS ECOSISTEMAS DE EMPLAZAMIENTO 2024-2025,Objetivo 1. Actividad 2. Muestreos y Analisis sedimentos,Johana Ojeda ,INSTITUTO DE FOMENTO PESQUERO,Campaña_Otoño-Inv_2024.Proy.SeguimientoAmbiental,Butachauques,10,421645.3,732049.7,2024-05-25,10:00:00,REDOX EHNHE,346.93333333333334,25/05/2024 10:00:00,X
37,ESTUDIO SEGUIMIENTO DESEMPEÑO AMBIENTAL ACUICULTURA EN CHILE Y SU EFECTO EN LOS ECOSISTEMAS DE EMPLAZAMIENTO 2024-2025,Objetivo 1. Actividad 2. Muestreos y Analisis sedimentos,Johana Ojeda ,INSTITUTO DE FOMENTO PESQUERO,Campaña_Otoño-Inv_2024.Proy.SeguimientoAmbiental,Butachauques,12,421224.4,732358.0,2024-05-25,08:45:00,REDOX EHNHE,275.46666666666664,25/05/2024 08:45:00,X
38,ESTUDIO SEGUIMIENTO DESEMPEÑO AMBIENTAL ACUICULTURA EN CHILE Y SU EFECTO EN LOS ECOSISTEMAS DE EMPLAZAMIENTO 2024-2025,Objetivo 1. Actividad 2. Muestreos y Analisis sedimentos,Johana Ojeda ,INSTITUTO DE FOMENTO PESQUERO,Campaña_Otoño-Inv_2024.Proy.SeguimientoAmbiental,Butachauques,13,421021.7,732609.5,2024-05-25,08:20:00,REDOX EHNHE,354.20000000000005,25/05/2024 08:20:00,X
39,ESTUDIO SEGUIMIENTO DESEMPEÑO AMBIENTAL ACUICULTURA EN CHILE Y SU EFECTO EN LOS ECOSISTEMAS DE EMPLAZAMIENTO 2024-2025,Objetivo 1. Actividad 2. Muestreos y Analisis sedimentos,Johana Ojeda ,INSTITUTO DE FOMENTO PESQUERO,Campaña_Otoño-Inv_2024.Proy.SeguimientoAmbiental,Butachauques,14,420929.5,732804.6,2024-05-24,14:10:00,REDOX EHNHE,352,24/05/2024 14:10:00,X
40,ESTUDIO SEGUIMIENTO DESEMPEÑO AMBIENTAL ACUICULTURA EN CHILE Y SU EFECTO EN LOS ECOSISTEMAS DE EMPLAZAMIENTO 2024-2025,Objetivo 1. Actividad 2. Muestreos y Analisis sedimentos,Johana Ojeda ,INSTITUTO DE FOMENTO PESQUERO,Campaña_Otoño-Inv_2024.Proy.SeguimientoAmbiental,Chaulinec,3,423622.9,731526.5,2024-05-26,10:35:00,REDOX EHNHE,375.5666666666666,26/05/2024 10:35:00,X
41,ESTUDIO SEGUIMIENTO DESEMPEÑO AMBIENTAL ACUICULTURA EN CHILE Y SU EFECTO EN LOS ECOSISTEMAS DE EMPLAZAMIENTO 2024-2025,Objetivo 1. Actividad 2. Muestreos y Analisis sedimentos,Johana Ojeda ,INSTITUTO DE FOMENTO PESQUERO,Campaña_Otoño-Inv_2024.Proy.SeguimientoAmbiental,Chaulinec,4,423422.1,731353.2,2024-05-26,11:15:00,REDOX EHNHE,263.6333333333334,26/05/2024 11:15:00,X
42,ESTUDIO SEGUIMIENTO DESEMPEÑO AMBIENTAL ACUICULTURA EN CHILE Y SU EFECTO EN LOS ECOSISTEMAS DE EMPLAZAMIENTO 2024-2025,Objetivo 1. Actividad 2. Muestreos y Analisis sedimentos,Johana Ojeda ,INSTITUTO DE FOMENTO PESQUERO,Campaña_Otoño-Inv_2024.Proy.SeguimientoAmbiental,Chaulinec,7,422803.3,732256.7,2024-05-26,09:50:00,REDOX EHNHE,412.06666666666666,26/05/2024 09:50:00,X
43,ESTUDIO SEGUIMIENTO DESEMPEÑO AMBIENTAL ACUICULTURA EN CHILE Y SU EFECTO EN LOS ECOSISTEMAS DE EMPLAZAMIENTO 2024-2025,Objetivo 1. Actividad 2. Muestreos y Analisis sedimentos,Johana Ojeda ,INSTITUTO DE FOMENTO PESQUERO,Campaña_Otoño-Inv_2024.Proy.SeguimientoAmbiental,Chaulinec,10,422429.1,731921.4,2024-05-25,15:15:00,REDOX EHNHE,202.33333333333334,25/05/2024 15:15:00,X
44,ESTUDIO SEGUIMIENTO DESEMPEÑO AMBIENTAL ACUICULTURA EN CHILE Y SU EFECTO EN LOS ECOSISTEMAS DE EMPLAZAMIENTO 2024-2025,Objetivo 1. Actividad 2. Muestreos y Analisis sedimentos,Johana Ojeda ,INSTITUTO DE FOMENTO PESQUERO,Campaña_Otoño-Inv_2024.Proy.SeguimientoAmbiental,Chaulinec,13,422634.7,733044.2,2024-05-26,14:50:00,REDOX EHNHE,224.6,26/05/2024 14:50:00,X
45,ESTUDIO SEGUIMIENTO DESEMPEÑO AMBIENTAL ACUICULTURA EN CHILE Y SU EFECTO EN LOS ECOSISTEMAS DE EMPLAZAMIENTO 2024-2025,Objetivo 1. Actividad 2. Muestreos y Analisis sedimentos,Johana Ojeda ,INSTITUTO DE FOMENTO PESQUERO,Campaña_Otoño-Inv_2024.Proy.SeguimientoAmbiental,Tenaun,2,422246.5,733559.1,2024-05-26,16:55:00,REDOX EHNHE,358.3333333333333,26/05/2024 16:55:00,X
46,ESTUDIO SEGUIMIENTO DESEMPEÑO AMBIENTAL ACUICULTURA EN CHILE Y SU EFECTO EN LOS ECOSISTEMAS DE EMPLAZAMIENTO 2024-2025,Objetivo 1. Actividad 2. Muestreos y Analisis sedimentos,Johana Ojeda ,INSTITUTO DE FOMENTO PESQUERO,Campaña_Otoño-Inv_2024.Proy.SeguimientoAmbiental,Tenaun,3,422307.4,733744.8,2024-05-27,08:15:00,REDOX EHNHE,346.59999999999997,27/05/2024 08:15:00,X
47,ESTUDIO SEGUIMIENTO DESEMPEÑO AMBIENTAL ACUICULTURA EN CHILE Y SU EFECTO EN LOS ECOSISTEMAS DE EMPLAZAMIENTO 2024-2025,Objetivo 1. Actividad 2. Muestreos y Analisis sedimentos,Johana Ojeda ,INSTITUTO DE FOMENTO PESQUERO,Campaña_Otoño-Inv_2024.Proy.SeguimientoAmbiental,Tenaun,6,422215.1,733731.1,2024-05-27,08:45:00,REDOX EHNHE,319.53333333333336,27/05/2024 08:45:00,X
48,ESTUDIO SEGUIMIENTO DESEMPEÑO AMBIENTAL ACUICULTURA EN CHILE Y SU EFECTO EN LOS ECOSISTEMAS DE EMPLAZAMIENTO 2024-2025,Objetivo 1. Actividad 2. Muestreos y Analisis sedimentos,Johana Ojeda ,INSTITUTO DE FOMENTO PESQUERO,Campaña_Otoño-Inv_2024.Proy.SeguimientoAmbiental,Tenaun,9,422139.1,733441.7,2024-05-26,15:20:00,REDOX EHNHE,303.46666666666664,26/05/2024 15:20:00,X
49,ESTUDIO SEGUIMIENTO DESEMPEÑO AMBIENTAL ACUICULTURA EN CHILE Y SU EFECTO EN LOS ECOSISTEMAS DE EMPLAZAMIENTO 2024-2025,Objetivo 1. Actividad 2. Muestreos y Analisis sedimentos,Johana Ojeda ,INSTITUTO DE FOMENTO PESQUERO,Campaña_Otoño-Inv_2024.Proy.SeguimientoAmbiental,Tenaun,14,422026.0,733200.9,2024-05-26,14:50:00,REDOX EHNHE,179.0666666666667,26/05/2024 14:50:00,X
50,ESTUDIO SEGUIMIENTO DESEMPEÑO AMBIENTAL ACUICULTURA EN CHILE Y SU EFECTO EN LOS ECOSISTEMAS DE EMPLAZAMIENTO 2024-2025,Objetivo 1. Actividad 2. Muestreos y Analisis sedimentos,Johana Ojeda ,INSTITUTO DE FOMENTO PESQUERO,Campaña_Otoño-Inv_2024.Proy.SeguimientoAmbiental,Chiloe central,1,423046.9,734515.6,2024-05-27,14:45:00,REDOX EHNHE,311.5,27/05/2024 14:45:00,X
51,ESTUDIO SEGUIMIENTO DESEMPEÑO AMBIENTAL ACUICULTURA EN CHILE Y SU EFECTO EN LOS ECOSISTEMAS DE EMPLAZAMIENTO 2024-2025,Objetivo 1. Actividad 2. Muestreos y Analisis sedimentos,Johana Ojeda ,INSTITUTO DE FOMENTO PESQUERO,Campaña_Otoño-Inv_2024.Proy.SeguimientoAmbiental,Chiloe central,4,423259.2,734015.8,2024-05-27,13:35:00,REDOX EHNHE,283.7,27/05/2024 13:35:00,X
52,ESTUDIO SEGUIMIENTO DESEMPEÑO AMBIENTAL ACUICULTURA EN CHILE Y SU EFECTO EN LOS ECOSISTEMAS DE EMPLAZAMIENTO 2024-2025,Objetivo 1. Actividad 2. Muestreos y Analisis sedimentos,Johana Ojeda ,INSTITUTO DE FOMENTO PESQUERO,Campaña_Otoño-Inv_2024.Proy.SeguimientoAmbiental,Chiloe central,6,423209.3,733613.2,2024-05-27,13:00:00,REDOX EHNHE,348.0333333333333,27/05/2024 13:00:00,X
53,ESTUDIO SEGUIMIENTO DESEMPEÑO AMBIENTAL ACUICULTURA EN CHILE Y SU EFECTO EN LOS ECOSISTEMAS DE EMPLAZAMIENTO 2024-2025,Objetivo 1. Actividad 2. Muestreos y Analisis sedimentos,Johana Ojeda ,INSTITUTO DE FOMENTO PESQUERO,Campaña_Otoño-Inv_2024.Proy.SeguimientoAmbiental,Chiloe central,7,423029.3,733611.3,2024-05-27,10:25:00,REDOX EHNHE,216.63333333333333,27/05/2024 10:25:00,X
54,ESTUDIO SEGUIMIENTO DESEMPEÑO AMBIENTAL ACUICULTURA EN CHILE Y SU EFECTO EN LOS ECOSISTEMAS DE EMPLAZAMIENTO 2024-2025,Objetivo 1. Actividad 2. Muestreos y Analisis sedimentos,Johana Ojeda ,INSTITUTO DE FOMENTO PESQUERO,Campaña_Otoño-Inv_2024.Proy.SeguimientoAmbiental,Chiloe central,11,422833.3,733241.1,2024-05-27,11:00:00,REDOX EHNHE,220.83333333333334,27/05/2024 11:00:00,X
55,ESTUDIO SEGUIMIENTO DESEMPEÑO AMBIENTAL ACUICULTURA EN CHILE Y SU EFECTO EN LOS ECOSISTEMAS DE EMPLAZAMIENTO 2024-2025,Objetivo 1. Actividad 2. Muestreos y Analisis sedimentos,Johana Ojeda ,INSTITUTO DE FOMENTO PESQUERO,Campaña_Otoño-Inv_2024.Proy.SeguimientoAmbiental,Chiloe central,12,423059.3,732821.5,2024-05-27,11:35:00,REDOX EHNHE,279.3,27/05/2024 11:35:00,X
56,ESTUDIO SEGUIMIENTO DESEMPEÑO AMBIENTAL ACUICULTURA EN CHILE Y SU EFECTO EN LOS ECOSISTEMAS DE EMPLAZAMIENTO 2024-2025,Objetivo 1. Actividad 2. Muestreos y Analisis sedimentos,Johana Ojeda ,INSTITUTO DE FOMENTO PESQUERO,Campaña_Otoño-Inv_2024.Proy.SeguimientoAmbiental,Chiloe central,16,424213.5,733738.2,2024-05-29,10:45:00,REDOX EHNHE,302.96666666666664,29/05/2024 10:45:00,X
57,ESTUDIO SEGUIMIENTO DESEMPEÑO AMBIENTAL ACUICULTURA EN CHILE Y SU EFECTO EN LOS ECOSISTEMAS DE EMPLAZAMIENTO 2024-2025,Objetivo 1. Actividad 2. Muestreos y Analisis sedimentos,Johana Ojeda ,INSTITUTO DE FOMENTO PESQUERO,Campaña_Otoño-Inv_2024.Proy.SeguimientoAmbiental,Chiloe central,26,423654.6,732710.2,2024-05-26,12:00:00,REDOX EHNHE,337.8666666666666,26/05/2024 12:00:00,X
58,ESTUDIO SEGUIMIENTO DESEMPEÑO AMBIENTAL ACUICULTURA EN CHILE Y SU EFECTO EN LOS ECOSISTEMAS DE EMPLAZAMIENTO 2024-2025,Objetivo 1. Actividad 2. Muestreos y Analisis sedimentos,Johana Ojeda ,INSTITUTO DE FOMENTO PESQUERO,Campaña_Otoño-Inv_2024.Proy.SeguimientoAmbiental,Desertores,1,424703.0,725635.9,2024-06-19,15:30:00,REDOX EHNHE,264.23333333333335,19/06/2024 15:30:00,X
59,ESTUDIO SEGUIMIENTO DESEMPEÑO AMBIENTAL ACUICULTURA EN CHILE Y SU EFECTO EN LOS ECOSISTEMAS DE EMPLAZAMIENTO 2024-2025,Objetivo 1. Actividad 2. Muestreos y Analisis sedimentos,Johana Ojeda ,INSTITUTO DE FOMENTO PESQUERO,Campaña_Otoño-Inv_2024.Proy.SeguimientoAmbiental,Desertores,2,424756.1,725723.7,2024-06-22,09:15:00,REDOX EHNHE,155.79999999999998,22/06/2024 09:15:00,X
60,ESTUDIO SEGUIMIENTO DESEMPEÑO AMBIENTAL ACUICULTURA EN CHILE Y SU EFECTO EN LOS ECOSISTEMAS DE EMPLAZAMIENTO 2024-2025,Objetivo 1. Actividad 2. Muestreos y Analisis sedimentos,Johana Ojeda ,INSTITUTO DE FOMENTO PESQUERO,Campaña_Otoño-Inv_2024.Proy.SeguimientoAmbiental,Desertores,3,424536.0,725951.7,2024-06-22,09:50:00,REDOX EHNHE,237,22/06/2024 09:50:00,X
61,ESTUDIO SEGUIMIENTO DESEMPEÑO AMBIENTAL ACUICULTURA EN CHILE Y SU EFECTO EN LOS ECOSISTEMAS DE EMPLAZAMIENTO 2024-2025,Objetivo 1. Actividad 2. Muestreos y Analisis sedimentos,Johana Ojeda ,INSTITUTO DE FOMENTO PESQUERO,Campaña_Otoño-Inv_2024.Proy.SeguimientoAmbiental,Desertores,6,424206.5,730534.1,2024-06-22,10:45:00,REDOX EHNHE,224.03333333333333,22/06/2024 10:45:00,X
62,ESTUDIO SEGUIMIENTO DESEMPEÑO AMBIENTAL ACUICULTURA EN CHILE Y SU EFECTO EN LOS ECOSISTEMAS DE EMPLAZAMIENTO 2024-2025,Objetivo 1. Actividad 2. Muestreos y Analisis sedimentos,Johana Ojeda ,INSTITUTO DE FOMENTO PESQUERO,Campaña_Otoño-Inv_2024.Proy.SeguimientoAmbiental,Quellon,6,431143.2,733811.2,2024-06-01,11:05:00,REDOX EHNHE,376.70000000000005,01/06/2024 11:05:00,X
63,ESTUDIO SEGUIMIENTO DESEMPEÑO AMBIENTAL ACUICULTURA EN CHILE Y SU EFECTO EN LOS ECOSISTEMAS DE EMPLAZAMIENTO 2024-2025,Objetivo 1. Actividad 2. Muestreos y Analisis sedimentos,Johana Ojeda ,INSTITUTO DE FOMENTO PESQUERO,Campaña_Otoño-Inv_2024.Proy.SeguimientoAmbiental,Quellon,8,430739.5,734328.6,2024-06-01,12:05:00,REDOX EHNHE,-26.833333333333332,01/06/2024 12:05:00,X
64,ESTUDIO SEGUIMIENTO DESEMPEÑO AMBIENTAL ACUICULTURA EN CHILE Y SU EFECTO EN LOS ECOSISTEMAS DE EMPLAZAMIENTO 2024-2025,Objetivo 1. Actividad 2. Muestreos y Analisis sedimentos,Johana Ojeda ,INSTITUTO DE FOMENTO PESQUERO,Campaña_Otoño-Inv_2024.Proy.SeguimientoAmbiental,Quellon,11,430832.2,734013.7,2024-06-01,12:35:00,REDOX EHNHE,191.66666666666666,01/06/2024 12:35:00,X
65,ESTUDIO SEGUIMIENTO DESEMPEÑO AMBIENTAL ACUICULTURA EN CHILE Y SU EFECTO EN LOS ECOSISTEMAS DE EMPLAZAMIENTO 2024-2025,Objetivo 1. Actividad 2. Muestreos y Analisis sedimentos,Johana Ojeda ,INSTITUTO DE FOMENTO PESQUERO,Campaña_Otoño-Inv_2024.Proy.SeguimientoAmbiental,Quellon,12,431133.5,733423.8,2024-06-01,10:15:00,REDOX EHNHE,188.13333333333333,01/06/2024 10:15:00,X
66,ESTUDIO SEGUIMIENTO DESEMPEÑO AMBIENTAL ACUICULTURA EN CHILE Y SU EFECTO EN LOS ECOSISTEMAS DE EMPLAZAMIENTO 2024-2025,Objetivo 1. Actividad 2. Muestreos y Analisis sedimentos,Johana Ojeda ,INSTITUTO DE FOMENTO PESQUERO,Campaña_Otoño-Inv_2024.Proy.SeguimientoAmbiental,Quellon,13,430826.2,733310.7,2024-06-01,09:30:00,REDOX EHNHE,327.26666666666665,01/06/2024 09:30:00,X
67,ESTUDIO SEGUIMIENTO DESEMPEÑO AMBIENTAL ACUICULTURA EN CHILE Y SU EFECTO EN LOS ECOSISTEMAS DE EMPLAZAMIENTO 2024-2025,Objetivo 1. Actividad 2. Muestreos y Analisis sedimentos,Johana Ojeda ,INSTITUTO DE FOMENTO PESQUERO,Campaña_Otoño-Inv_2024.Proy.SeguimientoAmbiental,Quellon,19,430307.5,732746.7,2024-05-31,15:10:00,REDOX EHNHE,306.40000000000003,31/05/2024 15:10:00,X
68,ESTUDIO SEGUIMIENTO DESEMPEÑO AMBIENTAL ACUICULTURA EN CHILE Y SU EFECTO EN LOS ECOSISTEMAS DE EMPLAZAMIENTO 2024-2025,Objetivo 1. Actividad 2. Muestreos y Analisis sedimentos,Johana Ojeda ,INSTITUTO DE FOMENTO PESQUERO,Campaña_Otoño-Inv_2024.Proy.SeguimientoAmbiental,Quellon,21,430206.1,733133.1,2024-05-31,14:35:00,REDOX EHNHE,299.6333333333334,31/05/2024 14:35:00,X
69,ESTUDIO SEGUIMIENTO DESEMPEÑO AMBIENTAL ACUICULTURA EN CHILE Y SU EFECTO EN LOS ECOSISTEMAS DE EMPLAZAMIENTO 2024-2025,Objetivo 1. Actividad 2. Muestreos y Analisis sedimentos,Johana Ojeda ,INSTITUTO DE FOMENTO PESQUERO,Campaña_Otoño-Inv_2024.Proy.SeguimientoAmbiental,Quellon,22,425921.8,732805.5,2024-05-31,14:00:00,REDOX EHNHE,267.3666666666667,31/05/2024 14:00:00,X
70,ESTUDIO SEGUIMIENTO DESEMPEÑO AMBIENTAL ACUICULTURA EN CHILE Y SU EFECTO EN LOS ECOSISTEMAS DE EMPLAZAMIENTO 2024-2025,Objetivo 1. Actividad 2. Muestreos y Analisis sedimentos,Johana Ojeda ,INSTITUTO DE FOMENTO PESQUERO,Campaña_Otoño-Inv_2024.Proy.SeguimientoAmbiental,Quellon,26,425621.2,733649.9,2024-05-31,12:50:00,REDOX EHNHE,394.09999999999997,31/05/2024 12:50:00,X
71,ESTUDIO SEGUIMIENTO DESEMPEÑO AMBIENTAL ACUICULTURA EN CHILE Y SU EFECTO EN LOS ECOSISTEMAS DE EMPLAZAMIENTO 2024-2025,Objetivo 1. Actividad 2. Muestreos y Analisis sedimentos,Johana Ojeda ,INSTITUTO DE FOMENTO PESQUERO,Campaña_Otoño-Inv_2024.Proy.SeguimientoAmbiental,Quellon,28,425525.9,733504.7,2024-05-31,12:30:00,REDOX EHNHE,264.93333333333334,31/05/2024 12:30:00,X
72,ESTUDIO SEGUIMIENTO DESEMPEÑO AMBIENTAL ACUICULTURA EN CHILE Y SU EFECTO EN LOS ECOSISTEMAS DE EMPLAZAMIENTO 2024-2025,Objetivo 1. Actividad 2. Muestreos y Analisis sedimentos,Johana Ojeda ,INSTITUTO DE FOMENTO PESQUERO,Campaña_Otoño-Inv_2024.Proy.SeguimientoAmbiental,Quellon,32,425122.8,734130.9,2024-05-31,11:45:00,REDOX EHNHE,136.1,31/05/2024 11:45:00,X
73,ESTUDIO SEGUIMIENTO DESEMPEÑO AMBIENTAL ACUICULTURA EN CHILE Y SU EFECTO EN LOS ECOSISTEMAS DE EMPLAZAMIENTO 2024-2025,Objetivo 1. Actividad 2. Muestreos y Analisis sedimentos,Johana Ojeda ,INSTITUTO DE FOMENTO PESQUERO,Campaña_Otoño-Inv_2024.Proy.SeguimientoAmbiental,Quellon,39,425415.3,732927.9,2024-05-29,13:15:00,REDOX EHNHE,353.06666666666666,29/05/2024 13:15:00,X
74,ESTUDIO SEGUIMIENTO DESEMPEÑO AMBIENTAL ACUICULTURA EN CHILE Y SU EFECTO EN LOS ECOSISTEMAS DE EMPLAZAMIENTO 2024-2025,Objetivo 1. Actividad 2. Muestreos y Analisis sedimentos,Johana Ojeda ,INSTITUTO DE FOMENTO PESQUERO,Campaña_Otoño-Inv_2024.Proy.SeguimientoAmbiental,Hornopiren,3,420427.1,722759.7,2024-06-14,15:25:00,REDOX EHNHE,259.4666666666667,14/06/2024 15:25:00,X
75,ESTUDIO SEGUIMIENTO DESEMPEÑO AMBIENTAL ACUICULTURA EN CHILE Y SU EFECTO EN LOS ECOSISTEMAS DE EMPLAZAMIENTO 2024-2025,Objetivo 1. Actividad 2. Muestreos y Analisis sedimentos,Johana Ojeda ,INSTITUTO DE FOMENTO PESQUERO,Campaña_Otoño-Inv_2024.Proy.SeguimientoAmbiental,Hornopiren,6,420209.6,723558.5,2024-06-14,14:20:00,REDOX EHNHE,358.3666666666666,14/06/2024 14:20:00,X
76,ESTUDIO SEGUIMIENTO DESEMPEÑO AMBIENTAL ACUICULTURA EN CHILE Y SU EFECTO EN LOS ECOSISTEMAS DE EMPLAZAMIENTO 2024-2025,Objetivo 1. Actividad 2. Muestreos y Analisis sedimentos,Johana Ojeda ,INSTITUTO DE FOMENTO PESQUERO,Campaña_Otoño-Inv_2024.Proy.SeguimientoAmbiental,Hornopiren,7,420301.3,723537.3,2024-06-14,13:45:00,REDOX EHNHE,217.4,14/06/2024 13:45:00,X
78,ESTUDIO SEGUIMIENTO DESEMPEÑO AMBIENTAL ACUICULTURA EN CHILE Y SU EFECTO EN LOS ECOSISTEMAS DE EMPLAZAMIENTO 2024-2025,Objetivo 1. Actividad 2. Muestreos y Analisis sedimentos,Johana Ojeda ,INSTITUTO DE FOMENTO PESQUERO,Campaña_Otoño-Inv_2024.Proy.SeguimientoAmbiental,Hornopiren,14,421524.5,722346.8,2024-06-14,17:20:00,REDOX EHNHE,191.19999999999996,14/06/2024 17:20:00,X
79,ESTUDIO SEGUIMIENTO DESEMPEÑO AMBIENTAL ACUICULTURA EN CHILE Y SU EFECTO EN LOS ECOSISTEMAS DE EMPLAZAMIENTO 2024-2025,Objetivo 1. Actividad 2. Muestreos y Analisis sedimentos,Johana Ojeda ,INSTITUTO DE FOMENTO PESQUERO,Campaña_Otoño-Inv_2024.Proy.SeguimientoAmbiental,Ayacara,1,421853.1,724721.9,2024-06-15,13:15:00,REDOX EHNHE,281.3333333333333,15/06/2024 13:15:00,X
80,ESTUDIO SEGUIMIENTO DESEMPEÑO AMBIENTAL ACUICULTURA EN CHILE Y SU EFECTO EN LOS ECOSISTEMAS DE EMPLAZAMIENTO 2024-2025,Objetivo 1. Actividad 2. Muestreos y Analisis sedimentos,Johana Ojeda ,INSTITUTO DE FOMENTO PESQUERO,Campaña_Otoño-Inv_2024.Proy.SeguimientoAmbiental,Ayacara,2,422434.1,724307.0,2024-06-15,14:50:00,REDOX EHNHE,308.90000000000003,15/06/2024 14:50:00,X
81,ESTUDIO SEGUIMIENTO DESEMPEÑO AMBIENTAL ACUICULTURA EN CHILE Y SU EFECTO EN LOS ECOSISTEMAS DE EMPLAZAMIENTO 2024-2025,Objetivo 1. Actividad 2. Muestreos y Analisis sedimentos,Johana Ojeda ,INSTITUTO DE FOMENTO PESQUERO,Campaña_Otoño-Inv_2024.Proy.SeguimientoAmbiental,Ayacara,3,423409.7,723139.7,2024-06-15,17:15:00,REDOX EHNHE,379.26666666666665,15/06/2024 17:15:00,X
82,ESTUDIO SEGUIMIENTO DESEMPEÑO AMBIENTAL ACUICULTURA EN CHILE Y SU EFECTO EN LOS ECOSISTEMAS DE EMPLAZAMIENTO 2024-2025,Objetivo 1. Actividad 2. Muestreos y Analisis sedimentos,Johana Ojeda ,INSTITUTO DE FOMENTO PESQUERO,Campaña_Otoño-Inv_2024.Proy.SeguimientoAmbiental,Ayacara,4,423117.9,724140.8,2024-06-15,16:00:00,REDOX EHNHE,106.43333333333332,15/06/2024 16:00:00,X
83,ESTUDIO SEGUIMIENTO DESEMPEÑO AMBIENTAL ACUICULTURA EN CHILE Y SU EFECTO EN LOS ECOSISTEMAS DE EMPLAZAMIENTO 2024-2025,Objetivo 1. Actividad 2. Muestreos y Analisis sedimentos,Johana Ojeda ,INSTITUTO DE FOMENTO PESQUERO,Campaña_Otoño-Inv_2024.Proy.SeguimientoAmbiental,Ayacara,7,423730.6,725115.4,2024-06-19,12:10:00,REDOX EHNHE,294.46666666666664,19/06/2024 12:10:00,X
84,ESTUDIO SEGUIMIENTO DESEMPEÑO AMBIENTAL ACUICULTURA EN CHILE Y SU EFECTO EN LOS ECOSISTEMAS DE EMPLAZAMIENTO 2024-2025,Objetivo 1. Actividad 2. Muestreos y Analisis sedimentos,Johana Ojeda ,INSTITUTO DE FOMENTO PESQUERO,Campaña_Otoño-Inv_2024.Proy.SeguimientoAmbiental,Ayacara,9,424232.8,725058.9,2024-06-19,13:00:00,REDOX EHNHE,277.43333333333334,19/06/2024 13:00:00,X
85,ESTUDIO SEGUIMIENTO DESEMPEÑO AMBIENTAL ACUICULTURA EN CHILE Y SU EFECTO EN LOS ECOSISTEMAS DE EMPLAZAMIENTO 2024-2025,Objetivo 1. Actividad 2. Muestreos y Analisis sedimentos,Johana Ojeda ,INSTITUTO DE FOMENTO PESQUERO,Campaña_Otoño-Inv_2024.Proy.SeguimientoAmbiental,Chaiten,3,424711.1,725049.9,2024-06-16,13:30:00,REDOX EHNHE,344.90000000000003,16/06/2024 13:30:00,X
86,ESTUDIO SEGUIMIENTO DESEMPEÑO AMBIENTAL ACUICULTURA EN CHILE Y SU EFECTO EN LOS ECOSISTEMAS DE EMPLAZAMIENTO 2024-2025,Objetivo 1. Actividad 2. Muestreos y Analisis sedimentos,Johana Ojeda ,INSTITUTO DE FOMENTO PESQUERO,Campaña_Otoño-Inv_2024.Proy.SeguimientoAmbiental,Chaiten,4,425527.6,724459.6,2024-06-16,14:20:00,REDOX EHNHE,206.4,16/06/2024 14:20:00,X
87,ESTUDIO SEGUIMIENTO DESEMPEÑO AMBIENTAL ACUICULTURA EN CHILE Y SU EFECTO EN LOS ECOSISTEMAS DE EMPLAZAMIENTO 2024-2025,Objetivo 1. Actividad 2. Muestreos y Analisis sedimentos,Johana Ojeda ,INSTITUTO DE FOMENTO PESQUERO,Campaña_Otoño-Inv_2024.Proy.SeguimientoAmbiental,Chaiten,12,431438.9,725308.2,2024-06-23,12:00:00,REDOX EHNHE,296.1333333333334,23/06/2024 12:00:00,X
88,ESTUDIO SEGUIMIENTO DESEMPEÑO AMBIENTAL ACUICULTURA EN CHILE Y SU EFECTO EN LOS ECOSISTEMAS DE EMPLAZAMIENTO 2024-2025,Objetivo 1. Actividad 2. Muestreos y Analisis sedimentos,Johana Ojeda ,INSTITUTO DE FOMENTO PESQUERO,Campaña_Otoño-Inv_2024.Proy.SeguimientoAmbiental,Chaiten,14,431550.9,725835.0,2024-06-23,11:00:00,REDOX EHNHE,287.23333333333335,23/06/2024 11:00:00,X
89,ESTUDIO SEGUIMIENTO DESEMPEÑO AMBIENTAL ACUICULTURA EN CHILE Y SU EFECTO EN LOS ECOSISTEMAS DE EMPLAZAMIENTO 2024-2025,Objetivo 1. Actividad 2. Muestreos y Analisis sedimentos,Johana Ojeda ,INSTITUTO DE FOMENTO PESQUERO,Campaña_Otoño-Inv_2024.Proy.SeguimientoAmbiental,Chaiten,18,433529.8,730022.5,2024-08-05,07:21:00,REDOX EHNHE,354.76666666666665,05/08/2024 07:21:00,X
90,ESTUDIO SEGUIMIENTO DESEMPEÑO AMBIENTAL ACUICULTURA EN CHILE Y SU EFECTO EN LOS ECOSISTEMAS DE EMPLAZAMIENTO 2024-2025,Objetivo 1. Actividad 2. Muestreos y Analisis sedimentos,Johana Ojeda ,INSTITUTO DE FOMENTO PESQUERO,Campaña_Otoño-Inv_2024.Proy.SeguimientoAmbiental,Chaiten,19,433757.9,725704.9,2024-08-04,16:35:00,REDOX EHNHE,412.8666666666666,04/08/2024 16:35:00,X
92,ESTUDIO SEGUIMIENTO DESEMPEÑO AMBIENTAL ACUICULTURA EN CHILE Y SU EFECTO EN LOS ECOSISTEMAS DE EMPLAZAMIENTO 2024-2025,Objetivo 1. Actividad 2. Muestreos y Analisis sedimentos,Johana Ojeda ,INSTITUTO DE FOMENTO PESQUERO,Campaña_Otoño-Inv_2024.Proy.SeguimientoAmbiental,Guaitecas,1,442931.1,740942.8,2024-07-14,10:50:00,REDOX EHNHE,324.50000000000006,14/07/2024 10:50:00,XI
93,ESTUDIO SEGUIMIENTO DESEMPEÑO AMBIENTAL ACUICULTURA EN CHILE Y SU EFECTO EN LOS ECOSISTEMAS DE EMPLAZAMIENTO 2024-2025,Objetivo 1. Actividad 2. Muestreos y Analisis sedimentos,Johana Ojeda ,INSTITUTO DE FOMENTO PESQUERO,Campaña_Otoño-Inv_2024.Proy.SeguimientoAmbiental,Guaitecas,2,442708.1,740808.5,2024-07-14,10:20:00,REDOX EHNHE,373.9333333333334,14/07/2024 10:20:00,XI
94,ESTUDIO SEGUIMIENTO DESEMPEÑO AMBIENTAL ACUICULTURA EN CHILE Y SU EFECTO EN LOS ECOSISTEMAS DE EMPLAZAMIENTO 2024-2025,Objetivo 1. Actividad 2. Muestreos y Analisis sedimentos,Johana Ojeda ,INSTITUTO DE FOMENTO PESQUERO,Campaña_Otoño-Inv_2024.Proy.SeguimientoAmbiental,Guaitecas,4,441418.4,741320.7,2024-07-14,08:30:00,REDOX EHNHE,376.20000000000005,14/07/2024 08:30:00,XI
95,ESTUDIO SEGUIMIENTO DESEMPEÑO AMBIENTAL ACUICULTURA EN CHILE Y SU EFECTO EN LOS ECOSISTEMAS DE EMPLAZAMIENTO 2024-2025,Objetivo 1. Actividad 2. Muestreos y Analisis sedimentos,Johana Ojeda ,INSTITUTO DE FOMENTO PESQUERO,Campaña_Otoño-Inv_2024.Proy.SeguimientoAmbiental,Guaitecas,6,440829.0,740209.0,2024-07-13,16:00:00,REDOX EHNHE,249.9,13/07/2024 16:00:00,XI
96,ESTUDIO SEGUIMIENTO DESEMPEÑO AMBIENTAL ACUICULTURA EN CHILE Y SU EFECTO EN LOS ECOSISTEMAS DE EMPLAZAMIENTO 2024-2025,Objetivo 1. Actividad 2. Muestreos y Analisis sedimentos,Johana Ojeda ,INSTITUTO DE FOMENTO PESQUERO,Campaña_Otoño-Inv_2024.Proy.SeguimientoAmbiental,Guaitecas,7,440453.4,735253.7,2024-07-13,14:35:00,REDOX EHNHE,267.8,13/07/2024 14:35:00,XI
97,ESTUDIO SEGUIMIENTO DESEMPEÑO AMBIENTAL ACUICULTURA EN CHILE Y SU EFECTO EN LOS ECOSISTEMAS DE EMPLAZAMIENTO 2024-2025,Objetivo 1. Actividad 2. Muestreos y Analisis sedimentos,Johana Ojeda ,INSTITUTO DE FOMENTO PESQUERO,Campaña_Otoño-Inv_2024.Proy.SeguimientoAmbiental,Guaitecas,8,435456.5,735432.1,2024-07-12,09:30:00,REDOX EHNHE,278.8666666666667,12/07/2024 09:30:00,XI
98,ESTUDIO SEGUIMIENTO DESEMPEÑO AMBIENTAL ACUICULTURA EN CHILE Y SU EFECTO EN LOS ECOSISTEMAS DE EMPLAZAMIENTO 2024-2025,Objetivo 1. Actividad 2. Muestreos y Analisis sedimentos,Johana Ojeda ,INSTITUTO DE FOMENTO PESQUERO,Campaña_Otoño-Inv_2024.Proy.SeguimientoAmbiental,Guaitecas,9,435329.1,735219.9,2024-07-12,08:45:00,REDOX EHNHE,245.70000000000002,12/07/2024 08:45:00,XI
99,ESTUDIO SEGUIMIENTO DESEMPEÑO AMBIENTAL ACUICULTURA EN CHILE Y SU EFECTO EN LOS ECOSISTEMAS DE EMPLAZAMIENTO 2024-2025,Objetivo 1. Actividad 2. Muestreos y Analisis sedimentos,Johana Ojeda ,INSTITUTO DE FOMENTO PESQUERO,Campaña_Otoño-Inv_2024.Proy.SeguimientoAmbiental,Guaitecas,10,435638.0,734800.0,2024-07-12,10:20:00,REDOX EHNHE,305.46666666666664,12/07/2024 10:20:00,XI
100,ESTUDIO SEGUIMIENTO DESEMPEÑO AMBIENTAL ACUICULTURA EN CHILE Y SU EFECTO EN LOS ECOSISTEMAS DE EMPLAZAMIENTO 2024-2025,Objetivo 1. Actividad 2. Muestreos y Analisis sedimentos,Johana Ojeda ,INSTITUTO DE FOMENTO PESQUERO,Campaña_Otoño-Inv_2024.Proy.SeguimientoAmbiental,Guaitecas,12,440031.4,734511.0,2024-07-12,11:10:00,REDOX EHNHE,292.0333333333333,12/07/2024 11:10:00,XI
101,ESTUDIO SEGUIMIENTO DESEMPEÑO AMBIENTAL ACUICULTURA EN CHILE Y SU EFECTO EN LOS ECOSISTEMAS DE EMPLAZAMIENTO 2024-2025,Objetivo 1. Actividad 2. Muestreos y Analisis sedimentos,Johana Ojeda ,INSTITUTO DE FOMENTO PESQUERO,Campaña_Otoño-Inv_2024.Proy.SeguimientoAmbiental,Guaitecas,17,441715.5,734639.1,2024-07-12,14:40:00,REDOX EHNHE,292.1333333333334,12/07/2024 14:40:00,XI
102,ESTUDIO SEGUIMIENTO DESEMPEÑO AMBIENTAL ACUICULTURA EN CHILE Y SU EFECTO EN LOS ECOSISTEMAS DE EMPLAZAMIENTO 2024-2025,Objetivo 1. Actividad 2. Muestreos y Analisis sedimentos,Johana Ojeda ,INSTITUTO DE FOMENTO PESQUERO,Campaña_Otoño-Inv_2024.Proy.SeguimientoAmbiental,Moraleda,2,451131.2,735840.6,2024-07-16,15:05:00,REDOX EHNHE,105.7,16/07/2024 15:05:00,XI
103,ESTUDIO SEGUIMIENTO DESEMPEÑO AMBIENTAL ACUICULTURA EN CHILE Y SU EFECTO EN LOS ECOSISTEMAS DE EMPLAZAMIENTO 2024-2025,Objetivo 1. Actividad 2. Muestreos y Analisis sedimentos,Johana Ojeda ,INSTITUTO DE FOMENTO PESQUERO,Campaña_Otoño-Inv_2024.Proy.SeguimientoAmbiental,Moraleda,4,450957.9,740833.4,2024-07-16,14:00:00,REDOX EHNHE,137.33333333333334,16/07/2024 14:00:00,XI
104,ESTUDIO SEGUIMIENTO DESEMPEÑO AMBIENTAL ACUICULTURA EN CHILE Y SU EFECTO EN LOS ECOSISTEMAS DE EMPLAZAMIENTO 2024-2025,Objetivo 1. Actividad 2. Muestreos y Analisis sedimentos,Johana Ojeda ,INSTITUTO DE FOMENTO PESQUERO,Campaña_Otoño-Inv_2024.Proy.SeguimientoAmbiental,Moraleda,5,450801.8,741520.1,2024-07-16,12:30:00,REDOX EHNHE,88.23333333333333,16/07/2024 12:30:00,XI
105,ESTUDIO SEGUIMIENTO DESEMPEÑO AMBIENTAL ACUICULTURA EN CHILE Y SU EFECTO EN LOS ECOSISTEMAS DE EMPLAZAMIENTO 2024-2025,Objetivo 1. Actividad 2. Muestreos y Analisis sedimentos,Johana Ojeda ,INSTITUTO DE FOMENTO PESQUERO,Campaña_Otoño-Inv_2024.Proy.SeguimientoAmbiental,Moraleda,12,444145.4,735257.1,2024-07-14,14:50:00,REDOX EHNHE,349.40000000000003,14/07/2024 14:50:00,XI
106,ESTUDIO SEGUIMIENTO DESEMPEÑO AMBIENTAL ACUICULTURA EN CHILE Y SU EFECTO EN LOS ECOSISTEMAS DE EMPLAZAMIENTO 2024-2025,Objetivo 1. Actividad 2. Muestreos y Analisis sedimentos,Johana Ojeda ,INSTITUTO DE FOMENTO PESQUERO,Campaña_Otoño-Inv_2024.Proy.SeguimientoAmbiental,Moraleda,13,443935.6,735252.9,2024-07-14,14:00:00,REDOX EHNHE,338.40000000000003,14/07/2024 14:00:00,XI
107,ESTUDIO SEGUIMIENTO DESEMPEÑO AMBIENTAL ACUICULTURA EN CHILE Y SU EFECTO EN LOS ECOSISTEMAS DE EMPLAZAMIENTO 2024-2025,Objetivo 1. Actividad 2. Muestreos y Analisis sedimentos,Johana Ojeda ,INSTITUTO DE FOMENTO PESQUERO,Campaña_Otoño-Inv_2024.Proy.SeguimientoAmbiental,Moraleda,14,443608.6,740025.9,2024-07-14,12:30:00,REDOX EHNHE,293.23333333333335,14/07/2024 12:30:00,XI
108,ESTUDIO SEGUIMIENTO DESEMPEÑO AMBIENTAL ACUICULTURA EN CHILE Y SU EFECTO EN LOS ECOSISTEMAS DE EMPLAZAMIENTO 2024-2025,Objetivo 1. Actividad 2. Muestreos y Analisis sedimentos,Johana Ojeda ,INSTITUTO DE FOMENTO PESQUERO,Campaña_Otoño-Inv_2024.Proy.SeguimientoAmbiental,Moraleda,16,443308.8,740650.1,2024-07-14,11:40:00,REDOX EHNHE,165.2,14/07/2024 11:40:00,XI
109,ESTUDIO SEGUIMIENTO DESEMPEÑO AMBIENTAL ACUICULTURA EN CHILE Y SU EFECTO EN LOS ECOSISTEMAS DE EMPLAZAMIENTO 2024-2025,Objetivo 1. Actividad 2. Muestreos y Analisis sedimentos,Johana Ojeda ,INSTITUTO DE FOMENTO PESQUERO,Campaña_Otoño-Inv_2024.Proy.SeguimientoAmbiental,Moraleda,17,440830.9,733501.0,2024-07-12,13:00:00,REDOX EHNHE,298.1333333333334,12/07/2024 13:00:00,XI
110,ESTUDIO SEGUIMIENTO DESEMPEÑO AMBIENTAL ACUICULTURA EN CHILE Y SU EFECTO EN LOS ECOSISTEMAS DE EMPLAZAMIENTO 2024-2025,Objetivo 1. Actividad 2. Muestreos y Analisis sedimentos,Johana Ojeda ,INSTITUTO DE FOMENTO PESQUERO,Campaña_Otoño-Inv_2024.Proy.SeguimientoAmbiental,Moraleda,19,434430.9,730056.5,2024-08-04,15:10:00,REDOX EHNHE,321.8,04/08/2024 15:10:00,XI
111,ESTUDIO SEGUIMIENTO DESEMPEÑO AMBIENTAL ACUICULTURA EN CHILE Y SU EFECTO EN LOS ECOSISTEMAS DE EMPLAZAMIENTO 2024-2025,Objetivo 1. Actividad 2. Muestreos y Analisis sedimentos,Johana Ojeda ,INSTITUTO DE FOMENTO PESQUERO,Campaña_Otoño-Inv_2024.Proy.SeguimientoAmbiental,Moraleda,25,440204.1,731205.2,2024-08-04,11:30:00,REDOX EHNHE,410.4666666666667,04/08/2024 11:30:00,XI
112,ESTUDIO SEGUIMIENTO DESEMPEÑO AMBIENTAL ACUICULTURA EN CHILE Y SU EFECTO EN LOS ECOSISTEMAS DE EMPLAZAMIENTO 2024-2025,Objetivo 1. Actividad 2. Muestreos y Analisis sedimentos,Johana Ojeda ,INSTITUTO DE FOMENTO PESQUERO,Campaña_Otoño-Inv_2024.Proy.SeguimientoAmbiental,Moraleda,31,442248.0,730431.7,2024-08-02,10:45:00,REDOX EHNHE,398.2,02/08/2024 10:45:00,XI
113,ESTUDIO SEGUIMIENTO DESEMPEÑO AMBIENTAL ACUICULTURA EN CHILE Y SU EFECTO EN LOS ECOSISTEMAS DE EMPLAZAMIENTO 2024-2025,Objetivo 1. Actividad 2. Muestreos y Analisis sedimentos,Johana Ojeda ,INSTITUTO DE FOMENTO PESQUERO,Campaña_Otoño-Inv_2024.Proy.SeguimientoAmbiental,Moraleda,32,450149.0,732702.0,2024-07-29,15:40:00,REDOX EHNHE,358.6333333333334,29/07/2024 15:40:00,XI
114,ESTUDIO SEGUIMIENTO DESEMPEÑO AMBIENTAL ACUICULTURA EN CHILE Y SU EFECTO EN LOS ECOSISTEMAS DE EMPLAZAMIENTO 2024-2025,Objetivo 1. Actividad 2. Muestreos y Analisis sedimentos,Johana Ojeda ,INSTITUTO DE FOMENTO PESQUERO,Campaña_Otoño-Inv_2024.Proy.SeguimientoAmbiental,Puyuhuapi,5,443139.8,724117.0,2024-08-01,11:50:00,REDOX EHNHE,304.59999999999997,01/08/2024 11:50:00,XI
115,ESTUDIO SEGUIMIENTO DESEMPEÑO AMBIENTAL ACUICULTURA EN CHILE Y SU EFECTO EN LOS ECOSISTEMAS DE EMPLAZAMIENTO 2024-2025,Objetivo 1. Actividad 2. Muestreos y Analisis sedimentos,Johana Ojeda ,INSTITUTO DE FOMENTO PESQUERO,Campaña_Otoño-Inv_2024.Proy.SeguimientoAmbiental,Puyuhuapi,7,443955.1,725020.8,2024-07-30,15:30:00,REDOX EHNHE,260.3333333333333,30/07/2024 15:30:00,XI
116,ESTUDIO SEGUIMIENTO DESEMPEÑO AMBIENTAL ACUICULTURA EN CHILE Y SU EFECTO EN LOS ECOSISTEMAS DE EMPLAZAMIENTO 2024-2025,Objetivo 1. Actividad 2. Muestreos y Analisis sedimentos,Johana Ojeda ,INSTITUTO DE FOMENTO PESQUERO,Campaña_Otoño-Inv_2024.Proy.SeguimientoAmbiental,Puyuhuapi,8,444209.3,724807.1,2024-07-30,14:50:00,REDOX EHNHE,358.6333333333334,30/07/2024 14:50:00,XI
117,ESTUDIO SEGUIMIENTO DESEMPEÑO AMBIENTAL ACUICULTURA EN CHILE Y SU EFECTO EN LOS ECOSISTEMAS DE EMPLAZAMIENTO 2024-2025,Objetivo 1. Actividad 2. Muestreos y Analisis sedimentos,Johana Ojeda ,INSTITUTO DE FOMENTO PESQUERO,Campaña_Otoño-Inv_2024.Proy.SeguimientoAmbiental,Puyuhuapi,10,444937.8,725757.3,2024-07-30,12:45:00,REDOX EHNHE,354.76666666666665,30/07/2024 12:45:00,XI
118,ESTUDIO SEGUIMIENTO DESEMPEÑO AMBIENTAL ACUICULTURA EN CHILE Y SU EFECTO EN LOS ECOSISTEMAS DE EMPLAZAMIENTO 2024-2025,Objetivo 1. Actividad 2. Muestreos y Analisis sedimentos,Johana Ojeda ,INSTITUTO DE FOMENTO PESQUERO,Campaña_Otoño-Inv_2024.Proy.SeguimientoAmbiental,Puyuhuapi,12,445441.9,730811.9,2024-07-30,11:14:00,REDOX EHNHE,313.76666666666665,30/07/2024 11:14:00,XI
119,ESTUDIO SEGUIMIENTO DESEMPEÑO AMBIENTAL ACUICULTURA EN CHILE Y SU EFECTO EN LOS ECOSISTEMAS DE EMPLAZAMIENTO 2024-2025,Objetivo 1. Actividad 2. Muestreos y Analisis sedimentos,Johana Ojeda ,INSTITUTO DE FOMENTO PESQUERO,Campaña_Otoño-Inv_2024.Proy.SeguimientoAmbiental,Aysen,1,452639.7,730033.3,2024-07-23,08:55:00,REDOX EHNHE,239.26666666666665,23/07/2024 08:55:00,XI
120,ESTUDIO SEGUIMIENTO DESEMPEÑO AMBIENTAL ACUICULTURA EN CHILE Y SU EFECTO EN LOS ECOSISTEMAS DE EMPLAZAMIENTO 2024-2025,Objetivo 1. Actividad 2. Muestreos y Analisis sedimentos,Johana Ojeda ,INSTITUTO DE FOMENTO PESQUERO,Campaña_Otoño-Inv_2024.Proy.SeguimientoAmbiental,Aysen,3,451953.0,732236.0,2024-07-23,15:45:00,REDOX EHNHE,284.7,23/07/2024 15:45:00,XI
121,ESTUDIO SEGUIMIENTO DESEMPEÑO AMBIENTAL ACUICULTURA EN CHILE Y SU EFECTO EN LOS ECOSISTEMAS DE EMPLAZAMIENTO 2024-2025,Objetivo 1. Actividad 2. Muestreos y Analisis sedimentos,Johana Ojeda ,INSTITUTO DE FOMENTO PESQUERO,Campaña_Otoño-Inv_2024.Proy.SeguimientoAmbiental,Aysen,5,452421.9,733225.0,2024-07-18,17:15:00,REDOX EHNHE,86.63333333333334,18/07/2024 17:15:00,XI
122,ESTUDIO SEGUIMIENTO DESEMPEÑO AMBIENTAL ACUICULTURA EN CHILE Y SU EFECTO EN LOS ECOSISTEMAS DE EMPLAZAMIENTO 2024-2025,Objetivo 1. Actividad 2. Muestreos y Analisis sedimentos,Johana Ojeda ,INSTITUTO DE FOMENTO PESQUERO,Campaña_Otoño-Inv_2024.Proy.SeguimientoAmbiental,Aysen,6,453734.9,733550.9,2024-07-18,12:00:00,REDOX EHNHE,352.7,18/07/2024 12:00:00,XI
123,ESTUDIO SEGUIMIENTO DESEMPEÑO AMBIENTAL ACUICULTURA EN CHILE Y SU EFECTO EN LOS ECOSISTEMAS DE EMPLAZAMIENTO 2024-2025,Objetivo 1. Actividad 2. Muestreos y Analisis sedimentos,Johana Ojeda ,INSTITUTO DE FOMENTO PESQUERO,Campaña_Otoño-Inv_2024.Proy.SeguimientoAmbiental,Aysen,7,454508.5,733655.3,2024-07-18,09:45:00,REDOX EHNHE,202.4,18/07/2024 09:45:00,XI
124,ESTUDIO SEGUIMIENTO DESEMPEÑO AMBIENTAL ACUICULTURA EN CHILE Y SU EFECTO EN LOS ECOSISTEMAS DE EMPLAZAMIENTO 2024-2025,Objetivo 1. Actividad 2. Muestreos y Analisis sedimentos,Johana Ojeda ,INSTITUTO DE FOMENTO PESQUERO,Campaña_Otoño-Inv_2024.Proy.SeguimientoAmbiental,Aysen,10,455717.6,733619.7,2024-07-26,10:45:00,REDOX EHNHE,86.39999999999999,26/07/2024 10:45:00,XI
126,ESTUDIO SEGUIMIENTO DESEMPEÑO AMBIENTAL ACUICULTURA EN CHILE Y SU EFECTO EN LOS ECOSISTEMAS DE EMPLAZAMIENTO 2024-2025,Objetivo 1. Actividad 2. Muestreos y Analisis sedimentos,Johana Ojeda ,INSTITUTO DE FOMENTO PESQUERO,Campaña_Otoño-Inv_2024.Proy.SeguimientoAmbiental,Aysen,13,461329.4,734345.5,2024-07-26,14:10:00,REDOX EHNHE,83.8,26/07/2024 14:10:00,XI
127,ESTUDIO SEGUIMIENTO DESEMPEÑO AMBIENTAL ACUICULTURA EN CHILE Y SU EFECTO EN LOS ECOSISTEMAS DE EMPLAZAMIENTO 2024-2025,Objetivo 1. Actividad 2. Muestreos y Analisis sedimentos,Johana Ojeda ,INSTITUTO DE FOMENTO PESQUERO,Campaña_Otoño-Inv_2024.Proy.SeguimientoAmbiental,Aysen,18,460557.7,735202.9,2024-07-28,14:15:00,REDOX EHNHE,457.5,28/07/2024 14:15:00,XI
128,ESTUDIO SEGUIMIENTO DESEMPEÑO AMBIENTAL ACUICULTURA EN CHILE Y SU EFECTO EN LOS ECOSISTEMAS DE EMPLAZAMIENTO 2024-2025,Objetivo 1. Actividad 2. Muestreos y Analisis sedimentos,Johana Ojeda ,INSTITUTO DE FOMENTO PESQUERO,Campaña_Otoño-Inv_2024.Proy.SeguimientoAmbiental,Aysen,19,460107.9,735645.7,2024-07-28,00:00:00,REDOX EHNHE,222.76666666666665,28/07/2024 00:00:00,XI
129,ESTUDIO SEGUIMIENTO DESEMPEÑO AMBIENTAL ACUICULTURA EN CHILE Y SU EFECTO EN LOS ECOSISTEMAS DE EMPLAZAMIENTO 2024-2025,Objetivo 1. Actividad 2. Muestreos y Analisis sedimentos,Johana Ojeda ,INSTITUTO DE FOMENTO PESQUERO,Campaña_Otoño-Inv_2024.Proy.SeguimientoAmbiental,Aysen,24,454429.7,740423.3,2024-07-17,13:50:00,REDOX EHNHE,311.3666666666667,17/07/2024 13:50:00,XI
130,ESTUDIO SEGUIMIENTO DESEMPEÑO AMBIENTAL ACUICULTURA EN CHILE Y SU EFECTO EN LOS ECOSISTEMAS DE EMPLAZAMIENTO 2024-2025,Objetivo 1. Actividad 2. Muestreos y Analisis sedimentos,Johana Ojeda ,INSTITUTO DE FOMENTO PESQUERO,Campaña_Otoño-Inv_2024.Proy.SeguimientoAmbiental,Aysen,25,454137.5,741704.6,2024-07-17,12:00:00,REDOX EHNHE,306.09999999999997,17/07/2024 12:00:00,XI
131,ESTUDIO SEGUIMIENTO DESEMPEÑO AMBIENTAL ACUICULTURA EN CHILE Y SU EFECTO EN LOS ECOSISTEMAS DE EMPLAZAMIENTO 2024-2025,Objetivo 1. Actividad 2. Muestreos y Analisis sedimentos,Johana Ojeda ,INSTITUTO DE FOMENTO PESQUERO,Campaña_Otoño-Inv_2024.Proy.SeguimientoAmbiental,Aysen,28,453351.4,741310.2,2024-07-17,10:28:00,REDOX EHNHE,231.29999999999998,17/07/2024 10:28:00,XI
132,ESTUDIO SEGUIMIENTO DESEMPEÑO AMBIENTAL ACUICULTURA EN CHILE Y SU EFECTO EN LOS ECOSISTEMAS DE EMPLAZAMIENTO 2024-2025,Objetivo 1. Actividad 2. Muestreos y Analisis sedimentos,Johana Ojeda ,INSTITUTO DE FOMENTO PESQUERO,Campaña_Otoño-Inv_2024.Proy.SeguimientoAmbiental,Aysen,30,452356.0,741521.0,2024-07-17,08:45:00,REDOX EHNHE,240.73333333333335,17/07/2024 08:45:00,XI
133,ESTUDIO SEGUIMIENTO DESEMPEÑO AMBIENTAL ACUICULTURA EN CHILE Y SU EFECTO EN LOS ECOSISTEMAS DE EMPLAZAMIENTO 2024-2025,Objetivo 1. Actividad 2. Muestreos y Analisis sedimentos,Johana Ojeda ,INSTITUTO DE FOMENTO PESQUERO,Campaña_Otoño-Inv_2024.Proy.SeguimientoAmbiental,Aysen,34,451659.5,734350.5,2024-07-29,12:10:00,REDOX EHNHE,294.29999999999995,29/07/2024 12:10:00,XI
134,ESTUDIO SEGUIMIENTO DESEMPEÑO AMBIENTAL ACUICULTURA EN CHILE Y SU EFECTO EN LOS ECOSISTEMAS DE EMPLAZAMIENTO 2024-2025,Objetivo 1. Actividad 2. Muestreos y Analisis sedimentos,Johana Ojeda ,INSTITUTO DE FOMENTO PESQUERO,Campaña_Otoño-Inv_2024.Proy.SeguimientoAmbiental,Atacama,2,270624.3,705211.4,2024-08-07,13:20:00,REDOX EHNHE,362.1333333333334,07/08/2024 13:20:00,III
135,ESTUDIO SEGUIMIENTO DESEMPEÑO AMBIENTAL ACUICULTURA EN CHILE Y SU EFECTO EN LOS ECOSISTEMAS DE EMPLAZAMIENTO 2024-2025,Objetivo 1. Actividad 2. Muestreos y Analisis sedimentos,Johana Ojeda ,INSTITUTO DE FOMENTO PESQUERO,Campaña_Otoño-Inv_2024.Proy.SeguimientoAmbiental,Atacama,3,270703.7,705142.7,2024-08-07,12:30:00,REDOX EHNHE,352,07/08/2024 12:30:00,III
136,ESTUDIO SEGUIMIENTO DESEMPEÑO AMBIENTAL ACUICULTURA EN CHILE Y SU EFECTO EN LOS ECOSISTEMAS DE EMPLAZAMIENTO 2024-2025,Objetivo 1. Actividad 2. Muestreos y Analisis sedimentos,Johana Ojeda ,INSTITUTO DE FOMENTO PESQUERO,Campaña_Otoño-Inv_2024.Proy.SeguimientoAmbiental,Atacama,6,270657.6,705223.1,2024-08-07,12:00:00,REDOX EHNHE,371.9333333333334,07/08/2024 12:00:00,III
137,ESTUDIO SEGUIMIENTO DESEMPEÑO AMBIENTAL ACUICULTURA EN CHILE Y SU EFECTO EN LOS ECOSISTEMAS DE EMPLAZAMIENTO 2024-2025,Objetivo 1. Actividad 2. Muestreos y Analisis sedimentos,Johana Ojeda ,INSTITUTO DE FOMENTO PESQUERO,Campaña_Otoño-Inv_2024.Proy.SeguimientoAmbiental,Atacama,7,270740.8,705230.3,2024-08-07,11:35:00,REDOX EHNHE,320.7,07/08/2024 11:35:00,III
138,ESTUDIO SEGUIMIENTO DESEMPEÑO AMBIENTAL ACUICULTURA EN CHILE Y SU EFECTO EN LOS ECOSISTEMAS DE EMPLAZAMIENTO 2024-2025,Objetivo 1. Actividad 2. Muestreos y Analisis sedimentos,Johana Ojeda ,INSTITUTO DE FOMENTO PESQUERO,Campaña_Otoño-Inv_2024.Proy.SeguimientoAmbiental,Atacama,10,270730.7,705259.8,2024-08-07,11:20:00,REDOX EHNHE,420.7,07/08/2024 11:20:00,III
139,ESTUDIO SEGUIMIENTO DESEMPEÑO AMBIENTAL ACUICULTURA EN CHILE Y SU EFECTO EN LOS ECOSISTEMAS DE EMPLAZAMIENTO 2024-2025,Objetivo 1. Actividad 2. Muestreos y Analisis sedimentos,Johana Ojeda ,INSTITUTO DE FOMENTO PESQUERO,Campaña_Otoño-Inv_2024.Proy.SeguimientoAmbiental,Atacama,14,270756.6,705332.6,2024-08-07,09:30:00,REDOX EHNHE,432.6666666666667,07/08/2024 09:30:00,III
140,ESTUDIO SEGUIMIENTO DESEMPEÑO AMBIENTAL ACUICULTURA EN CHILE Y SU EFECTO EN LOS ECOSISTEMAS DE EMPLAZAMIENTO 2024-2025,Objetivo 1. Actividad 2. Muestreos y Analisis sedimentos,Johana Ojeda ,INSTITUTO DE FOMENTO PESQUERO,Campaña_Otoño-Inv_2024.Proy.SeguimientoAmbiental,Natales,2,513604.7,724301.6,2024-11-30,09:30:00,REDOX EHNHE,155.6,30/11/2024 09:30:00,XII
141,ESTUDIO SEGUIMIENTO DESEMPEÑO AMBIENTAL ACUICULTURA EN CHILE Y SU EFECTO EN LOS ECOSISTEMAS DE EMPLAZAMIENTO 2024-2025,Objetivo 1. Actividad 2. Muestreos y Analisis sedimentos,Johana Ojeda ,INSTITUTO DE FOMENTO PESQUERO,Campaña_Otoño-Inv_2024.Proy.SeguimientoAmbiental,Natales,3,514018.2,723753.1,2024-11-30,08:30:00,REDOX EHNHE,152.63333333333335,30/11/2024 08:30:00,XII
142,ESTUDIO SEGUIMIENTO DESEMPEÑO AMBIENTAL ACUICULTURA EN CHILE Y SU EFECTO EN LOS ECOSISTEMAS DE EMPLAZAMIENTO 2024-2025,Objetivo 1. Actividad 2. Muestreos y Analisis sedimentos,Johana Ojeda ,INSTITUTO DE FOMENTO PESQUERO,Campaña_Otoño-Inv_2024.Proy.SeguimientoAmbiental,Natales,5,514929.7,723739.8,2024-11-28,17:20:00,REDOX EHNHE,126.60000000000001,28/11/2024 17:20:00,XII
143,ESTUDIO SEGUIMIENTO DESEMPEÑO AMBIENTAL ACUICULTURA EN CHILE Y SU EFECTO EN LOS ECOSISTEMAS DE EMPLAZAMIENTO 2024-2025,Objetivo 1. Actividad 2. Muestreos y Analisis sedimentos,Johana Ojeda ,INSTITUTO DE FOMENTO PESQUERO,Campaña_Otoño-Inv_2024.Proy.SeguimientoAmbiental,Natales,9,514601.6,725405.0,2024-11-27,15:10:00,REDOX EHNHE,192.13333333333333,27/11/2024 15:10:00,XII
144,ESTUDIO SEGUIMIENTO DESEMPEÑO AMBIENTAL ACUICULTURA EN CHILE Y SU EFECTO EN LOS ECOSISTEMAS DE EMPLAZAMIENTO 2024-2025,Objetivo 1. Actividad 2. Muestreos y Analisis sedimentos,Johana Ojeda ,INSTITUTO DE FOMENTO PESQUERO,Campaña_Otoño-Inv_2024.Proy.SeguimientoAmbiental,Natales,10,520357.8,725602.0,2024-11-27,20:20:00,REDOX EHNHE,195.69999999999996,27/11/2024 20:20:00,XII
145,ESTUDIO SEGUIMIENTO DESEMPEÑO AMBIENTAL ACUICULTURA EN CHILE Y SU EFECTO EN LOS ECOSISTEMAS DE EMPLAZAMIENTO 2024-2025,Objetivo 1. Actividad 2. Muestreos y Analisis sedimentos,Johana Ojeda ,INSTITUTO DE FOMENTO PESQUERO,Campaña_Otoño-Inv_2024.Proy.SeguimientoAmbiental,Natales,11,521159.7,725703.6,2024-11-28,13:30:00,REDOX EHNHE,68,28/11/2024 13:30:00,XII
146,ESTUDIO SEGUIMIENTO DESEMPEÑO AMBIENTAL ACUICULTURA EN CHILE Y SU EFECTO EN LOS ECOSISTEMAS DE EMPLAZAMIENTO 2024-2025,Objetivo 1. Actividad 2. Muestreos y Analisis sedimentos,Johana Ojeda ,INSTITUTO DE FOMENTO PESQUERO,Campaña_Otoño-Inv_2024.Proy.SeguimientoAmbiental,Natales,13,521310.4,725226.1,2024-11-28,09:09:00,REDOX EHNHE,-39.79999999999999,28/11/2024 09:09:00,XII
147,ESTUDIO SEGUIMIENTO DESEMPEÑO AMBIENTAL ACUICULTURA EN CHILE Y SU EFECTO EN LOS ECOSISTEMAS DE EMPLAZAMIENTO 2024-2025,Objetivo 1. Actividad 2. Muestreos y Analisis sedimentos,Johana Ojeda ,INSTITUTO DE FOMENTO PESQUERO,Campaña_Otoño-Inv_2024.Proy.SeguimientoAmbiental,Natales,14,520439.3,723937.6,2024-11-27,10:50:00,REDOX EHNHE,186.16666666666666,27/11/2024 10:50:00,XII
1,ESTUDIO SEGUIMIENTO DESEMPEÑO AMBIENTAL ACUICULTURA EN CHILE Y SU EFECTO EN LOS ECOSISTEMAS DE EMPLAZAMIENTO 2024-2025,Objetivo 1. Actividad 2. Muestreos y Analisis sedimentos,Johana Ojeda ,INSTITUTO DE FOMENTO PESQUERO,Campaña_Otoño-Inv_2024.Proy.SeguimientoAmbiental,Estuario,1,412614.9,721747.9,2024-05-20,09:35:00,SULFUROS,225.32462142296137,20/05/2024 09:35:00,X
2,ESTUDIO SEGUIMIENTO DESEMPEÑO AMBIENTAL ACUICULTURA EN CHILE Y SU EFECTO EN LOS ECOSISTEMAS DE EMPLAZAMIENTO 2024-2025,Objetivo 1. Actividad 2. Muestreos y Analisis sedimentos,Johana Ojeda ,INSTITUTO DE FOMENTO PESQUERO,Campaña_Otoño-Inv_2024.Proy.SeguimientoAmbiental,Estuario,2,412807.3,721843.5,2024-05-20,09:16:00,SULFUROS,16.806042662871487,20/05/2024 09:16:00,X
3,ESTUDIO SEGUIMIENTO DESEMPEÑO AMBIENTAL ACUICULTURA EN CHILE Y SU EFECTO EN LOS ECOSISTEMAS DE EMPLAZAMIENTO 2024-2025,Objetivo 1. Actividad 2. Muestreos y Analisis sedimentos,Johana Ojeda ,INSTITUTO DE FOMENTO PESQUERO,Campaña_Otoño-Inv_2024.Proy.SeguimientoAmbiental,Estuario,3,412945.4,721845.5,2024-05-19,16:20:00,SULFUROS,4.8277848870928795,19/05/2024 16:20:00,X
4,ESTUDIO SEGUIMIENTO DESEMPEÑO AMBIENTAL ACUICULTURA EN CHILE Y SU EFECTO EN LOS ECOSISTEMAS DE EMPLAZAMIENTO 2024-2025,Objetivo 1. Actividad 2. Muestreos y Analisis sedimentos,Johana Ojeda ,INSTITUTO DE FOMENTO PESQUERO,Campaña_Otoño-Inv_2024.Proy.SeguimientoAmbiental,Estuario,5,413039.3,721721.1,2024-05-19,15:50:00,SULFUROS,543.2759173993782,19/05/2024 15:50:00,X
5,ESTUDIO SEGUIMIENTO DESEMPEÑO AMBIENTAL ACUICULTURA EN CHILE Y SU EFECTO EN LOS ECOSISTEMAS DE EMPLAZAMIENTO 2024-2025,Objetivo 1. Actividad 2. Muestreos y Analisis sedimentos,Johana Ojeda ,INSTITUTO DE FOMENTO PESQUERO,Campaña_Otoño-Inv_2024.Proy.SeguimientoAmbiental,Estuario,6,413132.6,722021.4,2024-05-19,15:00:00,SULFUROS,60.76736318725424,19/05/2024 15:00:00,X
6,ESTUDIO SEGUIMIENTO DESEMPEÑO AMBIENTAL ACUICULTURA EN CHILE Y SU EFECTO EN LOS ECOSISTEMAS DE EMPLAZAMIENTO 2024-2025,Objetivo 1. Actividad 2. Muestreos y Analisis sedimentos,Johana Ojeda ,INSTITUTO DE FOMENTO PESQUERO,Campaña_Otoño-Inv_2024.Proy.SeguimientoAmbiental,Estuario,7,413157.8,721802.6,2024-05-19,15:30:00,SULFUROS,59.25775855867371,19/05/2024 15:30:00,X
7,ESTUDIO SEGUIMIENTO DESEMPEÑO AMBIENTAL ACUICULTURA EN CHILE Y SU EFECTO EN LOS ECOSISTEMAS DE EMPLAZAMIENTO 2024-2025,Objetivo 1. Actividad 2. Muestreos y Analisis sedimentos,Johana Ojeda ,INSTITUTO DE FOMENTO PESQUERO,Campaña_Otoño-Inv_2024.Proy.SeguimientoAmbiental,Estuario,8,413533.0,722110.7,2024-05-19,14:15:00,SULFUROS,51.45705589582389,19/05/2024 14:15:00,X
8,ESTUDIO SEGUIMIENTO DESEMPEÑO AMBIENTAL ACUICULTURA EN CHILE Y SU EFECTO EN LOS ECOSISTEMAS DE EMPLAZAMIENTO 2024-2025,Objetivo 1. Actividad 2. Muestreos y Analisis sedimentos,Johana Ojeda ,INSTITUTO DE FOMENTO PESQUERO,Campaña_Otoño-Inv_2024.Proy.SeguimientoAmbiental,Estuario,12,413938.3,722058.9,2024-05-19,11:00:00,SULFUROS,11.298495996886492,19/05/2024 11:00:00,X
9,ESTUDIO SEGUIMIENTO DESEMPEÑO AMBIENTAL ACUICULTURA EN CHILE Y SU EFECTO EN LOS ECOSISTEMAS DE EMPLAZAMIENTO 2024-2025,Objetivo 1. Actividad 2. Muestreos y Analisis sedimentos,Johana Ojeda ,INSTITUTO DE FOMENTO PESQUERO,Campaña_Otoño-Inv_2024.Proy.SeguimientoAmbiental,Estuario,17,414052.7,722801.1,2024-05-19,09:45:00,SULFUROS,5.2821311436870895,19/05/2024 09:45:00,X
10,ESTUDIO SEGUIMIENTO DESEMPEÑO AMBIENTAL ACUICULTURA EN CHILE Y SU EFECTO EN LOS ECOSISTEMAS DE EMPLAZAMIENTO 2024-2025,Objetivo 1. Actividad 2. Muestreos y Analisis sedimentos,Johana Ojeda ,INSTITUTO DE FOMENTO PESQUERO,Campaña_Otoño-Inv_2024.Proy.SeguimientoAmbiental,Estuario,21,414330.8,723048.5,2024-05-19,09:00:00,SULFUROS,72.82539047682536,19/05/2024 09:00:00,X
11,ESTUDIO SEGUIMIENTO DESEMPEÑO AMBIENTAL ACUICULTURA EN CHILE Y SU EFECTO EN LOS ECOSISTEMAS DE EMPLAZAMIENTO 2024-2025,Objetivo 1. Actividad 2. Muestreos y Analisis sedimentos,Johana Ojeda ,INSTITUTO DE FOMENTO PESQUERO,Campaña_Otoño-Inv_2024.Proy.SeguimientoAmbiental,Reloncavi,3,415420.9,725230.7,2024-05-21,15:20:00,SULFUROS,3.326347513197381e-05,21/05/2024 15:20:00,X
12,ESTUDIO SEGUIMIENTO DESEMPEÑO AMBIENTAL ACUICULTURA EN CHILE Y SU EFECTO EN LOS ECOSISTEMAS DE EMPLAZAMIENTO 2024-2025,Objetivo 1. Actividad 2. Muestreos y Analisis sedimentos,Johana Ojeda ,INSTITUTO DE FOMENTO PESQUERO,Campaña_Otoño-Inv_2024.Proy.SeguimientoAmbiental,Reloncavi,4,415223.0,725351.4,2024-05-21,16:20:00,SULFUROS,0.00019975826218419793,21/05/2024 16:20:00,X
13,ESTUDIO SEGUIMIENTO DESEMPEÑO AMBIENTAL ACUICULTURA EN CHILE Y SU EFECTO EN LOS ECOSISTEMAS DE EMPLAZAMIENTO 2024-2025,Objetivo 1. Actividad 2. Muestreos y Analisis sedimentos,Johana Ojeda ,INSTITUTO DE FOMENTO PESQUERO,Campaña_Otoño-Inv_2024.Proy.SeguimientoAmbiental,Reloncavi,5,415307.1,725602.6,2024-05-22,09:00:00,SULFUROS,0.05078408957842989,22/05/2024 09:00:00,X
14,ESTUDIO SEGUIMIENTO DESEMPEÑO AMBIENTAL ACUICULTURA EN CHILE Y SU EFECTO EN LOS ECOSISTEMAS DE EMPLAZAMIENTO 2024-2025,Objetivo 1. Actividad 2. Muestreos y Analisis sedimentos,Johana Ojeda ,INSTITUTO DE FOMENTO PESQUERO,Campaña_Otoño-Inv_2024.Proy.SeguimientoAmbiental,Reloncavi,7,414413.7,730243.4,2024-05-23,08:50:00,SULFUROS,50.19288646500269,23/05/2024 08:50:00,X
15,ESTUDIO SEGUIMIENTO DESEMPEÑO AMBIENTAL ACUICULTURA EN CHILE Y SU EFECTO EN LOS ECOSISTEMAS DE EMPLAZAMIENTO 2024-2025,Objetivo 1. Actividad 2. Muestreos y Analisis sedimentos,Johana Ojeda ,INSTITUTO DE FOMENTO PESQUERO,Campaña_Otoño-Inv_2024.Proy.SeguimientoAmbiental,Reloncavi,13,412948.4,725730.9,2024-05-18,08:55:00,SULFUROS,9.554936814333509,18/05/2024 08:55:00,X
16,ESTUDIO SEGUIMIENTO DESEMPEÑO AMBIENTAL ACUICULTURA EN CHILE Y SU EFECTO EN LOS ECOSISTEMAS DE EMPLAZAMIENTO 2024-2025,Objetivo 1. Actividad 2. Muestreos y Analisis sedimentos,Johana Ojeda ,INSTITUTO DE FOMENTO PESQUERO,Campaña_Otoño-Inv_2024.Proy.SeguimientoAmbiental,Reloncavi,15,413105.3,724724.2,2024-05-18,10:05:00,SULFUROS,0.5656005508579469,18/05/2024 10:05:00,X
17,ESTUDIO SEGUIMIENTO DESEMPEÑO AMBIENTAL ACUICULTURA EN CHILE Y SU EFECTO EN LOS ECOSISTEMAS DE EMPLAZAMIENTO 2024-2025,Objetivo 1. Actividad 2. Muestreos y Analisis sedimentos,Johana Ojeda ,INSTITUTO DE FOMENTO PESQUERO,Campaña_Otoño-Inv_2024.Proy.SeguimientoAmbiental,Reloncavi,17,413450.6,724336.9,2024-05-18,11:00:00,SULFUROS,29.130886315880115,18/05/2024 11:00:00,X
18,ESTUDIO SEGUIMIENTO DESEMPEÑO AMBIENTAL ACUICULTURA EN CHILE Y SU EFECTO EN LOS ECOSISTEMAS DE EMPLAZAMIENTO 2024-2025,Objetivo 1. Actividad 2. Muestreos y Analisis sedimentos,Johana Ojeda ,INSTITUTO DE FOMENTO PESQUERO,Campaña_Otoño-Inv_2024.Proy.SeguimientoAmbiental,Reloncavi,19,413707.8,724152.2,2024-05-18,12:00:00,SULFUROS,72.02023325645267,18/05/2024 12:00:00,X
19,ESTUDIO SEGUIMIENTO DESEMPEÑO AMBIENTAL ACUICULTURA EN CHILE Y SU EFECTO EN LOS ECOSISTEMAS DE EMPLAZAMIENTO 2024-2025,Objetivo 1. Actividad 2. Muestreos y Analisis sedimentos,Johana Ojeda ,INSTITUTO DE FOMENTO PESQUERO,Campaña_Otoño-Inv_2024.Proy.SeguimientoAmbiental,Reloncavi,21,413751.5,724023.2,2024-05-18,13:55:00,SULFUROS,47.07568699992759,18/05/2024 13:55:00,X
20,ESTUDIO SEGUIMIENTO DESEMPEÑO AMBIENTAL ACUICULTURA EN CHILE Y SU EFECTO EN LOS ECOSISTEMAS DE EMPLAZAMIENTO 2024-2025,Objetivo 1. Actividad 2. Muestreos y Analisis sedimentos,Johana Ojeda ,INSTITUTO DE FOMENTO PESQUERO,Campaña_Otoño-Inv_2024.Proy.SeguimientoAmbiental,Reloncavi,25,414943.9,724718.2,2024-05-21,14:25:00,SULFUROS,20.43887943785504,21/05/2024 14:25:00,X
21,ESTUDIO SEGUIMIENTO DESEMPEÑO AMBIENTAL ACUICULTURA EN CHILE Y SU EFECTO EN LOS ECOSISTEMAS DE EMPLAZAMIENTO 2024-2025,Objetivo 1. Actividad 2. Muestreos y Analisis sedimentos,Johana Ojeda ,INSTITUTO DE FOMENTO PESQUERO,Campaña_Otoño-Inv_2024.Proy.SeguimientoAmbiental,Calbuco,1,414442.2,730610.3,2024-05-23,08:20:00,SULFUROS,94.25371069169545,23/05/2024 08:20:00,X
22,ESTUDIO SEGUIMIENTO DESEMPEÑO AMBIENTAL ACUICULTURA EN CHILE Y SU EFECTO EN LOS ECOSISTEMAS DE EMPLAZAMIENTO 2024-2025,Objetivo 1. Actividad 2. Muestreos y Analisis sedimentos,Johana Ojeda ,INSTITUTO DE FOMENTO PESQUERO,Campaña_Otoño-Inv_2024.Proy.SeguimientoAmbiental,Calbuco,2,414630.1,730505.2,2024-05-22,16:10:00,SULFUROS,113.19358542580308,22/05/2024 16:10:00,X
23,ESTUDIO SEGUIMIENTO DESEMPEÑO AMBIENTAL ACUICULTURA EN CHILE Y SU EFECTO EN LOS ECOSISTEMAS DE EMPLAZAMIENTO 2024-2025,Objetivo 1. Actividad 2. Muestreos y Analisis sedimentos,Johana Ojeda ,INSTITUTO DE FOMENTO PESQUERO,Campaña_Otoño-Inv_2024.Proy.SeguimientoAmbiental,Calbuco,8,414314.7,730933.2,2024-05-23,10:20:00,SULFUROS,115.99606490450088,23/05/2024 10:20:00,X
24,ESTUDIO SEGUIMIENTO DESEMPEÑO AMBIENTAL ACUICULTURA EN CHILE Y SU EFECTO EN LOS ECOSISTEMAS DE EMPLAZAMIENTO 2024-2025,Objetivo 1. Actividad 2. Muestreos y Analisis sedimentos,Johana Ojeda ,INSTITUTO DE FOMENTO PESQUERO,Campaña_Otoño-Inv_2024.Proy.SeguimientoAmbiental,Calbuco,16,414822.6,731018.3,2024-05-23,11:30:00,SULFUROS,282.75955897630905,23/05/2024 11:30:00,X
25,ESTUDIO SEGUIMIENTO DESEMPEÑO AMBIENTAL ACUICULTURA EN CHILE Y SU EFECTO EN LOS ECOSISTEMAS DE EMPLAZAMIENTO 2024-2025,Objetivo 1. Actividad 2. Muestreos y Analisis sedimentos,Johana Ojeda ,INSTITUTO DE FOMENTO PESQUERO,Campaña_Otoño-Inv_2024.Proy.SeguimientoAmbiental,Calbuco,22,414705.8,730505.2,2024-05-22,15:30:00,SULFUROS,305.1963503421894,22/05/2024 15:30:00,X
26,ESTUDIO SEGUIMIENTO DESEMPEÑO AMBIENTAL ACUICULTURA EN CHILE Y SU EFECTO EN LOS ECOSISTEMAS DE EMPLAZAMIENTO 2024-2025,Objetivo 1. Actividad 2. Muestreos y Analisis sedimentos,Johana Ojeda ,INSTITUTO DE FOMENTO PESQUERO,Campaña_Otoño-Inv_2024.Proy.SeguimientoAmbiental,Calbuco,26,415016.4,730447.2,2024-05-22,12:00:00,SULFUROS,349.2422311406323,22/05/2024 12:00:00,X
27,ESTUDIO SEGUIMIENTO DESEMPEÑO AMBIENTAL ACUICULTURA EN CHILE Y SU EFECTO EN LOS ECOSISTEMAS DE EMPLAZAMIENTO 2024-2025,Objetivo 1. Actividad 2. Muestreos y Analisis sedimentos,Johana Ojeda ,INSTITUTO DE FOMENTO PESQUERO,Campaña_Otoño-Inv_2024.Proy.SeguimientoAmbiental,Calbuco,27,414959.8,730629.1,2024-05-22,14:30:00,SULFUROS,62.97433808878717,22/05/2024 14:30:00,X
28,ESTUDIO SEGUIMIENTO DESEMPEÑO AMBIENTAL ACUICULTURA EN CHILE Y SU EFECTO EN LOS ECOSISTEMAS DE EMPLAZAMIENTO 2024-2025,Objetivo 1. Actividad 2. Muestreos y Analisis sedimentos,Johana Ojeda ,INSTITUTO DE FOMENTO PESQUERO,Campaña_Otoño-Inv_2024.Proy.SeguimientoAmbiental,Calbuco,30,415019.0,730822.5,2024-05-22,14:50:00,SULFUROS,133.37939768289803,22/05/2024 14:50:00,X
29,ESTUDIO SEGUIMIENTO DESEMPEÑO AMBIENTAL ACUICULTURA EN CHILE Y SU EFECTO EN LOS ECOSISTEMAS DE EMPLAZAMIENTO 2024-2025,Objetivo 1. Actividad 2. Muestreos y Analisis sedimentos,Johana Ojeda ,INSTITUTO DE FOMENTO PESQUERO,Campaña_Otoño-Inv_2024.Proy.SeguimientoAmbiental,Chacao,2,415659.3,733134.3,2024-05-24,12:00:00,SULFUROS,4.437758421077214,24/05/2024 12:00:00,X
30,ESTUDIO SEGUIMIENTO DESEMPEÑO AMBIENTAL ACUICULTURA EN CHILE Y SU EFECTO EN LOS ECOSISTEMAS DE EMPLAZAMIENTO 2024-2025,Objetivo 1. Actividad 2. Muestreos y Analisis sedimentos,Johana Ojeda ,INSTITUTO DE FOMENTO PESQUERO,Campaña_Otoño-Inv_2024.Proy.SeguimientoAmbiental,Chacao,6,415415.1,732906.8,2024-05-24,11:30:00,SULFUROS,47.160340287881674,24/05/2024 11:30:00,X
31,ESTUDIO SEGUIMIENTO DESEMPEÑO AMBIENTAL ACUICULTURA EN CHILE Y SU EFECTO EN LOS ECOSISTEMAS DE EMPLAZAMIENTO 2024-2025,Objetivo 1. Actividad 2. Muestreos y Analisis sedimentos,Johana Ojeda ,INSTITUTO DE FOMENTO PESQUERO,Campaña_Otoño-Inv_2024.Proy.SeguimientoAmbiental,Chacao,12,415217.3,733107.9,2024-05-24,11:40:00,SULFUROS,110.78912262792291,24/05/2024 11:40:00,X
32,ESTUDIO SEGUIMIENTO DESEMPEÑO AMBIENTAL ACUICULTURA EN CHILE Y SU EFECTO EN LOS ECOSISTEMAS DE EMPLAZAMIENTO 2024-2025,Objetivo 1. Actividad 2. Muestreos y Analisis sedimentos,Johana Ojeda ,INSTITUTO DE FOMENTO PESQUERO,Campaña_Otoño-Inv_2024.Proy.SeguimientoAmbiental,Chacao,14,415115.7,732851.2,2024-05-24,11:10:00,SULFUROS,0.3974546615067747,24/05/2024 11:10:00,X
33,ESTUDIO SEGUIMIENTO DESEMPEÑO AMBIENTAL ACUICULTURA EN CHILE Y SU EFECTO EN LOS ECOSISTEMAS DE EMPLAZAMIENTO 2024-2025,Objetivo 1. Actividad 2. Muestreos y Analisis sedimentos,Johana Ojeda ,INSTITUTO DE FOMENTO PESQUERO,Campaña_Otoño-Inv_2024.Proy.SeguimientoAmbiental,Butachauques,1,421917.6,731519.1,2024-05-25,10:45:00,SULFUROS,19.828492241512198,25/05/2024 10:45:00,X
34,ESTUDIO SEGUIMIENTO DESEMPEÑO AMBIENTAL ACUICULTURA EN CHILE Y SU EFECTO EN LOS ECOSISTEMAS DE EMPLAZAMIENTO 2024-2025,Objetivo 1. Actividad 2. Muestreos y Analisis sedimentos,Johana Ojeda ,INSTITUTO DE FOMENTO PESQUERO,Campaña_Otoño-Inv_2024.Proy.SeguimientoAmbiental,Butachauques,3,421702.6,731506.7,2024-05-25,11:20:00,SULFUROS,16.078759288571515,25/05/2024 11:20:00,X
35,ESTUDIO SEGUIMIENTO DESEMPEÑO AMBIENTAL ACUICULTURA EN CHILE Y SU EFECTO EN LOS ECOSISTEMAS DE EMPLAZAMIENTO 2024-2025,Objetivo 1. Actividad 2. Muestreos y Analisis sedimentos,Johana Ojeda ,INSTITUTO DE FOMENTO PESQUERO,Campaña_Otoño-Inv_2024.Proy.SeguimientoAmbiental,Butachauques,7,421556.3,730936.2,2024-05-25,12:40:00,SULFUROS,0.002540006554171003,25/05/2024 12:40:00,X
36,ESTUDIO SEGUIMIENTO DESEMPEÑO AMBIENTAL ACUICULTURA EN CHILE Y SU EFECTO EN LOS ECOSISTEMAS DE EMPLAZAMIENTO 2024-2025,Objetivo 1. Actividad 2. Muestreos y Analisis sedimentos,Johana Ojeda ,INSTITUTO DE FOMENTO PESQUERO,Campaña_Otoño-Inv_2024.Proy.SeguimientoAmbiental,Butachauques,10,421645.3,732049.7,2024-05-25,10:00:00,SULFUROS,63.0246595856078,25/05/2024 10:00:00,X
37,ESTUDIO SEGUIMIENTO DESEMPEÑO AMBIENTAL ACUICULTURA EN CHILE Y SU EFECTO EN LOS ECOSISTEMAS DE EMPLAZAMIENTO 2024-2025,Objetivo 1. Actividad 2. Muestreos y Analisis sedimentos,Johana Ojeda ,INSTITUTO DE FOMENTO PESQUERO,Campaña_Otoño-Inv_2024.Proy.SeguimientoAmbiental,Butachauques,12,421224.4,732358.0,2024-05-25,08:45:00,SULFUROS,17.580319210045506,25/05/2024 08:45:00,X
38,ESTUDIO SEGUIMIENTO DESEMPEÑO AMBIENTAL ACUICULTURA EN CHILE Y SU EFECTO EN LOS ECOSISTEMAS DE EMPLAZAMIENTO 2024-2025,Objetivo 1. Actividad 2. Muestreos y Analisis sedimentos,Johana Ojeda ,INSTITUTO DE FOMENTO PESQUERO,Campaña_Otoño-Inv_2024.Proy.SeguimientoAmbiental,Butachauques,13,421021.7,732609.5,2024-05-25,08:20:00,SULFUROS,22.643073456430724,25/05/2024 08:20:00,X
39,ESTUDIO SEGUIMIENTO DESEMPEÑO AMBIENTAL ACUICULTURA EN CHILE Y SU EFECTO EN LOS ECOSISTEMAS DE EMPLAZAMIENTO 2024-2025,Objetivo 1. Actividad 2. Muestreos y Analisis sedimentos,Johana Ojeda ,INSTITUTO DE FOMENTO PESQUERO,Campaña_Otoño-Inv_2024.Proy.SeguimientoAmbiental,Butachauques,14,420929.5,732804.6,2024-05-24,14:10:00,SULFUROS,308.64694705225287,24/05/2024 14:10:00,X
40,ESTUDIO SEGUIMIENTO DESEMPEÑO AMBIENTAL ACUICULTURA EN CHILE Y SU EFECTO EN LOS ECOSISTEMAS DE EMPLAZAMIENTO 2024-2025,Objetivo 1. Actividad 2. Muestreos y Analisis sedimentos,Johana Ojeda ,INSTITUTO DE FOMENTO PESQUERO,Campaña_Otoño-Inv_2024.Proy.SeguimientoAmbiental,Chaulinec,3,423622.9,731526.5,2024-05-26,10:35:00,SULFUROS,3.8158771770051794,26/05/2024 10:35:00,X
41,ESTUDIO SEGUIMIENTO DESEMPEÑO AMBIENTAL ACUICULTURA EN CHILE Y SU EFECTO EN LOS ECOSISTEMAS DE EMPLAZAMIENTO 2024-2025,Objetivo 1. Actividad 2. Muestreos y Analisis sedimentos,Johana Ojeda ,INSTITUTO DE FOMENTO PESQUERO,Campaña_Otoño-Inv_2024.Proy.SeguimientoAmbiental,Chaulinec,4,423422.1,731353.2,2024-05-26,11:15:00,SULFUROS,8.116882178376219,26/05/2024 11:15:00,X
42,ESTUDIO SEGUIMIENTO DESEMPEÑO AMBIENTAL ACUICULTURA EN CHILE Y SU EFECTO EN LOS ECOSISTEMAS DE EMPLAZAMIENTO 2024-2025,Objetivo 1. Actividad 2. Muestreos y Analisis sedimentos,Johana Ojeda ,INSTITUTO DE FOMENTO PESQUERO,Campaña_Otoño-Inv_2024.Proy.SeguimientoAmbiental,Chaulinec,7,422803.3,732256.7,2024-05-26,09:50:00,SULFUROS,9.789968543414903e-05,26/05/2024 09:50:00,X
43,ESTUDIO SEGUIMIENTO DESEMPEÑO AMBIENTAL ACUICULTURA EN CHILE Y SU EFECTO EN LOS ECOSISTEMAS DE EMPLAZAMIENTO 2024-2025,Objetivo 1. Actividad 2. Muestreos y Analisis sedimentos,Johana Ojeda ,INSTITUTO DE FOMENTO PESQUERO,Campaña_Otoño-Inv_2024.Proy.SeguimientoAmbiental,Chaulinec,10,422429.1,731921.4,2024-05-25,15:15:00,SULFUROS,4.6570717251216145,25/05/2024 15:15:00,X
44,ESTUDIO SEGUIMIENTO DESEMPEÑO AMBIENTAL ACUICULTURA EN CHILE Y SU EFECTO EN LOS ECOSISTEMAS DE EMPLAZAMIENTO 2024-2025,Objetivo 1. Actividad 2. Muestreos y Analisis sedimentos,Johana Ojeda ,INSTITUTO DE FOMENTO PESQUERO,Campaña_Otoño-Inv_2024.Proy.SeguimientoAmbiental,Chaulinec,13,422634.7,733044.2,2024-05-26,14:50:00,SULFUROS,44.22951317933723,26/05/2024 14:50:00,X
45,ESTUDIO SEGUIMIENTO DESEMPEÑO AMBIENTAL ACUICULTURA EN CHILE Y SU EFECTO EN LOS ECOSISTEMAS DE EMPLAZAMIENTO 2024-2025,Objetivo 1. Actividad 2. Muestreos y Analisis sedimentos,Johana Ojeda ,INSTITUTO DE FOMENTO PESQUERO,Campaña_Otoño-Inv_2024.Proy.SeguimientoAmbiental,Tenaun,2,422246.5,733559.1,2024-05-26,16:55:00,SULFUROS,14.33290890469914,26/05/2024 16:55:00,X
46,ESTUDIO SEGUIMIENTO DESEMPEÑO AMBIENTAL ACUICULTURA EN CHILE Y SU EFECTO EN LOS ECOSISTEMAS DE EMPLAZAMIENTO 2024-2025,Objetivo 1. Actividad 2. Muestreos y Analisis sedimentos,Johana Ojeda ,INSTITUTO DE FOMENTO PESQUERO,Campaña_Otoño-Inv_2024.Proy.SeguimientoAmbiental,Tenaun,3,422307.4,733744.8,2024-05-27,08:15:00,SULFUROS,19.657654411575333,27/05/2024 08:15:00,X
47,ESTUDIO SEGUIMIENTO DESEMPEÑO AMBIENTAL ACUICULTURA EN CHILE Y SU EFECTO EN LOS ECOSISTEMAS DE EMPLAZAMIENTO 2024-2025,Objetivo 1. Actividad 2. Muestreos y Analisis sedimentos,Johana Ojeda ,INSTITUTO DE FOMENTO PESQUERO,Campaña_Otoño-Inv_2024.Proy.SeguimientoAmbiental,Tenaun,6,422215.1,733731.1,2024-05-27,08:45:00,SULFUROS,23.84218606185495,27/05/2024 08:45:00,X
48,ESTUDIO SEGUIMIENTO DESEMPEÑO AMBIENTAL ACUICULTURA EN CHILE Y SU EFECTO EN LOS ECOSISTEMAS DE EMPLAZAMIENTO 2024-2025,Objetivo 1. Actividad 2. Muestreos y Analisis sedimentos,Johana Ojeda ,INSTITUTO DE FOMENTO PESQUERO,Campaña_Otoño-Inv_2024.Proy.SeguimientoAmbiental,Tenaun,9,422139.1,733441.7,2024-05-26,15:20:00,SULFUROS,33.104130538118966,26/05/2024 15:20:00,X
49,ESTUDIO SEGUIMIENTO DESEMPEÑO AMBIENTAL ACUICULTURA EN CHILE Y SU EFECTO EN LOS ECOSISTEMAS DE EMPLAZAMIENTO 2024-2025,Objetivo 1. Actividad 2. Muestreos y Analisis sedimentos,Johana Ojeda ,INSTITUTO DE FOMENTO PESQUERO,Campaña_Otoño-Inv_2024.Proy.SeguimientoAmbiental,Tenaun,14,422026.0,733200.9,2024-05-26,14:50:00,SULFUROS,41.31999387420143,26/05/2024 14:50:00,X
50,ESTUDIO SEGUIMIENTO DESEMPEÑO AMBIENTAL ACUICULTURA EN CHILE Y SU EFECTO EN LOS ECOSISTEMAS DE EMPLAZAMIENTO 2024-2025,Objetivo 1. Actividad 2. Muestreos y Analisis sedimentos,Johana Ojeda ,INSTITUTO DE FOMENTO PESQUERO,Campaña_Otoño-Inv_2024.Proy.SeguimientoAmbiental,Chiloe central,1,423046.9,734515.6,2024-05-27,14:45:00,SULFUROS,82.22381847343293,27/05/2024 14:45:00,X
51,ESTUDIO SEGUIMIENTO DESEMPEÑO AMBIENTAL ACUICULTURA EN CHILE Y SU EFECTO EN LOS ECOSISTEMAS DE EMPLAZAMIENTO 2024-2025,Objetivo 1. Actividad 2. Muestreos y Analisis sedimentos,Johana Ojeda ,INSTITUTO DE FOMENTO PESQUERO,Campaña_Otoño-Inv_2024.Proy.SeguimientoAmbiental,Chiloe central,4,423259.2,734015.8,2024-05-27,13:35:00,SULFUROS,63.27831815857535,27/05/2024 13:35:00,X
52,ESTUDIO SEGUIMIENTO DESEMPEÑO AMBIENTAL ACUICULTURA EN CHILE Y SU EFECTO EN LOS ECOSISTEMAS DE EMPLAZAMIENTO 2024-2025,Objetivo 1. Actividad 2. Muestreos y Analisis sedimentos,Johana Ojeda ,INSTITUTO DE FOMENTO PESQUERO,Campaña_Otoño-Inv_2024.Proy.SeguimientoAmbiental,Chiloe central,6,423209.3,733613.2,2024-05-27,13:00:00,SULFUROS,2.4501741300415234,27/05/2024 13:00:00,X
53,ESTUDIO SEGUIMIENTO DESEMPEÑO AMBIENTAL ACUICULTURA EN CHILE Y SU EFECTO EN LOS ECOSISTEMAS DE EMPLAZAMIENTO 2024-2025,Objetivo 1. Actividad 2. Muestreos y Analisis sedimentos,Johana Ojeda ,INSTITUTO DE FOMENTO PESQUERO,Campaña_Otoño-Inv_2024.Proy.SeguimientoAmbiental,Chiloe central,7,423029.3,733611.3,2024-05-27,10:25:00,SULFUROS,147.44671059136255,27/05/2024 10:25:00,X
54,ESTUDIO SEGUIMIENTO DESEMPEÑO AMBIENTAL ACUICULTURA EN CHILE Y SU EFECTO EN LOS ECOSISTEMAS DE EMPLAZAMIENTO 2024-2025,Objetivo 1. Actividad 2. Muestreos y Analisis sedimentos,Johana Ojeda ,INSTITUTO DE FOMENTO PESQUERO,Campaña_Otoño-Inv_2024.Proy.SeguimientoAmbiental,Chiloe central,11,422833.3,733241.1,2024-05-27,11:00:00,SULFUROS,30.028889720566823,27/05/2024 11:00:00,X
55,ESTUDIO SEGUIMIENTO DESEMPEÑO AMBIENTAL ACUICULTURA EN CHILE Y SU EFECTO EN LOS ECOSISTEMAS DE EMPLAZAMIENTO 2024-2025,Objetivo 1. Actividad 2. Muestreos y Analisis sedimentos,Johana Ojeda ,INSTITUTO DE FOMENTO PESQUERO,Campaña_Otoño-Inv_2024.Proy.SeguimientoAmbiental,Chiloe central,12,423059.3,732821.5,2024-05-27,11:35:00,SULFUROS,47.61330993121584,27/05/2024 11:35:00,X
56,ESTUDIO SEGUIMIENTO DESEMPEÑO AMBIENTAL ACUICULTURA EN CHILE Y SU EFECTO EN LOS ECOSISTEMAS DE EMPLAZAMIENTO 2024-2025,Objetivo 1. Actividad 2. Muestreos y Analisis sedimentos,Johana Ojeda ,INSTITUTO DE FOMENTO PESQUERO,Campaña_Otoño-Inv_2024.Proy.SeguimientoAmbiental,Chiloe central,16,424213.5,733738.2,2024-05-29,10:45:00,SULFUROS,1.685164284706757,29/05/2024 10:45:00,X
57,ESTUDIO SEGUIMIENTO DESEMPEÑO AMBIENTAL ACUICULTURA EN CHILE Y SU EFECTO EN LOS ECOSISTEMAS DE EMPLAZAMIENTO 2024-2025,Objetivo 1. Actividad 2. Muestreos y Analisis sedimentos,Johana Ojeda ,INSTITUTO DE FOMENTO PESQUERO,Campaña_Otoño-Inv_2024.Proy.SeguimientoAmbiental,Chiloe central,26,423654.6,732710.2,2024-05-26,12:00:00,SULFUROS,15.52302040988287,26/05/2024 12:00:00,X
58,ESTUDIO SEGUIMIENTO DESEMPEÑO AMBIENTAL ACUICULTURA EN CHILE Y SU EFECTO EN LOS ECOSISTEMAS DE EMPLAZAMIENTO 2024-2025,Objetivo 1. Actividad 2. Muestreos y Analisis sedimentos,Johana Ojeda ,INSTITUTO DE FOMENTO PESQUERO,Campaña_Otoño-Inv_2024.Proy.SeguimientoAmbiental,Desertores,1,424703.0,725635.9,2024-06-19,15:30:00,SULFUROS,160.71118395039406,19/06/2024 15:30:00,X
59,ESTUDIO SEGUIMIENTO DESEMPEÑO AMBIENTAL ACUICULTURA EN CHILE Y SU EFECTO EN LOS ECOSISTEMAS DE EMPLAZAMIENTO 2024-2025,Objetivo 1. Actividad 2. Muestreos y Analisis sedimentos,Johana Ojeda ,INSTITUTO DE FOMENTO PESQUERO,Campaña_Otoño-Inv_2024.Proy.SeguimientoAmbiental,Desertores,2,424756.1,725723.7,2024-06-22,09:15:00,SULFUROS,1.45274315163088,22/06/2024 09:15:00,X
60,ESTUDIO SEGUIMIENTO DESEMPEÑO AMBIENTAL ACUICULTURA EN CHILE Y SU EFECTO EN LOS ECOSISTEMAS DE EMPLAZAMIENTO 2024-2025,Objetivo 1. Actividad 2. Muestreos y Analisis sedimentos,Johana Ojeda ,INSTITUTO DE FOMENTO PESQUERO,Campaña_Otoño-Inv_2024.Proy.SeguimientoAmbiental,Desertores,3,424536.0,725951.7,2024-06-22,09:50:00,SULFUROS,0.5130242700713101,22/06/2024 09:50:00,X
61,ESTUDIO SEGUIMIENTO DESEMPEÑO AMBIENTAL ACUICULTURA EN CHILE Y SU EFECTO EN LOS ECOSISTEMAS DE EMPLAZAMIENTO 2024-2025,Objetivo 1. Actividad 2. Muestreos y Analisis sedimentos,Johana Ojeda ,INSTITUTO DE FOMENTO PESQUERO,Campaña_Otoño-Inv_2024.Proy.SeguimientoAmbiental,Desertores,6,424206.5,730534.1,2024-06-22,10:45:00,SULFUROS,34.48499686273063,22/06/2024 10:45:00,X
62,ESTUDIO SEGUIMIENTO DESEMPEÑO AMBIENTAL ACUICULTURA EN CHILE Y SU EFECTO EN LOS ECOSISTEMAS DE EMPLAZAMIENTO 2024-2025,Objetivo 1. Actividad 2. Muestreos y Analisis sedimentos,Johana Ojeda ,INSTITUTO DE FOMENTO PESQUERO,Campaña_Otoño-Inv_2024.Proy.SeguimientoAmbiental,Quellon,6,431143.2,733811.2,2024-06-01,11:05:00,SULFUROS,16.620425921327364,01/06/2024 11:05:00,X
63,ESTUDIO SEGUIMIENTO DESEMPEÑO AMBIENTAL ACUICULTURA EN CHILE Y SU EFECTO EN LOS ECOSISTEMAS DE EMPLAZAMIENTO 2024-2025,Objetivo 1. Actividad 2. Muestreos y Analisis sedimentos,Johana Ojeda ,INSTITUTO DE FOMENTO PESQUERO,Campaña_Otoño-Inv_2024.Proy.SeguimientoAmbiental,Quellon,8,430739.5,734328.6,2024-06-01,12:05:00,SULFUROS,80.49629126197978,01/06/2024 12:05:00,X
64,ESTUDIO SEGUIMIENTO DESEMPEÑO AMBIENTAL ACUICULTURA EN CHILE Y SU EFECTO EN LOS ECOSISTEMAS DE EMPLAZAMIENTO 2024-2025,Objetivo 1. Actividad 2. Muestreos y Analisis sedimentos,Johana Ojeda ,INSTITUTO DE FOMENTO PESQUERO,Campaña_Otoño-Inv_2024.Proy.SeguimientoAmbiental,Quellon,11,430832.2,734013.7,2024-06-01,12:35:00,SULFUROS,83.722936945538,01/06/2024 12:35:00,X
65,ESTUDIO SEGUIMIENTO DESEMPEÑO AMBIENTAL ACUICULTURA EN CHILE Y SU EFECTO EN LOS ECOSISTEMAS DE EMPLAZAMIENTO 2024-2025,Objetivo 1. Actividad 2. Muestreos y Analisis sedimentos,Johana Ojeda ,INSTITUTO DE FOMENTO PESQUERO,Campaña_Otoño-Inv_2024.Proy.SeguimientoAmbiental,Quellon,12,431133.5,733423.8,2024-06-01,10:15:00,SULFUROS,18.33103066900591,01/06/2024 10:15:00,X
66,ESTUDIO SEGUIMIENTO DESEMPEÑO AMBIENTAL ACUICULTURA EN CHILE Y SU EFECTO EN LOS ECOSISTEMAS DE EMPLAZAMIENTO 2024-2025,Objetivo 1. Actividad 2. Muestreos y Analisis sedimentos,Johana Ojeda ,INSTITUTO DE FOMENTO PESQUERO,Campaña_Otoño-Inv_2024.Proy.SeguimientoAmbiental,Quellon,13,430826.2,733310.7,2024-06-01,09:30:00,SULFUROS,179.35238826528715,01/06/2024 09:30:00,X
67,ESTUDIO SEGUIMIENTO DESEMPEÑO AMBIENTAL ACUICULTURA EN CHILE Y SU EFECTO EN LOS ECOSISTEMAS DE EMPLAZAMIENTO 2024-2025,Objetivo 1. Actividad 2. Muestreos y Analisis sedimentos,Johana Ojeda ,INSTITUTO DE FOMENTO PESQUERO,Campaña_Otoño-Inv_2024.Proy.SeguimientoAmbiental,Quellon,19,430307.5,732746.7,2024-05-31,15:10:00,SULFUROS,14.762223056762773,31/05/2024 15:10:00,X
68,ESTUDIO SEGUIMIENTO DESEMPEÑO AMBIENTAL ACUICULTURA EN CHILE Y SU EFECTO EN LOS ECOSISTEMAS DE EMPLAZAMIENTO 2024-2025,Objetivo 1. Actividad 2. Muestreos y Analisis sedimentos,Johana Ojeda ,INSTITUTO DE FOMENTO PESQUERO,Campaña_Otoño-Inv_2024.Proy.SeguimientoAmbiental,Quellon,21,430206.1,733133.1,2024-05-31,14:35:00,SULFUROS,29.14608345457727,31/05/2024 14:35:00,X
69,ESTUDIO SEGUIMIENTO DESEMPEÑO AMBIENTAL ACUICULTURA EN CHILE Y SU EFECTO EN LOS ECOSISTEMAS DE EMPLAZAMIENTO 2024-2025,Objetivo 1. Actividad 2. Muestreos y Analisis sedimentos,Johana Ojeda ,INSTITUTO DE FOMENTO PESQUERO,Campaña_Otoño-Inv_2024.Proy.SeguimientoAmbiental,Quellon,22,425921.8,732805.5,2024-05-31,14:00:00,SULFUROS,3.406832841243658,31/05/2024 14:00:00,X
70,ESTUDIO SEGUIMIENTO DESEMPEÑO AMBIENTAL ACUICULTURA EN CHILE Y SU EFECTO EN LOS ECOSISTEMAS DE EMPLAZAMIENTO 2024-2025,Objetivo 1. Actividad 2. Muestreos y Analisis sedimentos,Johana Ojeda ,INSTITUTO DE FOMENTO PESQUERO,Campaña_Otoño-Inv_2024.Proy.SeguimientoAmbiental,Quellon,26,425621.2,733649.9,2024-05-31,12:50:00,SULFUROS,5.107426818381028,31/05/2024 12:50:00,X
71,ESTUDIO SEGUIMIENTO DESEMPEÑO AMBIENTAL ACUICULTURA EN CHILE Y SU EFECTO EN LOS ECOSISTEMAS DE EMPLAZAMIENTO 2024-2025,Objetivo 1. Actividad 2. Muestreos y Analisis sedimentos,Johana Ojeda ,INSTITUTO DE FOMENTO PESQUERO,Campaña_Otoño-Inv_2024.Proy.SeguimientoAmbiental,Quellon,28,425525.9,733504.7,2024-05-31,12:30:00,SULFUROS,24.327431991217555,31/05/2024 12:30:00,X
72,ESTUDIO SEGUIMIENTO DESEMPEÑO AMBIENTAL ACUICULTURA EN CHILE Y SU EFECTO EN LOS ECOSISTEMAS DE EMPLAZAMIENTO 2024-2025,Objetivo 1. Actividad 2. Muestreos y Analisis sedimentos,Johana Ojeda ,INSTITUTO DE FOMENTO PESQUERO,Campaña_Otoño-Inv_2024.Proy.SeguimientoAmbiental,Quellon,32,425122.8,734130.9,2024-05-31,11:45:00,SULFUROS,533.5903471508738,31/05/2024 11:45:00,X
73,ESTUDIO SEGUIMIENTO DESEMPEÑO AMBIENTAL ACUICULTURA EN CHILE Y SU EFECTO EN LOS ECOSISTEMAS DE EMPLAZAMIENTO 2024-2025,Objetivo 1. Actividad 2. Muestreos y Analisis sedimentos,Johana Ojeda ,INSTITUTO DE FOMENTO PESQUERO,Campaña_Otoño-Inv_2024.Proy.SeguimientoAmbiental,Quellon,39,425415.3,732927.9,2024-05-29,13:15:00,SULFUROS,26.726097265820357,29/05/2024 13:15:00,X
74,ESTUDIO SEGUIMIENTO DESEMPEÑO AMBIENTAL ACUICULTURA EN CHILE Y SU EFECTO EN LOS ECOSISTEMAS DE EMPLAZAMIENTO 2024-2025,Objetivo 1. Actividad 2. Muestreos y Analisis sedimentos,Johana Ojeda ,INSTITUTO DE FOMENTO PESQUERO,Campaña_Otoño-Inv_2024.Proy.SeguimientoAmbiental,Hornopiren,3,420427.1,722759.7,2024-06-14,15:25:00,SULFUROS,50.748243067836945,14/06/2024 15:25:00,X
75,ESTUDIO SEGUIMIENTO DESEMPEÑO AMBIENTAL ACUICULTURA EN CHILE Y SU EFECTO EN LOS ECOSISTEMAS DE EMPLAZAMIENTO 2024-2025,Objetivo 1. Actividad 2. Muestreos y Analisis sedimentos,Johana Ojeda ,INSTITUTO DE FOMENTO PESQUERO,Campaña_Otoño-Inv_2024.Proy.SeguimientoAmbiental,Hornopiren,6,420209.6,723558.5,2024-06-14,14:20:00,SULFUROS,4.547021436165642,14/06/2024 14:20:00,X
76,ESTUDIO SEGUIMIENTO DESEMPEÑO AMBIENTAL ACUICULTURA EN CHILE Y SU EFECTO EN LOS ECOSISTEMAS DE EMPLAZAMIENTO 2024-2025,Objetivo 1. Actividad 2. Muestreos y Analisis sedimentos,Johana Ojeda ,INSTITUTO DE FOMENTO PESQUERO,Campaña_Otoño-Inv_2024.Proy.SeguimientoAmbiental,Hornopiren,7,420301.3,723537.3,2024-06-14,13:45:00,SULFUROS,78.74815263858683,14/06/2024 13:45:00,X
78,ESTUDIO SEGUIMIENTO DESEMPEÑO AMBIENTAL ACUICULTURA EN CHILE Y SU EFECTO EN LOS ECOSISTEMAS DE EMPLAZAMIENTO 2024-2025,Objetivo 1. Actividad 2. Muestreos y Analisis sedimentos,Johana Ojeda ,INSTITUTO DE FOMENTO PESQUERO,Campaña_Otoño-Inv_2024.Proy.SeguimientoAmbiental,Hornopiren,14,421524.5,722346.8,2024-06-14,17:20:00,SULFUROS,122.89088766778472,14/06/2024 17:20:00,X
79,ESTUDIO SEGUIMIENTO DESEMPEÑO AMBIENTAL ACUICULTURA EN CHILE Y SU EFECTO EN LOS ECOSISTEMAS DE EMPLAZAMIENTO 2024-2025,Objetivo 1. Actividad 2. Muestreos y Analisis sedimentos,Johana Ojeda ,INSTITUTO DE FOMENTO PESQUERO,Campaña_Otoño-Inv_2024.Proy.SeguimientoAmbiental,Ayacara,1,421853.1,724721.9,2024-06-15,13:15:00,SULFUROS,16.33987286822778,15/06/2024 13:15:00,X
80,ESTUDIO SEGUIMIENTO DESEMPEÑO AMBIENTAL ACUICULTURA EN CHILE Y SU EFECTO EN LOS ECOSISTEMAS DE EMPLAZAMIENTO 2024-2025,Objetivo 1. Actividad 2. Muestreos y Analisis sedimentos,Johana Ojeda ,INSTITUTO DE FOMENTO PESQUERO,Campaña_Otoño-Inv_2024.Proy.SeguimientoAmbiental,Ayacara,2,422434.1,724307.0,2024-06-15,14:50:00,SULFUROS,30.60673737918154,15/06/2024 14:50:00,X
81,ESTUDIO SEGUIMIENTO DESEMPEÑO AMBIENTAL ACUICULTURA EN CHILE Y SU EFECTO EN LOS ECOSISTEMAS DE EMPLAZAMIENTO 2024-2025,Objetivo 1. Actividad 2. Muestreos y Analisis sedimentos,Johana Ojeda ,INSTITUTO DE FOMENTO PESQUERO,Campaña_Otoño-Inv_2024.Proy.SeguimientoAmbiental,Ayacara,3,423409.7,723139.7,2024-06-15,17:15:00,SULFUROS,1.4706960724381328,15/06/2024 17:15:00,X
82,ESTUDIO SEGUIMIENTO DESEMPEÑO AMBIENTAL ACUICULTURA EN CHILE Y SU EFECTO EN LOS ECOSISTEMAS DE EMPLAZAMIENTO 2024-2025,Objetivo 1. Actividad 2. Muestreos y Analisis sedimentos,Johana Ojeda ,INSTITUTO DE FOMENTO PESQUERO,Campaña_Otoño-Inv_2024.Proy.SeguimientoAmbiental,Ayacara,4,423117.9,724140.8,2024-06-15,16:00:00,SULFUROS,22.088527226425416,15/06/2024 16:00:00,X
83,ESTUDIO SEGUIMIENTO DESEMPEÑO AMBIENTAL ACUICULTURA EN CHILE Y SU EFECTO EN LOS ECOSISTEMAS DE EMPLAZAMIENTO 2024-2025,Objetivo 1. Actividad 2. Muestreos y Analisis sedimentos,Johana Ojeda ,INSTITUTO DE FOMENTO PESQUERO,Campaña_Otoño-Inv_2024.Proy.SeguimientoAmbiental,Ayacara,7,423730.6,725115.4,2024-06-19,12:10:00,SULFUROS,1.909511271282901,19/06/2024 12:10:00,X
84,ESTUDIO SEGUIMIENTO DESEMPEÑO AMBIENTAL ACUICULTURA EN CHILE Y SU EFECTO EN LOS ECOSISTEMAS DE EMPLAZAMIENTO 2024-2025,Objetivo 1. Actividad 2. Muestreos y Analisis sedimentos,Johana Ojeda ,INSTITUTO DE FOMENTO PESQUERO,Campaña_Otoño-Inv_2024.Proy.SeguimientoAmbiental,Ayacara,9,424232.8,725058.9,2024-06-19,13:00:00,SULFUROS,13.20527730323748,19/06/2024 13:00:00,X
85,ESTUDIO SEGUIMIENTO DESEMPEÑO AMBIENTAL ACUICULTURA EN CHILE Y SU EFECTO EN LOS ECOSISTEMAS DE EMPLAZAMIENTO 2024-2025,Objetivo 1. Actividad 2. Muestreos y Analisis sedimentos,Johana Ojeda ,INSTITUTO DE FOMENTO PESQUERO,Campaña_Otoño-Inv_2024.Proy.SeguimientoAmbiental,Chaiten,3,424711.1,725049.9,2024-06-16,13:30:00,SULFUROS,0.8272560187086292,16/06/2024 13:30:00,X
86,ESTUDIO SEGUIMIENTO DESEMPEÑO AMBIENTAL ACUICULTURA EN CHILE Y SU EFECTO EN LOS ECOSISTEMAS DE EMPLAZAMIENTO 2024-2025,Objetivo 1. Actividad 2. Muestreos y Analisis sedimentos,Johana Ojeda ,INSTITUTO DE FOMENTO PESQUERO,Campaña_Otoño-Inv_2024.Proy.SeguimientoAmbiental,Chaiten,4,425527.6,724459.6,2024-06-16,14:20:00,SULFUROS,79.7323686278777,16/06/2024 14:20:00,X
87,ESTUDIO SEGUIMIENTO DESEMPEÑO AMBIENTAL ACUICULTURA EN CHILE Y SU EFECTO EN LOS ECOSISTEMAS DE EMPLAZAMIENTO 2024-2025,Objetivo 1. Actividad 2. Muestreos y Analisis sedimentos,Johana Ojeda ,INSTITUTO DE FOMENTO PESQUERO,Campaña_Otoño-Inv_2024.Proy.SeguimientoAmbiental,Chaiten,12,431438.9,725308.2,2024-06-23,12:00:00,SULFUROS,1.764063932018563e-05,23/06/2024 12:00:00,X
88,ESTUDIO SEGUIMIENTO DESEMPEÑO AMBIENTAL ACUICULTURA EN CHILE Y SU EFECTO EN LOS ECOSISTEMAS DE EMPLAZAMIENTO 2024-2025,Objetivo 1. Actividad 2. Muestreos y Analisis sedimentos,Johana Ojeda ,INSTITUTO DE FOMENTO PESQUERO,Campaña_Otoño-Inv_2024.Proy.SeguimientoAmbiental,Chaiten,14,431550.9,725835.0,2024-06-23,11:00:00,SULFUROS,0.00021119436929431754,23/06/2024 11:00:00,X
89,ESTUDIO SEGUIMIENTO DESEMPEÑO AMBIENTAL ACUICULTURA EN CHILE Y SU EFECTO EN LOS ECOSISTEMAS DE EMPLAZAMIENTO 2024-2025,Objetivo 1. Actividad 2. Muestreos y Analisis sedimentos,Johana Ojeda ,INSTITUTO DE FOMENTO PESQUERO,Campaña_Otoño-Inv_2024.Proy.SeguimientoAmbiental,Chaiten,18,433529.8,730022.5,2024-08-05,07:21:00,SULFUROS,0.0003931439695255168,05/08/2024 07:21:00,X
90,ESTUDIO SEGUIMIENTO DESEMPEÑO AMBIENTAL ACUICULTURA EN CHILE Y SU EFECTO EN LOS ECOSISTEMAS DE EMPLAZAMIENTO 2024-2025,Objetivo 1. Actividad 2. Muestreos y Analisis sedimentos,Johana Ojeda ,INSTITUTO DE FOMENTO PESQUERO,Campaña_Otoño-Inv_2024.Proy.SeguimientoAmbiental,Chaiten,19,433757.9,725704.9,2024-08-04,16:35:00,SULFUROS,19.424541846317855,04/08/2024 16:35:00,X
92,ESTUDIO SEGUIMIENTO DESEMPEÑO AMBIENTAL ACUICULTURA EN CHILE Y SU EFECTO EN LOS ECOSISTEMAS DE EMPLAZAMIENTO 2024-2025,Objetivo 1. Actividad 2. Muestreos y Analisis sedimentos,Johana Ojeda ,INSTITUTO DE FOMENTO PESQUERO,Campaña_Otoño-Inv_2024.Proy.SeguimientoAmbiental,Guaitecas,1,442931.1,740942.8,2024-07-14,10:50:00,SULFUROS,8.628411447881058,14/07/2024 10:50:00,XI
93,ESTUDIO SEGUIMIENTO DESEMPEÑO AMBIENTAL ACUICULTURA EN CHILE Y SU EFECTO EN LOS ECOSISTEMAS DE EMPLAZAMIENTO 2024-2025,Objetivo 1. Actividad 2. Muestreos y Analisis sedimentos,Johana Ojeda ,INSTITUTO DE FOMENTO PESQUERO,Campaña_Otoño-Inv_2024.Proy.SeguimientoAmbiental,Guaitecas,2,442708.1,740808.5,2024-07-14,10:20:00,SULFUROS,71.62873596685414,14/07/2024 10:20:00,XI
94,ESTUDIO SEGUIMIENTO DESEMPEÑO AMBIENTAL ACUICULTURA EN CHILE Y SU EFECTO EN LOS ECOSISTEMAS DE EMPLAZAMIENTO 2024-2025,Objetivo 1. Actividad 2. Muestreos y Analisis sedimentos,Johana Ojeda ,INSTITUTO DE FOMENTO PESQUERO,Campaña_Otoño-Inv_2024.Proy.SeguimientoAmbiental,Guaitecas,4,441418.4,741320.7,2024-07-14,08:30:00,SULFUROS,63.13100031690326,14/07/2024 08:30:00,XI
95,ESTUDIO SEGUIMIENTO DESEMPEÑO AMBIENTAL ACUICULTURA EN CHILE Y SU EFECTO EN LOS ECOSISTEMAS DE EMPLAZAMIENTO 2024-2025,Objetivo 1. Actividad 2. Muestreos y Analisis sedimentos,Johana Ojeda ,INSTITUTO DE FOMENTO PESQUERO,Campaña_Otoño-Inv_2024.Proy.SeguimientoAmbiental,Guaitecas,6,440829.0,740209.0,2024-07-13,16:00:00,SULFUROS,8.554011813276524,13/07/2024 16:00:00,XI
96,ESTUDIO SEGUIMIENTO DESEMPEÑO AMBIENTAL ACUICULTURA EN CHILE Y SU EFECTO EN LOS ECOSISTEMAS DE EMPLAZAMIENTO 2024-2025,Objetivo 1. Actividad 2. Muestreos y Analisis sedimentos,Johana Ojeda ,INSTITUTO DE FOMENTO PESQUERO,Campaña_Otoño-Inv_2024.Proy.SeguimientoAmbiental,Guaitecas,7,440453.4,735253.7,2024-07-13,14:35:00,SULFUROS,8.619085359041073,13/07/2024 14:35:00,XI
97,ESTUDIO SEGUIMIENTO DESEMPEÑO AMBIENTAL ACUICULTURA EN CHILE Y SU EFECTO EN LOS ECOSISTEMAS DE EMPLAZAMIENTO 2024-2025,Objetivo 1. Actividad 2. Muestreos y Analisis sedimentos,Johana Ojeda ,INSTITUTO DE FOMENTO PESQUERO,Campaña_Otoño-Inv_2024.Proy.SeguimientoAmbiental,Guaitecas,8,435456.5,735432.1,2024-07-12,09:30:00,SULFUROS,49.97013639046609,12/07/2024 09:30:00,XI
98,ESTUDIO SEGUIMIENTO DESEMPEÑO AMBIENTAL ACUICULTURA EN CHILE Y SU EFECTO EN LOS ECOSISTEMAS DE EMPLAZAMIENTO 2024-2025,Objetivo 1. Actividad 2. Muestreos y Analisis sedimentos,Johana Ojeda ,INSTITUTO DE FOMENTO PESQUERO,Campaña_Otoño-Inv_2024.Proy.SeguimientoAmbiental,Guaitecas,9,435329.1,735219.9,2024-07-12,08:45:00,SULFUROS,18.688740339432798,12/07/2024 08:45:00,XI
99,ESTUDIO SEGUIMIENTO DESEMPEÑO AMBIENTAL ACUICULTURA EN CHILE Y SU EFECTO EN LOS ECOSISTEMAS DE EMPLAZAMIENTO 2024-2025,Objetivo 1. Actividad 2. Muestreos y Analisis sedimentos,Johana Ojeda ,INSTITUTO DE FOMENTO PESQUERO,Campaña_Otoño-Inv_2024.Proy.SeguimientoAmbiental,Guaitecas,10,435638.0,734800.0,2024-07-12,10:20:00,SULFUROS,26.53885306074398,12/07/2024 10:20:00,XI
100,ESTUDIO SEGUIMIENTO DESEMPEÑO AMBIENTAL ACUICULTURA EN CHILE Y SU EFECTO EN LOS ECOSISTEMAS DE EMPLAZAMIENTO 2024-2025,Objetivo 1. Actividad 2. Muestreos y Analisis sedimentos,Johana Ojeda ,INSTITUTO DE FOMENTO PESQUERO,Campaña_Otoño-Inv_2024.Proy.SeguimientoAmbiental,Guaitecas,12,440031.4,734511.0,2024-07-12,11:10:00,SULFUROS,27.044975730291707,12/07/2024 11:10:00,XI
101,ESTUDIO SEGUIMIENTO DESEMPEÑO AMBIENTAL ACUICULTURA EN CHILE Y SU EFECTO EN LOS ECOSISTEMAS DE EMPLAZAMIENTO 2024-2025,Objetivo 1. Actividad 2. Muestreos y Analisis sedimentos,Johana Ojeda ,INSTITUTO DE FOMENTO PESQUERO,Campaña_Otoño-Inv_2024.Proy.SeguimientoAmbiental,Guaitecas,17,441715.5,734639.1,2024-07-12,14:40:00,SULFUROS,1014.9600353598586,12/07/2024 14:40:00,XI
102,ESTUDIO SEGUIMIENTO DESEMPEÑO AMBIENTAL ACUICULTURA EN CHILE Y SU EFECTO EN LOS ECOSISTEMAS DE EMPLAZAMIENTO 2024-2025,Objetivo 1. Actividad 2. Muestreos y Analisis sedimentos,Johana Ojeda ,INSTITUTO DE FOMENTO PESQUERO,Campaña_Otoño-Inv_2024.Proy.SeguimientoAmbiental,Moraleda,2,451131.2,735840.6,2024-07-16,15:05:00,SULFUROS,21.510440015111445,16/07/2024 15:05:00,XI
103,ESTUDIO SEGUIMIENTO DESEMPEÑO AMBIENTAL ACUICULTURA EN CHILE Y SU EFECTO EN LOS ECOSISTEMAS DE EMPLAZAMIENTO 2024-2025,Objetivo 1. Actividad 2. Muestreos y Analisis sedimentos,Johana Ojeda ,INSTITUTO DE FOMENTO PESQUERO,Campaña_Otoño-Inv_2024.Proy.SeguimientoAmbiental,Moraleda,4,450957.9,740833.4,2024-07-16,14:00:00,SULFUROS,37.787312389711005,16/07/2024 14:00:00,XI
104,ESTUDIO SEGUIMIENTO DESEMPEÑO AMBIENTAL ACUICULTURA EN CHILE Y SU EFECTO EN LOS ECOSISTEMAS DE EMPLAZAMIENTO 2024-2025,Objetivo 1. Actividad 2. Muestreos y Analisis sedimentos,Johana Ojeda ,INSTITUTO DE FOMENTO PESQUERO,Campaña_Otoño-Inv_2024.Proy.SeguimientoAmbiental,Moraleda,5,450801.8,741520.1,2024-07-16,12:30:00,SULFUROS,149.84814781861405,16/07/2024 12:30:00,XI
105,ESTUDIO SEGUIMIENTO DESEMPEÑO AMBIENTAL ACUICULTURA EN CHILE Y SU EFECTO EN LOS ECOSISTEMAS DE EMPLAZAMIENTO 2024-2025,Objetivo 1. Actividad 2. Muestreos y Analisis sedimentos,Johana Ojeda ,INSTITUTO DE FOMENTO PESQUERO,Campaña_Otoño-Inv_2024.Proy.SeguimientoAmbiental,Moraleda,12,444145.4,735257.1,2024-07-14,14:50:00,SULFUROS,1232.6791037219912,14/07/2024 14:50:00,XI
106,ESTUDIO SEGUIMIENTO DESEMPEÑO AMBIENTAL ACUICULTURA EN CHILE Y SU EFECTO EN LOS ECOSISTEMAS DE EMPLAZAMIENTO 2024-2025,Objetivo 1. Actividad 2. Muestreos y Analisis sedimentos,Johana Ojeda ,INSTITUTO DE FOMENTO PESQUERO,Campaña_Otoño-Inv_2024.Proy.SeguimientoAmbiental,Moraleda,13,443935.6,735252.9,2024-07-14,14:00:00,SULFUROS,87.7292756765085,14/07/2024 14:00:00,XI
107,ESTUDIO SEGUIMIENTO DESEMPEÑO AMBIENTAL ACUICULTURA EN CHILE Y SU EFECTO EN LOS ECOSISTEMAS DE EMPLAZAMIENTO 2024-2025,Objetivo 1. Actividad 2. Muestreos y Analisis sedimentos,Johana Ojeda ,INSTITUTO DE FOMENTO PESQUERO,Campaña_Otoño-Inv_2024.Proy.SeguimientoAmbiental,Moraleda,14,443608.6,740025.9,2024-07-14,12:30:00,SULFUROS,33.52241832405799,14/07/2024 12:30:00,XI
108,ESTUDIO SEGUIMIENTO DESEMPEÑO AMBIENTAL ACUICULTURA EN CHILE Y SU EFECTO EN LOS ECOSISTEMAS DE EMPLAZAMIENTO 2024-2025,Objetivo 1. Actividad 2. Muestreos y Analisis sedimentos,Johana Ojeda ,INSTITUTO DE FOMENTO PESQUERO,Campaña_Otoño-Inv_2024.Proy.SeguimientoAmbiental,Moraleda,16,443308.8,740650.1,2024-07-14,11:40:00,SULFUROS,43.95386964442836,14/07/2024 11:40:00,XI
109,ESTUDIO SEGUIMIENTO DESEMPEÑO AMBIENTAL ACUICULTURA EN CHILE Y SU EFECTO EN LOS ECOSISTEMAS DE EMPLAZAMIENTO 2024-2025,Objetivo 1. Actividad 2. Muestreos y Analisis sedimentos,Johana Ojeda ,INSTITUTO DE FOMENTO PESQUERO,Campaña_Otoño-Inv_2024.Proy.SeguimientoAmbiental,Moraleda,17,440830.9,733501.0,2024-07-12,13:00:00,SULFUROS,0.9439308974145977,12/07/2024 13:00:00,XI
110,ESTUDIO SEGUIMIENTO DESEMPEÑO AMBIENTAL ACUICULTURA EN CHILE Y SU EFECTO EN LOS ECOSISTEMAS DE EMPLAZAMIENTO 2024-2025,Objetivo 1. Actividad 2. Muestreos y Analisis sedimentos,Johana Ojeda ,INSTITUTO DE FOMENTO PESQUERO,Campaña_Otoño-Inv_2024.Proy.SeguimientoAmbiental,Moraleda,19,434430.9,730056.5,2024-08-04,15:10:00,SULFUROS,53.241937232713575,04/08/2024 15:10:00,XI
111,ESTUDIO SEGUIMIENTO DESEMPEÑO AMBIENTAL ACUICULTURA EN CHILE Y SU EFECTO EN LOS ECOSISTEMAS DE EMPLAZAMIENTO 2024-2025,Objetivo 1. Actividad 2. Muestreos y Analisis sedimentos,Johana Ojeda ,INSTITUTO DE FOMENTO PESQUERO,Campaña_Otoño-Inv_2024.Proy.SeguimientoAmbiental,Moraleda,25,440204.1,731205.2,2024-08-04,11:30:00,SULFUROS,4.4451449322200274e-05,04/08/2024 11:30:00,XI
112,ESTUDIO SEGUIMIENTO DESEMPEÑO AMBIENTAL ACUICULTURA EN CHILE Y SU EFECTO EN LOS ECOSISTEMAS DE EMPLAZAMIENTO 2024-2025,Objetivo 1. Actividad 2. Muestreos y Analisis sedimentos,Johana Ojeda ,INSTITUTO DE FOMENTO PESQUERO,Campaña_Otoño-Inv_2024.Proy.SeguimientoAmbiental,Moraleda,31,442248.0,730431.7,2024-08-02,10:45:00,SULFUROS,4.982436447764877,02/08/2024 10:45:00,XI
113,ESTUDIO SEGUIMIENTO DESEMPEÑO AMBIENTAL ACUICULTURA EN CHILE Y SU EFECTO EN LOS ECOSISTEMAS DE EMPLAZAMIENTO 2024-2025,Objetivo 1. Actividad 2. Muestreos y Analisis sedimentos,Johana Ojeda ,INSTITUTO DE FOMENTO PESQUERO,Campaña_Otoño-Inv_2024.Proy.SeguimientoAmbiental,Moraleda,32,450149.0,732702.0,2024-07-29,15:40:00,SULFUROS,0.7430731113053817,29/07/2024 15:40:00,XI
114,ESTUDIO SEGUIMIENTO DESEMPEÑO AMBIENTAL ACUICULTURA EN CHILE Y SU EFECTO EN LOS ECOSISTEMAS DE EMPLAZAMIENTO 2024-2025,Objetivo 1. Actividad 2. Muestreos y Analisis sedimentos,Johana Ojeda ,INSTITUTO DE FOMENTO PESQUERO,Campaña_Otoño-Inv_2024.Proy.SeguimientoAmbiental,Puyuhuapi,5,443139.8,724117.0,2024-08-01,11:50:00,SULFUROS,39.36389344456242,01/08/2024 11:50:00,XI
115,ESTUDIO SEGUIMIENTO DESEMPEÑO AMBIENTAL ACUICULTURA EN CHILE Y SU EFECTO EN LOS ECOSISTEMAS DE EMPLAZAMIENTO 2024-2025,Objetivo 1. Actividad 2. Muestreos y Analisis sedimentos,Johana Ojeda ,INSTITUTO DE FOMENTO PESQUERO,Campaña_Otoño-Inv_2024.Proy.SeguimientoAmbiental,Puyuhuapi,7,443955.1,725020.8,2024-07-30,15:30:00,SULFUROS,79.7616439052465,30/07/2024 15:30:00,XI
116,ESTUDIO SEGUIMIENTO DESEMPEÑO AMBIENTAL ACUICULTURA EN CHILE Y SU EFECTO EN LOS ECOSISTEMAS DE EMPLAZAMIENTO 2024-2025,Objetivo 1. Actividad 2. Muestreos y Analisis sedimentos,Johana Ojeda ,INSTITUTO DE FOMENTO PESQUERO,Campaña_Otoño-Inv_2024.Proy.SeguimientoAmbiental,Puyuhuapi,8,444209.3,724807.1,2024-07-30,14:50:00,SULFUROS,203.04312056505623,30/07/2024 14:50:00,XI
117,ESTUDIO SEGUIMIENTO DESEMPEÑO AMBIENTAL ACUICULTURA EN CHILE Y SU EFECTO EN LOS ECOSISTEMAS DE EMPLAZAMIENTO 2024-2025,Objetivo 1. Actividad 2. Muestreos y Analisis sedimentos,Johana Ojeda ,INSTITUTO DE FOMENTO PESQUERO,Campaña_Otoño-Inv_2024.Proy.SeguimientoAmbiental,Puyuhuapi,10,444937.8,725757.3,2024-07-30,12:45:00,SULFUROS,0.8959784647107233,30/07/2024 12:45:00,XI
118,ESTUDIO SEGUIMIENTO DESEMPEÑO AMBIENTAL ACUICULTURA EN CHILE Y SU EFECTO EN LOS ECOSISTEMAS DE EMPLAZAMIENTO 2024-2025,Objetivo 1. Actividad 2. Muestreos y Analisis sedimentos,Johana Ojeda ,INSTITUTO DE FOMENTO PESQUERO,Campaña_Otoño-Inv_2024.Proy.SeguimientoAmbiental,Puyuhuapi,12,445441.9,730811.9,2024-07-30,11:14:00,SULFUROS,105.13419661015645,30/07/2024 11:14:00,XI
119,ESTUDIO SEGUIMIENTO DESEMPEÑO AMBIENTAL ACUICULTURA EN CHILE Y SU EFECTO EN LOS ECOSISTEMAS DE EMPLAZAMIENTO 2024-2025,Objetivo 1. Actividad 2. Muestreos y Analisis sedimentos,Johana Ojeda ,INSTITUTO DE FOMENTO PESQUERO,Campaña_Otoño-Inv_2024.Proy.SeguimientoAmbiental,Aysen,1,452639.7,730033.3,2024-07-23,08:55:00,SULFUROS,66.72625592615601,23/07/2024 08:55:00,XI
120,ESTUDIO SEGUIMIENTO DESEMPEÑO AMBIENTAL ACUICULTURA EN CHILE Y SU EFECTO EN LOS ECOSISTEMAS DE EMPLAZAMIENTO 2024-2025,Objetivo 1. Actividad 2. Muestreos y Analisis sedimentos,Johana Ojeda ,INSTITUTO DE FOMENTO PESQUERO,Campaña_Otoño-Inv_2024.Proy.SeguimientoAmbiental,Aysen,3,451953.0,732236.0,2024-07-23,15:45:00,SULFUROS,0.030248295328534847,23/07/2024 15:45:00,XI
121,ESTUDIO SEGUIMIENTO DESEMPEÑO AMBIENTAL ACUICULTURA EN CHILE Y SU EFECTO EN LOS ECOSISTEMAS DE EMPLAZAMIENTO 2024-2025,Objetivo 1. Actividad 2. Muestreos y Analisis sedimentos,Johana Ojeda ,INSTITUTO DE FOMENTO PESQUERO,Campaña_Otoño-Inv_2024.Proy.SeguimientoAmbiental,Aysen,5,452421.9,733225.0,2024-07-18,17:15:00,SULFUROS,184.0859480851534,18/07/2024 17:15:00,XI
122,ESTUDIO SEGUIMIENTO DESEMPEÑO AMBIENTAL ACUICULTURA EN CHILE Y SU EFECTO EN LOS ECOSISTEMAS DE EMPLAZAMIENTO 2024-2025,Objetivo 1. Actividad 2. Muestreos y Analisis sedimentos,Johana Ojeda ,INSTITUTO DE FOMENTO PESQUERO,Campaña_Otoño-Inv_2024.Proy.SeguimientoAmbiental,Aysen,6,453734.9,733550.9,2024-07-18,12:00:00,SULFUROS,11.435872450218284,18/07/2024 12:00:00,XI
123,ESTUDIO SEGUIMIENTO DESEMPEÑO AMBIENTAL ACUICULTURA EN CHILE Y SU EFECTO EN LOS ECOSISTEMAS DE EMPLAZAMIENTO 2024-2025,Objetivo 1. Actividad 2. Muestreos y Analisis sedimentos,Johana Ojeda ,INSTITUTO DE FOMENTO PESQUERO,Campaña_Otoño-Inv_2024.Proy.SeguimientoAmbiental,Aysen,7,454508.5,733655.3,2024-07-18,09:45:00,SULFUROS,204.7663962299208,18/07/2024 09:45:00,XI
124,ESTUDIO SEGUIMIENTO DESEMPEÑO AMBIENTAL ACUICULTURA EN CHILE Y SU EFECTO EN LOS ECOSISTEMAS DE EMPLAZAMIENTO 2024-2025,Objetivo 1. Actividad 2. Muestreos y Analisis sedimentos,Johana Ojeda ,INSTITUTO DE FOMENTO PESQUERO,Campaña_Otoño-Inv_2024.Proy.SeguimientoAmbiental,Aysen,10,455717.6,733619.7,2024-07-26,10:45:00,SULFUROS,6.3656549604821,26/07/2024 10:45:00,XI
126,ESTUDIO SEGUIMIENTO DESEMPEÑO AMBIENTAL ACUICULTURA EN CHILE Y SU EFECTO EN LOS ECOSISTEMAS DE EMPLAZAMIENTO 2024-2025,Objetivo 1. Actividad 2. Muestreos y Analisis sedimentos,Johana Ojeda ,INSTITUTO DE FOMENTO PESQUERO,Campaña_Otoño-Inv_2024.Proy.SeguimientoAmbiental,Aysen,13,461329.4,734345.5,2024-07-26,14:10:00,SULFUROS,0.0348448875024078,26/07/2024 14:10:00,XI
127,ESTUDIO SEGUIMIENTO DESEMPEÑO AMBIENTAL ACUICULTURA EN CHILE Y SU EFECTO EN LOS ECOSISTEMAS DE EMPLAZAMIENTO 2024-2025,Objetivo 1. Actividad 2. Muestreos y Analisis sedimentos,Johana Ojeda ,INSTITUTO DE FOMENTO PESQUERO,Campaña_Otoño-Inv_2024.Proy.SeguimientoAmbiental,Aysen,18,460557.7,735202.9,2024-07-28,14:15:00,SULFUROS,2.8389703661605896,28/07/2024 14:15:00,XI
128,ESTUDIO SEGUIMIENTO DESEMPEÑO AMBIENTAL ACUICULTURA EN CHILE Y SU EFECTO EN LOS ECOSISTEMAS DE EMPLAZAMIENTO 2024-2025,Objetivo 1. Actividad 2. Muestreos y Analisis sedimentos,Johana Ojeda ,INSTITUTO DE FOMENTO PESQUERO,Campaña_Otoño-Inv_2024.Proy.SeguimientoAmbiental,Aysen,19,460107.9,735645.7,2024-07-28,00:00:00,SULFUROS,4.813747109721368,28/07/2024 00:00:00,XI
129,ESTUDIO SEGUIMIENTO DESEMPEÑO AMBIENTAL ACUICULTURA EN CHILE Y SU EFECTO EN LOS ECOSISTEMAS DE EMPLAZAMIENTO 2024-2025,Objetivo 1. Actividad 2. Muestreos y Analisis sedimentos,Johana Ojeda ,INSTITUTO DE FOMENTO PESQUERO,Campaña_Otoño-Inv_2024.Proy.SeguimientoAmbiental,Aysen,24,454429.7,740423.3,2024-07-17,13:50:00,SULFUROS,29.06200963384552,17/07/2024 13:50:00,XI
130,ESTUDIO SEGUIMIENTO DESEMPEÑO AMBIENTAL ACUICULTURA EN CHILE Y SU EFECTO EN LOS ECOSISTEMAS DE EMPLAZAMIENTO 2024-2025,Objetivo 1. Actividad 2. Muestreos y Analisis sedimentos,Johana Ojeda ,INSTITUTO DE FOMENTO PESQUERO,Campaña_Otoño-Inv_2024.Proy.SeguimientoAmbiental,Aysen,25,454137.5,741704.6,2024-07-17,12:00:00,SULFUROS,127.36755381671385,17/07/2024 12:00:00,XI
131,ESTUDIO SEGUIMIENTO DESEMPEÑO AMBIENTAL ACUICULTURA EN CHILE Y SU EFECTO EN LOS ECOSISTEMAS DE EMPLAZAMIENTO 2024-2025,Objetivo 1. Actividad 2. Muestreos y Analisis sedimentos,Johana Ojeda ,INSTITUTO DE FOMENTO PESQUERO,Campaña_Otoño-Inv_2024.Proy.SeguimientoAmbiental,Aysen,28,453351.4,741310.2,2024-07-17,10:28:00,SULFUROS,29.717903316358257,17/07/2024 10:28:00,XI
132,ESTUDIO SEGUIMIENTO DESEMPEÑO AMBIENTAL ACUICULTURA EN CHILE Y SU EFECTO EN LOS ECOSISTEMAS DE EMPLAZAMIENTO 2024-2025,Objetivo 1. Actividad 2. Muestreos y Analisis sedimentos,Johana Ojeda ,INSTITUTO DE FOMENTO PESQUERO,Campaña_Otoño-Inv_2024.Proy.SeguimientoAmbiental,Aysen,30,452356.0,741521.0,2024-07-17,08:45:00,SULFUROS,1.8660311782676466,17/07/2024 08:45:00,XI
133,ESTUDIO SEGUIMIENTO DESEMPEÑO AMBIENTAL ACUICULTURA EN CHILE Y SU EFECTO EN LOS ECOSISTEMAS DE EMPLAZAMIENTO 2024-2025,Objetivo 1. Actividad 2. Muestreos y Analisis sedimentos,Johana Ojeda ,INSTITUTO DE FOMENTO PESQUERO,Campaña_Otoño-Inv_2024.Proy.SeguimientoAmbiental,Aysen,34,451659.5,734350.5,2024-07-29,12:10:00,SULFUROS,89.79854857080413,29/07/2024 12:10:00,XI
134,ESTUDIO SEGUIMIENTO DESEMPEÑO AMBIENTAL ACUICULTURA EN CHILE Y SU EFECTO EN LOS ECOSISTEMAS DE EMPLAZAMIENTO 2024-2025,Objetivo 1. Actividad 2. Muestreos y Analisis sedimentos,Johana Ojeda ,INSTITUTO DE FOMENTO PESQUERO,Campaña_Otoño-Inv_2024.Proy.SeguimientoAmbiental,Atacama,2,270624.3,705211.4,2024-08-07,13:20:00,SULFUROS,4.101282126198367,07/08/2024 13:20:00,III
135,ESTUDIO SEGUIMIENTO DESEMPEÑO AMBIENTAL ACUICULTURA EN CHILE Y SU EFECTO EN LOS ECOSISTEMAS DE EMPLAZAMIENTO 2024-2025,Objetivo 1. Actividad 2. Muestreos y Analisis sedimentos,Johana Ojeda ,INSTITUTO DE FOMENTO PESQUERO,Campaña_Otoño-Inv_2024.Proy.SeguimientoAmbiental,Atacama,3,270703.7,705142.7,2024-08-07,12:30:00,SULFUROS,0.0015962748254159545,07/08/2024 12:30:00,III
136,ESTUDIO SEGUIMIENTO DESEMPEÑO AMBIENTAL ACUICULTURA EN CHILE Y SU EFECTO EN LOS ECOSISTEMAS DE EMPLAZAMIENTO 2024-2025,Objetivo 1. Actividad 2. Muestreos y Analisis sedimentos,Johana Ojeda ,INSTITUTO DE FOMENTO PESQUERO,Campaña_Otoño-Inv_2024.Proy.SeguimientoAmbiental,Atacama,6,270657.6,705223.1,2024-08-07,12:00:00,SULFUROS,3.7545912041905063,07/08/2024 12:00:00,III
137,ESTUDIO SEGUIMIENTO DESEMPEÑO AMBIENTAL ACUICULTURA EN CHILE Y SU EFECTO EN LOS ECOSISTEMAS DE EMPLAZAMIENTO 2024-2025,Objetivo 1. Actividad 2. Muestreos y Analisis sedimentos,Johana Ojeda ,INSTITUTO DE FOMENTO PESQUERO,Campaña_Otoño-Inv_2024.Proy.SeguimientoAmbiental,Atacama,7,270740.8,705230.3,2024-08-07,11:35:00,SULFUROS,40.87423778296601,07/08/2024 11:35:00,III
138,ESTUDIO SEGUIMIENTO DESEMPEÑO AMBIENTAL ACUICULTURA EN CHILE Y SU EFECTO EN LOS ECOSISTEMAS DE EMPLAZAMIENTO 2024-2025,Objetivo 1. Actividad 2. Muestreos y Analisis sedimentos,Johana Ojeda ,INSTITUTO DE FOMENTO PESQUERO,Campaña_Otoño-Inv_2024.Proy.SeguimientoAmbiental,Atacama,10,270730.7,705259.8,2024-08-07,11:20:00,SULFUROS,1.6158005474174824,07/08/2024 11:20:00,III
139,ESTUDIO SEGUIMIENTO DESEMPEÑO AMBIENTAL ACUICULTURA EN CHILE Y SU EFECTO EN LOS ECOSISTEMAS DE EMPLAZAMIENTO 2024-2025,Objetivo 1. Actividad 2. Muestreos y Analisis sedimentos,Johana Ojeda ,INSTITUTO DE FOMENTO PESQUERO,Campaña_Otoño-Inv_2024.Proy.SeguimientoAmbiental,Atacama,14,270756.6,705332.6,2024-08-07,09:30:00,SULFUROS,0.9863150119244785,07/08/2024 09:30:00,III
140,ESTUDIO SEGUIMIENTO DESEMPEÑO AMBIENTAL ACUICULTURA EN CHILE Y SU EFECTO EN LOS ECOSISTEMAS DE EMPLAZAMIENTO 2024-2025,Objetivo 1. Actividad 2. Muestreos y Analisis sedimentos,Johana Ojeda ,INSTITUTO DE FOMENTO PESQUERO,Campaña_Otoño-Inv_2024.Proy.SeguimientoAmbiental,Natales,2,513604.7,724301.6,2024-11-30,09:30:00,SULFUROS,185.77039738676123,30/11/2024 09:30:00,XII
141,ESTUDIO SEGUIMIENTO DESEMPEÑO AMBIENTAL ACUICULTURA EN CHILE Y SU EFECTO EN LOS ECOSISTEMAS DE EMPLAZAMIENTO 2024-2025,Objetivo 1. Actividad 2. Muestreos y Analisis sedimentos,Johana Ojeda ,INSTITUTO DE FOMENTO PESQUERO,Campaña_Otoño-Inv_2024.Proy.SeguimientoAmbiental,Natales,3,514018.2,723753.1,2024-11-30,08:30:00,SULFUROS,217.37926505902408,30/11/2024 08:30:00,XII
142,ESTUDIO SEGUIMIENTO DESEMPEÑO AMBIENTAL ACUICULTURA EN CHILE Y SU EFECTO EN LOS ECOSISTEMAS DE EMPLAZAMIENTO 2024-2025,Objetivo 1. Actividad 2. Muestreos y Analisis sedimentos,Johana Ojeda ,INSTITUTO DE FOMENTO PESQUERO,Campaña_Otoño-Inv_2024.Proy.SeguimientoAmbiental,Natales,5,514929.7,723739.8,2024-11-28,17:20:00,SULFUROS,19.30349227528652,28/11/2024 17:20:00,XII
143,ESTUDIO SEGUIMIENTO DESEMPEÑO AMBIENTAL ACUICULTURA EN CHILE Y SU EFECTO EN LOS ECOSISTEMAS DE EMPLAZAMIENTO 2024-2025,Objetivo 1. Actividad 2. Muestreos y Analisis sedimentos,Johana Ojeda ,INSTITUTO DE FOMENTO PESQUERO,Campaña_Otoño-Inv_2024.Proy.SeguimientoAmbiental,Natales,9,514601.6,725405.0,2024-11-27,15:10:00,SULFUROS,94.20582471702596,27/11/2024 15:10:00,XII
144,ESTUDIO SEGUIMIENTO DESEMPEÑO AMBIENTAL ACUICULTURA EN CHILE Y SU EFECTO EN LOS ECOSISTEMAS DE EMPLAZAMIENTO 2024-2025,Objetivo 1. Actividad 2. Muestreos y Analisis sedimentos,Johana Ojeda ,INSTITUTO DE FOMENTO PESQUERO,Campaña_Otoño-Inv_2024.Proy.SeguimientoAmbiental,Natales,10,520357.8,725602.0,2024-11-27,20:20:00,SULFUROS,34.419752760337424,27/11/2024 20:20:00,XII
145,ESTUDIO SEGUIMIENTO DESEMPEÑO AMBIENTAL ACUICULTURA EN CHILE Y SU EFECTO EN LOS ECOSISTEMAS DE EMPLAZAMIENTO 2024-2025,Objetivo 1. Actividad 2. Muestreos y Analisis sedimentos,Johana Ojeda ,INSTITUTO DE FOMENTO PESQUERO,Campaña_Otoño-Inv_2024.Proy.SeguimientoAmbiental,Natales,11,521159.7,725703.6,2024-11-28,13:30:00,SULFUROS,109.92827584880222,28/11/2024 13:30:00,XII
146,ESTUDIO SEGUIMIENTO DESEMPEÑO AMBIENTAL ACUICULTURA EN CHILE Y SU EFECTO EN LOS ECOSISTEMAS DE EMPLAZAMIENTO 2024-2025,Objetivo 1. Actividad 2. Muestreos y Analisis sedimentos,Johana Ojeda ,INSTITUTO DE FOMENTO PESQUERO,Campaña_Otoño-Inv_2024.Proy.SeguimientoAmbiental,Natales,13,521310.4,725226.1,2024-11-28,09:09:00,SULFUROS,34.28920199179762,28/11/2024 09:09:00,XII
147,ESTUDIO SEGUIMIENTO DESEMPEÑO AMBIENTAL ACUICULTURA EN CHILE Y SU EFECTO EN LOS ECOSISTEMAS DE EMPLAZAMIENTO 2024-2025,Objetivo 1. Actividad 2. Muestreos y Analisis sedimentos,Johana Ojeda ,INSTITUTO DE FOMENTO PESQUERO,Campaña_Otoño-Inv_2024.Proy.SeguimientoAmbiental,Natales,14,520439.3,723937.6,2024-11-27,10:50:00,SULFUROS,39.033492197856155,27/11/2024 10:50:00,XII
1,ESTUDIO SEGUIMIENTO DESEMPEÑO AMBIENTAL ACUICULTURA EN CHILE Y SU EFECTO EN LOS ECOSISTEMAS DE EMPLAZAMIENTO 2024-2025,Objetivo 1. Actividad 2. Muestreos y Analisis sedimentos,Johana Ojeda ,INSTITUTO DE FOMENTO PESQUERO,Campaña_Otoño-Inv_2024.Proy.SeguimientoAmbiental,Estuario,1,412614.9,721747.9,2024-05-20,09:35:00,MATERIA ORGANICA,8.830778620220201,20/05/2024 09:35:00,X
2,ESTUDIO SEGUIMIENTO DESEMPEÑO AMBIENTAL ACUICULTURA EN CHILE Y SU EFECTO EN LOS ECOSISTEMAS DE EMPLAZAMIENTO 2024-2025,Objetivo 1. Actividad 2. Muestreos y Analisis sedimentos,Johana Ojeda ,INSTITUTO DE FOMENTO PESQUERO,Campaña_Otoño-Inv_2024.Proy.SeguimientoAmbiental,Estuario,2,412807.3,721843.5,2024-05-20,09:16:00,MATERIA ORGANICA,3.6179398437221217,20/05/2024 09:16:00,X
3,ESTUDIO SEGUIMIENTO DESEMPEÑO AMBIENTAL ACUICULTURA EN CHILE Y SU EFECTO EN LOS ECOSISTEMAS DE EMPLAZAMIENTO 2024-2025,Objetivo 1. Actividad 2. Muestreos y Analisis sedimentos,Johana Ojeda ,INSTITUTO DE FOMENTO PESQUERO,Campaña_Otoño-Inv_2024.Proy.SeguimientoAmbiental,Estuario,3,412945.4,721845.5,2024-05-19,16:20:00,MATERIA ORGANICA,2.028674534282673,19/05/2024 16:20:00,X
4,ESTUDIO SEGUIMIENTO DESEMPEÑO AMBIENTAL ACUICULTURA EN CHILE Y SU EFECTO EN LOS ECOSISTEMAS DE EMPLAZAMIENTO 2024-2025,Objetivo 1. Actividad 2. Muestreos y Analisis sedimentos,Johana Ojeda ,INSTITUTO DE FOMENTO PESQUERO,Campaña_Otoño-Inv_2024.Proy.SeguimientoAmbiental,Estuario,5,413039.3,721721.1,2024-05-19,15:50:00,MATERIA ORGANICA,1.9673285452752813,19/05/2024 15:50:00,X
5,ESTUDIO SEGUIMIENTO DESEMPEÑO AMBIENTAL ACUICULTURA EN CHILE Y SU EFECTO EN LOS ECOSISTEMAS DE EMPLAZAMIENTO 2024-2025,Objetivo 1. Actividad 2. Muestreos y Analisis sedimentos,Johana Ojeda ,INSTITUTO DE FOMENTO PESQUERO,Campaña_Otoño-Inv_2024.Proy.SeguimientoAmbiental,Estuario,6,413132.6,722021.4,2024-05-19,15:00:00,MATERIA ORGANICA,4.396697149960081,19/05/2024 15:00:00,X
6,ESTUDIO SEGUIMIENTO DESEMPEÑO AMBIENTAL ACUICULTURA EN CHILE Y SU EFECTO EN LOS ECOSISTEMAS DE EMPLAZAMIENTO 2024-2025,Objetivo 1. Actividad 2. Muestreos y Analisis sedimentos,Johana Ojeda ,INSTITUTO DE FOMENTO PESQUERO,Campaña_Otoño-Inv_2024.Proy.SeguimientoAmbiental,Estuario,7,413157.8,721802.6,2024-05-19,15:30:00,MATERIA ORGANICA,5.321372239747631,19/05/2024 15:30:00,X
7,ESTUDIO SEGUIMIENTO DESEMPEÑO AMBIENTAL ACUICULTURA EN CHILE Y SU EFECTO EN LOS ECOSISTEMAS DE EMPLAZAMIENTO 2024-2025,Objetivo 1. Actividad 2. Muestreos y Analisis sedimentos,Johana Ojeda ,INSTITUTO DE FOMENTO PESQUERO,Campaña_Otoño-Inv_2024.Proy.SeguimientoAmbiental,Estuario,8,413533.0,722110.7,2024-05-19,14:15:00,MATERIA ORGANICA,7.7013359970034285,19/05/2024 14:15:00,X
8,ESTUDIO SEGUIMIENTO DESEMPEÑO AMBIENTAL ACUICULTURA EN CHILE Y SU EFECTO EN LOS ECOSISTEMAS DE EMPLAZAMIENTO 2024-2025,Objetivo 1. Actividad 2. Muestreos y Analisis sedimentos,Johana Ojeda ,INSTITUTO DE FOMENTO PESQUERO,Campaña_Otoño-Inv_2024.Proy.SeguimientoAmbiental,Estuario,12,413938.3,722058.9,2024-05-19,11:00:00,MATERIA ORGANICA,3.0411605348247743,19/05/2024 11:00:00,X
9,ESTUDIO SEGUIMIENTO DESEMPEÑO AMBIENTAL ACUICULTURA EN CHILE Y SU EFECTO EN LOS ECOSISTEMAS DE EMPLAZAMIENTO 2024-2025,Objetivo 1. Actividad 2. Muestreos y Analisis sedimentos,Johana Ojeda ,INSTITUTO DE FOMENTO PESQUERO,Campaña_Otoño-Inv_2024.Proy.SeguimientoAmbiental,Estuario,17,414052.7,722801.1,2024-05-19,09:45:00,MATERIA ORGANICA,1.7860351953994507,19/05/2024 09:45:00,X
10,ESTUDIO SEGUIMIENTO DESEMPEÑO AMBIENTAL ACUICULTURA EN CHILE Y SU EFECTO EN LOS ECOSISTEMAS DE EMPLAZAMIENTO 2024-2025,Objetivo 1. Actividad 2. Muestreos y Analisis sedimentos,Johana Ojeda ,INSTITUTO DE FOMENTO PESQUERO,Campaña_Otoño-Inv_2024.Proy.SeguimientoAmbiental,Estuario,21,414330.8,723048.5,2024-05-19,09:00:00,MATERIA ORGANICA,2.5614518722719732,19/05/2024 09:00:00,X
11,ESTUDIO SEGUIMIENTO DESEMPEÑO AMBIENTAL ACUICULTURA EN CHILE Y SU EFECTO EN LOS ECOSISTEMAS DE EMPLAZAMIENTO 2024-2025,Objetivo 1. Actividad 2. Muestreos y Analisis sedimentos,Johana Ojeda ,INSTITUTO DE FOMENTO PESQUERO,Campaña_Otoño-Inv_2024.Proy.SeguimientoAmbiental,Reloncavi,3,415420.9,725230.7,2024-05-21,15:20:00,MATERIA ORGANICA,0.8931191548541062,21/05/2024 15:20:00,X
12,ESTUDIO SEGUIMIENTO DESEMPEÑO AMBIENTAL ACUICULTURA EN CHILE Y SU EFECTO EN LOS ECOSISTEMAS DE EMPLAZAMIENTO 2024-2025,Objetivo 1. Actividad 2. Muestreos y Analisis sedimentos,Johana Ojeda ,INSTITUTO DE FOMENTO PESQUERO,Campaña_Otoño-Inv_2024.Proy.SeguimientoAmbiental,Reloncavi,4,415223.0,725351.4,2024-05-21,16:20:00,MATERIA ORGANICA,1.567214099466204,21/05/2024 16:20:00,X
13,ESTUDIO SEGUIMIENTO DESEMPEÑO AMBIENTAL ACUICULTURA EN CHILE Y SU EFECTO EN LOS ECOSISTEMAS DE EMPLAZAMIENTO 2024-2025,Objetivo 1. Actividad 2. Muestreos y Analisis sedimentos,Johana Ojeda ,INSTITUTO DE FOMENTO PESQUERO,Campaña_Otoño-Inv_2024.Proy.SeguimientoAmbiental,Reloncavi,5,415307.1,725602.6,2024-05-22,09:00:00,MATERIA ORGANICA,0.7662882833652334,22/05/2024 09:00:00,X
14,ESTUDIO SEGUIMIENTO DESEMPEÑO AMBIENTAL ACUICULTURA EN CHILE Y SU EFECTO EN LOS ECOSISTEMAS DE EMPLAZAMIENTO 2024-2025,Objetivo 1. Actividad 2. Muestreos y Analisis sedimentos,Johana Ojeda ,INSTITUTO DE FOMENTO PESQUERO,Campaña_Otoño-Inv_2024.Proy.SeguimientoAmbiental,Reloncavi,7,414413.7,730243.4,2024-05-23,08:50:00,MATERIA ORGANICA,1.336620814949418,23/05/2024 08:50:00,X
15,ESTUDIO SEGUIMIENTO DESEMPEÑO AMBIENTAL ACUICULTURA EN CHILE Y SU EFECTO EN LOS ECOSISTEMAS DE EMPLAZAMIENTO 2024-2025,Objetivo 1. Actividad 2. Muestreos y Analisis sedimentos,Johana Ojeda ,INSTITUTO DE FOMENTO PESQUERO,Campaña_Otoño-Inv_2024.Proy.SeguimientoAmbiental,Reloncavi,13,412948.4,725730.9,2024-05-18,08:55:00,MATERIA ORGANICA,0.9162672681139032,18/05/2024 08:55:00,X
16,ESTUDIO SEGUIMIENTO DESEMPEÑO AMBIENTAL ACUICULTURA EN CHILE Y SU EFECTO EN LOS ECOSISTEMAS DE EMPLAZAMIENTO 2024-2025,Objetivo 1. Actividad 2. Muestreos y Analisis sedimentos,Johana Ojeda ,INSTITUTO DE FOMENTO PESQUERO,Campaña_Otoño-Inv_2024.Proy.SeguimientoAmbiental,Reloncavi,15,413105.3,724724.2,2024-05-18,10:05:00,MATERIA ORGANICA,1.377816050445842,18/05/2024 10:05:00,X
17,ESTUDIO SEGUIMIENTO DESEMPEÑO AMBIENTAL ACUICULTURA EN CHILE Y SU EFECTO EN LOS ECOSISTEMAS DE EMPLAZAMIENTO 2024-2025,Objetivo 1. Actividad 2. Muestreos y Analisis sedimentos,Johana Ojeda ,INSTITUTO DE FOMENTO PESQUERO,Campaña_Otoño-Inv_2024.Proy.SeguimientoAmbiental,Reloncavi,17,413450.6,724336.9,2024-05-18,11:00:00,MATERIA ORGANICA,1.2890640446031902,18/05/2024 11:00:00,X
18,ESTUDIO SEGUIMIENTO DESEMPEÑO AMBIENTAL ACUICULTURA EN CHILE Y SU EFECTO EN LOS ECOSISTEMAS DE EMPLAZAMIENTO 2024-2025,Objetivo 1. Actividad 2. Muestreos y Analisis sedimentos,Johana Ojeda ,INSTITUTO DE FOMENTO PESQUERO,Campaña_Otoño-Inv_2024.Proy.SeguimientoAmbiental,Reloncavi,19,413707.8,724152.2,2024-05-18,12:00:00,MATERIA ORGANICA,2.1317800807179075,18/05/2024 12:00:00,X
19,ESTUDIO SEGUIMIENTO DESEMPEÑO AMBIENTAL ACUICULTURA EN CHILE Y SU EFECTO EN LOS ECOSISTEMAS DE EMPLAZAMIENTO 2024-2025,Objetivo 1. Actividad 2. Muestreos y Analisis sedimentos,Johana Ojeda ,INSTITUTO DE FOMENTO PESQUERO,Campaña_Otoño-Inv_2024.Proy.SeguimientoAmbiental,Reloncavi,21,413751.5,724023.2,2024-05-18,13:55:00,MATERIA ORGANICA,2.2229354469593616,18/05/2024 13:55:00,X
20,ESTUDIO SEGUIMIENTO DESEMPEÑO AMBIENTAL ACUICULTURA EN CHILE Y SU EFECTO EN LOS ECOSISTEMAS DE EMPLAZAMIENTO 2024-2025,Objetivo 1. Actividad 2. Muestreos y Analisis sedimentos,Johana Ojeda ,INSTITUTO DE FOMENTO PESQUERO,Campaña_Otoño-Inv_2024.Proy.SeguimientoAmbiental,Reloncavi,25,414943.9,724718.2,2024-05-21,14:25:00,MATERIA ORGANICA,1.216887108213359,21/05/2024 14:25:00,X
21,ESTUDIO SEGUIMIENTO DESEMPEÑO AMBIENTAL ACUICULTURA EN CHILE Y SU EFECTO EN LOS ECOSISTEMAS DE EMPLAZAMIENTO 2024-2025,Objetivo 1. Actividad 2. Muestreos y Analisis sedimentos,Johana Ojeda ,INSTITUTO DE FOMENTO PESQUERO,Campaña_Otoño-Inv_2024.Proy.SeguimientoAmbiental,Calbuco,1,414442.2,730610.3,2024-05-23,08:20:00,MATERIA ORGANICA,1.2700271057889103,23/05/2024 08:20:00,X
22,ESTUDIO SEGUIMIENTO DESEMPEÑO AMBIENTAL ACUICULTURA EN CHILE Y SU EFECTO EN LOS ECOSISTEMAS DE EMPLAZAMIENTO 2024-2025,Objetivo 1. Actividad 2. Muestreos y Analisis sedimentos,Johana Ojeda ,INSTITUTO DE FOMENTO PESQUERO,Campaña_Otoño-Inv_2024.Proy.SeguimientoAmbiental,Calbuco,2,414630.1,730505.2,2024-05-22,16:10:00,MATERIA ORGANICA,3.687083080654966,22/05/2024 16:10:00,X
23,ESTUDIO SEGUIMIENTO DESEMPEÑO AMBIENTAL ACUICULTURA EN CHILE Y SU EFECTO EN LOS ECOSISTEMAS DE EMPLAZAMIENTO 2024-2025,Objetivo 1. Actividad 2. Muestreos y Analisis sedimentos,Johana Ojeda ,INSTITUTO DE FOMENTO PESQUERO,Campaña_Otoño-Inv_2024.Proy.SeguimientoAmbiental,Calbuco,8,414314.7,730933.2,2024-05-23,10:20:00,MATERIA ORGANICA,1.7882426975719996,23/05/2024 10:20:00,X
24,ESTUDIO SEGUIMIENTO DESEMPEÑO AMBIENTAL ACUICULTURA EN CHILE Y SU EFECTO EN LOS ECOSISTEMAS DE EMPLAZAMIENTO 2024-2025,Objetivo 1. Actividad 2. Muestreos y Analisis sedimentos,Johana Ojeda ,INSTITUTO DE FOMENTO PESQUERO,Campaña_Otoño-Inv_2024.Proy.SeguimientoAmbiental,Calbuco,16,414822.6,731018.3,2024-05-23,11:30:00,MATERIA ORGANICA,4.695563376429188,23/05/2024 11:30:00,X
25,ESTUDIO SEGUIMIENTO DESEMPEÑO AMBIENTAL ACUICULTURA EN CHILE Y SU EFECTO EN LOS ECOSISTEMAS DE EMPLAZAMIENTO 2024-2025,Objetivo 1. Actividad 2. Muestreos y Analisis sedimentos,Johana Ojeda ,INSTITUTO DE FOMENTO PESQUERO,Campaña_Otoño-Inv_2024.Proy.SeguimientoAmbiental,Calbuco,22,414705.8,730505.2,2024-05-22,15:30:00,MATERIA ORGANICA,2.101985208252251,22/05/2024 15:30:00,X
26,ESTUDIO SEGUIMIENTO DESEMPEÑO AMBIENTAL ACUICULTURA EN CHILE Y SU EFECTO EN LOS ECOSISTEMAS DE EMPLAZAMIENTO 2024-2025,Objetivo 1. Actividad 2. Muestreos y Analisis sedimentos,Johana Ojeda ,INSTITUTO DE FOMENTO PESQUERO,Campaña_Otoño-Inv_2024.Proy.SeguimientoAmbiental,Calbuco,26,415016.4,730447.2,2024-05-22,12:00:00,MATERIA ORGANICA,1.3133958103638605,22/05/2024 12:00:00,X
27,ESTUDIO SEGUIMIENTO DESEMPEÑO AMBIENTAL ACUICULTURA EN CHILE Y SU EFECTO EN LOS ECOSISTEMAS DE EMPLAZAMIENTO 2024-2025,Objetivo 1. Actividad 2. Muestreos y Analisis sedimentos,Johana Ojeda ,INSTITUTO DE FOMENTO PESQUERO,Campaña_Otoño-Inv_2024.Proy.SeguimientoAmbiental,Calbuco,27,414959.8,730629.1,2024-05-22,14:30:00,MATERIA ORGANICA,4.626061483199356,22/05/2024 14:30:00,X
28,ESTUDIO SEGUIMIENTO DESEMPEÑO AMBIENTAL ACUICULTURA EN CHILE Y SU EFECTO EN LOS ECOSISTEMAS DE EMPLAZAMIENTO 2024-2025,Objetivo 1. Actividad 2. Muestreos y Analisis sedimentos,Johana Ojeda ,INSTITUTO DE FOMENTO PESQUERO,Campaña_Otoño-Inv_2024.Proy.SeguimientoAmbiental,Calbuco,30,415019.0,730822.5,2024-05-22,14:50:00,MATERIA ORGANICA,1.0512172971896852,22/05/2024 14:50:00,X
29,ESTUDIO SEGUIMIENTO DESEMPEÑO AMBIENTAL ACUICULTURA EN CHILE Y SU EFECTO EN LOS ECOSISTEMAS DE EMPLAZAMIENTO 2024-2025,Objetivo 1. Actividad 2. Muestreos y Analisis sedimentos,Johana Ojeda ,INSTITUTO DE FOMENTO PESQUERO,Campaña_Otoño-Inv_2024.Proy.SeguimientoAmbiental,Chacao,2,415659.3,733134.3,2024-05-24,12:00:00,MATERIA ORGANICA,1.1608282221215747,24/05/2024 12:00:00,X
30,ESTUDIO SEGUIMIENTO DESEMPEÑO AMBIENTAL ACUICULTURA EN CHILE Y SU EFECTO EN LOS ECOSISTEMAS DE EMPLAZAMIENTO 2024-2025,Objetivo 1. Actividad 2. Muestreos y Analisis sedimentos,Johana Ojeda ,INSTITUTO DE FOMENTO PESQUERO,Campaña_Otoño-Inv_2024.Proy.SeguimientoAmbiental,Chacao,6,415415.1,732906.8,2024-05-24,11:30:00,MATERIA ORGANICA,0.9800263661915913,24/05/2024 11:30:00,X
31,ESTUDIO SEGUIMIENTO DESEMPEÑO AMBIENTAL ACUICULTURA EN CHILE Y SU EFECTO EN LOS ECOSISTEMAS DE EMPLAZAMIENTO 2024-2025,Objetivo 1. Actividad 2. Muestreos y Analisis sedimentos,Johana Ojeda ,INSTITUTO DE FOMENTO PESQUERO,Campaña_Otoño-Inv_2024.Proy.SeguimientoAmbiental,Chacao,12,415217.3,733107.9,2024-05-24,11:40:00,MATERIA ORGANICA,0.8426535927685318,24/05/2024 11:40:00,X
32,ESTUDIO SEGUIMIENTO DESEMPEÑO AMBIENTAL ACUICULTURA EN CHILE Y SU EFECTO EN LOS ECOSISTEMAS DE EMPLAZAMIENTO 2024-2025,Objetivo 1. Actividad 2. Muestreos y Analisis sedimentos,Johana Ojeda ,INSTITUTO DE FOMENTO PESQUERO,Campaña_Otoño-Inv_2024.Proy.SeguimientoAmbiental,Chacao,14,415115.7,732851.2,2024-05-24,11:10:00,MATERIA ORGANICA,0.8542621448212713,24/05/2024 11:10:00,X
33,ESTUDIO SEGUIMIENTO DESEMPEÑO AMBIENTAL ACUICULTURA EN CHILE Y SU EFECTO EN LOS ECOSISTEMAS DE EMPLAZAMIENTO 2024-2025,Objetivo 1. Actividad 2. Muestreos y Analisis sedimentos,Johana Ojeda ,INSTITUTO DE FOMENTO PESQUERO,Campaña_Otoño-Inv_2024.Proy.SeguimientoAmbiental,Butachauques,1,421917.6,731519.1,2024-05-25,10:45:00,MATERIA ORGANICA,1.4080625360158021,25/05/2024 10:45:00,X
34,ESTUDIO SEGUIMIENTO DESEMPEÑO AMBIENTAL ACUICULTURA EN CHILE Y SU EFECTO EN LOS ECOSISTEMAS DE EMPLAZAMIENTO 2024-2025,Objetivo 1. Actividad 2. Muestreos y Analisis sedimentos,Johana Ojeda ,INSTITUTO DE FOMENTO PESQUERO,Campaña_Otoño-Inv_2024.Proy.SeguimientoAmbiental,Butachauques,3,421702.6,731506.7,2024-05-25,11:20:00,MATERIA ORGANICA,1.9739872645983132,25/05/2024 11:20:00,X
35,ESTUDIO SEGUIMIENTO DESEMPEÑO AMBIENTAL ACUICULTURA EN CHILE Y SU EFECTO EN LOS ECOSISTEMAS DE EMPLAZAMIENTO 2024-2025,Objetivo 1. Actividad 2. Muestreos y Analisis sedimentos,Johana Ojeda ,INSTITUTO DE FOMENTO PESQUERO,Campaña_Otoño-Inv_2024.Proy.SeguimientoAmbiental,Butachauques,7,421556.3,730936.2,2024-05-25,12:40:00,MATERIA ORGANICA,1.0941258632730433,25/05/2024 12:40:00,X
36,ESTUDIO SEGUIMIENTO DESEMPEÑO AMBIENTAL ACUICULTURA EN CHILE Y SU EFECTO EN LOS ECOSISTEMAS DE EMPLAZAMIENTO 2024-2025,Objetivo 1. Actividad 2. Muestreos y Analisis sedimentos,Johana Ojeda ,INSTITUTO DE FOMENTO PESQUERO,Campaña_Otoño-Inv_2024.Proy.SeguimientoAmbiental,Butachauques,10,421645.3,732049.7,2024-05-25,10:00:00,MATERIA ORGANICA,1.4447712124520102,25/05/2024 10:00:00,X
37,ESTUDIO SEGUIMIENTO DESEMPEÑO AMBIENTAL ACUICULTURA EN CHILE Y SU EFECTO EN LOS ECOSISTEMAS DE EMPLAZAMIENTO 2024-2025,Objetivo 1. Actividad 2. Muestreos y Analisis sedimentos,Johana Ojeda ,INSTITUTO DE FOMENTO PESQUERO,Campaña_Otoño-Inv_2024.Proy.SeguimientoAmbiental,Butachauques,12,421224.4,732358.0,2024-05-25,08:45:00,MATERIA ORGANICA,1.721798469219689,25/05/2024 08:45:00,X
38,ESTUDIO SEGUIMIENTO DESEMPEÑO AMBIENTAL ACUICULTURA EN CHILE Y SU EFECTO EN LOS ECOSISTEMAS DE EMPLAZAMIENTO 2024-2025,Objetivo 1. Actividad 2. Muestreos y Analisis sedimentos,Johana Ojeda ,INSTITUTO DE FOMENTO PESQUERO,Campaña_Otoño-Inv_2024.Proy.SeguimientoAmbiental,Butachauques,13,421021.7,732609.5,2024-05-25,08:20:00,MATERIA ORGANICA,1.4503466557912064,25/05/2024 08:20:00,X
39,ESTUDIO SEGUIMIENTO DESEMPEÑO AMBIENTAL ACUICULTURA EN CHILE Y SU EFECTO EN LOS ECOSISTEMAS DE EMPLAZAMIENTO 2024-2025,Objetivo 1. Actividad 2. Muestreos y Analisis sedimentos,Johana Ojeda ,INSTITUTO DE FOMENTO PESQUERO,Campaña_Otoño-Inv_2024.Proy.SeguimientoAmbiental,Butachauques,14,420929.5,732804.6,2024-05-24,14:10:00,MATERIA ORGANICA,2.2469695476495666,24/05/2024 14:10:00,X
40,ESTUDIO SEGUIMIENTO DESEMPEÑO AMBIENTAL ACUICULTURA EN CHILE Y SU EFECTO EN LOS ECOSISTEMAS DE EMPLAZAMIENTO 2024-2025,Objetivo 1. Actividad 2. Muestreos y Analisis sedimentos,Johana Ojeda ,INSTITUTO DE FOMENTO PESQUERO,Campaña_Otoño-Inv_2024.Proy.SeguimientoAmbiental,Chaulinec,3,423622.9,731526.5,2024-05-26,10:35:00,MATERIA ORGANICA,0.5986622485557017,26/05/2024 10:35:00,X
41,ESTUDIO SEGUIMIENTO DESEMPEÑO AMBIENTAL ACUICULTURA EN CHILE Y SU EFECTO EN LOS ECOSISTEMAS DE EMPLAZAMIENTO 2024-2025,Objetivo 1. Actividad 2. Muestreos y Analisis sedimentos,Johana Ojeda ,INSTITUTO DE FOMENTO PESQUERO,Campaña_Otoño-Inv_2024.Proy.SeguimientoAmbiental,Chaulinec,4,423422.1,731353.2,2024-05-26,11:15:00,MATERIA ORGANICA,0.8533736615401493,26/05/2024 11:15:00,X
42,ESTUDIO SEGUIMIENTO DESEMPEÑO AMBIENTAL ACUICULTURA EN CHILE Y SU EFECTO EN LOS ECOSISTEMAS DE EMPLAZAMIENTO 2024-2025,Objetivo 1. Actividad 2. Muestreos y Analisis sedimentos,Johana Ojeda ,INSTITUTO DE FOMENTO PESQUERO,Campaña_Otoño-Inv_2024.Proy.SeguimientoAmbiental,Chaulinec,7,422803.3,732256.7,2024-05-26,09:50:00,MATERIA ORGANICA,0.8164333376946257,26/05/2024 09:50:00,X
43,ESTUDIO SEGUIMIENTO DESEMPEÑO AMBIENTAL ACUICULTURA EN CHILE Y SU EFECTO EN LOS ECOSISTEMAS DE EMPLAZAMIENTO 2024-2025,Objetivo 1. Actividad 2. Muestreos y Analisis sedimentos,Johana Ojeda ,INSTITUTO DE FOMENTO PESQUERO,Campaña_Otoño-Inv_2024.Proy.SeguimientoAmbiental,Chaulinec,10,422429.1,731921.4,2024-05-25,15:15:00,MATERIA ORGANICA,0.7050762836770271,25/05/2024 15:15:00,X
44,ESTUDIO SEGUIMIENTO DESEMPEÑO AMBIENTAL ACUICULTURA EN CHILE Y SU EFECTO EN LOS ECOSISTEMAS DE EMPLAZAMIENTO 2024-2025,Objetivo 1. Actividad 2. Muestreos y Analisis sedimentos,Johana Ojeda ,INSTITUTO DE FOMENTO PESQUERO,Campaña_Otoño-Inv_2024.Proy.SeguimientoAmbiental,Chaulinec,13,422634.7,733044.2,2024-05-26,14:50:00,MATERIA ORGANICA,1.0569116119184714,26/05/2024 14:50:00,X
45,ESTUDIO SEGUIMIENTO DESEMPEÑO AMBIENTAL ACUICULTURA EN CHILE Y SU EFECTO EN LOS ECOSISTEMAS DE EMPLAZAMIENTO 2024-2025,Objetivo 1. Actividad 2. Muestreos y Analisis sedimentos,Johana Ojeda ,INSTITUTO DE FOMENTO PESQUERO,Campaña_Otoño-Inv_2024.Proy.SeguimientoAmbiental,Tenaun,2,422246.5,733559.1,2024-05-26,16:55:00,MATERIA ORGANICA,1.5237827978111784,26/05/2024 16:55:00,X
46,ESTUDIO SEGUIMIENTO DESEMPEÑO AMBIENTAL ACUICULTURA EN CHILE Y SU EFECTO EN LOS ECOSISTEMAS DE EMPLAZAMIENTO 2024-2025,Objetivo 1. Actividad 2. Muestreos y Analisis sedimentos,Johana Ojeda ,INSTITUTO DE FOMENTO PESQUERO,Campaña_Otoño-Inv_2024.Proy.SeguimientoAmbiental,Tenaun,3,422307.4,733744.8,2024-05-27,08:15:00,MATERIA ORGANICA,1.1707128598106935,27/05/2024 08:15:00,X
47,ESTUDIO SEGUIMIENTO DESEMPEÑO AMBIENTAL ACUICULTURA EN CHILE Y SU EFECTO EN LOS ECOSISTEMAS DE EMPLAZAMIENTO 2024-2025,Objetivo 1. Actividad 2. Muestreos y Analisis sedimentos,Johana Ojeda ,INSTITUTO DE FOMENTO PESQUERO,Campaña_Otoño-Inv_2024.Proy.SeguimientoAmbiental,Tenaun,6,422215.1,733731.1,2024-05-27,08:45:00,MATERIA ORGANICA,1.231353940112899,27/05/2024 08:45:00,X
48,ESTUDIO SEGUIMIENTO DESEMPEÑO AMBIENTAL ACUICULTURA EN CHILE Y SU EFECTO EN LOS ECOSISTEMAS DE EMPLAZAMIENTO 2024-2025,Objetivo 1. Actividad 2. Muestreos y Analisis sedimentos,Johana Ojeda ,INSTITUTO DE FOMENTO PESQUERO,Campaña_Otoño-Inv_2024.Proy.SeguimientoAmbiental,Tenaun,9,422139.1,733441.7,2024-05-26,15:20:00,MATERIA ORGANICA,1.0047661986345409,26/05/2024 15:20:00,X
49,ESTUDIO SEGUIMIENTO DESEMPEÑO AMBIENTAL ACUICULTURA EN CHILE Y SU EFECTO EN LOS ECOSISTEMAS DE EMPLAZAMIENTO 2024-2025,Objetivo 1. Actividad 2. Muestreos y Analisis sedimentos,Johana Ojeda ,INSTITUTO DE FOMENTO PESQUERO,Campaña_Otoño-Inv_2024.Proy.SeguimientoAmbiental,Tenaun,14,422026.0,733200.9,2024-05-26,14:50:00,MATERIA ORGANICA,1.2095772364102513,26/05/2024 14:50:00,X
50,ESTUDIO SEGUIMIENTO DESEMPEÑO AMBIENTAL ACUICULTURA EN CHILE Y SU EFECTO EN LOS ECOSISTEMAS DE EMPLAZAMIENTO 2024-2025,Objetivo 1. Actividad 2. Muestreos y Analisis sedimentos,Johana Ojeda ,INSTITUTO DE FOMENTO PESQUERO,Campaña_Otoño-Inv_2024.Proy.SeguimientoAmbiental,Chiloe central,1,423046.9,734515.6,2024-05-27,14:45:00,MATERIA ORGANICA,1.8956132787238487,27/05/2024 14:45:00,X
51,ESTUDIO SEGUIMIENTO DESEMPEÑO AMBIENTAL ACUICULTURA EN CHILE Y SU EFECTO EN LOS ECOSISTEMAS DE EMPLAZAMIENTO 2024-2025,Objetivo 1. Actividad 2. Muestreos y Analisis sedimentos,Johana Ojeda ,INSTITUTO DE FOMENTO PESQUERO,Campaña_Otoño-Inv_2024.Proy.SeguimientoAmbiental,Chiloe central,4,423259.2,734015.8,2024-05-27,13:35:00,MATERIA ORGANICA,1.1973266585812767,27/05/2024 13:35:00,X
52,ESTUDIO SEGUIMIENTO DESEMPEÑO AMBIENTAL ACUICULTURA EN CHILE Y SU EFECTO EN LOS ECOSISTEMAS DE EMPLAZAMIENTO 2024-2025,Objetivo 1. Actividad 2. Muestreos y Analisis sedimentos,Johana Ojeda ,INSTITUTO DE FOMENTO PESQUERO,Campaña_Otoño-Inv_2024.Proy.SeguimientoAmbiental,Chiloe central,6,423209.3,733613.2,2024-05-27,13:00:00,MATERIA ORGANICA,0.8279645661364935,27/05/2024 13:00:00,X
53,ESTUDIO SEGUIMIENTO DESEMPEÑO AMBIENTAL ACUICULTURA EN CHILE Y SU EFECTO EN LOS ECOSISTEMAS DE EMPLAZAMIENTO 2024-2025,Objetivo 1. Actividad 2. Muestreos y Analisis sedimentos,Johana Ojeda ,INSTITUTO DE FOMENTO PESQUERO,Campaña_Otoño-Inv_2024.Proy.SeguimientoAmbiental,Chiloe central,7,423029.3,733611.3,2024-05-27,10:25:00,MATERIA ORGANICA,1.1066711642751517,27/05/2024 10:25:00,X
54,ESTUDIO SEGUIMIENTO DESEMPEÑO AMBIENTAL ACUICULTURA EN CHILE Y SU EFECTO EN LOS ECOSISTEMAS DE EMPLAZAMIENTO 2024-2025,Objetivo 1. Actividad 2. Muestreos y Analisis sedimentos,Johana Ojeda ,INSTITUTO DE FOMENTO PESQUERO,Campaña_Otoño-Inv_2024.Proy.SeguimientoAmbiental,Chiloe central,11,422833.3,733241.1,2024-05-27,11:00:00,MATERIA ORGANICA,0.8523210855239164,27/05/2024 11:00:00,X
55,ESTUDIO SEGUIMIENTO DESEMPEÑO AMBIENTAL ACUICULTURA EN CHILE Y SU EFECTO EN LOS ECOSISTEMAS DE EMPLAZAMIENTO 2024-2025,Objetivo 1. Actividad 2. Muestreos y Analisis sedimentos,Johana Ojeda ,INSTITUTO DE FOMENTO PESQUERO,Campaña_Otoño-Inv_2024.Proy.SeguimientoAmbiental,Chiloe central,12,423059.3,732821.5,2024-05-27,11:35:00,MATERIA ORGANICA,0.9346531529755263,27/05/2024 11:35:00,X
56,ESTUDIO SEGUIMIENTO DESEMPEÑO AMBIENTAL ACUICULTURA EN CHILE Y SU EFECTO EN LOS ECOSISTEMAS DE EMPLAZAMIENTO 2024-2025,Objetivo 1. Actividad 2. Muestreos y Analisis sedimentos,Johana Ojeda ,INSTITUTO DE FOMENTO PESQUERO,Campaña_Otoño-Inv_2024.Proy.SeguimientoAmbiental,Chiloe central,16,424213.5,733738.2,2024-05-29,10:45:00,MATERIA ORGANICA,0.8618021074528698,29/05/2024 10:45:00,X
57,ESTUDIO SEGUIMIENTO DESEMPEÑO AMBIENTAL ACUICULTURA EN CHILE Y SU EFECTO EN LOS ECOSISTEMAS DE EMPLAZAMIENTO 2024-2025,Objetivo 1. Actividad 2. Muestreos y Analisis sedimentos,Johana Ojeda ,INSTITUTO DE FOMENTO PESQUERO,Campaña_Otoño-Inv_2024.Proy.SeguimientoAmbiental,Chiloe central,26,423654.6,732710.2,2024-05-26,12:00:00,MATERIA ORGANICA,0.8218563664186647,26/05/2024 12:00:00,X
58,ESTUDIO SEGUIMIENTO DESEMPEÑO AMBIENTAL ACUICULTURA EN CHILE Y SU EFECTO EN LOS ECOSISTEMAS DE EMPLAZAMIENTO 2024-2025,Objetivo 1. Actividad 2. Muestreos y Analisis sedimentos,Johana Ojeda ,INSTITUTO DE FOMENTO PESQUERO,Campaña_Otoño-Inv_2024.Proy.SeguimientoAmbiental,Desertores,1,424703.0,725635.9,2024-06-19,15:30:00,MATERIA ORGANICA,1.2552184023983746,19/06/2024 15:30:00,X
59,ESTUDIO SEGUIMIENTO DESEMPEÑO AMBIENTAL ACUICULTURA EN CHILE Y SU EFECTO EN LOS ECOSISTEMAS DE EMPLAZAMIENTO 2024-2025,Objetivo 1. Actividad 2. Muestreos y Analisis sedimentos,Johana Ojeda ,INSTITUTO DE FOMENTO PESQUERO,Campaña_Otoño-Inv_2024.Proy.SeguimientoAmbiental,Desertores,2,424756.1,725723.7,2024-06-22,09:15:00,MATERIA ORGANICA,1.1851605020548706,22/06/2024 09:15:00,X
60,ESTUDIO SEGUIMIENTO DESEMPEÑO AMBIENTAL ACUICULTURA EN CHILE Y SU EFECTO EN LOS ECOSISTEMAS DE EMPLAZAMIENTO 2024-2025,Objetivo 1. Actividad 2. Muestreos y Analisis sedimentos,Johana Ojeda ,INSTITUTO DE FOMENTO PESQUERO,Campaña_Otoño-Inv_2024.Proy.SeguimientoAmbiental,Desertores,3,424536.0,725951.7,2024-06-22,09:50:00,MATERIA ORGANICA,1.028709882925519,22/06/2024 09:50:00,X
61,ESTUDIO SEGUIMIENTO DESEMPEÑO AMBIENTAL ACUICULTURA EN CHILE Y SU EFECTO EN LOS ECOSISTEMAS DE EMPLAZAMIENTO 2024-2025,Objetivo 1. Actividad 2. Muestreos y Analisis sedimentos,Johana Ojeda ,INSTITUTO DE FOMENTO PESQUERO,Campaña_Otoño-Inv_2024.Proy.SeguimientoAmbiental,Desertores,6,424206.5,730534.1,2024-06-22,10:45:00,MATERIA ORGANICA,1.0474974186185735,22/06/2024 10:45:00,X
62,ESTUDIO SEGUIMIENTO DESEMPEÑO AMBIENTAL ACUICULTURA EN CHILE Y SU EFECTO EN LOS ECOSISTEMAS DE EMPLAZAMIENTO 2024-2025,Objetivo 1. Actividad 2. Muestreos y Analisis sedimentos,Johana Ojeda ,INSTITUTO DE FOMENTO PESQUERO,Campaña_Otoño-Inv_2024.Proy.SeguimientoAmbiental,Quellon,6,431143.2,733811.2,2024-06-01,11:05:00,MATERIA ORGANICA,1.349308549353328,01/06/2024 11:05:00,X
63,ESTUDIO SEGUIMIENTO DESEMPEÑO AMBIENTAL ACUICULTURA EN CHILE Y SU EFECTO EN LOS ECOSISTEMAS DE EMPLAZAMIENTO 2024-2025,Objetivo 1. Actividad 2. Muestreos y Analisis sedimentos,Johana Ojeda ,INSTITUTO DE FOMENTO PESQUERO,Campaña_Otoño-Inv_2024.Proy.SeguimientoAmbiental,Quellon,8,430739.5,734328.6,2024-06-01,12:05:00,MATERIA ORGANICA,9.87308336554567,01/06/2024 12:05:00,X
64,ESTUDIO SEGUIMIENTO DESEMPEÑO AMBIENTAL ACUICULTURA EN CHILE Y SU EFECTO EN LOS ECOSISTEMAS DE EMPLAZAMIENTO 2024-2025,Objetivo 1. Actividad 2. Muestreos y Analisis sedimentos,Johana Ojeda ,INSTITUTO DE FOMENTO PESQUERO,Campaña_Otoño-Inv_2024.Proy.SeguimientoAmbiental,Quellon,11,430832.2,734013.7,2024-06-01,12:35:00,MATERIA ORGANICA,1.7527958482567243,01/06/2024 12:35:00,X
65,ESTUDIO SEGUIMIENTO DESEMPEÑO AMBIENTAL ACUICULTURA EN CHILE Y SU EFECTO EN LOS ECOSISTEMAS DE EMPLAZAMIENTO 2024-2025,Objetivo 1. Actividad 2. Muestreos y Analisis sedimentos,Johana Ojeda ,INSTITUTO DE FOMENTO PESQUERO,Campaña_Otoño-Inv_2024.Proy.SeguimientoAmbiental,Quellon,12,431133.5,733423.8,2024-06-01,10:15:00,MATERIA ORGANICA,1.49463537781856,01/06/2024 10:15:00,X
66,ESTUDIO SEGUIMIENTO DESEMPEÑO AMBIENTAL ACUICULTURA EN CHILE Y SU EFECTO EN LOS ECOSISTEMAS DE EMPLAZAMIENTO 2024-2025,Objetivo 1. Actividad 2. Muestreos y Analisis sedimentos,Johana Ojeda ,INSTITUTO DE FOMENTO PESQUERO,Campaña_Otoño-Inv_2024.Proy.SeguimientoAmbiental,Quellon,13,430826.2,733310.7,2024-06-01,09:30:00,MATERIA ORGANICA,1.7170626349891798,01/06/2024 09:30:00,X
67,ESTUDIO SEGUIMIENTO DESEMPEÑO AMBIENTAL ACUICULTURA EN CHILE Y SU EFECTO EN LOS ECOSISTEMAS DE EMPLAZAMIENTO 2024-2025,Objetivo 1. Actividad 2. Muestreos y Analisis sedimentos,Johana Ojeda ,INSTITUTO DE FOMENTO PESQUERO,Campaña_Otoño-Inv_2024.Proy.SeguimientoAmbiental,Quellon,19,430307.5,732746.7,2024-05-31,15:10:00,MATERIA ORGANICA,0.9454716234922248,31/05/2024 15:10:00,X
68,ESTUDIO SEGUIMIENTO DESEMPEÑO AMBIENTAL ACUICULTURA EN CHILE Y SU EFECTO EN LOS ECOSISTEMAS DE EMPLAZAMIENTO 2024-2025,Objetivo 1. Actividad 2. Muestreos y Analisis sedimentos,Johana Ojeda ,INSTITUTO DE FOMENTO PESQUERO,Campaña_Otoño-Inv_2024.Proy.SeguimientoAmbiental,Quellon,21,430206.1,733133.1,2024-05-31,14:35:00,MATERIA ORGANICA,1.0457551123587765,31/05/2024 14:35:00,X
69,ESTUDIO SEGUIMIENTO DESEMPEÑO AMBIENTAL ACUICULTURA EN CHILE Y SU EFECTO EN LOS ECOSISTEMAS DE EMPLAZAMIENTO 2024-2025,Objetivo 1. Actividad 2. Muestreos y Analisis sedimentos,Johana Ojeda ,INSTITUTO DE FOMENTO PESQUERO,Campaña_Otoño-Inv_2024.Proy.SeguimientoAmbiental,Quellon,22,425921.8,732805.5,2024-05-31,14:00:00,MATERIA ORGANICA,0.8457008244994485,31/05/2024 14:00:00,X
70,ESTUDIO SEGUIMIENTO DESEMPEÑO AMBIENTAL ACUICULTURA EN CHILE Y SU EFECTO EN LOS ECOSISTEMAS DE EMPLAZAMIENTO 2024-2025,Objetivo 1. Actividad 2. Muestreos y Analisis sedimentos,Johana Ojeda ,INSTITUTO DE FOMENTO PESQUERO,Campaña_Otoño-Inv_2024.Proy.SeguimientoAmbiental,Quellon,26,425621.2,733649.9,2024-05-31,12:50:00,MATERIA ORGANICA,1.7730593109463901,31/05/2024 12:50:00,X
71,ESTUDIO SEGUIMIENTO DESEMPEÑO AMBIENTAL ACUICULTURA EN CHILE Y SU EFECTO EN LOS ECOSISTEMAS DE EMPLAZAMIENTO 2024-2025,Objetivo 1. Actividad 2. Muestreos y Analisis sedimentos,Johana Ojeda ,INSTITUTO DE FOMENTO PESQUERO,Campaña_Otoño-Inv_2024.Proy.SeguimientoAmbiental,Quellon,28,425525.9,733504.7,2024-05-31,12:30:00,MATERIA ORGANICA,1.3453033203511855,31/05/2024 12:30:00,X
72,ESTUDIO SEGUIMIENTO DESEMPEÑO AMBIENTAL ACUICULTURA EN CHILE Y SU EFECTO EN LOS ECOSISTEMAS DE EMPLAZAMIENTO 2024-2025,Objetivo 1. Actividad 2. Muestreos y Analisis sedimentos,Johana Ojeda ,INSTITUTO DE FOMENTO PESQUERO,Campaña_Otoño-Inv_2024.Proy.SeguimientoAmbiental,Quellon,32,425122.8,734130.9,2024-05-31,11:45:00,MATERIA ORGANICA,3.1125898894493838,31/05/2024 11:45:00,X
73,ESTUDIO SEGUIMIENTO DESEMPEÑO AMBIENTAL ACUICULTURA EN CHILE Y SU EFECTO EN LOS ECOSISTEMAS DE EMPLAZAMIENTO 2024-2025,Objetivo 1. Actividad 2. Muestreos y Analisis sedimentos,Johana Ojeda ,INSTITUTO DE FOMENTO PESQUERO,Campaña_Otoño-Inv_2024.Proy.SeguimientoAmbiental,Quellon,39,425415.3,732927.9,2024-05-29,13:15:00,MATERIA ORGANICA,1.109947391864378,29/05/2024 13:15:00,X
74,ESTUDIO SEGUIMIENTO DESEMPEÑO AMBIENTAL ACUICULTURA EN CHILE Y SU EFECTO EN LOS ECOSISTEMAS DE EMPLAZAMIENTO 2024-2025,Objetivo 1. Actividad 2. Muestreos y Analisis sedimentos,Johana Ojeda ,INSTITUTO DE FOMENTO PESQUERO,Campaña_Otoño-Inv_2024.Proy.SeguimientoAmbiental,Hornopiren,3,420427.1,722759.7,2024-06-14,15:25:00,MATERIA ORGANICA,1.903109496570603,14/06/2024 15:25:00,X
75,ESTUDIO SEGUIMIENTO DESEMPEÑO AMBIENTAL ACUICULTURA EN CHILE Y SU EFECTO EN LOS ECOSISTEMAS DE EMPLAZAMIENTO 2024-2025,Objetivo 1. Actividad 2. Muestreos y Analisis sedimentos,Johana Ojeda ,INSTITUTO DE FOMENTO PESQUERO,Campaña_Otoño-Inv_2024.Proy.SeguimientoAmbiental,Hornopiren,6,420209.6,723558.5,2024-06-14,14:20:00,MATERIA ORGANICA,1.658180562918431,14/06/2024 14:20:00,X
76,ESTUDIO SEGUIMIENTO DESEMPEÑO AMBIENTAL ACUICULTURA EN CHILE Y SU EFECTO EN LOS ECOSISTEMAS DE EMPLAZAMIENTO 2024-2025,Objetivo 1. Actividad 2. Muestreos y Analisis sedimentos,Johana Ojeda ,INSTITUTO DE FOMENTO PESQUERO,Campaña_Otoño-Inv_2024.Proy.SeguimientoAmbiental,Hornopiren,7,420301.3,723537.3,2024-06-14,13:45:00,MATERIA ORGANICA,1.7655401770430992,14/06/2024 13:45:00,X
78,ESTUDIO SEGUIMIENTO DESEMPEÑO AMBIENTAL ACUICULTURA EN CHILE Y SU EFECTO EN LOS ECOSISTEMAS DE EMPLAZAMIENTO 2024-2025,Objetivo 1. Actividad 2. Muestreos y Analisis sedimentos,Johana Ojeda ,INSTITUTO DE FOMENTO PESQUERO,Campaña_Otoño-Inv_2024.Proy.SeguimientoAmbiental,Hornopiren,14,421524.5,722346.8,2024-06-14,17:20:00,MATERIA ORGANICA,3.986451709309497,14/06/2024 17:20:00,X
79,ESTUDIO SEGUIMIENTO DESEMPEÑO AMBIENTAL ACUICULTURA EN CHILE Y SU EFECTO EN LOS ECOSISTEMAS DE EMPLAZAMIENTO 2024-2025,Objetivo 1. Actividad 2. Muestreos y Analisis sedimentos,Johana Ojeda ,INSTITUTO DE FOMENTO PESQUERO,Campaña_Otoño-Inv_2024.Proy.SeguimientoAmbiental,Ayacara,1,421853.1,724721.9,2024-06-15,13:15:00,MATERIA ORGANICA,1.3792114352643214,15/06/2024 13:15:00,X
80,ESTUDIO SEGUIMIENTO DESEMPEÑO AMBIENTAL ACUICULTURA EN CHILE Y SU EFECTO EN LOS ECOSISTEMAS DE EMPLAZAMIENTO 2024-2025,Objetivo 1. Actividad 2. Muestreos y Analisis sedimentos,Johana Ojeda ,INSTITUTO DE FOMENTO PESQUERO,Campaña_Otoño-Inv_2024.Proy.SeguimientoAmbiental,Ayacara,2,422434.1,724307.0,2024-06-15,14:50:00,MATERIA ORGANICA,1.8374786457002377,15/06/2024 14:50:00,X
81,ESTUDIO SEGUIMIENTO DESEMPEÑO AMBIENTAL ACUICULTURA EN CHILE Y SU EFECTO EN LOS ECOSISTEMAS DE EMPLAZAMIENTO 2024-2025,Objetivo 1. Actividad 2. Muestreos y Analisis sedimentos,Johana Ojeda ,INSTITUTO DE FOMENTO PESQUERO,Campaña_Otoño-Inv_2024.Proy.SeguimientoAmbiental,Ayacara,3,423409.7,723139.7,2024-06-15,17:15:00,MATERIA ORGANICA,0.4264084599438305,15/06/2024 17:15:00,X
82,ESTUDIO SEGUIMIENTO DESEMPEÑO AMBIENTAL ACUICULTURA EN CHILE Y SU EFECTO EN LOS ECOSISTEMAS DE EMPLAZAMIENTO 2024-2025,Objetivo 1. Actividad 2. Muestreos y Analisis sedimentos,Johana Ojeda ,INSTITUTO DE FOMENTO PESQUERO,Campaña_Otoño-Inv_2024.Proy.SeguimientoAmbiental,Ayacara,4,423117.9,724140.8,2024-06-15,16:00:00,MATERIA ORGANICA,1.2225319245478767,15/06/2024 16:00:00,X
83,ESTUDIO SEGUIMIENTO DESEMPEÑO AMBIENTAL ACUICULTURA EN CHILE Y SU EFECTO EN LOS ECOSISTEMAS DE EMPLAZAMIENTO 2024-2025,Objetivo 1. Actividad 2. Muestreos y Analisis sedimentos,Johana Ojeda ,INSTITUTO DE FOMENTO PESQUERO,Campaña_Otoño-Inv_2024.Proy.SeguimientoAmbiental,Ayacara,7,423730.6,725115.4,2024-06-19,12:10:00,MATERIA ORGANICA,1.190053285968022,19/06/2024 12:10:00,X
84,ESTUDIO SEGUIMIENTO DESEMPEÑO AMBIENTAL ACUICULTURA EN CHILE Y SU EFECTO EN LOS ECOSISTEMAS DE EMPLAZAMIENTO 2024-2025,Objetivo 1. Actividad 2. Muestreos y Analisis sedimentos,Johana Ojeda ,INSTITUTO DE FOMENTO PESQUERO,Campaña_Otoño-Inv_2024.Proy.SeguimientoAmbiental,Ayacara,9,424232.8,725058.9,2024-06-19,13:00:00,MATERIA ORGANICA,1.1646318904920128,19/06/2024 13:00:00,X
85,ESTUDIO SEGUIMIENTO DESEMPEÑO AMBIENTAL ACUICULTURA EN CHILE Y SU EFECTO EN LOS ECOSISTEMAS DE EMPLAZAMIENTO 2024-2025,Objetivo 1. Actividad 2. Muestreos y Analisis sedimentos,Johana Ojeda ,INSTITUTO DE FOMENTO PESQUERO,Campaña_Otoño-Inv_2024.Proy.SeguimientoAmbiental,Chaiten,3,424711.1,725049.9,2024-06-16,13:30:00,MATERIA ORGANICA,0.6322510123468886,16/06/2024 13:30:00,X
86,ESTUDIO SEGUIMIENTO DESEMPEÑO AMBIENTAL ACUICULTURA EN CHILE Y SU EFECTO EN LOS ECOSISTEMAS DE EMPLAZAMIENTO 2024-2025,Objetivo 1. Actividad 2. Muestreos y Analisis sedimentos,Johana Ojeda ,INSTITUTO DE FOMENTO PESQUERO,Campaña_Otoño-Inv_2024.Proy.SeguimientoAmbiental,Chaiten,4,425527.6,724459.6,2024-06-16,14:20:00,MATERIA ORGANICA,2.355234883092089,16/06/2024 14:20:00,X
87,ESTUDIO SEGUIMIENTO DESEMPEÑO AMBIENTAL ACUICULTURA EN CHILE Y SU EFECTO EN LOS ECOSISTEMAS DE EMPLAZAMIENTO 2024-2025,Objetivo 1. Actividad 2. Muestreos y Analisis sedimentos,Johana Ojeda ,INSTITUTO DE FOMENTO PESQUERO,Campaña_Otoño-Inv_2024.Proy.SeguimientoAmbiental,Chaiten,12,431438.9,725308.2,2024-06-23,12:00:00,MATERIA ORGANICA,0.4301222093261501,23/06/2024 12:00:00,X
88,ESTUDIO SEGUIMIENTO DESEMPEÑO AMBIENTAL ACUICULTURA EN CHILE Y SU EFECTO EN LOS ECOSISTEMAS DE EMPLAZAMIENTO 2024-2025,Objetivo 1. Actividad 2. Muestreos y Analisis sedimentos,Johana Ojeda ,INSTITUTO DE FOMENTO PESQUERO,Campaña_Otoño-Inv_2024.Proy.SeguimientoAmbiental,Chaiten,14,431550.9,725835.0,2024-06-23,11:00:00,MATERIA ORGANICA,1.1831158946145468,23/06/2024 11:00:00,X
89,ESTUDIO SEGUIMIENTO DESEMPEÑO AMBIENTAL ACUICULTURA EN CHILE Y SU EFECTO EN LOS ECOSISTEMAS DE EMPLAZAMIENTO 2024-2025,Objetivo 1. Actividad 2. Muestreos y Analisis sedimentos,Johana Ojeda ,INSTITUTO DE FOMENTO PESQUERO,Campaña_Otoño-Inv_2024.Proy.SeguimientoAmbiental,Chaiten,18,433529.8,730022.5,2024-08-05,07:21:00,MATERIA ORGANICA,0.6614371224751597,05/08/2024 07:21:00,X
90,ESTUDIO SEGUIMIENTO DESEMPEÑO AMBIENTAL ACUICULTURA EN CHILE Y SU EFECTO EN LOS ECOSISTEMAS DE EMPLAZAMIENTO 2024-2025,Objetivo 1. Actividad 2. Muestreos y Analisis sedimentos,Johana Ojeda ,INSTITUTO DE FOMENTO PESQUERO,Campaña_Otoño-Inv_2024.Proy.SeguimientoAmbiental,Chaiten,19,433757.9,725704.9,2024-08-04,16:35:00,MATERIA ORGANICA,0.8190907022498158,04/08/2024 16:35:00,X
92,ESTUDIO SEGUIMIENTO DESEMPEÑO AMBIENTAL ACUICULTURA EN CHILE Y SU EFECTO EN LOS ECOSISTEMAS DE EMPLAZAMIENTO 2024-2025,Objetivo 1. Actividad 2. Muestreos y Analisis sedimentos,Johana Ojeda ,INSTITUTO DE FOMENTO PESQUERO,Campaña_Otoño-Inv_2024.Proy.SeguimientoAmbiental,Guaitecas,1,442931.1,740942.8,2024-07-14,10:50:00,MATERIA ORGANICA,1.098872852057009,14/07/2024 10:50:00,XI
93,ESTUDIO SEGUIMIENTO DESEMPEÑO AMBIENTAL ACUICULTURA EN CHILE Y SU EFECTO EN LOS ECOSISTEMAS DE EMPLAZAMIENTO 2024-2025,Objetivo 1. Actividad 2. Muestreos y Analisis sedimentos,Johana Ojeda ,INSTITUTO DE FOMENTO PESQUERO,Campaña_Otoño-Inv_2024.Proy.SeguimientoAmbiental,Guaitecas,2,442708.1,740808.5,2024-07-14,10:20:00,MATERIA ORGANICA,1.529982489881452,14/07/2024 10:20:00,XI
94,ESTUDIO SEGUIMIENTO DESEMPEÑO AMBIENTAL ACUICULTURA EN CHILE Y SU EFECTO EN LOS ECOSISTEMAS DE EMPLAZAMIENTO 2024-2025,Objetivo 1. Actividad 2. Muestreos y Analisis sedimentos,Johana Ojeda ,INSTITUTO DE FOMENTO PESQUERO,Campaña_Otoño-Inv_2024.Proy.SeguimientoAmbiental,Guaitecas,4,441418.4,741320.7,2024-07-14,08:30:00,MATERIA ORGANICA,0.6462075235263546,14/07/2024 08:30:00,XI
95,ESTUDIO SEGUIMIENTO DESEMPEÑO AMBIENTAL ACUICULTURA EN CHILE Y SU EFECTO EN LOS ECOSISTEMAS DE EMPLAZAMIENTO 2024-2025,Objetivo 1. Actividad 2. Muestreos y Analisis sedimentos,Johana Ojeda ,INSTITUTO DE FOMENTO PESQUERO,Campaña_Otoño-Inv_2024.Proy.SeguimientoAmbiental,Guaitecas,6,440829.0,740209.0,2024-07-13,16:00:00,MATERIA ORGANICA,0.7674678889303046,13/07/2024 16:00:00,XI
96,ESTUDIO SEGUIMIENTO DESEMPEÑO AMBIENTAL ACUICULTURA EN CHILE Y SU EFECTO EN LOS ECOSISTEMAS DE EMPLAZAMIENTO 2024-2025,Objetivo 1. Actividad 2. Muestreos y Analisis sedimentos,Johana Ojeda ,INSTITUTO DE FOMENTO PESQUERO,Campaña_Otoño-Inv_2024.Proy.SeguimientoAmbiental,Guaitecas,7,440453.4,735253.7,2024-07-13,14:35:00,MATERIA ORGANICA,1.2918281451848148,13/07/2024 14:35:00,XI
97,ESTUDIO SEGUIMIENTO DESEMPEÑO AMBIENTAL ACUICULTURA EN CHILE Y SU EFECTO EN LOS ECOSISTEMAS DE EMPLAZAMIENTO 2024-2025,Objetivo 1. Actividad 2. Muestreos y Analisis sedimentos,Johana Ojeda ,INSTITUTO DE FOMENTO PESQUERO,Campaña_Otoño-Inv_2024.Proy.SeguimientoAmbiental,Guaitecas,8,435456.5,735432.1,2024-07-12,09:30:00,MATERIA ORGANICA,1.1734889185157655,12/07/2024 09:30:00,XI
98,ESTUDIO SEGUIMIENTO DESEMPEÑO AMBIENTAL ACUICULTURA EN CHILE Y SU EFECTO EN LOS ECOSISTEMAS DE EMPLAZAMIENTO 2024-2025,Objetivo 1. Actividad 2. Muestreos y Analisis sedimentos,Johana Ojeda ,INSTITUTO DE FOMENTO PESQUERO,Campaña_Otoño-Inv_2024.Proy.SeguimientoAmbiental,Guaitecas,9,435329.1,735219.9,2024-07-12,08:45:00,MATERIA ORGANICA,1.0418165252002107,12/07/2024 08:45:00,XI
99,ESTUDIO SEGUIMIENTO DESEMPEÑO AMBIENTAL ACUICULTURA EN CHILE Y SU EFECTO EN LOS ECOSISTEMAS DE EMPLAZAMIENTO 2024-2025,Objetivo 1. Actividad 2. Muestreos y Analisis sedimentos,Johana Ojeda ,INSTITUTO DE FOMENTO PESQUERO,Campaña_Otoño-Inv_2024.Proy.SeguimientoAmbiental,Guaitecas,10,435638.0,734800.0,2024-07-12,10:20:00,MATERIA ORGANICA,0.7857319405237059,12/07/2024 10:20:00,XI
100,ESTUDIO SEGUIMIENTO DESEMPEÑO AMBIENTAL ACUICULTURA EN CHILE Y SU EFECTO EN LOS ECOSISTEMAS DE EMPLAZAMIENTO 2024-2025,Objetivo 1. Actividad 2. Muestreos y Analisis sedimentos,Johana Ojeda ,INSTITUTO DE FOMENTO PESQUERO,Campaña_Otoño-Inv_2024.Proy.SeguimientoAmbiental,Guaitecas,12,440031.4,734511.0,2024-07-12,11:10:00,MATERIA ORGANICA,0.7182419957671062,12/07/2024 11:10:00,XI
101,ESTUDIO SEGUIMIENTO DESEMPEÑO AMBIENTAL ACUICULTURA EN CHILE Y SU EFECTO EN LOS ECOSISTEMAS DE EMPLAZAMIENTO 2024-2025,Objetivo 1. Actividad 2. Muestreos y Analisis sedimentos,Johana Ojeda ,INSTITUTO DE FOMENTO PESQUERO,Campaña_Otoño-Inv_2024.Proy.SeguimientoAmbiental,Guaitecas,17,441715.5,734639.1,2024-07-12,14:40:00,MATERIA ORGANICA,0.8741423066077673,12/07/2024 14:40:00,XI
102,ESTUDIO SEGUIMIENTO DESEMPEÑO AMBIENTAL ACUICULTURA EN CHILE Y SU EFECTO EN LOS ECOSISTEMAS DE EMPLAZAMIENTO 2024-2025,Objetivo 1. Actividad 2. Muestreos y Analisis sedimentos,Johana Ojeda ,INSTITUTO DE FOMENTO PESQUERO,Campaña_Otoño-Inv_2024.Proy.SeguimientoAmbiental,Moraleda,2,451131.2,735840.6,2024-07-16,15:05:00,MATERIA ORGANICA,0.9854234121245694,16/07/2024 15:05:00,XI
103,ESTUDIO SEGUIMIENTO DESEMPEÑO AMBIENTAL ACUICULTURA EN CHILE Y SU EFECTO EN LOS ECOSISTEMAS DE EMPLAZAMIENTO 2024-2025,Objetivo 1. Actividad 2. Muestreos y Analisis sedimentos,Johana Ojeda ,INSTITUTO DE FOMENTO PESQUERO,Campaña_Otoño-Inv_2024.Proy.SeguimientoAmbiental,Moraleda,4,450957.9,740833.4,2024-07-16,14:00:00,MATERIA ORGANICA,1.3061644275888828,16/07/2024 14:00:00,XI
104,ESTUDIO SEGUIMIENTO DESEMPEÑO AMBIENTAL ACUICULTURA EN CHILE Y SU EFECTO EN LOS ECOSISTEMAS DE EMPLAZAMIENTO 2024-2025,Objetivo 1. Actividad 2. Muestreos y Analisis sedimentos,Johana Ojeda ,INSTITUTO DE FOMENTO PESQUERO,Campaña_Otoño-Inv_2024.Proy.SeguimientoAmbiental,Moraleda,5,450801.8,741520.1,2024-07-16,12:30:00,MATERIA ORGANICA,2.166730600274714,16/07/2024 12:30:00,XI
105,ESTUDIO SEGUIMIENTO DESEMPEÑO AMBIENTAL ACUICULTURA EN CHILE Y SU EFECTO EN LOS ECOSISTEMAS DE EMPLAZAMIENTO 2024-2025,Objetivo 1. Actividad 2. Muestreos y Analisis sedimentos,Johana Ojeda ,INSTITUTO DE FOMENTO PESQUERO,Campaña_Otoño-Inv_2024.Proy.SeguimientoAmbiental,Moraleda,12,444145.4,735257.1,2024-07-14,14:50:00,MATERIA ORGANICA,2.032909629113708,14/07/2024 14:50:00,XI
106,ESTUDIO SEGUIMIENTO DESEMPEÑO AMBIENTAL ACUICULTURA EN CHILE Y SU EFECTO EN LOS ECOSISTEMAS DE EMPLAZAMIENTO 2024-2025,Objetivo 1. Actividad 2. Muestreos y Analisis sedimentos,Johana Ojeda ,INSTITUTO DE FOMENTO PESQUERO,Campaña_Otoño-Inv_2024.Proy.SeguimientoAmbiental,Moraleda,13,443935.6,735252.9,2024-07-14,14:00:00,MATERIA ORGANICA,1.4476726651251568,14/07/2024 14:00:00,XI
107,ESTUDIO SEGUIMIENTO DESEMPEÑO AMBIENTAL ACUICULTURA EN CHILE Y SU EFECTO EN LOS ECOSISTEMAS DE EMPLAZAMIENTO 2024-2025,Objetivo 1. Actividad 2. Muestreos y Analisis sedimentos,Johana Ojeda ,INSTITUTO DE FOMENTO PESQUERO,Campaña_Otoño-Inv_2024.Proy.SeguimientoAmbiental,Moraleda,14,443608.6,740025.9,2024-07-14,12:30:00,MATERIA ORGANICA,1.008537683788543,14/07/2024 12:30:00,XI
108,ESTUDIO SEGUIMIENTO DESEMPEÑO AMBIENTAL ACUICULTURA EN CHILE Y SU EFECTO EN LOS ECOSISTEMAS DE EMPLAZAMIENTO 2024-2025,Objetivo 1. Actividad 2. Muestreos y Analisis sedimentos,Johana Ojeda ,INSTITUTO DE FOMENTO PESQUERO,Campaña_Otoño-Inv_2024.Proy.SeguimientoAmbiental,Moraleda,16,443308.8,740650.1,2024-07-14,11:40:00,MATERIA ORGANICA,1.414729752111731,14/07/2024 11:40:00,XI
109,ESTUDIO SEGUIMIENTO DESEMPEÑO AMBIENTAL ACUICULTURA EN CHILE Y SU EFECTO EN LOS ECOSISTEMAS DE EMPLAZAMIENTO 2024-2025,Objetivo 1. Actividad 2. Muestreos y Analisis sedimentos,Johana Ojeda ,INSTITUTO DE FOMENTO PESQUERO,Campaña_Otoño-Inv_2024.Proy.SeguimientoAmbiental,Moraleda,17,440830.9,733501.0,2024-07-12,13:00:00,MATERIA ORGANICA,0.91212264503123,12/07/2024 13:00:00,XI
110,ESTUDIO SEGUIMIENTO DESEMPEÑO AMBIENTAL ACUICULTURA EN CHILE Y SU EFECTO EN LOS ECOSISTEMAS DE EMPLAZAMIENTO 2024-2025,Objetivo 1. Actividad 2. Muestreos y Analisis sedimentos,Johana Ojeda ,INSTITUTO DE FOMENTO PESQUERO,Campaña_Otoño-Inv_2024.Proy.SeguimientoAmbiental,Moraleda,19,434430.9,730056.5,2024-08-04,15:10:00,MATERIA ORGANICA,1.3136545557251669,04/08/2024 15:10:00,XI
111,ESTUDIO SEGUIMIENTO DESEMPEÑO AMBIENTAL ACUICULTURA EN CHILE Y SU EFECTO EN LOS ECOSISTEMAS DE EMPLAZAMIENTO 2024-2025,Objetivo 1. Actividad 2. Muestreos y Analisis sedimentos,Johana Ojeda ,INSTITUTO DE FOMENTO PESQUERO,Campaña_Otoño-Inv_2024.Proy.SeguimientoAmbiental,Moraleda,25,440204.1,731205.2,2024-08-04,11:30:00,MATERIA ORGANICA,2.1781378561873654,04/08/2024 11:30:00,XI
112,ESTUDIO SEGUIMIENTO DESEMPEÑO AMBIENTAL ACUICULTURA EN CHILE Y SU EFECTO EN LOS ECOSISTEMAS DE EMPLAZAMIENTO 2024-2025,Objetivo 1. Actividad 2. Muestreos y Analisis sedimentos,Johana Ojeda ,INSTITUTO DE FOMENTO PESQUERO,Campaña_Otoño-Inv_2024.Proy.SeguimientoAmbiental,Moraleda,31,442248.0,730431.7,2024-08-02,10:45:00,MATERIA ORGANICA,1.1550008521572321,02/08/2024 10:45:00,XI
113,ESTUDIO SEGUIMIENTO DESEMPEÑO AMBIENTAL ACUICULTURA EN CHILE Y SU EFECTO EN LOS ECOSISTEMAS DE EMPLAZAMIENTO 2024-2025,Objetivo 1. Actividad 2. Muestreos y Analisis sedimentos,Johana Ojeda ,INSTITUTO DE FOMENTO PESQUERO,Campaña_Otoño-Inv_2024.Proy.SeguimientoAmbiental,Moraleda,32,450149.0,732702.0,2024-07-29,15:40:00,MATERIA ORGANICA,1.65293606717025,29/07/2024 15:40:00,XI
114,ESTUDIO SEGUIMIENTO DESEMPEÑO AMBIENTAL ACUICULTURA EN CHILE Y SU EFECTO EN LOS ECOSISTEMAS DE EMPLAZAMIENTO 2024-2025,Objetivo 1. Actividad 2. Muestreos y Analisis sedimentos,Johana Ojeda ,INSTITUTO DE FOMENTO PESQUERO,Campaña_Otoño-Inv_2024.Proy.SeguimientoAmbiental,Puyuhuapi,5,443139.8,724117.0,2024-08-01,11:50:00,MATERIA ORGANICA,1.428632411742113,01/08/2024 11:50:00,XI
115,ESTUDIO SEGUIMIENTO DESEMPEÑO AMBIENTAL ACUICULTURA EN CHILE Y SU EFECTO EN LOS ECOSISTEMAS DE EMPLAZAMIENTO 2024-2025,Objetivo 1. Actividad 2. Muestreos y Analisis sedimentos,Johana Ojeda ,INSTITUTO DE FOMENTO PESQUERO,Campaña_Otoño-Inv_2024.Proy.SeguimientoAmbiental,Puyuhuapi,7,443955.1,725020.8,2024-07-30,15:30:00,MATERIA ORGANICA,2.9817511709452535,30/07/2024 15:30:00,XI
116,ESTUDIO SEGUIMIENTO DESEMPEÑO AMBIENTAL ACUICULTURA EN CHILE Y SU EFECTO EN LOS ECOSISTEMAS DE EMPLAZAMIENTO 2024-2025,Objetivo 1. Actividad 2. Muestreos y Analisis sedimentos,Johana Ojeda ,INSTITUTO DE FOMENTO PESQUERO,Campaña_Otoño-Inv_2024.Proy.SeguimientoAmbiental,Puyuhuapi,8,444209.3,724807.1,2024-07-30,14:50:00,MATERIA ORGANICA,5.612570407772654,30/07/2024 14:50:00,XI
117,ESTUDIO SEGUIMIENTO DESEMPEÑO AMBIENTAL ACUICULTURA EN CHILE Y SU EFECTO EN LOS ECOSISTEMAS DE EMPLAZAMIENTO 2024-2025,Objetivo 1. Actividad 2. Muestreos y Analisis sedimentos,Johana Ojeda ,INSTITUTO DE FOMENTO PESQUERO,Campaña_Otoño-Inv_2024.Proy.SeguimientoAmbiental,Puyuhuapi,10,444937.8,725757.3,2024-07-30,12:45:00,MATERIA ORGANICA,1.516363981608306,30/07/2024 12:45:00,XI
118,ESTUDIO SEGUIMIENTO DESEMPEÑO AMBIENTAL ACUICULTURA EN CHILE Y SU EFECTO EN LOS ECOSISTEMAS DE EMPLAZAMIENTO 2024-2025,Objetivo 1. Actividad 2. Muestreos y Analisis sedimentos,Johana Ojeda ,INSTITUTO DE FOMENTO PESQUERO,Campaña_Otoño-Inv_2024.Proy.SeguimientoAmbiental,Puyuhuapi,12,445441.9,730811.9,2024-07-30,11:14:00,MATERIA ORGANICA,7.308635141546767,30/07/2024 11:14:00,XI
119,ESTUDIO SEGUIMIENTO DESEMPEÑO AMBIENTAL ACUICULTURA EN CHILE Y SU EFECTO EN LOS ECOSISTEMAS DE EMPLAZAMIENTO 2024-2025,Objetivo 1. Actividad 2. Muestreos y Analisis sedimentos,Johana Ojeda ,INSTITUTO DE FOMENTO PESQUERO,Campaña_Otoño-Inv_2024.Proy.SeguimientoAmbiental,Aysen,1,452639.7,730033.3,2024-07-23,08:55:00,MATERIA ORGANICA,10.379663087180006,23/07/2024 08:55:00,XI
120,ESTUDIO SEGUIMIENTO DESEMPEÑO AMBIENTAL ACUICULTURA EN CHILE Y SU EFECTO EN LOS ECOSISTEMAS DE EMPLAZAMIENTO 2024-2025,Objetivo 1. Actividad 2. Muestreos y Analisis sedimentos,Johana Ojeda ,INSTITUTO DE FOMENTO PESQUERO,Campaña_Otoño-Inv_2024.Proy.SeguimientoAmbiental,Aysen,3,451953.0,732236.0,2024-07-23,15:45:00,MATERIA ORGANICA,2.0223200121394296,23/07/2024 15:45:00,XI
121,ESTUDIO SEGUIMIENTO DESEMPEÑO AMBIENTAL ACUICULTURA EN CHILE Y SU EFECTO EN LOS ECOSISTEMAS DE EMPLAZAMIENTO 2024-2025,Objetivo 1. Actividad 2. Muestreos y Analisis sedimentos,Johana Ojeda ,INSTITUTO DE FOMENTO PESQUERO,Campaña_Otoño-Inv_2024.Proy.SeguimientoAmbiental,Aysen,5,452421.9,733225.0,2024-07-18,17:15:00,MATERIA ORGANICA,1.6322451698867613,18/07/2024 17:15:00,XI
122,ESTUDIO SEGUIMIENTO DESEMPEÑO AMBIENTAL ACUICULTURA EN CHILE Y SU EFECTO EN LOS ECOSISTEMAS DE EMPLAZAMIENTO 2024-2025,Objetivo 1. Actividad 2. Muestreos y Analisis sedimentos,Johana Ojeda ,INSTITUTO DE FOMENTO PESQUERO,Campaña_Otoño-Inv_2024.Proy.SeguimientoAmbiental,Aysen,6,453734.9,733550.9,2024-07-18,12:00:00,MATERIA ORGANICA,4.440233013660299,18/07/2024 12:00:00,XI
123,ESTUDIO SEGUIMIENTO DESEMPEÑO AMBIENTAL ACUICULTURA EN CHILE Y SU EFECTO EN LOS ECOSISTEMAS DE EMPLAZAMIENTO 2024-2025,Objetivo 1. Actividad 2. Muestreos y Analisis sedimentos,Johana Ojeda ,INSTITUTO DE FOMENTO PESQUERO,Campaña_Otoño-Inv_2024.Proy.SeguimientoAmbiental,Aysen,7,454508.5,733655.3,2024-07-18,09:45:00,MATERIA ORGANICA,3.5079604654559597,18/07/2024 09:45:00,XI
124,ESTUDIO SEGUIMIENTO DESEMPEÑO AMBIENTAL ACUICULTURA EN CHILE Y SU EFECTO EN LOS ECOSISTEMAS DE EMPLAZAMIENTO 2024-2025,Objetivo 1. Actividad 2. Muestreos y Analisis sedimentos,Johana Ojeda ,INSTITUTO DE FOMENTO PESQUERO,Campaña_Otoño-Inv_2024.Proy.SeguimientoAmbiental,Aysen,10,455717.6,733619.7,2024-07-26,10:45:00,MATERIA ORGANICA,1.1341083073433795,26/07/2024 10:45:00,XI
126,ESTUDIO SEGUIMIENTO DESEMPEÑO AMBIENTAL ACUICULTURA EN CHILE Y SU EFECTO EN LOS ECOSISTEMAS DE EMPLAZAMIENTO 2024-2025,Objetivo 1. Actividad 2. Muestreos y Analisis sedimentos,Johana Ojeda ,INSTITUTO DE FOMENTO PESQUERO,Campaña_Otoño-Inv_2024.Proy.SeguimientoAmbiental,Aysen,13,461329.4,734345.5,2024-07-26,14:10:00,MATERIA ORGANICA,2.188150735541107,26/07/2024 14:10:00,XI
127,ESTUDIO SEGUIMIENTO DESEMPEÑO AMBIENTAL ACUICULTURA EN CHILE Y SU EFECTO EN LOS ECOSISTEMAS DE EMPLAZAMIENTO 2024-2025,Objetivo 1. Actividad 2. Muestreos y Analisis sedimentos,Johana Ojeda ,INSTITUTO DE FOMENTO PESQUERO,Campaña_Otoño-Inv_2024.Proy.SeguimientoAmbiental,Aysen,18,460557.7,735202.9,2024-07-28,14:15:00,MATERIA ORGANICA,1.56724320508296,28/07/2024 14:15:00,XI
128,ESTUDIO SEGUIMIENTO DESEMPEÑO AMBIENTAL ACUICULTURA EN CHILE Y SU EFECTO EN LOS ECOSISTEMAS DE EMPLAZAMIENTO 2024-2025,Objetivo 1. Actividad 2. Muestreos y Analisis sedimentos,Johana Ojeda ,INSTITUTO DE FOMENTO PESQUERO,Campaña_Otoño-Inv_2024.Proy.SeguimientoAmbiental,Aysen,19,460107.9,735645.7,2024-07-28,00:00:00,MATERIA ORGANICA,1.6750609956197289,28/07/2024 00:00:00,XI
129,ESTUDIO SEGUIMIENTO DESEMPEÑO AMBIENTAL ACUICULTURA EN CHILE Y SU EFECTO EN LOS ECOSISTEMAS DE EMPLAZAMIENTO 2024-2025,Objetivo 1. Actividad 2. Muestreos y Analisis sedimentos,Johana Ojeda ,INSTITUTO DE FOMENTO PESQUERO,Campaña_Otoño-Inv_2024.Proy.SeguimientoAmbiental,Aysen,24,454429.7,740423.3,2024-07-17,13:50:00,MATERIA ORGANICA,0.8788783060131475,17/07/2024 13:50:00,XI
130,ESTUDIO SEGUIMIENTO DESEMPEÑO AMBIENTAL ACUICULTURA EN CHILE Y SU EFECTO EN LOS ECOSISTEMAS DE EMPLAZAMIENTO 2024-2025,Objetivo 1. Actividad 2. Muestreos y Analisis sedimentos,Johana Ojeda ,INSTITUTO DE FOMENTO PESQUERO,Campaña_Otoño-Inv_2024.Proy.SeguimientoAmbiental,Aysen,25,454137.5,741704.6,2024-07-17,12:00:00,MATERIA ORGANICA,0.8187134502923958,17/07/2024 12:00:00,XI
131,ESTUDIO SEGUIMIENTO DESEMPEÑO AMBIENTAL ACUICULTURA EN CHILE Y SU EFECTO EN LOS ECOSISTEMAS DE EMPLAZAMIENTO 2024-2025,Objetivo 1. Actividad 2. Muestreos y Analisis sedimentos,Johana Ojeda ,INSTITUTO DE FOMENTO PESQUERO,Campaña_Otoño-Inv_2024.Proy.SeguimientoAmbiental,Aysen,28,453351.4,741310.2,2024-07-17,10:28:00,MATERIA ORGANICA,1.5594670610450392,17/07/2024 10:28:00,XI
132,ESTUDIO SEGUIMIENTO DESEMPEÑO AMBIENTAL ACUICULTURA EN CHILE Y SU EFECTO EN LOS ECOSISTEMAS DE EMPLAZAMIENTO 2024-2025,Objetivo 1. Actividad 2. Muestreos y Analisis sedimentos,Johana Ojeda ,INSTITUTO DE FOMENTO PESQUERO,Campaña_Otoño-Inv_2024.Proy.SeguimientoAmbiental,Aysen,30,452356.0,741521.0,2024-07-17,08:45:00,MATERIA ORGANICA,0.6516489273347804,17/07/2024 08:45:00,XI
133,ESTUDIO SEGUIMIENTO DESEMPEÑO AMBIENTAL ACUICULTURA EN CHILE Y SU EFECTO EN LOS ECOSISTEMAS DE EMPLAZAMIENTO 2024-2025,Objetivo 1. Actividad 2. Muestreos y Analisis sedimentos,Johana Ojeda ,INSTITUTO DE FOMENTO PESQUERO,Campaña_Otoño-Inv_2024.Proy.SeguimientoAmbiental,Aysen,34,451659.5,734350.5,2024-07-29,12:10:00,MATERIA ORGANICA,0.98391302208887,29/07/2024 12:10:00,XI
134,ESTUDIO SEGUIMIENTO DESEMPEÑO AMBIENTAL ACUICULTURA EN CHILE Y SU EFECTO EN LOS ECOSISTEMAS DE EMPLAZAMIENTO 2024-2025,Objetivo 1. Actividad 2. Muestreos y Analisis sedimentos,Johana Ojeda ,INSTITUTO DE FOMENTO PESQUERO,Campaña_Otoño-Inv_2024.Proy.SeguimientoAmbiental,Atacama,2,270624.3,705211.4,2024-08-07,13:20:00,MATERIA ORGANICA,1.4814415046480547,07/08/2024 13:20:00,III
135,ESTUDIO SEGUIMIENTO DESEMPEÑO AMBIENTAL ACUICULTURA EN CHILE Y SU EFECTO EN LOS ECOSISTEMAS DE EMPLAZAMIENTO 2024-2025,Objetivo 1. Actividad 2. Muestreos y Analisis sedimentos,Johana Ojeda ,INSTITUTO DE FOMENTO PESQUERO,Campaña_Otoño-Inv_2024.Proy.SeguimientoAmbiental,Atacama,3,270703.7,705142.7,2024-08-07,12:30:00,MATERIA ORGANICA,1.218406739895491,07/08/2024 12:30:00,III
136,ESTUDIO SEGUIMIENTO DESEMPEÑO AMBIENTAL ACUICULTURA EN CHILE Y SU EFECTO EN LOS ECOSISTEMAS DE EMPLAZAMIENTO 2024-2025,Objetivo 1. Actividad 2. Muestreos y Analisis sedimentos,Johana Ojeda ,INSTITUTO DE FOMENTO PESQUERO,Campaña_Otoño-Inv_2024.Proy.SeguimientoAmbiental,Atacama,6,270657.6,705223.1,2024-08-07,12:00:00,MATERIA ORGANICA,2.3572439830108096,07/08/2024 12:00:00,III
137,ESTUDIO SEGUIMIENTO DESEMPEÑO AMBIENTAL ACUICULTURA EN CHILE Y SU EFECTO EN LOS ECOSISTEMAS DE EMPLAZAMIENTO 2024-2025,Objetivo 1. Actividad 2. Muestreos y Analisis sedimentos,Johana Ojeda ,INSTITUTO DE FOMENTO PESQUERO,Campaña_Otoño-Inv_2024.Proy.SeguimientoAmbiental,Atacama,7,270740.8,705230.3,2024-08-07,11:35:00,MATERIA ORGANICA,1.22137003572179,07/08/2024 11:35:00,III
138,ESTUDIO SEGUIMIENTO DESEMPEÑO AMBIENTAL ACUICULTURA EN CHILE Y SU EFECTO EN LOS ECOSISTEMAS DE EMPLAZAMIENTO 2024-2025,Objetivo 1. Actividad 2. Muestreos y Analisis sedimentos,Johana Ojeda ,INSTITUTO DE FOMENTO PESQUERO,Campaña_Otoño-Inv_2024.Proy.SeguimientoAmbiental,Atacama,10,270730.7,705259.8,2024-08-07,11:20:00,MATERIA ORGANICA,1.8539557942573752,07/08/2024 11:20:00,III
139,ESTUDIO SEGUIMIENTO DESEMPEÑO AMBIENTAL ACUICULTURA EN CHILE Y SU EFECTO EN LOS ECOSISTEMAS DE EMPLAZAMIENTO 2024-2025,Objetivo 1. Actividad 2. Muestreos y Analisis sedimentos,Johana Ojeda ,INSTITUTO DE FOMENTO PESQUERO,Campaña_Otoño-Inv_2024.Proy.SeguimientoAmbiental,Atacama,14,270756.6,705332.6,2024-08-07,09:30:00,MATERIA ORGANICA,1.607700312174814,07/08/2024 09:30:00,III
140,ESTUDIO SEGUIMIENTO DESEMPEÑO AMBIENTAL ACUICULTURA EN CHILE Y SU EFECTO EN LOS ECOSISTEMAS DE EMPLAZAMIENTO 2024-2025,Objetivo 1. Actividad 2. Muestreos y Analisis sedimentos,Johana Ojeda ,INSTITUTO DE FOMENTO PESQUERO,Campaña_Otoño-Inv_2024.Proy.SeguimientoAmbiental,Natales,2,513604.7,724301.6,2024-11-30,09:30:00,MATERIA ORGANICA,5.847953216374259,30/11/2024 09:30:00,XII
141,ESTUDIO SEGUIMIENTO DESEMPEÑO AMBIENTAL ACUICULTURA EN CHILE Y SU EFECTO EN LOS ECOSISTEMAS DE EMPLAZAMIENTO 2024-2025,Objetivo 1. Actividad 2. Muestreos y Analisis sedimentos,Johana Ojeda ,INSTITUTO DE FOMENTO PESQUERO,Campaña_Otoño-Inv_2024.Proy.SeguimientoAmbiental,Natales,3,514018.2,723753.1,2024-11-30,08:30:00,MATERIA ORGANICA,9.950038431975356,30/11/2024 08:30:00,XII
142,ESTUDIO SEGUIMIENTO DESEMPEÑO AMBIENTAL ACUICULTURA EN CHILE Y SU EFECTO EN LOS ECOSISTEMAS DE EMPLAZAMIENTO 2024-2025,Objetivo 1. Actividad 2. Muestreos y Analisis sedimentos,Johana Ojeda ,INSTITUTO DE FOMENTO PESQUERO,Campaña_Otoño-Inv_2024.Proy.SeguimientoAmbiental,Natales,5,514929.7,723739.8,2024-11-28,17:20:00,MATERIA ORGANICA,9.47382723597949,28/11/2024 17:20:00,XII
143,ESTUDIO SEGUIMIENTO DESEMPEÑO AMBIENTAL ACUICULTURA EN CHILE Y SU EFECTO EN LOS ECOSISTEMAS DE EMPLAZAMIENTO 2024-2025,Objetivo 1. Actividad 2. Muestreos y Analisis sedimentos,Johana Ojeda ,INSTITUTO DE FOMENTO PESQUERO,Campaña_Otoño-Inv_2024.Proy.SeguimientoAmbiental,Natales,9,514601.6,725405.0,2024-11-27,15:10:00,MATERIA ORGANICA,3.3348876847132187,27/11/2024 15:10:00,XII
144,ESTUDIO SEGUIMIENTO DESEMPEÑO AMBIENTAL ACUICULTURA EN CHILE Y SU EFECTO EN LOS ECOSISTEMAS DE EMPLAZAMIENTO 2024-2025,Objetivo 1. Actividad 2. Muestreos y Analisis sedimentos,Johana Ojeda ,INSTITUTO DE FOMENTO PESQUERO,Campaña_Otoño-Inv_2024.Proy.SeguimientoAmbiental,Natales,10,520357.8,725602.0,2024-11-27,20:20:00,MATERIA ORGANICA,4.886301219378236,27/11/2024 20:20:00,XII
145,ESTUDIO SEGUIMIENTO DESEMPEÑO AMBIENTAL ACUICULTURA EN CHILE Y SU EFECTO EN LOS ECOSISTEMAS DE EMPLAZAMIENTO 2024-2025,Objetivo 1. Actividad 2. Muestreos y Analisis sedimentos,Johana Ojeda ,INSTITUTO DE FOMENTO PESQUERO,Campaña_Otoño-Inv_2024.Proy.SeguimientoAmbiental,Natales,11,521159.7,725703.6,2024-11-28,13:30:00,MATERIA ORGANICA,9.156813335917823,28/11/2024 13:30:00,XII
146,ESTUDIO SEGUIMIENTO DESEMPEÑO AMBIENTAL ACUICULTURA EN CHILE Y SU EFECTO EN LOS ECOSISTEMAS DE EMPLAZAMIENTO 2024-2025,Objetivo 1. Actividad 2. Muestreos y Analisis sedimentos,Johana Ojeda ,INSTITUTO DE FOMENTO PESQUERO,Campaña_Otoño-Inv_2024.Proy.SeguimientoAmbiental,Natales,13,521310.4,725226.1,2024-11-28,09:09:00,MATERIA ORGANICA,2.4850620921331408,28/11/2024 09:09:00,XII
147,ESTUDIO SEGUIMIENTO DESEMPEÑO AMBIENTAL ACUICULTURA EN CHILE Y SU EFECTO EN LOS ECOSISTEMAS DE EMPLAZAMIENTO 2024-2025,Objetivo 1. Actividad 2. Muestreos y Analisis sedimentos,Johana Ojeda ,INSTITUTO DE FOMENTO PESQUERO,Campaña_Otoño-Inv_2024.Proy.SeguimientoAmbiental,Natales,14,520439.3,723937.6,2024-11-27,10:50:00,MATERIA ORGANICA,3.6472641199744005,27/11/2024 10:50:00,XII
