ID,NOMB_PROY,ETAP_PROY,JEFE_PROY,INST_PROY,CAMPAÑA,ZONA,ESTACION,LATITUD,LONGITUD,Fecha,Hora Muestreo,VARIABLE,VALOR,FECHA_MUESTREO,COD_REGION
1,ESTUDIO DEL DESEMPEÑO AMBIENTAL DE LA ACUICULTURA EN CHILE Y SU EFECTO EN LOS ECOSISTEMAS DE EMPLAZAMIENTO 2019-2020,Objetivo 1. Actividad 2. Muestreos y Analisis sedimentos,Gastón Vidal,INSTITUTO DE FOMENTO PESQUERO,Campaña_Inv_Ver_2019.Proy.SeguimientoAmbiental,Estuario,1,412614.9,721747.9,2019-05-10,15:55:00,PH,7.0566666666666675,10/05/2019 15:55:00,X
2,ESTUDIO DEL DESEMPEÑO AMBIENTAL DE LA ACUICULTURA EN CHILE Y SU EFECTO EN LOS ECOSISTEMAS DE EMPLAZAMIENTO 2019-2020,Objetivo 1. Actividad 2. Muestreos y Analisis sedimentos,Gastón Vidal,INSTITUTO DE FOMENTO PESQUERO,Campaña_Inv_Ver_2019.Proy.SeguimientoAmbiental,Estuario,2,412807.3,721843.5,2019-05-10,16:40:00,PH,7.156666666666666,10/05/2019 16:40:00,X
3,ESTUDIO DEL DESEMPEÑO AMBIENTAL DE LA ACUICULTURA EN CHILE Y SU EFECTO EN LOS ECOSISTEMAS DE EMPLAZAMIENTO 2019-2020,Objetivo 1. Actividad 2. Muestreos y Analisis sedimentos,Gastón Vidal,INSTITUTO DE FOMENTO PESQUERO,Campaña_Inv_Ver_2019.Proy.SeguimientoAmbiental,Estuario,3,412945.4,721845.5,2019-05-10,14:55:00,PH,7.5,10/05/2019 14:55:00,X
4,ESTUDIO DEL DESEMPEÑO AMBIENTAL DE LA ACUICULTURA EN CHILE Y SU EFECTO EN LOS ECOSISTEMAS DE EMPLAZAMIENTO 2019-2020,Objetivo 1. Actividad 2. Muestreos y Analisis sedimentos,Gastón Vidal,INSTITUTO DE FOMENTO PESQUERO,Campaña_Inv_Ver_2019.Proy.SeguimientoAmbiental,Estuario,5,413039.3,721721.1,2019-05-10,12:55:00,PH,7.14,10/05/2019 12:55:00,X
5,ESTUDIO DEL DESEMPEÑO AMBIENTAL DE LA ACUICULTURA EN CHILE Y SU EFECTO EN LOS ECOSISTEMAS DE EMPLAZAMIENTO 2019-2020,Objetivo 1. Actividad 2. Muestreos y Analisis sedimentos,Gastón Vidal,INSTITUTO DE FOMENTO PESQUERO,Campaña_Inv_Ver_2019.Proy.SeguimientoAmbiental,Estuario,6,413132.6,722021.4,2019-05-10,11:18:00,PH,7.533333333333332,10/05/2019 11:18:00,X
6,ESTUDIO DEL DESEMPEÑO AMBIENTAL DE LA ACUICULTURA EN CHILE Y SU EFECTO EN LOS ECOSISTEMAS DE EMPLAZAMIENTO 2019-2020,Objetivo 1. Actividad 2. Muestreos y Analisis sedimentos,Gastón Vidal,INSTITUTO DE FOMENTO PESQUERO,Campaña_Inv_Ver_2019.Proy.SeguimientoAmbiental,Estuario,7,413157.8,721802.6,2019-05-10,12:20:00,PH,7.3,10/05/2019 12:20:00,X
7,ESTUDIO DEL DESEMPEÑO AMBIENTAL DE LA ACUICULTURA EN CHILE Y SU EFECTO EN LOS ECOSISTEMAS DE EMPLAZAMIENTO 2019-2020,Objetivo 1. Actividad 2. Muestreos y Analisis sedimentos,Gastón Vidal,INSTITUTO DE FOMENTO PESQUERO,Campaña_Inv_Ver_2019.Proy.SeguimientoAmbiental,Estuario,8,413533.0,722110.7,2019-05-10,10:25:00,PH,7.2700000000000005,10/05/2019 10:25:00,X
8,ESTUDIO DEL DESEMPEÑO AMBIENTAL DE LA ACUICULTURA EN CHILE Y SU EFECTO EN LOS ECOSISTEMAS DE EMPLAZAMIENTO 2019-2020,Objetivo 1. Actividad 2. Muestreos y Analisis sedimentos,Gastón Vidal,INSTITUTO DE FOMENTO PESQUERO,Campaña_Inv_Ver_2019.Proy.SeguimientoAmbiental,Estuario,12,413938.3,722058.9,2019-05-10,09:55:00,PH,7.043333333333333,10/05/2019 09:55:00,X
9,ESTUDIO DEL DESEMPEÑO AMBIENTAL DE LA ACUICULTURA EN CHILE Y SU EFECTO EN LOS ECOSISTEMAS DE EMPLAZAMIENTO 2019-2020,Objetivo 1. Actividad 2. Muestreos y Analisis sedimentos,Gastón Vidal,INSTITUTO DE FOMENTO PESQUERO,Campaña_Inv_Ver_2019.Proy.SeguimientoAmbiental,Estuario,17,414052.7,722801.1,2019-05-10,09:02:00,PH,7.56,10/05/2019 09:02:00,X
10,ESTUDIO DEL DESEMPEÑO AMBIENTAL DE LA ACUICULTURA EN CHILE Y SU EFECTO EN LOS ECOSISTEMAS DE EMPLAZAMIENTO 2019-2020,Objetivo 1. Actividad 2. Muestreos y Analisis sedimentos,Gastón Vidal,INSTITUTO DE FOMENTO PESQUERO,Campaña_Inv_Ver_2019.Proy.SeguimientoAmbiental,Estuario,21,414330.8,723048.5,2019-05-10,08:15:00,PH,7.426666666666667,10/05/2019 08:15:00,X
11,ESTUDIO DEL DESEMPEÑO AMBIENTAL DE LA ACUICULTURA EN CHILE Y SU EFECTO EN LOS ECOSISTEMAS DE EMPLAZAMIENTO 2019-2020,Objetivo 1. Actividad 2. Muestreos y Analisis sedimentos,Gastón Vidal,INSTITUTO DE FOMENTO PESQUERO,Campaña_Inv_Ver_2019.Proy.SeguimientoAmbiental,Reloncavi,3,415420.9,725230.7,2019-05-12,15:40:00,PH,7.63,12/05/2019 15:40:00,X
12,ESTUDIO DEL DESEMPEÑO AMBIENTAL DE LA ACUICULTURA EN CHILE Y SU EFECTO EN LOS ECOSISTEMAS DE EMPLAZAMIENTO 2019-2020,Objetivo 1. Actividad 2. Muestreos y Analisis sedimentos,Gastón Vidal,INSTITUTO DE FOMENTO PESQUERO,Campaña_Inv_Ver_2019.Proy.SeguimientoAmbiental,Reloncavi,4,415223.0,725351.4,2019-05-12,00:00:00,PH,7.613333333333333,12/05/2019 00:00:00,X
13,ESTUDIO DEL DESEMPEÑO AMBIENTAL DE LA ACUICULTURA EN CHILE Y SU EFECTO EN LOS ECOSISTEMAS DE EMPLAZAMIENTO 2019-2020,Objetivo 1. Actividad 2. Muestreos y Analisis sedimentos,Gastón Vidal,INSTITUTO DE FOMENTO PESQUERO,Campaña_Inv_Ver_2019.Proy.SeguimientoAmbiental,Reloncavi,5,415307.1,725602.6,2019-05-12,00:00:00,PH,7.463333333333334,12/05/2019 00:00:00,X
14,ESTUDIO DEL DESEMPEÑO AMBIENTAL DE LA ACUICULTURA EN CHILE Y SU EFECTO EN LOS ECOSISTEMAS DE EMPLAZAMIENTO 2019-2020,Objetivo 1. Actividad 2. Muestreos y Analisis sedimentos,Gastón Vidal,INSTITUTO DE FOMENTO PESQUERO,Campaña_Inv_Ver_2019.Proy.SeguimientoAmbiental,Reloncavi,7,414413.7,730243.4,2019-05-30,11:00:00,PH,7.236666666666667,30/05/2019 11:00:00,X
15,ESTUDIO DEL DESEMPEÑO AMBIENTAL DE LA ACUICULTURA EN CHILE Y SU EFECTO EN LOS ECOSISTEMAS DE EMPLAZAMIENTO 2019-2020,Objetivo 1. Actividad 2. Muestreos y Analisis sedimentos,Gastón Vidal,INSTITUTO DE FOMENTO PESQUERO,Campaña_Inv_Ver_2019.Proy.SeguimientoAmbiental,Reloncavi,13,412948.4,725730.9,2019-05-09,00:00:00,PH,7.496666666666666,09/05/2019 00:00:00,X
16,ESTUDIO DEL DESEMPEÑO AMBIENTAL DE LA ACUICULTURA EN CHILE Y SU EFECTO EN LOS ECOSISTEMAS DE EMPLAZAMIENTO 2019-2020,Objetivo 1. Actividad 2. Muestreos y Analisis sedimentos,Gastón Vidal,INSTITUTO DE FOMENTO PESQUERO,Campaña_Inv_Ver_2019.Proy.SeguimientoAmbiental,Reloncavi,15,413105.3,724724.2,2019-05-09,00:00:00,PH,7.223333333333334,09/05/2019 00:00:00,X
17,ESTUDIO DEL DESEMPEÑO AMBIENTAL DE LA ACUICULTURA EN CHILE Y SU EFECTO EN LOS ECOSISTEMAS DE EMPLAZAMIENTO 2019-2020,Objetivo 1. Actividad 2. Muestreos y Analisis sedimentos,Gastón Vidal,INSTITUTO DE FOMENTO PESQUERO,Campaña_Inv_Ver_2019.Proy.SeguimientoAmbiental,Reloncavi,17,413450.6,724336.9,2019-05-09,00:00:00,PH,7.19,09/05/2019 00:00:00,X
18,ESTUDIO DEL DESEMPEÑO AMBIENTAL DE LA ACUICULTURA EN CHILE Y SU EFECTO EN LOS ECOSISTEMAS DE EMPLAZAMIENTO 2019-2020,Objetivo 1. Actividad 2. Muestreos y Analisis sedimentos,Gastón Vidal,INSTITUTO DE FOMENTO PESQUERO,Campaña_Inv_Ver_2019.Proy.SeguimientoAmbiental,Reloncavi,19,413707.8,724152.2,2019-05-09,00:00:00,PH,7.116666666666667,09/05/2019 00:00:00,X
19,ESTUDIO DEL DESEMPEÑO AMBIENTAL DE LA ACUICULTURA EN CHILE Y SU EFECTO EN LOS ECOSISTEMAS DE EMPLAZAMIENTO 2019-2020,Objetivo 1. Actividad 2. Muestreos y Analisis sedimentos,Gastón Vidal,INSTITUTO DE FOMENTO PESQUERO,Campaña_Inv_Ver_2019.Proy.SeguimientoAmbiental,Reloncavi,21,413751.5,724023.2,2019-05-09,00:00:00,PH,7.013333333333333,09/05/2019 00:00:00,X
20,ESTUDIO DEL DESEMPEÑO AMBIENTAL DE LA ACUICULTURA EN CHILE Y SU EFECTO EN LOS ECOSISTEMAS DE EMPLAZAMIENTO 2019-2020,Objetivo 1. Actividad 2. Muestreos y Analisis sedimentos,Gastón Vidal,INSTITUTO DE FOMENTO PESQUERO,Campaña_Inv_Ver_2019.Proy.SeguimientoAmbiental,Reloncavi,25,414943.9,724718.2,2019-05-12,14:30:00,PH,7.59,12/05/2019 14:30:00,X
21,ESTUDIO DEL DESEMPEÑO AMBIENTAL DE LA ACUICULTURA EN CHILE Y SU EFECTO EN LOS ECOSISTEMAS DE EMPLAZAMIENTO 2019-2020,Objetivo 1. Actividad 2. Muestreos y Analisis sedimentos,Gastón Vidal,INSTITUTO DE FOMENTO PESQUERO,Campaña_Inv_Ver_2019.Proy.SeguimientoAmbiental,Calbuco,1,414442.2,730610.3,2019-05-30,00:00:00,PH,7.16,30/05/2019 00:00:00,X
22,ESTUDIO DEL DESEMPEÑO AMBIENTAL DE LA ACUICULTURA EN CHILE Y SU EFECTO EN LOS ECOSISTEMAS DE EMPLAZAMIENTO 2019-2020,Objetivo 1. Actividad 2. Muestreos y Analisis sedimentos,Gastón Vidal,INSTITUTO DE FOMENTO PESQUERO,Campaña_Inv_Ver_2019.Proy.SeguimientoAmbiental,Calbuco,2,414630.1,730505.2,2019-05-30,00:00:00,PH,7.316666666666666,30/05/2019 00:00:00,X
23,ESTUDIO DEL DESEMPEÑO AMBIENTAL DE LA ACUICULTURA EN CHILE Y SU EFECTO EN LOS ECOSISTEMAS DE EMPLAZAMIENTO 2019-2020,Objetivo 1. Actividad 2. Muestreos y Analisis sedimentos,Gastón Vidal,INSTITUTO DE FOMENTO PESQUERO,Campaña_Inv_Ver_2019.Proy.SeguimientoAmbiental,Calbuco,8,414314.7,730933.2,2019-05-30,13:15:00,PH,7.34,30/05/2019 13:15:00,X
24,ESTUDIO DEL DESEMPEÑO AMBIENTAL DE LA ACUICULTURA EN CHILE Y SU EFECTO EN LOS ECOSISTEMAS DE EMPLAZAMIENTO 2019-2020,Objetivo 1. Actividad 2. Muestreos y Analisis sedimentos,Gastón Vidal,INSTITUTO DE FOMENTO PESQUERO,Campaña_Inv_Ver_2019.Proy.SeguimientoAmbiental,Calbuco,16,414822.6,731018.3,2019-06-02,00:00:00,PH,7.513333333333333,02/06/2019 00:00:00,X
25,ESTUDIO DEL DESEMPEÑO AMBIENTAL DE LA ACUICULTURA EN CHILE Y SU EFECTO EN LOS ECOSISTEMAS DE EMPLAZAMIENTO 2019-2020,Objetivo 1. Actividad 2. Muestreos y Analisis sedimentos,Gastón Vidal,INSTITUTO DE FOMENTO PESQUERO,Campaña_Inv_Ver_2019.Proy.SeguimientoAmbiental,Calbuco,22,414705.8,730505.2,2019-05-30,00:00:00,PH,7.816666666666666,30/05/2019 00:00:00,X
26,ESTUDIO DEL DESEMPEÑO AMBIENTAL DE LA ACUICULTURA EN CHILE Y SU EFECTO EN LOS ECOSISTEMAS DE EMPLAZAMIENTO 2019-2020,Objetivo 1. Actividad 2. Muestreos y Analisis sedimentos,Gastón Vidal,INSTITUTO DE FOMENTO PESQUERO,Campaña_Inv_Ver_2019.Proy.SeguimientoAmbiental,Calbuco,26,415016.4,730447.2,2019-05-30,15:00:00,PH,7.683333333333333,30/05/2019 15:00:00,X
27,ESTUDIO DEL DESEMPEÑO AMBIENTAL DE LA ACUICULTURA EN CHILE Y SU EFECTO EN LOS ECOSISTEMAS DE EMPLAZAMIENTO 2019-2020,Objetivo 1. Actividad 2. Muestreos y Analisis sedimentos,Gastón Vidal,INSTITUTO DE FOMENTO PESQUERO,Campaña_Inv_Ver_2019.Proy.SeguimientoAmbiental,Calbuco,27,414959.8,730629.1,2019-05-30,00:00:00,PH,6.87,30/05/2019 00:00:00,X
28,ESTUDIO DEL DESEMPEÑO AMBIENTAL DE LA ACUICULTURA EN CHILE Y SU EFECTO EN LOS ECOSISTEMAS DE EMPLAZAMIENTO 2019-2020,Objetivo 1. Actividad 2. Muestreos y Analisis sedimentos,Gastón Vidal,INSTITUTO DE FOMENTO PESQUERO,Campaña_Inv_Ver_2019.Proy.SeguimientoAmbiental,Calbuco,30,415019.0,730822.5,2019-05-30,16:20:00,PH,7.533333333333334,30/05/2019 16:20:00,X
29,ESTUDIO DEL DESEMPEÑO AMBIENTAL DE LA ACUICULTURA EN CHILE Y SU EFECTO EN LOS ECOSISTEMAS DE EMPLAZAMIENTO 2019-2020,Objetivo 1. Actividad 2. Muestreos y Analisis sedimentos,Gastón Vidal,INSTITUTO DE FOMENTO PESQUERO,Campaña_Inv_Ver_2019.Proy.SeguimientoAmbiental,Chacao,2,415659.3,733134.3,2019-06-02,00:00:00,PH,7.4433333333333325,02/06/2019 00:00:00,X
30,ESTUDIO DEL DESEMPEÑO AMBIENTAL DE LA ACUICULTURA EN CHILE Y SU EFECTO EN LOS ECOSISTEMAS DE EMPLAZAMIENTO 2019-2020,Objetivo 1. Actividad 2. Muestreos y Analisis sedimentos,Gastón Vidal,INSTITUTO DE FOMENTO PESQUERO,Campaña_Inv_Ver_2019.Proy.SeguimientoAmbiental,Chacao,6,415415.1,732906.8,2019-06-02,16:46:00,PH,7.256666666666667,02/06/2019 16:46:00,X
31,ESTUDIO DEL DESEMPEÑO AMBIENTAL DE LA ACUICULTURA EN CHILE Y SU EFECTO EN LOS ECOSISTEMAS DE EMPLAZAMIENTO 2019-2020,Objetivo 1. Actividad 2. Muestreos y Analisis sedimentos,Gastón Vidal,INSTITUTO DE FOMENTO PESQUERO,Campaña_Inv_Ver_2019.Proy.SeguimientoAmbiental,Chacao,12,415217.3,733107.9,2019-06-02,16:00:00,PH,7.343333333333334,02/06/2019 16:00:00,X
32,ESTUDIO DEL DESEMPEÑO AMBIENTAL DE LA ACUICULTURA EN CHILE Y SU EFECTO EN LOS ECOSISTEMAS DE EMPLAZAMIENTO 2019-2020,Objetivo 1. Actividad 2. Muestreos y Analisis sedimentos,Gastón Vidal,INSTITUTO DE FOMENTO PESQUERO,Campaña_Inv_Ver_2019.Proy.SeguimientoAmbiental,Chacao,14,415115.7,732851.2,2019-06-02,15:18:00,PH,7.426666666666667,02/06/2019 15:18:00,X
33,ESTUDIO DEL DESEMPEÑO AMBIENTAL DE LA ACUICULTURA EN CHILE Y SU EFECTO EN LOS ECOSISTEMAS DE EMPLAZAMIENTO 2019-2020,Objetivo 1. Actividad 2. Muestreos y Analisis sedimentos,Gastón Vidal,INSTITUTO DE FOMENTO PESQUERO,Campaña_Inv_Ver_2019.Proy.SeguimientoAmbiental,Butachauques,1,421917.6,731519.1,2019-06-06,00:00:00,PH,7.640000000000001,06/06/2019 00:00:00,X
34,ESTUDIO DEL DESEMPEÑO AMBIENTAL DE LA ACUICULTURA EN CHILE Y SU EFECTO EN LOS ECOSISTEMAS DE EMPLAZAMIENTO 2019-2020,Objetivo 1. Actividad 2. Muestreos y Analisis sedimentos,Gastón Vidal,INSTITUTO DE FOMENTO PESQUERO,Campaña_Inv_Ver_2019.Proy.SeguimientoAmbiental,Butachauques,3,421702.6,731506.7,2019-06-06,00:00:00,PH,7.546666666666667,06/06/2019 00:00:00,X
35,ESTUDIO DEL DESEMPEÑO AMBIENTAL DE LA ACUICULTURA EN CHILE Y SU EFECTO EN LOS ECOSISTEMAS DE EMPLAZAMIENTO 2019-2020,Objetivo 1. Actividad 2. Muestreos y Analisis sedimentos,Gastón Vidal,INSTITUTO DE FOMENTO PESQUERO,Campaña_Inv_Ver_2019.Proy.SeguimientoAmbiental,Butachauques,7,421556.3,730936.2,2019-06-06,00:00:00,PH,7.539999999999999,06/06/2019 00:00:00,X
36,ESTUDIO DEL DESEMPEÑO AMBIENTAL DE LA ACUICULTURA EN CHILE Y SU EFECTO EN LOS ECOSISTEMAS DE EMPLAZAMIENTO 2019-2020,Objetivo 1. Actividad 2. Muestreos y Analisis sedimentos,Gastón Vidal,INSTITUTO DE FOMENTO PESQUERO,Campaña_Inv_Ver_2019.Proy.SeguimientoAmbiental,Butachauques,10,421645.3,732049.7,2019-06-03,00:00:00,PH,7.510000000000001,03/06/2019 00:00:00,X
37,ESTUDIO DEL DESEMPEÑO AMBIENTAL DE LA ACUICULTURA EN CHILE Y SU EFECTO EN LOS ECOSISTEMAS DE EMPLAZAMIENTO 2019-2020,Objetivo 1. Actividad 2. Muestreos y Analisis sedimentos,Gastón Vidal,INSTITUTO DE FOMENTO PESQUERO,Campaña_Inv_Ver_2019.Proy.SeguimientoAmbiental,Butachauques,12,421224.4,732358.0,2019-06-03,00:00:00,PH,7.39,03/06/2019 00:00:00,X
38,ESTUDIO DEL DESEMPEÑO AMBIENTAL DE LA ACUICULTURA EN CHILE Y SU EFECTO EN LOS ECOSISTEMAS DE EMPLAZAMIENTO 2019-2020,Objetivo 1. Actividad 2. Muestreos y Analisis sedimentos,Gastón Vidal,INSTITUTO DE FOMENTO PESQUERO,Campaña_Inv_Ver_2019.Proy.SeguimientoAmbiental,Butachauques,13,421021.7,732609.5,2019-06-03,09:20:00,PH,7.489999999999999,03/06/2019 09:20:00,X
39,ESTUDIO DEL DESEMPEÑO AMBIENTAL DE LA ACUICULTURA EN CHILE Y SU EFECTO EN LOS ECOSISTEMAS DE EMPLAZAMIENTO 2019-2020,Objetivo 1. Actividad 2. Muestreos y Analisis sedimentos,Gastón Vidal,INSTITUTO DE FOMENTO PESQUERO,Campaña_Inv_Ver_2019.Proy.SeguimientoAmbiental,Butachauques,14,420929.5,732804.6,2019-06-03,08:35:00,PH,7.573333333333333,03/06/2019 08:35:00,X
40,ESTUDIO DEL DESEMPEÑO AMBIENTAL DE LA ACUICULTURA EN CHILE Y SU EFECTO EN LOS ECOSISTEMAS DE EMPLAZAMIENTO 2019-2020,Objetivo 1. Actividad 2. Muestreos y Analisis sedimentos,Gastón Vidal,INSTITUTO DE FOMENTO PESQUERO,Campaña_Inv_Ver_2019.Proy.SeguimientoAmbiental,Chaulinec,3,423622.9,731526.5,2019-06-08,08:11:00,PH,7.306666666666666,08/06/2019 08:11:00,X
41,ESTUDIO DEL DESEMPEÑO AMBIENTAL DE LA ACUICULTURA EN CHILE Y SU EFECTO EN LOS ECOSISTEMAS DE EMPLAZAMIENTO 2019-2020,Objetivo 1. Actividad 2. Muestreos y Analisis sedimentos,Gastón Vidal,INSTITUTO DE FOMENTO PESQUERO,Campaña_Inv_Ver_2019.Proy.SeguimientoAmbiental,Chaulinec,4,423422.1,731353.2,2019-06-08,08:45:00,PH,7.46,08/06/2019 08:45:00,X
42,ESTUDIO DEL DESEMPEÑO AMBIENTAL DE LA ACUICULTURA EN CHILE Y SU EFECTO EN LOS ECOSISTEMAS DE EMPLAZAMIENTO 2019-2020,Objetivo 1. Actividad 2. Muestreos y Analisis sedimentos,Gastón Vidal,INSTITUTO DE FOMENTO PESQUERO,Campaña_Inv_Ver_2019.Proy.SeguimientoAmbiental,Chaulinec,7,422803.3,732256.7,2019-06-06,00:00:00,PH,7.41,06/06/2019 00:00:00,X
43,ESTUDIO DEL DESEMPEÑO AMBIENTAL DE LA ACUICULTURA EN CHILE Y SU EFECTO EN LOS ECOSISTEMAS DE EMPLAZAMIENTO 2019-2020,Objetivo 1. Actividad 2. Muestreos y Analisis sedimentos,Gastón Vidal,INSTITUTO DE FOMENTO PESQUERO,Campaña_Inv_Ver_2019.Proy.SeguimientoAmbiental,Chaulinec,10,422429.1,731921.4,2019-06-06,00:00:00,PH,7.376666666666666,06/06/2019 00:00:00,X
44,ESTUDIO DEL DESEMPEÑO AMBIENTAL DE LA ACUICULTURA EN CHILE Y SU EFECTO EN LOS ECOSISTEMAS DE EMPLAZAMIENTO 2019-2020,Objetivo 1. Actividad 2. Muestreos y Analisis sedimentos,Gastón Vidal,INSTITUTO DE FOMENTO PESQUERO,Campaña_Inv_Ver_2019.Proy.SeguimientoAmbiental,Chaulinec,13,422634.7,733044.2,2019-06-06,00:00:00,PH,7.456666666666666,06/06/2019 00:00:00,X
45,ESTUDIO DEL DESEMPEÑO AMBIENTAL DE LA ACUICULTURA EN CHILE Y SU EFECTO EN LOS ECOSISTEMAS DE EMPLAZAMIENTO 2019-2020,Objetivo 1. Actividad 2. Muestreos y Analisis sedimentos,Gastón Vidal,INSTITUTO DE FOMENTO PESQUERO,Campaña_Inv_Ver_2019.Proy.SeguimientoAmbiental,Tenaun,2,422246.5,733559.1,2019-06-06,00:00:00,PH,7.253333333333333,06/06/2019 00:00:00,X
46,ESTUDIO DEL DESEMPEÑO AMBIENTAL DE LA ACUICULTURA EN CHILE Y SU EFECTO EN LOS ECOSISTEMAS DE EMPLAZAMIENTO 2019-2020,Objetivo 1. Actividad 2. Muestreos y Analisis sedimentos,Gastón Vidal,INSTITUTO DE FOMENTO PESQUERO,Campaña_Inv_Ver_2019.Proy.SeguimientoAmbiental,Tenaun,3,422307.4,733744.8,2019-06-06,17:26:00,PH,7.239999999999999,06/06/2019 17:26:00,X
47,ESTUDIO DEL DESEMPEÑO AMBIENTAL DE LA ACUICULTURA EN CHILE Y SU EFECTO EN LOS ECOSISTEMAS DE EMPLAZAMIENTO 2019-2020,Objetivo 1. Actividad 2. Muestreos y Analisis sedimentos,Gastón Vidal,INSTITUTO DE FOMENTO PESQUERO,Campaña_Inv_Ver_2019.Proy.SeguimientoAmbiental,Tenaun,6,422215.1,733731.1,2019-06-06,17:00:00,PH,7.1933333333333325,06/06/2019 17:00:00,X
48,ESTUDIO DEL DESEMPEÑO AMBIENTAL DE LA ACUICULTURA EN CHILE Y SU EFECTO EN LOS ECOSISTEMAS DE EMPLAZAMIENTO 2019-2020,Objetivo 1. Actividad 2. Muestreos y Analisis sedimentos,Gastón Vidal,INSTITUTO DE FOMENTO PESQUERO,Campaña_Inv_Ver_2019.Proy.SeguimientoAmbiental,Tenaun,9,422139.1,733441.7,2019-06-06,00:00:00,PH,7.263333333333333,06/06/2019 00:00:00,X
49,ESTUDIO DEL DESEMPEÑO AMBIENTAL DE LA ACUICULTURA EN CHILE Y SU EFECTO EN LOS ECOSISTEMAS DE EMPLAZAMIENTO 2019-2020,Objetivo 1. Actividad 2. Muestreos y Analisis sedimentos,Gastón Vidal,INSTITUTO DE FOMENTO PESQUERO,Campaña_Inv_Ver_2019.Proy.SeguimientoAmbiental,Tenaun,14,422026.0,733200.9,2019-06-06,00:00:00,PH,7.453333333333333,06/06/2019 00:00:00,X
50,ESTUDIO DEL DESEMPEÑO AMBIENTAL DE LA ACUICULTURA EN CHILE Y SU EFECTO EN LOS ECOSISTEMAS DE EMPLAZAMIENTO 2019-2020,Objetivo 1. Actividad 2. Muestreos y Analisis sedimentos,Gastón Vidal,INSTITUTO DE FOMENTO PESQUERO,Campaña_Inv_Ver_2019.Proy.SeguimientoAmbiental,Chiloe central,1,423046.9,734515.6,2019-06-07,13:42:00,PH,7.363333333333333,07/06/2019 13:42:00,X
51,ESTUDIO DEL DESEMPEÑO AMBIENTAL DE LA ACUICULTURA EN CHILE Y SU EFECTO EN LOS ECOSISTEMAS DE EMPLAZAMIENTO 2019-2020,Objetivo 1. Actividad 2. Muestreos y Analisis sedimentos,Gastón Vidal,INSTITUTO DE FOMENTO PESQUERO,Campaña_Inv_Ver_2019.Proy.SeguimientoAmbiental,Chiloe central,4,423259.2,734015.8,2019-06-07,12:22:00,PH,7.38,07/06/2019 12:22:00,X
52,ESTUDIO DEL DESEMPEÑO AMBIENTAL DE LA ACUICULTURA EN CHILE Y SU EFECTO EN LOS ECOSISTEMAS DE EMPLAZAMIENTO 2019-2020,Objetivo 1. Actividad 2. Muestreos y Analisis sedimentos,Gastón Vidal,INSTITUTO DE FOMENTO PESQUERO,Campaña_Inv_Ver_2019.Proy.SeguimientoAmbiental,Chiloe central,6,423209.3,733613.2,2019-06-07,00:00:00,PH,7.236666666666667,07/06/2019 00:00:00,X
53,ESTUDIO DEL DESEMPEÑO AMBIENTAL DE LA ACUICULTURA EN CHILE Y SU EFECTO EN LOS ECOSISTEMAS DE EMPLAZAMIENTO 2019-2020,Objetivo 1. Actividad 2. Muestreos y Analisis sedimentos,Gastón Vidal,INSTITUTO DE FOMENTO PESQUERO,Campaña_Inv_Ver_2019.Proy.SeguimientoAmbiental,Chiloe central,7,423029.3,733611.3,2019-06-07,00:00:00,PH,7.25,07/06/2019 00:00:00,X
54,ESTUDIO DEL DESEMPEÑO AMBIENTAL DE LA ACUICULTURA EN CHILE Y SU EFECTO EN LOS ECOSISTEMAS DE EMPLAZAMIENTO 2019-2020,Objetivo 1. Actividad 2. Muestreos y Analisis sedimentos,Gastón Vidal,INSTITUTO DE FOMENTO PESQUERO,Campaña_Inv_Ver_2019.Proy.SeguimientoAmbiental,Chiloe central,11,422833.3,733241.1,2019-06-07,00:00:00,PH,7.336666666666667,07/06/2019 00:00:00,X
55,ESTUDIO DEL DESEMPEÑO AMBIENTAL DE LA ACUICULTURA EN CHILE Y SU EFECTO EN LOS ECOSISTEMAS DE EMPLAZAMIENTO 2019-2020,Objetivo 1. Actividad 2. Muestreos y Analisis sedimentos,Gastón Vidal,INSTITUTO DE FOMENTO PESQUERO,Campaña_Inv_Ver_2019.Proy.SeguimientoAmbiental,Chiloe central,12,423059.3,732821.5,2019-06-07,11:00:00,PH,7.423333333333333,07/06/2019 11:00:00,X
56,ESTUDIO DEL DESEMPEÑO AMBIENTAL DE LA ACUICULTURA EN CHILE Y SU EFECTO EN LOS ECOSISTEMAS DE EMPLAZAMIENTO 2019-2020,Objetivo 1. Actividad 2. Muestreos y Analisis sedimentos,Gastón Vidal,INSTITUTO DE FOMENTO PESQUERO,Campaña_Inv_Ver_2019.Proy.SeguimientoAmbiental,Chiloe central,16,424213.5,733738.2,2019-06-07,16:00:00,PH,7.406666666666666,07/06/2019 16:00:00,X
57,ESTUDIO DEL DESEMPEÑO AMBIENTAL DE LA ACUICULTURA EN CHILE Y SU EFECTO EN LOS ECOSISTEMAS DE EMPLAZAMIENTO 2019-2020,Objetivo 1. Actividad 2. Muestreos y Analisis sedimentos,Gastón Vidal,INSTITUTO DE FOMENTO PESQUERO,Campaña_Inv_Ver_2019.Proy.SeguimientoAmbiental,Chiloe central,26,423654.6,732710.2,2019-06-07,17:56:00,PH,7.57,07/06/2019 17:56:00,X
58,ESTUDIO DEL DESEMPEÑO AMBIENTAL DE LA ACUICULTURA EN CHILE Y SU EFECTO EN LOS ECOSISTEMAS DE EMPLAZAMIENTO 2019-2020,Objetivo 1. Actividad 2. Muestreos y Analisis sedimentos,Gastón Vidal,INSTITUTO DE FOMENTO PESQUERO,Campaña_Inv_Ver_2019.Proy.SeguimientoAmbiental,Desertores,1,424703.0,725635.9,2019-05-15,00:00:00,PH,7.573333333333333,15/05/2019 00:00:00,X
59,ESTUDIO DEL DESEMPEÑO AMBIENTAL DE LA ACUICULTURA EN CHILE Y SU EFECTO EN LOS ECOSISTEMAS DE EMPLAZAMIENTO 2019-2020,Objetivo 1. Actividad 2. Muestreos y Analisis sedimentos,Gastón Vidal,INSTITUTO DE FOMENTO PESQUERO,Campaña_Inv_Ver_2019.Proy.SeguimientoAmbiental,Desertores,2,424756.1,725723.7,2019-05-15,00:00:00,PH,7.596666666666667,15/05/2019 00:00:00,X
60,ESTUDIO DEL DESEMPEÑO AMBIENTAL DE LA ACUICULTURA EN CHILE Y SU EFECTO EN LOS ECOSISTEMAS DE EMPLAZAMIENTO 2019-2020,Objetivo 1. Actividad 2. Muestreos y Analisis sedimentos,Gastón Vidal,INSTITUTO DE FOMENTO PESQUERO,Campaña_Inv_Ver_2019.Proy.SeguimientoAmbiental,Desertores,3,424536.0,725951.7,2019-05-15,00:00:00,PH,7.45,15/05/2019 00:00:00,X
61,ESTUDIO DEL DESEMPEÑO AMBIENTAL DE LA ACUICULTURA EN CHILE Y SU EFECTO EN LOS ECOSISTEMAS DE EMPLAZAMIENTO 2019-2020,Objetivo 1. Actividad 2. Muestreos y Analisis sedimentos,Gastón Vidal,INSTITUTO DE FOMENTO PESQUERO,Campaña_Inv_Ver_2019.Proy.SeguimientoAmbiental,Desertores,6,424206.5,730534.1,2019-05-15,00:00:00,PH,7.2366666666666655,15/05/2019 00:00:00,X
62,ESTUDIO DEL DESEMPEÑO AMBIENTAL DE LA ACUICULTURA EN CHILE Y SU EFECTO EN LOS ECOSISTEMAS DE EMPLAZAMIENTO 2019-2020,Objetivo 1. Actividad 2. Muestreos y Analisis sedimentos,Gastón Vidal,INSTITUTO DE FOMENTO PESQUERO,Campaña_Inv_Ver_2019.Proy.SeguimientoAmbiental,Quellon,6,431143.2,733811.2,2019-06-09,16:56:00,PH,7.543333333333333,09/06/2019 16:56:00,X
63,ESTUDIO DEL DESEMPEÑO AMBIENTAL DE LA ACUICULTURA EN CHILE Y SU EFECTO EN LOS ECOSISTEMAS DE EMPLAZAMIENTO 2019-2020,Objetivo 1. Actividad 2. Muestreos y Analisis sedimentos,Gastón Vidal,INSTITUTO DE FOMENTO PESQUERO,Campaña_Inv_Ver_2019.Proy.SeguimientoAmbiental,Quellon,8,430729.8,734355.5,2019-06-09,17:49:00,PH,7.34,09/06/2019 17:49:00,X
64,ESTUDIO DEL DESEMPEÑO AMBIENTAL DE LA ACUICULTURA EN CHILE Y SU EFECTO EN LOS ECOSISTEMAS DE EMPLAZAMIENTO 2019-2020,Objetivo 1. Actividad 2. Muestreos y Analisis sedimentos,Gastón Vidal,INSTITUTO DE FOMENTO PESQUERO,Campaña_Inv_Ver_2019.Proy.SeguimientoAmbiental,Quellon,11,430832.2,734013.7,2019-06-09,18:24:00,PH,7.196666666666666,09/06/2019 18:24:00,X
65,ESTUDIO DEL DESEMPEÑO AMBIENTAL DE LA ACUICULTURA EN CHILE Y SU EFECTO EN LOS ECOSISTEMAS DE EMPLAZAMIENTO 2019-2020,Objetivo 1. Actividad 2. Muestreos y Analisis sedimentos,Gastón Vidal,INSTITUTO DE FOMENTO PESQUERO,Campaña_Inv_Ver_2019.Proy.SeguimientoAmbiental,Quellon,12,431133.5,733423.8,2019-06-09,16:02:00,PH,7.383333333333333,09/06/2019 16:02:00,X
66,ESTUDIO DEL DESEMPEÑO AMBIENTAL DE LA ACUICULTURA EN CHILE Y SU EFECTO EN LOS ECOSISTEMAS DE EMPLAZAMIENTO 2019-2020,Objetivo 1. Actividad 2. Muestreos y Analisis sedimentos,Gastón Vidal,INSTITUTO DE FOMENTO PESQUERO,Campaña_Inv_Ver_2019.Proy.SeguimientoAmbiental,Quellon,13,430827.5,733259.3,2019-06-09,15:10:00,PH,7.359999999999999,09/06/2019 15:10:00,X
67,ESTUDIO DEL DESEMPEÑO AMBIENTAL DE LA ACUICULTURA EN CHILE Y SU EFECTO EN LOS ECOSISTEMAS DE EMPLAZAMIENTO 2019-2020,Objetivo 1. Actividad 2. Muestreos y Analisis sedimentos,Gastón Vidal,INSTITUTO DE FOMENTO PESQUERO,Campaña_Inv_Ver_2019.Proy.SeguimientoAmbiental,Quellon,19,430307.5,732746.7,2019-06-09,13:09:00,PH,7.41,09/06/2019 13:09:00,X
68,ESTUDIO DEL DESEMPEÑO AMBIENTAL DE LA ACUICULTURA EN CHILE Y SU EFECTO EN LOS ECOSISTEMAS DE EMPLAZAMIENTO 2019-2020,Objetivo 1. Actividad 2. Muestreos y Analisis sedimentos,Gastón Vidal,INSTITUTO DE FOMENTO PESQUERO,Campaña_Inv_Ver_2019.Proy.SeguimientoAmbiental,Quellon,21,430206.1,733133.1,2019-06-09,12:40:00,PH,7.170000000000001,09/06/2019 12:40:00,X
69,ESTUDIO DEL DESEMPEÑO AMBIENTAL DE LA ACUICULTURA EN CHILE Y SU EFECTO EN LOS ECOSISTEMAS DE EMPLAZAMIENTO 2019-2020,Objetivo 1. Actividad 2. Muestreos y Analisis sedimentos,Gastón Vidal,INSTITUTO DE FOMENTO PESQUERO,Campaña_Inv_Ver_2019.Proy.SeguimientoAmbiental,Quellon,22,425921.8,732805.5,2019-06-09,11:59:00,PH,7.426666666666667,09/06/2019 11:59:00,X
70,ESTUDIO DEL DESEMPEÑO AMBIENTAL DE LA ACUICULTURA EN CHILE Y SU EFECTO EN LOS ECOSISTEMAS DE EMPLAZAMIENTO 2019-2020,Objetivo 1. Actividad 2. Muestreos y Analisis sedimentos,Gastón Vidal,INSTITUTO DE FOMENTO PESQUERO,Campaña_Inv_Ver_2019.Proy.SeguimientoAmbiental,Quellon,26,425621.2,733649.9,2019-06-09,11:00:00,PH,7.506666666666667,09/06/2019 11:00:00,X
71,ESTUDIO DEL DESEMPEÑO AMBIENTAL DE LA ACUICULTURA EN CHILE Y SU EFECTO EN LOS ECOSISTEMAS DE EMPLAZAMIENTO 2019-2020,Objetivo 1. Actividad 2. Muestreos y Analisis sedimentos,Gastón Vidal,INSTITUTO DE FOMENTO PESQUERO,Campaña_Inv_Ver_2019.Proy.SeguimientoAmbiental,Quellon,28,425525.9,733504.7,2019-06-09,09:09:00,PH,7.506666666666667,09/06/2019 09:09:00,X
72,ESTUDIO DEL DESEMPEÑO AMBIENTAL DE LA ACUICULTURA EN CHILE Y SU EFECTO EN LOS ECOSISTEMAS DE EMPLAZAMIENTO 2019-2020,Objetivo 1. Actividad 2. Muestreos y Analisis sedimentos,Gastón Vidal,INSTITUTO DE FOMENTO PESQUERO,Campaña_Inv_Ver_2019.Proy.SeguimientoAmbiental,Quellon,32,425122.8,734130.9,2019-06-09,10:10:00,PH,7.329999999999999,09/06/2019 10:10:00,X
73,ESTUDIO DEL DESEMPEÑO AMBIENTAL DE LA ACUICULTURA EN CHILE Y SU EFECTO EN LOS ECOSISTEMAS DE EMPLAZAMIENTO 2019-2020,Objetivo 1. Actividad 2. Muestreos y Analisis sedimentos,Gastón Vidal,INSTITUTO DE FOMENTO PESQUERO,Campaña_Inv_Ver_2019.Proy.SeguimientoAmbiental,Quellon,39,425415.3,732927.9,2019-06-08,14:10:00,PH,7.1866666666666665,08/06/2019 14:10:00,X
74,ESTUDIO DEL DESEMPEÑO AMBIENTAL DE LA ACUICULTURA EN CHILE Y SU EFECTO EN LOS ECOSISTEMAS DE EMPLAZAMIENTO 2019-2020,Objetivo 1. Actividad 2. Muestreos y Analisis sedimentos,Gastón Vidal,INSTITUTO DE FOMENTO PESQUERO,Campaña_Inv_Ver_2019.Proy.SeguimientoAmbiental,Hornopiren,3,420427.1,722759.7,2019-05-13,00:00:00,PH,6.816666666666666,13/05/2019 00:00:00,X
75,ESTUDIO DEL DESEMPEÑO AMBIENTAL DE LA ACUICULTURA EN CHILE Y SU EFECTO EN LOS ECOSISTEMAS DE EMPLAZAMIENTO 2019-2020,Objetivo 1. Actividad 2. Muestreos y Analisis sedimentos,Gastón Vidal,INSTITUTO DE FOMENTO PESQUERO,Campaña_Inv_Ver_2019.Proy.SeguimientoAmbiental,Hornopiren,6,420209.6,723558.5,2019-05-13,00:00:00,PH,7.580000000000001,13/05/2019 00:00:00,X
76,ESTUDIO DEL DESEMPEÑO AMBIENTAL DE LA ACUICULTURA EN CHILE Y SU EFECTO EN LOS ECOSISTEMAS DE EMPLAZAMIENTO 2019-2020,Objetivo 1. Actividad 2. Muestreos y Analisis sedimentos,Gastón Vidal,INSTITUTO DE FOMENTO PESQUERO,Campaña_Inv_Ver_2019.Proy.SeguimientoAmbiental,Hornopiren,7,420301.3,723537.3,2019-05-13,00:00:00,PH,8.03,13/05/2019 00:00:00,X
77,ESTUDIO DEL DESEMPEÑO AMBIENTAL DE LA ACUICULTURA EN CHILE Y SU EFECTO EN LOS ECOSISTEMAS DE EMPLAZAMIENTO 2019-2020,Objetivo 1. Actividad 2. Muestreos y Analisis sedimentos,Gastón Vidal,INSTITUTO DE FOMENTO PESQUERO,Campaña_Inv_Ver_2019.Proy.SeguimientoAmbiental,Hornopiren,13,421433.8,722650.7,2019-05-13,00:00:00,PH,7.25,13/05/2019 00:00:00,X
78,ESTUDIO DEL DESEMPEÑO AMBIENTAL DE LA ACUICULTURA EN CHILE Y SU EFECTO EN LOS ECOSISTEMAS DE EMPLAZAMIENTO 2019-2020,Objetivo 1. Actividad 2. Muestreos y Analisis sedimentos,Gastón Vidal,INSTITUTO DE FOMENTO PESQUERO,Campaña_Inv_Ver_2019.Proy.SeguimientoAmbiental,Hornopiren,14,421524.5,722346.8,2019-05-13,00:00:00,PH,7.176666666666667,13/05/2019 00:00:00,X
79,ESTUDIO DEL DESEMPEÑO AMBIENTAL DE LA ACUICULTURA EN CHILE Y SU EFECTO EN LOS ECOSISTEMAS DE EMPLAZAMIENTO 2019-2020,Objetivo 1. Actividad 2. Muestreos y Analisis sedimentos,Gastón Vidal,INSTITUTO DE FOMENTO PESQUERO,Campaña_Inv_Ver_2019.Proy.SeguimientoAmbiental,Ayacara,1,421853.1,724721.9,2019-05-14,00:00:00,PH,7.526666666666666,14/05/2019 00:00:00,X
80,ESTUDIO DEL DESEMPEÑO AMBIENTAL DE LA ACUICULTURA EN CHILE Y SU EFECTO EN LOS ECOSISTEMAS DE EMPLAZAMIENTO 2019-2020,Objetivo 1. Actividad 2. Muestreos y Analisis sedimentos,Gastón Vidal,INSTITUTO DE FOMENTO PESQUERO,Campaña_Inv_Ver_2019.Proy.SeguimientoAmbiental,Ayacara,2,422434.1,724307.0,2019-05-14,00:00:00,PH,7.416666666666667,14/05/2019 00:00:00,X
81,ESTUDIO DEL DESEMPEÑO AMBIENTAL DE LA ACUICULTURA EN CHILE Y SU EFECTO EN LOS ECOSISTEMAS DE EMPLAZAMIENTO 2019-2020,Objetivo 1. Actividad 2. Muestreos y Analisis sedimentos,Gastón Vidal,INSTITUTO DE FOMENTO PESQUERO,Campaña_Inv_Ver_2019.Proy.SeguimientoAmbiental,Ayacara,3,423409.7,723139.7,2019-05-14,00:00:00,PH,7.109999999999999,14/05/2019 00:00:00,X
82,ESTUDIO DEL DESEMPEÑO AMBIENTAL DE LA ACUICULTURA EN CHILE Y SU EFECTO EN LOS ECOSISTEMAS DE EMPLAZAMIENTO 2019-2020,Objetivo 1. Actividad 2. Muestreos y Analisis sedimentos,Gastón Vidal,INSTITUTO DE FOMENTO PESQUERO,Campaña_Inv_Ver_2019.Proy.SeguimientoAmbiental,Ayacara,4,423117.9,724140.8,2019-05-15,00:00:00,PH,7.8566666666666665,15/05/2019 00:00:00,X
83,ESTUDIO DEL DESEMPEÑO AMBIENTAL DE LA ACUICULTURA EN CHILE Y SU EFECTO EN LOS ECOSISTEMAS DE EMPLAZAMIENTO 2019-2020,Objetivo 1. Actividad 2. Muestreos y Analisis sedimentos,Gastón Vidal,INSTITUTO DE FOMENTO PESQUERO,Campaña_Inv_Ver_2019.Proy.SeguimientoAmbiental,Ayacara,7,423730.6,725115.4,2019-05-15,00:00:00,PH,7.446666666666666,15/05/2019 00:00:00,X
84,ESTUDIO DEL DESEMPEÑO AMBIENTAL DE LA ACUICULTURA EN CHILE Y SU EFECTO EN LOS ECOSISTEMAS DE EMPLAZAMIENTO 2019-2020,Objetivo 1. Actividad 2. Muestreos y Analisis sedimentos,Gastón Vidal,INSTITUTO DE FOMENTO PESQUERO,Campaña_Inv_Ver_2019.Proy.SeguimientoAmbiental,Ayacara,9,424232.8,725058.9,2019-05-15,00:00:00,PH,7.1933333333333325,15/05/2019 00:00:00,X
85,ESTUDIO DEL DESEMPEÑO AMBIENTAL DE LA ACUICULTURA EN CHILE Y SU EFECTO EN LOS ECOSISTEMAS DE EMPLAZAMIENTO 2019-2020,Objetivo 1. Actividad 2. Muestreos y Analisis sedimentos,Gastón Vidal,INSTITUTO DE FOMENTO PESQUERO,Campaña_Inv_Ver_2019.Proy.SeguimientoAmbiental,Chaiten,3,424711.1,725049.9,2019-05-15,00:00:00,PH,7.696666666666666,15/05/2019 00:00:00,X
86,ESTUDIO DEL DESEMPEÑO AMBIENTAL DE LA ACUICULTURA EN CHILE Y SU EFECTO EN LOS ECOSISTEMAS DE EMPLAZAMIENTO 2019-2020,Objetivo 1. Actividad 2. Muestreos y Analisis sedimentos,Gastón Vidal,INSTITUTO DE FOMENTO PESQUERO,Campaña_Inv_Ver_2019.Proy.SeguimientoAmbiental,Chaiten,4,425527.6,724459.6,2019-05-15,00:00:00,PH,7.2,15/05/2019 00:00:00,X
87,ESTUDIO DEL DESEMPEÑO AMBIENTAL DE LA ACUICULTURA EN CHILE Y SU EFECTO EN LOS ECOSISTEMAS DE EMPLAZAMIENTO 2019-2020,Objetivo 1. Actividad 2. Muestreos y Analisis sedimentos,Gastón Vidal,INSTITUTO DE FOMENTO PESQUERO,Campaña_Inv_Ver_2019.Proy.SeguimientoAmbiental,Chaiten,12,431438.9,725308.2,2019-05-16,00:00:00,PH,7.243333333333333,16/05/2019 00:00:00,X
88,ESTUDIO DEL DESEMPEÑO AMBIENTAL DE LA ACUICULTURA EN CHILE Y SU EFECTO EN LOS ECOSISTEMAS DE EMPLAZAMIENTO 2019-2020,Objetivo 1. Actividad 2. Muestreos y Analisis sedimentos,Gastón Vidal,INSTITUTO DE FOMENTO PESQUERO,Campaña_Inv_Ver_2019.Proy.SeguimientoAmbiental,Chaiten,14,431550.9,725835.0,2019-05-20,00:00:00,PH,7.0566666666666675,20/05/2019 00:00:00,X
89,ESTUDIO DEL DESEMPEÑO AMBIENTAL DE LA ACUICULTURA EN CHILE Y SU EFECTO EN LOS ECOSISTEMAS DE EMPLAZAMIENTO 2019-2020,Objetivo 1. Actividad 2. Muestreos y Analisis sedimentos,Gastón Vidal,INSTITUTO DE FOMENTO PESQUERO,Campaña_Inv_Ver_2019.Proy.SeguimientoAmbiental,Chaiten,18,433529.8,730022.5,2019-05-19,00:00:00,PH,7.583333333333333,19/05/2019 00:00:00,X
90,ESTUDIO DEL DESEMPEÑO AMBIENTAL DE LA ACUICULTURA EN CHILE Y SU EFECTO EN LOS ECOSISTEMAS DE EMPLAZAMIENTO 2019-2020,Objetivo 1. Actividad 2. Muestreos y Analisis sedimentos,Gastón Vidal,INSTITUTO DE FOMENTO PESQUERO,Campaña_Inv_Ver_2019.Proy.SeguimientoAmbiental,Chaiten,19,433757.9,725704.9,2019-05-18,00:00:00,PH,8.003333333333332,18/05/2019 00:00:00,X
92,ESTUDIO DEL DESEMPEÑO AMBIENTAL DE LA ACUICULTURA EN CHILE Y SU EFECTO EN LOS ECOSISTEMAS DE EMPLAZAMIENTO 2019-2020,Objetivo 1. Actividad 2. Muestreos y Analisis sedimentos,Gastón Vidal,INSTITUTO DE FOMENTO PESQUERO,Campaña_Inv_Ver_2019.Proy.SeguimientoAmbiental,Guaitecas,1,442931.1,740942.8,2019-06-14,15:12:00,PH,7.38,14/06/2019 15:12:00,XI
93,ESTUDIO DEL DESEMPEÑO AMBIENTAL DE LA ACUICULTURA EN CHILE Y SU EFECTO EN LOS ECOSISTEMAS DE EMPLAZAMIENTO 2019-2020,Objetivo 1. Actividad 2. Muestreos y Analisis sedimentos,Gastón Vidal,INSTITUTO DE FOMENTO PESQUERO,Campaña_Inv_Ver_2019.Proy.SeguimientoAmbiental,Guaitecas,2,442654.0,740814.0,2019-06-14,13:40:00,PH,7.466666666666668,14/06/2019 13:40:00,XI
94,ESTUDIO DEL DESEMPEÑO AMBIENTAL DE LA ACUICULTURA EN CHILE Y SU EFECTO EN LOS ECOSISTEMAS DE EMPLAZAMIENTO 2019-2020,Objetivo 1. Actividad 2. Muestreos y Analisis sedimentos,Gastón Vidal,INSTITUTO DE FOMENTO PESQUERO,Campaña_Inv_Ver_2019.Proy.SeguimientoAmbiental,Guaitecas,4,441418.4,741320.7,2019-06-14,11:34:00,PH,7.34,14/06/2019 11:34:00,XI
95,ESTUDIO DEL DESEMPEÑO AMBIENTAL DE LA ACUICULTURA EN CHILE Y SU EFECTO EN LOS ECOSISTEMAS DE EMPLAZAMIENTO 2019-2020,Objetivo 1. Actividad 2. Muestreos y Analisis sedimentos,Gastón Vidal,INSTITUTO DE FOMENTO PESQUERO,Campaña_Inv_Ver_2019.Proy.SeguimientoAmbiental,Guaitecas,6,440832.8,740222.8,2019-06-14,10:10:00,PH,7.766666666666666,14/06/2019 10:10:00,XI
96,ESTUDIO DEL DESEMPEÑO AMBIENTAL DE LA ACUICULTURA EN CHILE Y SU EFECTO EN LOS ECOSISTEMAS DE EMPLAZAMIENTO 2019-2020,Objetivo 1. Actividad 2. Muestreos y Analisis sedimentos,Gastón Vidal,INSTITUTO DE FOMENTO PESQUERO,Campaña_Inv_Ver_2019.Proy.SeguimientoAmbiental,Guaitecas,7,440453.4,735253.7,2019-06-14,08:50:00,PH,7.3500000000000005,14/06/2019 08:50:00,XI
97,ESTUDIO DEL DESEMPEÑO AMBIENTAL DE LA ACUICULTURA EN CHILE Y SU EFECTO EN LOS ECOSISTEMAS DE EMPLAZAMIENTO 2019-2020,Objetivo 1. Actividad 2. Muestreos y Analisis sedimentos,Gastón Vidal,INSTITUTO DE FOMENTO PESQUERO,Campaña_Inv_Ver_2019.Proy.SeguimientoAmbiental,Guaitecas,8,435456.5,735432.1,2019-06-13,09:54:00,PH,7.773333333333333,13/06/2019 09:54:00,XI
98,ESTUDIO DEL DESEMPEÑO AMBIENTAL DE LA ACUICULTURA EN CHILE Y SU EFECTO EN LOS ECOSISTEMAS DE EMPLAZAMIENTO 2019-2020,Objetivo 1. Actividad 2. Muestreos y Analisis sedimentos,Gastón Vidal,INSTITUTO DE FOMENTO PESQUERO,Campaña_Inv_Ver_2019.Proy.SeguimientoAmbiental,Guaitecas,9,435329.1,735219.9,2019-06-13,08:55:00,PH,7.526666666666666,13/06/2019 08:55:00,XI
99,ESTUDIO DEL DESEMPEÑO AMBIENTAL DE LA ACUICULTURA EN CHILE Y SU EFECTO EN LOS ECOSISTEMAS DE EMPLAZAMIENTO 2019-2020,Objetivo 1. Actividad 2. Muestreos y Analisis sedimentos,Gastón Vidal,INSTITUTO DE FOMENTO PESQUERO,Campaña_Inv_Ver_2019.Proy.SeguimientoAmbiental,Guaitecas,10,435638.0,734800.0,2019-06-13,10:53:00,PH,7.756666666666667,13/06/2019 10:53:00,XI
100,ESTUDIO DEL DESEMPEÑO AMBIENTAL DE LA ACUICULTURA EN CHILE Y SU EFECTO EN LOS ECOSISTEMAS DE EMPLAZAMIENTO 2019-2020,Objetivo 1. Actividad 2. Muestreos y Analisis sedimentos,Gastón Vidal,INSTITUTO DE FOMENTO PESQUERO,Campaña_Inv_Ver_2019.Proy.SeguimientoAmbiental,Guaitecas,12,440031.4,734511.0,2019-06-13,00:00:00,PH,7.8133333333333335,13/06/2019 00:00:00,XI
101,ESTUDIO DEL DESEMPEÑO AMBIENTAL DE LA ACUICULTURA EN CHILE Y SU EFECTO EN LOS ECOSISTEMAS DE EMPLAZAMIENTO 2019-2020,Objetivo 1. Actividad 2. Muestreos y Analisis sedimentos,Gastón Vidal,INSTITUTO DE FOMENTO PESQUERO,Campaña_Inv_Ver_2019.Proy.SeguimientoAmbiental,Guaitecas,17,441715.5,734639.1,2019-06-13,15:50:00,PH,7.653333333333333,13/06/2019 15:50:00,XI
102,ESTUDIO DEL DESEMPEÑO AMBIENTAL DE LA ACUICULTURA EN CHILE Y SU EFECTO EN LOS ECOSISTEMAS DE EMPLAZAMIENTO 2019-2020,Objetivo 1. Actividad 2. Muestreos y Analisis sedimentos,Gastón Vidal,INSTITUTO DE FOMENTO PESQUERO,Campaña_Inv_Ver_2019.Proy.SeguimientoAmbiental,Moraleda,2,451131.2,735840.6,2019-06-15,17:17:00,PH,7.94,15/06/2019 17:17:00,XI
103,ESTUDIO DEL DESEMPEÑO AMBIENTAL DE LA ACUICULTURA EN CHILE Y SU EFECTO EN LOS ECOSISTEMAS DE EMPLAZAMIENTO 2019-2020,Objetivo 1. Actividad 2. Muestreos y Analisis sedimentos,Gastón Vidal,INSTITUTO DE FOMENTO PESQUERO,Campaña_Inv_Ver_2019.Proy.SeguimientoAmbiental,Moraleda,4,450957.9,740833.4,2019-06-15,16:20:00,PH,7.546666666666667,15/06/2019 16:20:00,XI
104,ESTUDIO DEL DESEMPEÑO AMBIENTAL DE LA ACUICULTURA EN CHILE Y SU EFECTO EN LOS ECOSISTEMAS DE EMPLAZAMIENTO 2019-2020,Objetivo 1. Actividad 2. Muestreos y Analisis sedimentos,Gastón Vidal,INSTITUTO DE FOMENTO PESQUERO,Campaña_Inv_Ver_2019.Proy.SeguimientoAmbiental,Moraleda,5,450801.8,741520.1,2019-06-15,14:55:00,PH,7.363333333333333,15/06/2019 14:55:00,XI
105,ESTUDIO DEL DESEMPEÑO AMBIENTAL DE LA ACUICULTURA EN CHILE Y SU EFECTO EN LOS ECOSISTEMAS DE EMPLAZAMIENTO 2019-2020,Objetivo 1. Actividad 2. Muestreos y Analisis sedimentos,Gastón Vidal,INSTITUTO DE FOMENTO PESQUERO,Campaña_Inv_Ver_2019.Proy.SeguimientoAmbiental,Moraleda,12,444145.4,735257.1,2019-06-15,09:55:00,PH,7.876666666666668,15/06/2019 09:55:00,XI
106,ESTUDIO DEL DESEMPEÑO AMBIENTAL DE LA ACUICULTURA EN CHILE Y SU EFECTO EN LOS ECOSISTEMAS DE EMPLAZAMIENTO 2019-2020,Objetivo 1. Actividad 2. Muestreos y Analisis sedimentos,Gastón Vidal,INSTITUTO DE FOMENTO PESQUERO,Campaña_Inv_Ver_2019.Proy.SeguimientoAmbiental,Moraleda,13,443935.6,735252.9,2019-06-15,09:00:00,PH,7.276666666666667,15/06/2019 09:00:00,XI
107,ESTUDIO DEL DESEMPEÑO AMBIENTAL DE LA ACUICULTURA EN CHILE Y SU EFECTO EN LOS ECOSISTEMAS DE EMPLAZAMIENTO 2019-2020,Objetivo 1. Actividad 2. Muestreos y Analisis sedimentos,Gastón Vidal,INSTITUTO DE FOMENTO PESQUERO,Campaña_Inv_Ver_2019.Proy.SeguimientoAmbiental,Moraleda,14,443608.6,740025.9,2019-06-14,17:22:00,PH,7.553333333333334,14/06/2019 17:22:00,XI
108,ESTUDIO DEL DESEMPEÑO AMBIENTAL DE LA ACUICULTURA EN CHILE Y SU EFECTO EN LOS ECOSISTEMAS DE EMPLAZAMIENTO 2019-2020,Objetivo 1. Actividad 2. Muestreos y Analisis sedimentos,Gastón Vidal,INSTITUTO DE FOMENTO PESQUERO,Campaña_Inv_Ver_2019.Proy.SeguimientoAmbiental,Moraleda,16,443308.8,740650.1,2019-06-14,16:20:00,PH,7.493333333333333,14/06/2019 16:20:00,XI
109,ESTUDIO DEL DESEMPEÑO AMBIENTAL DE LA ACUICULTURA EN CHILE Y SU EFECTO EN LOS ECOSISTEMAS DE EMPLAZAMIENTO 2019-2020,Objetivo 1. Actividad 2. Muestreos y Analisis sedimentos,Gastón Vidal,INSTITUTO DE FOMENTO PESQUERO,Campaña_Inv_Ver_2019.Proy.SeguimientoAmbiental,Moraleda,17,440830.9,733501.0,2019-06-13,14:00:00,PH,7.803333333333334,13/06/2019 14:00:00,XI
110,ESTUDIO DEL DESEMPEÑO AMBIENTAL DE LA ACUICULTURA EN CHILE Y SU EFECTO EN LOS ECOSISTEMAS DE EMPLAZAMIENTO 2019-2020,Objetivo 1. Actividad 2. Muestreos y Analisis sedimentos,Gastón Vidal,INSTITUTO DE FOMENTO PESQUERO,Campaña_Inv_Ver_2019.Proy.SeguimientoAmbiental,Moraleda,19,434430.9,730056.5,2019-05-19,00:00:00,PH,7.226666666666667,19/05/2019 00:00:00,XI
111,ESTUDIO DEL DESEMPEÑO AMBIENTAL DE LA ACUICULTURA EN CHILE Y SU EFECTO EN LOS ECOSISTEMAS DE EMPLAZAMIENTO 2019-2020,Objetivo 1. Actividad 2. Muestreos y Analisis sedimentos,Gastón Vidal,INSTITUTO DE FOMENTO PESQUERO,Campaña_Inv_Ver_2019.Proy.SeguimientoAmbiental,Moraleda,25,440204.1,731205.2,2019-05-19,00:00:00,PH,7.3,19/05/2019 00:00:00,XI
112,ESTUDIO DEL DESEMPEÑO AMBIENTAL DE LA ACUICULTURA EN CHILE Y SU EFECTO EN LOS ECOSISTEMAS DE EMPLAZAMIENTO 2019-2020,Objetivo 1. Actividad 2. Muestreos y Analisis sedimentos,Gastón Vidal,INSTITUTO DE FOMENTO PESQUERO,Campaña_Inv_Ver_2019.Proy.SeguimientoAmbiental,Moraleda,31,442248.0,730431.7,2019-06-25,16:02:00,PH,7.586666666666666,25/06/2019 16:02:00,XI
113,ESTUDIO DEL DESEMPEÑO AMBIENTAL DE LA ACUICULTURA EN CHILE Y SU EFECTO EN LOS ECOSISTEMAS DE EMPLAZAMIENTO 2019-2020,Objetivo 1. Actividad 2. Muestreos y Analisis sedimentos,Gastón Vidal,INSTITUTO DE FOMENTO PESQUERO,Campaña_Inv_Ver_2019.Proy.SeguimientoAmbiental,Moraleda,32,450149.0,732702.0,2019-06-24,10:30:00,PH,7.04,24/06/2019 10:30:00,XI
114,ESTUDIO DEL DESEMPEÑO AMBIENTAL DE LA ACUICULTURA EN CHILE Y SU EFECTO EN LOS ECOSISTEMAS DE EMPLAZAMIENTO 2019-2020,Objetivo 1. Actividad 2. Muestreos y Analisis sedimentos,Gastón Vidal,INSTITUTO DE FOMENTO PESQUERO,Campaña_Inv_Ver_2019.Proy.SeguimientoAmbiental,Puyuhuapi,5,443139.8,724117.0,2019-06-25,11:45:00,PH,7.473333333333334,25/06/2019 11:45:00,XI
115,ESTUDIO DEL DESEMPEÑO AMBIENTAL DE LA ACUICULTURA EN CHILE Y SU EFECTO EN LOS ECOSISTEMAS DE EMPLAZAMIENTO 2019-2020,Objetivo 1. Actividad 2. Muestreos y Analisis sedimentos,Gastón Vidal,INSTITUTO DE FOMENTO PESQUERO,Campaña_Inv_Ver_2019.Proy.SeguimientoAmbiental,Puyuhuapi,7,443955.1,725020.8,2019-06-25,09:06:00,PH,7.083333333333333,25/06/2019 09:06:00,XI
116,ESTUDIO DEL DESEMPEÑO AMBIENTAL DE LA ACUICULTURA EN CHILE Y SU EFECTO EN LOS ECOSISTEMAS DE EMPLAZAMIENTO 2019-2020,Objetivo 1. Actividad 2. Muestreos y Analisis sedimentos,Gastón Vidal,INSTITUTO DE FOMENTO PESQUERO,Campaña_Inv_Ver_2019.Proy.SeguimientoAmbiental,Puyuhuapi,8,444209.3,724807.1,2019-06-25,08:25:00,PH,7.386666666666667,25/06/2019 08:25:00,XI
117,ESTUDIO DEL DESEMPEÑO AMBIENTAL DE LA ACUICULTURA EN CHILE Y SU EFECTO EN LOS ECOSISTEMAS DE EMPLAZAMIENTO 2019-2020,Objetivo 1. Actividad 2. Muestreos y Analisis sedimentos,Gastón Vidal,INSTITUTO DE FOMENTO PESQUERO,Campaña_Inv_Ver_2019.Proy.SeguimientoAmbiental,Puyuhuapi,10,444937.8,725757.3,2019-06-24,15:17:00,PH,7.503333333333333,24/06/2019 15:17:00,XI
118,ESTUDIO DEL DESEMPEÑO AMBIENTAL DE LA ACUICULTURA EN CHILE Y SU EFECTO EN LOS ECOSISTEMAS DE EMPLAZAMIENTO 2019-2020,Objetivo 1. Actividad 2. Muestreos y Analisis sedimentos,Gastón Vidal,INSTITUTO DE FOMENTO PESQUERO,Campaña_Inv_Ver_2019.Proy.SeguimientoAmbiental,Puyuhuapi,12,445441.9,730811.9,2019-06-24,14:05:00,PH,7.169999999999999,24/06/2019 14:05:00,XI
119,ESTUDIO DEL DESEMPEÑO AMBIENTAL DE LA ACUICULTURA EN CHILE Y SU EFECTO EN LOS ECOSISTEMAS DE EMPLAZAMIENTO 2019-2020,Objetivo 1. Actividad 2. Muestreos y Analisis sedimentos,Gastón Vidal,INSTITUTO DE FOMENTO PESQUERO,Campaña_Inv_Ver_2019.Proy.SeguimientoAmbiental,Aysen,1,452639.7,730033.3,2019-06-18,10:38:00,PH,7.526666666666666,18/06/2019 10:38:00,XI
120,ESTUDIO DEL DESEMPEÑO AMBIENTAL DE LA ACUICULTURA EN CHILE Y SU EFECTO EN LOS ECOSISTEMAS DE EMPLAZAMIENTO 2019-2020,Objetivo 1. Actividad 2. Muestreos y Analisis sedimentos,Gastón Vidal,INSTITUTO DE FOMENTO PESQUERO,Campaña_Inv_Ver_2019.Proy.SeguimientoAmbiental,Aysen,3,451953.0,732236.0,2019-06-18,13:15:00,PH,7.8566666666666665,18/06/2019 13:15:00,XI
121,ESTUDIO DEL DESEMPEÑO AMBIENTAL DE LA ACUICULTURA EN CHILE Y SU EFECTO EN LOS ECOSISTEMAS DE EMPLAZAMIENTO 2019-2020,Objetivo 1. Actividad 2. Muestreos y Analisis sedimentos,Gastón Vidal,INSTITUTO DE FOMENTO PESQUERO,Campaña_Inv_Ver_2019.Proy.SeguimientoAmbiental,Aysen,5,452421.9,733225.0,2019-06-17,15:52:00,PH,7.403333333333333,17/06/2019 15:52:00,XI
122,ESTUDIO DEL DESEMPEÑO AMBIENTAL DE LA ACUICULTURA EN CHILE Y SU EFECTO EN LOS ECOSISTEMAS DE EMPLAZAMIENTO 2019-2020,Objetivo 1. Actividad 2. Muestreos y Analisis sedimentos,Gastón Vidal,INSTITUTO DE FOMENTO PESQUERO,Campaña_Inv_Ver_2019.Proy.SeguimientoAmbiental,Aysen,6,453734.9,733550.9,2019-06-17,11:55:00,PH,7.533333333333334,17/06/2019 11:55:00,XI
123,ESTUDIO DEL DESEMPEÑO AMBIENTAL DE LA ACUICULTURA EN CHILE Y SU EFECTO EN LOS ECOSISTEMAS DE EMPLAZAMIENTO 2019-2020,Objetivo 1. Actividad 2. Muestreos y Analisis sedimentos,Gastón Vidal,INSTITUTO DE FOMENTO PESQUERO,Campaña_Inv_Ver_2019.Proy.SeguimientoAmbiental,Aysen,7,454508.5,733655.3,2019-06-17,08:55:00,PH,7.510000000000001,17/06/2019 08:55:00,XI
124,ESTUDIO DEL DESEMPEÑO AMBIENTAL DE LA ACUICULTURA EN CHILE Y SU EFECTO EN LOS ECOSISTEMAS DE EMPLAZAMIENTO 2019-2020,Objetivo 1. Actividad 2. Muestreos y Analisis sedimentos,Gastón Vidal,INSTITUTO DE FOMENTO PESQUERO,Campaña_Inv_Ver_2019.Proy.SeguimientoAmbiental,Aysen,10,455717.6,733619.7,2019-06-19,14:50:00,PH,7.433333333333334,19/06/2019 14:50:00,XI
125,ESTUDIO DEL DESEMPEÑO AMBIENTAL DE LA ACUICULTURA EN CHILE Y SU EFECTO EN LOS ECOSISTEMAS DE EMPLAZAMIENTO 2019-2020,Objetivo 1. Actividad 2. Muestreos y Analisis sedimentos,Gastón Vidal,INSTITUTO DE FOMENTO PESQUERO,Campaña_Inv_Ver_2019.Proy.SeguimientoAmbiental,Aysen,11,460134.6,733917.0,2019-06-19,15:39:00,PH,7.383333333333333,19/06/2019 15:39:00,XI
126,ESTUDIO DEL DESEMPEÑO AMBIENTAL DE LA ACUICULTURA EN CHILE Y SU EFECTO EN LOS ECOSISTEMAS DE EMPLAZAMIENTO 2019-2020,Objetivo 1. Actividad 2. Muestreos y Analisis sedimentos,Gastón Vidal,INSTITUTO DE FOMENTO PESQUERO,Campaña_Inv_Ver_2019.Proy.SeguimientoAmbiental,Aysen,13,461329.4,734345.5,2019-06-20,08:44:00,PH,7.420000000000001,20/06/2019 08:44:00,XI
127,ESTUDIO DEL DESEMPEÑO AMBIENTAL DE LA ACUICULTURA EN CHILE Y SU EFECTO EN LOS ECOSISTEMAS DE EMPLAZAMIENTO 2019-2020,Objetivo 1. Actividad 2. Muestreos y Analisis sedimentos,Gastón Vidal,INSTITUTO DE FOMENTO PESQUERO,Campaña_Inv_Ver_2019.Proy.SeguimientoAmbiental,Aysen,18,460557.7,735202.9,2019-06-21,14:01:00,PH,7.390000000000001,21/06/2019 14:01:00,XI
128,ESTUDIO DEL DESEMPEÑO AMBIENTAL DE LA ACUICULTURA EN CHILE Y SU EFECTO EN LOS ECOSISTEMAS DE EMPLAZAMIENTO 2019-2020,Objetivo 1. Actividad 2. Muestreos y Analisis sedimentos,Gastón Vidal,INSTITUTO DE FOMENTO PESQUERO,Campaña_Inv_Ver_2019.Proy.SeguimientoAmbiental,Aysen,19,460107.9,735645.7,2019-06-21,15:00:00,PH,7.46,21/06/2019 15:00:00,XI
129,ESTUDIO DEL DESEMPEÑO AMBIENTAL DE LA ACUICULTURA EN CHILE Y SU EFECTO EN LOS ECOSISTEMAS DE EMPLAZAMIENTO 2019-2020,Objetivo 1. Actividad 2. Muestreos y Analisis sedimentos,Gastón Vidal,INSTITUTO DE FOMENTO PESQUERO,Campaña_Inv_Ver_2019.Proy.SeguimientoAmbiental,Aysen,24,454429.7,740423.3,2019-06-16,15:20:00,PH,7.430000000000001,16/06/2019 15:20:00,XI
130,ESTUDIO DEL DESEMPEÑO AMBIENTAL DE LA ACUICULTURA EN CHILE Y SU EFECTO EN LOS ECOSISTEMAS DE EMPLAZAMIENTO 2019-2020,Objetivo 1. Actividad 2. Muestreos y Analisis sedimentos,Gastón Vidal,INSTITUTO DE FOMENTO PESQUERO,Campaña_Inv_Ver_2019.Proy.SeguimientoAmbiental,Aysen,25,454137.5,741704.6,2019-06-16,13:30:00,PH,7.553333333333334,16/06/2019 13:30:00,XI
131,ESTUDIO DEL DESEMPEÑO AMBIENTAL DE LA ACUICULTURA EN CHILE Y SU EFECTO EN LOS ECOSISTEMAS DE EMPLAZAMIENTO 2019-2020,Objetivo 1. Actividad 2. Muestreos y Analisis sedimentos,Gastón Vidal,INSTITUTO DE FOMENTO PESQUERO,Campaña_Inv_Ver_2019.Proy.SeguimientoAmbiental,Aysen,28,453351.4,741310.2,2019-06-16,11:55:00,PH,7.563333333333333,16/06/2019 11:55:00,XI
132,ESTUDIO DEL DESEMPEÑO AMBIENTAL DE LA ACUICULTURA EN CHILE Y SU EFECTO EN LOS ECOSISTEMAS DE EMPLAZAMIENTO 2019-2020,Objetivo 1. Actividad 2. Muestreos y Analisis sedimentos,Gastón Vidal,INSTITUTO DE FOMENTO PESQUERO,Campaña_Inv_Ver_2019.Proy.SeguimientoAmbiental,Aysen,30,452356.0,741521.0,2019-06-16,10:20:00,PH,7.516666666666667,16/06/2019 10:20:00,XI
133,ESTUDIO DEL DESEMPEÑO AMBIENTAL DE LA ACUICULTURA EN CHILE Y SU EFECTO EN LOS ECOSISTEMAS DE EMPLAZAMIENTO 2019-2020,Objetivo 1. Actividad 2. Muestreos y Analisis sedimentos,Gastón Vidal,INSTITUTO DE FOMENTO PESQUERO,Campaña_Inv_Ver_2019.Proy.SeguimientoAmbiental,Aysen,34,451659.5,734350.5,2019-06-23,11:00:00,PH,7.463333333333334,23/06/2019 11:00:00,XI
134,ESTUDIO DEL DESEMPEÑO AMBIENTAL DE LA ACUICULTURA EN CHILE Y SU EFECTO EN LOS ECOSISTEMAS DE EMPLAZAMIENTO 2019-2020,Objetivo 1. Actividad 2. Muestreos y Analisis sedimentos,Gastón Vidal,INSTITUTO DE FOMENTO PESQUERO,Campaña_Inv_Ver_2019.Proy.SeguimientoAmbiental,Coquimbo,1,300839.9,712256.3,2019-04-15,00:00:00,PH,7.746666666666666,15/04/2019 00:00:00,IV
135,ESTUDIO DEL DESEMPEÑO AMBIENTAL DE LA ACUICULTURA EN CHILE Y SU EFECTO EN LOS ECOSISTEMAS DE EMPLAZAMIENTO 2019-2020,Objetivo 1. Actividad 2. Muestreos y Analisis sedimentos,Gastón Vidal,INSTITUTO DE FOMENTO PESQUERO,Campaña_Inv_Ver_2019.Proy.SeguimientoAmbiental,Coquimbo,4,301121.0,712525.0,2019-04-15,00:00:00,PH,7.586666666666666,15/04/2019 00:00:00,IV
136,ESTUDIO DEL DESEMPEÑO AMBIENTAL DE LA ACUICULTURA EN CHILE Y SU EFECTO EN LOS ECOSISTEMAS DE EMPLAZAMIENTO 2019-2020,Objetivo 1. Actividad 2. Muestreos y Analisis sedimentos,Gastón Vidal,INSTITUTO DE FOMENTO PESQUERO,Campaña_Inv_Ver_2019.Proy.SeguimientoAmbiental,Coquimbo,5,301046.7,712617.5,2019-04-15,00:00:00,PH,7.553333333333334,15/04/2019 00:00:00,IV
137,ESTUDIO DEL DESEMPEÑO AMBIENTAL DE LA ACUICULTURA EN CHILE Y SU EFECTO EN LOS ECOSISTEMAS DE EMPLAZAMIENTO 2019-2020,Objetivo 1. Actividad 2. Muestreos y Analisis sedimentos,Gastón Vidal,INSTITUTO DE FOMENTO PESQUERO,Campaña_Inv_Ver_2019.Proy.SeguimientoAmbiental,Coquimbo,7,301455.9,712925.2,2019-04-15,00:00:00,PH,7.803333333333334,15/04/2019 00:00:00,IV
138,ESTUDIO DEL DESEMPEÑO AMBIENTAL DE LA ACUICULTURA EN CHILE Y SU EFECTO EN LOS ECOSISTEMAS DE EMPLAZAMIENTO 2019-2020,Objetivo 1. Actividad 2. Muestreos y Analisis sedimentos,Gastón Vidal,INSTITUTO DE FOMENTO PESQUERO,Campaña_Inv_Ver_2019.Proy.SeguimientoAmbiental,Coquimbo,9,301620.2,713032.0,2019-04-15,00:00:00,PH,7.47,15/04/2019 00:00:00,IV
139,ESTUDIO DEL DESEMPEÑO AMBIENTAL DE LA ACUICULTURA EN CHILE Y SU EFECTO EN LOS ECOSISTEMAS DE EMPLAZAMIENTO 2019-2020,Objetivo 1. Actividad 2. Muestreos y Analisis sedimentos,Gastón Vidal,INSTITUTO DE FOMENTO PESQUERO,Campaña_Inv_Ver_2019.Proy.SeguimientoAmbiental,Coquimbo,10,301612.8,713138.8,2019-04-15,00:00:00,PH,7.6000000000000005,15/04/2019 00:00:00,IV
140,ESTUDIO DEL DESEMPEÑO AMBIENTAL DE LA ACUICULTURA EN CHILE Y SU EFECTO EN LOS ECOSISTEMAS DE EMPLAZAMIENTO 2019-2020,Objetivo 1. Actividad 2. Muestreos y Analisis sedimentos,Gastón Vidal,INSTITUTO DE FOMENTO PESQUERO,Campaña_Inv_Ver_2019.Proy.SeguimientoAmbiental,Coquimbo,13,301637.0,713306.7,2019-04-15,00:00:00,PH,7.62,15/04/2019 00:00:00,IV
141,ESTUDIO DEL DESEMPEÑO AMBIENTAL DE LA ACUICULTURA EN CHILE Y SU EFECTO EN LOS ECOSISTEMAS DE EMPLAZAMIENTO 2019-2020,Objetivo 1. Actividad 2. Muestreos y Analisis sedimentos,Gastón Vidal,INSTITUTO DE FOMENTO PESQUERO,Campaña_Inv_Ver_2019.Proy.SeguimientoAmbiental,Atacama,2,270625.2,705153.6,2019-04-11,00:00:00,PH,7.583333333333333,11/04/2019 00:00:00,III
142,ESTUDIO DEL DESEMPEÑO AMBIENTAL DE LA ACUICULTURA EN CHILE Y SU EFECTO EN LOS ECOSISTEMAS DE EMPLAZAMIENTO 2019-2020,Objetivo 1. Actividad 2. Muestreos y Analisis sedimentos,Gastón Vidal,INSTITUTO DE FOMENTO PESQUERO,Campaña_Inv_Ver_2019.Proy.SeguimientoAmbiental,Atacama,3,270705.4,705140.1,2019-04-11,00:00:00,PH,7.663333333333334,11/04/2019 00:00:00,III
143,ESTUDIO DEL DESEMPEÑO AMBIENTAL DE LA ACUICULTURA EN CHILE Y SU EFECTO EN LOS ECOSISTEMAS DE EMPLAZAMIENTO 2019-2020,Objetivo 1. Actividad 2. Muestreos y Analisis sedimentos,Gastón Vidal,INSTITUTO DE FOMENTO PESQUERO,Campaña_Inv_Ver_2019.Proy.SeguimientoAmbiental,Atacama,6,270657.6,705223.1,2019-04-11,00:00:00,PH,7.563333333333333,11/04/2019 00:00:00,III
144,ESTUDIO DEL DESEMPEÑO AMBIENTAL DE LA ACUICULTURA EN CHILE Y SU EFECTO EN LOS ECOSISTEMAS DE EMPLAZAMIENTO 2019-2020,Objetivo 1. Actividad 2. Muestreos y Analisis sedimentos,Gastón Vidal,INSTITUTO DE FOMENTO PESQUERO,Campaña_Inv_Ver_2019.Proy.SeguimientoAmbiental,Atacama,7,270740.8,705230.3,2019-04-11,00:00:00,PH,7.576666666666667,11/04/2019 00:00:00,III
145,ESTUDIO DEL DESEMPEÑO AMBIENTAL DE LA ACUICULTURA EN CHILE Y SU EFECTO EN LOS ECOSISTEMAS DE EMPLAZAMIENTO 2019-2020,Objetivo 1. Actividad 2. Muestreos y Analisis sedimentos,Gastón Vidal,INSTITUTO DE FOMENTO PESQUERO,Campaña_Inv_Ver_2019.Proy.SeguimientoAmbiental,Atacama,10,270730.7,705259.8,2019-04-11,00:00:00,PH,7.576666666666665,11/04/2019 00:00:00,III
146,ESTUDIO DEL DESEMPEÑO AMBIENTAL DE LA ACUICULTURA EN CHILE Y SU EFECTO EN LOS ECOSISTEMAS DE EMPLAZAMIENTO 2019-2020,Objetivo 1. Actividad 2. Muestreos y Analisis sedimentos,Gastón Vidal,INSTITUTO DE FOMENTO PESQUERO,Campaña_Inv_Ver_2019.Proy.SeguimientoAmbiental,Atacama,14,270756.6,705332.6,2019-04-11,00:00:00,PH,7.526666666666666,11/04/2019 00:00:00,III
147,ESTUDIO DEL DESEMPEÑO AMBIENTAL DE LA ACUICULTURA EN CHILE Y SU EFECTO EN LOS ECOSISTEMAS DE EMPLAZAMIENTO 2019-2020,Objetivo 1. Actividad 2. Muestreos y Analisis sedimentos,Gastón Vidal,INSTITUTO DE FOMENTO PESQUERO,Campaña_Inv_Ver_2019.Proy.SeguimientoAmbiental,Natales,2,513604.7,724301.6,2019-08-10,15:24:00,PH,7.086666666666666,10/08/2019 15:24:00,XII
148,ESTUDIO DEL DESEMPEÑO AMBIENTAL DE LA ACUICULTURA EN CHILE Y SU EFECTO EN LOS ECOSISTEMAS DE EMPLAZAMIENTO 2019-2020,Objetivo 1. Actividad 2. Muestreos y Analisis sedimentos,Gastón Vidal,INSTITUTO DE FOMENTO PESQUERO,Campaña_Inv_Ver_2019.Proy.SeguimientoAmbiental,Natales,3,514018.2,723753.1,2019-08-10,16:19:00,PH,7.333333333333333,10/08/2019 16:19:00,XII
149,ESTUDIO DEL DESEMPEÑO AMBIENTAL DE LA ACUICULTURA EN CHILE Y SU EFECTO EN LOS ECOSISTEMAS DE EMPLAZAMIENTO 2019-2020,Objetivo 1. Actividad 2. Muestreos y Analisis sedimentos,Gastón Vidal,INSTITUTO DE FOMENTO PESQUERO,Campaña_Inv_Ver_2019.Proy.SeguimientoAmbiental,Natales,5,514929.7,723739.8,2019-08-11,22:45:00,PH,7.263333333333333,11/08/2019 22:45:00,XII
150,ESTUDIO DEL DESEMPEÑO AMBIENTAL DE LA ACUICULTURA EN CHILE Y SU EFECTO EN LOS ECOSISTEMAS DE EMPLAZAMIENTO 2019-2020,Objetivo 1. Actividad 2. Muestreos y Analisis sedimentos,Gastón Vidal,INSTITUTO DE FOMENTO PESQUERO,Campaña_Inv_Ver_2019.Proy.SeguimientoAmbiental,Natales,9,514601.6,725405.0,2019-08-11,12:49:00,PH,7.366666666666667,11/08/2019 12:49:00,XII
151,ESTUDIO DEL DESEMPEÑO AMBIENTAL DE LA ACUICULTURA EN CHILE Y SU EFECTO EN LOS ECOSISTEMAS DE EMPLAZAMIENTO 2019-2020,Objetivo 1. Actividad 2. Muestreos y Analisis sedimentos,Gastón Vidal,INSTITUTO DE FOMENTO PESQUERO,Campaña_Inv_Ver_2019.Proy.SeguimientoAmbiental,Natales,10,520357.8,725602.0,2019-08-11,15:43:00,PH,7.383333333333334,11/08/2019 15:43:00,XII
152,ESTUDIO DEL DESEMPEÑO AMBIENTAL DE LA ACUICULTURA EN CHILE Y SU EFECTO EN LOS ECOSISTEMAS DE EMPLAZAMIENTO 2019-2020,Objetivo 1. Actividad 2. Muestreos y Analisis sedimentos,Gastón Vidal,INSTITUTO DE FOMENTO PESQUERO,Campaña_Inv_Ver_2019.Proy.SeguimientoAmbiental,Natales,11,521159.7,725703.6,2019-08-11,17:58:00,PH,7.673333333333333,11/08/2019 17:58:00,XII
153,ESTUDIO DEL DESEMPEÑO AMBIENTAL DE LA ACUICULTURA EN CHILE Y SU EFECTO EN LOS ECOSISTEMAS DE EMPLAZAMIENTO 2019-2020,Objetivo 1. Actividad 2. Muestreos y Analisis sedimentos,Gastón Vidal,INSTITUTO DE FOMENTO PESQUERO,Campaña_Inv_Ver_2019.Proy.SeguimientoAmbiental,Natales,13,521310.4,725226.1,2019-08-11,18:40:00,PH,7.283333333333332,11/08/2019 18:40:00,XII
154,ESTUDIO DEL DESEMPEÑO AMBIENTAL DE LA ACUICULTURA EN CHILE Y SU EFECTO EN LOS ECOSISTEMAS DE EMPLAZAMIENTO 2019-2020,Objetivo 1. Actividad 2. Muestreos y Analisis sedimentos,Gastón Vidal,INSTITUTO DE FOMENTO PESQUERO,Campaña_Inv_Ver_2019.Proy.SeguimientoAmbiental,Natales,14,520439.3,723937.6,2019-08-11,10:16:00,PH,7.263333333333333,11/08/2019 10:16:00,XII
155,ESTUDIO DEL DESEMPEÑO AMBIENTAL DE LA ACUICULTURA EN CHILE Y SU EFECTO EN LOS ECOSISTEMAS DE EMPLAZAMIENTO 2019-2020,Objetivo 1. Actividad 2. Muestreos y Analisis sedimentos,Gastón Vidal,INSTITUTO DE FOMENTO PESQUERO,Campaña_Inv_Ver_2019.Proy.SeguimientoAmbiental,Bio-Bio,4,370959.6,733041.5,2019-07-24,00:00:00,PH,7.716666666666668,24/07/2019 00:00:00,VIII
156,ESTUDIO DEL DESEMPEÑO AMBIENTAL DE LA ACUICULTURA EN CHILE Y SU EFECTO EN LOS ECOSISTEMAS DE EMPLAZAMIENTO 2019-2020,Objetivo 1. Actividad 2. Muestreos y Analisis sedimentos,Gastón Vidal,INSTITUTO DE FOMENTO PESQUERO,Campaña_Inv_Ver_2019.Proy.SeguimientoAmbiental,Bio-Bio,5,371343.6,732125.3,2019-07-24,00:00:00,PH,7.47,24/07/2019 00:00:00,VIII
157,ESTUDIO DEL DESEMPEÑO AMBIENTAL DE LA ACUICULTURA EN CHILE Y SU EFECTO EN LOS ECOSISTEMAS DE EMPLAZAMIENTO 2019-2020,Objetivo 1. Actividad 2. Muestreos y Analisis sedimentos,Gastón Vidal,INSTITUTO DE FOMENTO PESQUERO,Campaña_Inv_Ver_2019.Proy.SeguimientoAmbiental,Bio-Bio,8,371341.8,731932.2,2019-07-24,00:00:00,PH,7.510000000000001,24/07/2019 00:00:00,VIII
158,ESTUDIO DEL DESEMPEÑO AMBIENTAL DE LA ACUICULTURA EN CHILE Y SU EFECTO EN LOS ECOSISTEMAS DE EMPLAZAMIENTO 2019-2020,Objetivo 1. Actividad 2. Muestreos y Analisis sedimentos,Gastón Vidal,INSTITUTO DE FOMENTO PESQUERO,Campaña_Inv_Ver_2019.Proy.SeguimientoAmbiental,Bio-Bio,9,371000.1,731213.8,2019-07-24,00:00:00,PH,7.876666666666668,24/07/2019 00:00:00,VIII
159,ESTUDIO DEL DESEMPEÑO AMBIENTAL DE LA ACUICULTURA EN CHILE Y SU EFECTO EN LOS ECOSISTEMAS DE EMPLAZAMIENTO 2019-2020,Objetivo 1. Actividad 2. Muestreos y Analisis sedimentos,Gastón Vidal,INSTITUTO DE FOMENTO PESQUERO,Campaña_Inv_Ver_2019.Proy.SeguimientoAmbiental,Bio-Bio,11,370916.3,731140.2,2019-07-24,00:00:00,PH,7.84,24/07/2019 00:00:00,VIII
160,ESTUDIO DEL DESEMPEÑO AMBIENTAL DE LA ACUICULTURA EN CHILE Y SU EFECTO EN LOS ECOSISTEMAS DE EMPLAZAMIENTO 2019-2020,Objetivo 1. Actividad 2. Muestreos y Analisis sedimentos,Gastón Vidal,INSTITUTO DE FOMENTO PESQUERO,Campaña_Inv_Ver_2019.Proy.SeguimientoAmbiental,Bio-Bio,14,370638.2,730929.6,2019-07-24,00:00:00,PH,7.516666666666667,24/07/2019 00:00:00,VIII
161,ESTUDIO DEL DESEMPEÑO AMBIENTAL DE LA ACUICULTURA EN CHILE Y SU EFECTO EN LOS ECOSISTEMAS DE EMPLAZAMIENTO 2019-2020,Objetivo 1. Actividad 2. Muestreos y Analisis sedimentos,Gastón Vidal,INSTITUTO DE FOMENTO PESQUERO,Campaña_Inv_Ver_2019.Proy.SeguimientoAmbiental,Bio-Bio,15,370411.4,730956.2,2019-07-24,00:00:00,PH,7.273333333333333,24/07/2019 00:00:00,VIII
162,ESTUDIO DEL DESEMPEÑO AMBIENTAL DE LA ACUICULTURA EN CHILE Y SU EFECTO EN LOS ECOSISTEMAS DE EMPLAZAMIENTO 2019-2020,Objetivo 1. Actividad 2. Muestreos y Analisis sedimentos,Gastón Vidal,INSTITUTO DE FOMENTO PESQUERO,Campaña_Inv_Ver_2019.Proy.SeguimientoAmbiental,Bio-Bio,19,370243.4,730851.0,2019-07-24,00:00:00,PH,7.6000000000000005,24/07/2019 00:00:00,VIII
163,ESTUDIO DEL DESEMPEÑO AMBIENTAL DE LA ACUICULTURA EN CHILE Y SU EFECTO EN LOS ECOSISTEMAS DE EMPLAZAMIENTO 2019-2020,Objetivo 1. Actividad 2. Muestreos y Analisis sedimentos,Gastón Vidal,INSTITUTO DE FOMENTO PESQUERO,Campaña_Inv_Ver_2019.Proy.SeguimientoAmbiental,Valdivia,1,395105.7,731901.5,2019-07-26,00:00:00,PH,7.163333333333334,26/07/2019 00:00:00,XIV
164,ESTUDIO DEL DESEMPEÑO AMBIENTAL DE LA ACUICULTURA EN CHILE Y SU EFECTO EN LOS ECOSISTEMAS DE EMPLAZAMIENTO 2019-2020,Objetivo 1. Actividad 2. Muestreos y Analisis sedimentos,Gastón Vidal,INSTITUTO DE FOMENTO PESQUERO,Campaña_Inv_Ver_2019.Proy.SeguimientoAmbiental,Valdivia,2,395119.5,731905.4,2019-07-26,00:00:00,PH,7.246666666666666,26/07/2019 00:00:00,XIV
165,ESTUDIO DEL DESEMPEÑO AMBIENTAL DE LA ACUICULTURA EN CHILE Y SU EFECTO EN LOS ECOSISTEMAS DE EMPLAZAMIENTO 2019-2020,Objetivo 1. Actividad 2. Muestreos y Analisis sedimentos,Gastón Vidal,INSTITUTO DE FOMENTO PESQUERO,Campaña_Inv_Ver_2019.Proy.SeguimientoAmbiental,Valdivia,3,395156.9,732058.2,2019-07-26,00:00:00,PH,7.183333333333334,26/07/2019 00:00:00,XIV
166,ESTUDIO DEL DESEMPEÑO AMBIENTAL DE LA ACUICULTURA EN CHILE Y SU EFECTO EN LOS ECOSISTEMAS DE EMPLAZAMIENTO 2019-2020,Objetivo 1. Actividad 2. Muestreos y Analisis sedimentos,Gastón Vidal,INSTITUTO DE FOMENTO PESQUERO,Campaña_Inv_Ver_2019.Proy.SeguimientoAmbiental,Valdivia,4,395153.8,732138.8,2019-07-26,00:00:00,PH,7.176666666666667,26/07/2019 00:00:00,XIV
167,ESTUDIO DEL DESEMPEÑO AMBIENTAL DE LA ACUICULTURA EN CHILE Y SU EFECTO EN LOS ECOSISTEMAS DE EMPLAZAMIENTO 2019-2020,Objetivo 1. Actividad 2. Muestreos y Analisis sedimentos,Gastón Vidal,INSTITUTO DE FOMENTO PESQUERO,Campaña_Inv_Ver_2019.Proy.SeguimientoAmbiental,Valdivia,6,395246.5,732253.5,2019-07-26,00:00:00,PH,7.543333333333333,26/07/2019 00:00:00,XIV
168,ESTUDIO DEL DESEMPEÑO AMBIENTAL DE LA ACUICULTURA EN CHILE Y SU EFECTO EN LOS ECOSISTEMAS DE EMPLAZAMIENTO 2019-2020,Objetivo 1. Actividad 2. Muestreos y Analisis sedimentos,Gastón Vidal,INSTITUTO DE FOMENTO PESQUERO,Campaña_Inv_Ver_2019.Proy.SeguimientoAmbiental,Valdivia,9,395336.9,732146.5,2019-07-26,00:00:00,PH,7.55,26/07/2019 00:00:00,XIV
169,ESTUDIO DEL DESEMPEÑO AMBIENTAL DE LA ACUICULTURA EN CHILE Y SU EFECTO EN LOS ECOSISTEMAS DE EMPLAZAMIENTO 2019-2020,Objetivo 1. Actividad 2. Muestreos y Analisis sedimentos,Gastón Vidal,INSTITUTO DE FOMENTO PESQUERO,Campaña_Inv_Ver_2019.Proy.SeguimientoAmbiental,Valdivia,11,395335.9,732219.4,2019-07-26,00:00:00,PH,7.4799999999999995,26/07/2019 00:00:00,XIV
170,ESTUDIO DEL DESEMPEÑO AMBIENTAL DE LA ACUICULTURA EN CHILE Y SU EFECTO EN LOS ECOSISTEMAS DE EMPLAZAMIENTO 2019-2020,Objetivo 1. Actividad 2. Muestreos y Analisis sedimentos,Gastón Vidal,INSTITUTO DE FOMENTO PESQUERO,Campaña_Inv_Ver_2019.Proy.SeguimientoAmbiental,Valdivia,15,395547.5,732341.2,2019-07-26,00:00:00,PH,7.616666666666667,26/07/2019 00:00:00,XIV
1,ESTUDIO DEL DESEMPEÑO AMBIENTAL DE LA ACUICULTURA EN CHILE Y SU EFECTO EN LOS ECOSISTEMAS DE EMPLAZAMIENTO 2019-2020,Objetivo 1. Actividad 2. Muestreos y Analisis sedimentos,Gastón Vidal,INSTITUTO DE FOMENTO PESQUERO,Campaña_Inv_Ver_2019.Proy.SeguimientoAmbiental,Estuario,1,412614.9,721747.9,2019-05-10,15:55:00,TEMPERATURA,11.6,10/05/2019 15:55:00,X
2,ESTUDIO DEL DESEMPEÑO AMBIENTAL DE LA ACUICULTURA EN CHILE Y SU EFECTO EN LOS ECOSISTEMAS DE EMPLAZAMIENTO 2019-2020,Objetivo 1. Actividad 2. Muestreos y Analisis sedimentos,Gastón Vidal,INSTITUTO DE FOMENTO PESQUERO,Campaña_Inv_Ver_2019.Proy.SeguimientoAmbiental,Estuario,2,412807.3,721843.5,2019-05-10,16:40:00,TEMPERATURA,11.6,10/05/2019 16:40:00,X
3,ESTUDIO DEL DESEMPEÑO AMBIENTAL DE LA ACUICULTURA EN CHILE Y SU EFECTO EN LOS ECOSISTEMAS DE EMPLAZAMIENTO 2019-2020,Objetivo 1. Actividad 2. Muestreos y Analisis sedimentos,Gastón Vidal,INSTITUTO DE FOMENTO PESQUERO,Campaña_Inv_Ver_2019.Proy.SeguimientoAmbiental,Estuario,3,412945.4,721845.5,2019-05-10,14:55:00,TEMPERATURA,12.266666666666666,10/05/2019 14:55:00,X
4,ESTUDIO DEL DESEMPEÑO AMBIENTAL DE LA ACUICULTURA EN CHILE Y SU EFECTO EN LOS ECOSISTEMAS DE EMPLAZAMIENTO 2019-2020,Objetivo 1. Actividad 2. Muestreos y Analisis sedimentos,Gastón Vidal,INSTITUTO DE FOMENTO PESQUERO,Campaña_Inv_Ver_2019.Proy.SeguimientoAmbiental,Estuario,5,413039.3,721721.1,2019-05-10,12:55:00,TEMPERATURA,12.333333333333334,10/05/2019 12:55:00,X
5,ESTUDIO DEL DESEMPEÑO AMBIENTAL DE LA ACUICULTURA EN CHILE Y SU EFECTO EN LOS ECOSISTEMAS DE EMPLAZAMIENTO 2019-2020,Objetivo 1. Actividad 2. Muestreos y Analisis sedimentos,Gastón Vidal,INSTITUTO DE FOMENTO PESQUERO,Campaña_Inv_Ver_2019.Proy.SeguimientoAmbiental,Estuario,6,413132.6,722021.4,2019-05-10,11:18:00,TEMPERATURA,11.800000000000002,10/05/2019 11:18:00,X
6,ESTUDIO DEL DESEMPEÑO AMBIENTAL DE LA ACUICULTURA EN CHILE Y SU EFECTO EN LOS ECOSISTEMAS DE EMPLAZAMIENTO 2019-2020,Objetivo 1. Actividad 2. Muestreos y Analisis sedimentos,Gastón Vidal,INSTITUTO DE FOMENTO PESQUERO,Campaña_Inv_Ver_2019.Proy.SeguimientoAmbiental,Estuario,7,413157.8,721802.6,2019-05-10,12:20:00,TEMPERATURA,11.700000000000001,10/05/2019 12:20:00,X
7,ESTUDIO DEL DESEMPEÑO AMBIENTAL DE LA ACUICULTURA EN CHILE Y SU EFECTO EN LOS ECOSISTEMAS DE EMPLAZAMIENTO 2019-2020,Objetivo 1. Actividad 2. Muestreos y Analisis sedimentos,Gastón Vidal,INSTITUTO DE FOMENTO PESQUERO,Campaña_Inv_Ver_2019.Proy.SeguimientoAmbiental,Estuario,8,413533.0,722110.7,2019-05-10,10:25:00,TEMPERATURA,11.466666666666667,10/05/2019 10:25:00,X
8,ESTUDIO DEL DESEMPEÑO AMBIENTAL DE LA ACUICULTURA EN CHILE Y SU EFECTO EN LOS ECOSISTEMAS DE EMPLAZAMIENTO 2019-2020,Objetivo 1. Actividad 2. Muestreos y Analisis sedimentos,Gastón Vidal,INSTITUTO DE FOMENTO PESQUERO,Campaña_Inv_Ver_2019.Proy.SeguimientoAmbiental,Estuario,12,413938.3,722058.9,2019-05-10,09:55:00,TEMPERATURA,11.366666666666667,10/05/2019 09:55:00,X
9,ESTUDIO DEL DESEMPEÑO AMBIENTAL DE LA ACUICULTURA EN CHILE Y SU EFECTO EN LOS ECOSISTEMAS DE EMPLAZAMIENTO 2019-2020,Objetivo 1. Actividad 2. Muestreos y Analisis sedimentos,Gastón Vidal,INSTITUTO DE FOMENTO PESQUERO,Campaña_Inv_Ver_2019.Proy.SeguimientoAmbiental,Estuario,17,414052.7,722801.1,2019-05-10,09:02:00,TEMPERATURA,11.6,10/05/2019 09:02:00,X
10,ESTUDIO DEL DESEMPEÑO AMBIENTAL DE LA ACUICULTURA EN CHILE Y SU EFECTO EN LOS ECOSISTEMAS DE EMPLAZAMIENTO 2019-2020,Objetivo 1. Actividad 2. Muestreos y Analisis sedimentos,Gastón Vidal,INSTITUTO DE FOMENTO PESQUERO,Campaña_Inv_Ver_2019.Proy.SeguimientoAmbiental,Estuario,21,414330.8,723048.5,2019-05-10,08:15:00,TEMPERATURA,11.666666666666666,10/05/2019 08:15:00,X
11,ESTUDIO DEL DESEMPEÑO AMBIENTAL DE LA ACUICULTURA EN CHILE Y SU EFECTO EN LOS ECOSISTEMAS DE EMPLAZAMIENTO 2019-2020,Objetivo 1. Actividad 2. Muestreos y Analisis sedimentos,Gastón Vidal,INSTITUTO DE FOMENTO PESQUERO,Campaña_Inv_Ver_2019.Proy.SeguimientoAmbiental,Reloncavi,3,415420.9,725230.7,2019-05-12,15:40:00,TEMPERATURA,12.433333333333332,12/05/2019 15:40:00,X
12,ESTUDIO DEL DESEMPEÑO AMBIENTAL DE LA ACUICULTURA EN CHILE Y SU EFECTO EN LOS ECOSISTEMAS DE EMPLAZAMIENTO 2019-2020,Objetivo 1. Actividad 2. Muestreos y Analisis sedimentos,Gastón Vidal,INSTITUTO DE FOMENTO PESQUERO,Campaña_Inv_Ver_2019.Proy.SeguimientoAmbiental,Reloncavi,4,415223.0,725351.4,2019-05-12,00:00:00,TEMPERATURA,11.233333333333333,12/05/2019 00:00:00,X
13,ESTUDIO DEL DESEMPEÑO AMBIENTAL DE LA ACUICULTURA EN CHILE Y SU EFECTO EN LOS ECOSISTEMAS DE EMPLAZAMIENTO 2019-2020,Objetivo 1. Actividad 2. Muestreos y Analisis sedimentos,Gastón Vidal,INSTITUTO DE FOMENTO PESQUERO,Campaña_Inv_Ver_2019.Proy.SeguimientoAmbiental,Reloncavi,5,415307.1,725602.6,2019-05-12,00:00:00,TEMPERATURA,11.833333333333334,12/05/2019 00:00:00,X
14,ESTUDIO DEL DESEMPEÑO AMBIENTAL DE LA ACUICULTURA EN CHILE Y SU EFECTO EN LOS ECOSISTEMAS DE EMPLAZAMIENTO 2019-2020,Objetivo 1. Actividad 2. Muestreos y Analisis sedimentos,Gastón Vidal,INSTITUTO DE FOMENTO PESQUERO,Campaña_Inv_Ver_2019.Proy.SeguimientoAmbiental,Reloncavi,7,414413.7,730243.4,2019-05-30,11:00:00,TEMPERATURA,11.199999999999998,30/05/2019 11:00:00,X
15,ESTUDIO DEL DESEMPEÑO AMBIENTAL DE LA ACUICULTURA EN CHILE Y SU EFECTO EN LOS ECOSISTEMAS DE EMPLAZAMIENTO 2019-2020,Objetivo 1. Actividad 2. Muestreos y Analisis sedimentos,Gastón Vidal,INSTITUTO DE FOMENTO PESQUERO,Campaña_Inv_Ver_2019.Proy.SeguimientoAmbiental,Reloncavi,13,412948.4,725730.9,2019-05-09,00:00:00,TEMPERATURA,12.1,09/05/2019 00:00:00,X
16,ESTUDIO DEL DESEMPEÑO AMBIENTAL DE LA ACUICULTURA EN CHILE Y SU EFECTO EN LOS ECOSISTEMAS DE EMPLAZAMIENTO 2019-2020,Objetivo 1. Actividad 2. Muestreos y Analisis sedimentos,Gastón Vidal,INSTITUTO DE FOMENTO PESQUERO,Campaña_Inv_Ver_2019.Proy.SeguimientoAmbiental,Reloncavi,15,413105.3,724724.2,2019-05-09,00:00:00,TEMPERATURA,11.433333333333332,09/05/2019 00:00:00,X
17,ESTUDIO DEL DESEMPEÑO AMBIENTAL DE LA ACUICULTURA EN CHILE Y SU EFECTO EN LOS ECOSISTEMAS DE EMPLAZAMIENTO 2019-2020,Objetivo 1. Actividad 2. Muestreos y Analisis sedimentos,Gastón Vidal,INSTITUTO DE FOMENTO PESQUERO,Campaña_Inv_Ver_2019.Proy.SeguimientoAmbiental,Reloncavi,17,413450.6,724336.9,2019-05-09,00:00:00,TEMPERATURA,11.533333333333333,09/05/2019 00:00:00,X
18,ESTUDIO DEL DESEMPEÑO AMBIENTAL DE LA ACUICULTURA EN CHILE Y SU EFECTO EN LOS ECOSISTEMAS DE EMPLAZAMIENTO 2019-2020,Objetivo 1. Actividad 2. Muestreos y Analisis sedimentos,Gastón Vidal,INSTITUTO DE FOMENTO PESQUERO,Campaña_Inv_Ver_2019.Proy.SeguimientoAmbiental,Reloncavi,19,413707.8,724152.2,2019-05-09,00:00:00,TEMPERATURA,11.433333333333332,09/05/2019 00:00:00,X
19,ESTUDIO DEL DESEMPEÑO AMBIENTAL DE LA ACUICULTURA EN CHILE Y SU EFECTO EN LOS ECOSISTEMAS DE EMPLAZAMIENTO 2019-2020,Objetivo 1. Actividad 2. Muestreos y Analisis sedimentos,Gastón Vidal,INSTITUTO DE FOMENTO PESQUERO,Campaña_Inv_Ver_2019.Proy.SeguimientoAmbiental,Reloncavi,21,413751.5,724023.2,2019-05-09,00:00:00,TEMPERATURA,11.4,09/05/2019 00:00:00,X
20,ESTUDIO DEL DESEMPEÑO AMBIENTAL DE LA ACUICULTURA EN CHILE Y SU EFECTO EN LOS ECOSISTEMAS DE EMPLAZAMIENTO 2019-2020,Objetivo 1. Actividad 2. Muestreos y Analisis sedimentos,Gastón Vidal,INSTITUTO DE FOMENTO PESQUERO,Campaña_Inv_Ver_2019.Proy.SeguimientoAmbiental,Reloncavi,25,414943.9,724718.2,2019-05-12,14:30:00,TEMPERATURA,12.033333333333333,12/05/2019 14:30:00,X
21,ESTUDIO DEL DESEMPEÑO AMBIENTAL DE LA ACUICULTURA EN CHILE Y SU EFECTO EN LOS ECOSISTEMAS DE EMPLAZAMIENTO 2019-2020,Objetivo 1. Actividad 2. Muestreos y Analisis sedimentos,Gastón Vidal,INSTITUTO DE FOMENTO PESQUERO,Campaña_Inv_Ver_2019.Proy.SeguimientoAmbiental,Calbuco,1,414442.2,730610.3,2019-05-30,00:00:00,TEMPERATURA,11.466666666666667,30/05/2019 00:00:00,X
22,ESTUDIO DEL DESEMPEÑO AMBIENTAL DE LA ACUICULTURA EN CHILE Y SU EFECTO EN LOS ECOSISTEMAS DE EMPLAZAMIENTO 2019-2020,Objetivo 1. Actividad 2. Muestreos y Analisis sedimentos,Gastón Vidal,INSTITUTO DE FOMENTO PESQUERO,Campaña_Inv_Ver_2019.Proy.SeguimientoAmbiental,Calbuco,2,414630.1,730505.2,2019-05-30,00:00:00,TEMPERATURA,11.800000000000002,30/05/2019 00:00:00,X
23,ESTUDIO DEL DESEMPEÑO AMBIENTAL DE LA ACUICULTURA EN CHILE Y SU EFECTO EN LOS ECOSISTEMAS DE EMPLAZAMIENTO 2019-2020,Objetivo 1. Actividad 2. Muestreos y Analisis sedimentos,Gastón Vidal,INSTITUTO DE FOMENTO PESQUERO,Campaña_Inv_Ver_2019.Proy.SeguimientoAmbiental,Calbuco,8,414314.7,730933.2,2019-05-30,13:15:00,TEMPERATURA,11.533333333333333,30/05/2019 13:15:00,X
24,ESTUDIO DEL DESEMPEÑO AMBIENTAL DE LA ACUICULTURA EN CHILE Y SU EFECTO EN LOS ECOSISTEMAS DE EMPLAZAMIENTO 2019-2020,Objetivo 1. Actividad 2. Muestreos y Analisis sedimentos,Gastón Vidal,INSTITUTO DE FOMENTO PESQUERO,Campaña_Inv_Ver_2019.Proy.SeguimientoAmbiental,Calbuco,16,414822.6,731018.3,2019-06-02,00:00:00,TEMPERATURA,12.133333333333333,02/06/2019 00:00:00,X
25,ESTUDIO DEL DESEMPEÑO AMBIENTAL DE LA ACUICULTURA EN CHILE Y SU EFECTO EN LOS ECOSISTEMAS DE EMPLAZAMIENTO 2019-2020,Objetivo 1. Actividad 2. Muestreos y Analisis sedimentos,Gastón Vidal,INSTITUTO DE FOMENTO PESQUERO,Campaña_Inv_Ver_2019.Proy.SeguimientoAmbiental,Calbuco,22,414705.8,730505.2,2019-05-30,00:00:00,TEMPERATURA,11.933333333333332,30/05/2019 00:00:00,X
26,ESTUDIO DEL DESEMPEÑO AMBIENTAL DE LA ACUICULTURA EN CHILE Y SU EFECTO EN LOS ECOSISTEMAS DE EMPLAZAMIENTO 2019-2020,Objetivo 1. Actividad 2. Muestreos y Analisis sedimentos,Gastón Vidal,INSTITUTO DE FOMENTO PESQUERO,Campaña_Inv_Ver_2019.Proy.SeguimientoAmbiental,Calbuco,26,415016.4,730447.2,2019-05-30,15:00:00,TEMPERATURA,11.433333333333332,30/05/2019 15:00:00,X
27,ESTUDIO DEL DESEMPEÑO AMBIENTAL DE LA ACUICULTURA EN CHILE Y SU EFECTO EN LOS ECOSISTEMAS DE EMPLAZAMIENTO 2019-2020,Objetivo 1. Actividad 2. Muestreos y Analisis sedimentos,Gastón Vidal,INSTITUTO DE FOMENTO PESQUERO,Campaña_Inv_Ver_2019.Proy.SeguimientoAmbiental,Calbuco,27,414959.8,730629.1,2019-05-30,00:00:00,TEMPERATURA,11.533333333333333,30/05/2019 00:00:00,X
28,ESTUDIO DEL DESEMPEÑO AMBIENTAL DE LA ACUICULTURA EN CHILE Y SU EFECTO EN LOS ECOSISTEMAS DE EMPLAZAMIENTO 2019-2020,Objetivo 1. Actividad 2. Muestreos y Analisis sedimentos,Gastón Vidal,INSTITUTO DE FOMENTO PESQUERO,Campaña_Inv_Ver_2019.Proy.SeguimientoAmbiental,Calbuco,30,415019.0,730822.5,2019-05-30,16:20:00,TEMPERATURA,11.699999999999998,30/05/2019 16:20:00,X
29,ESTUDIO DEL DESEMPEÑO AMBIENTAL DE LA ACUICULTURA EN CHILE Y SU EFECTO EN LOS ECOSISTEMAS DE EMPLAZAMIENTO 2019-2020,Objetivo 1. Actividad 2. Muestreos y Analisis sedimentos,Gastón Vidal,INSTITUTO DE FOMENTO PESQUERO,Campaña_Inv_Ver_2019.Proy.SeguimientoAmbiental,Chacao,2,415659.3,733134.3,2019-06-02,00:00:00,TEMPERATURA,11.733333333333334,02/06/2019 00:00:00,X
30,ESTUDIO DEL DESEMPEÑO AMBIENTAL DE LA ACUICULTURA EN CHILE Y SU EFECTO EN LOS ECOSISTEMAS DE EMPLAZAMIENTO 2019-2020,Objetivo 1. Actividad 2. Muestreos y Analisis sedimentos,Gastón Vidal,INSTITUTO DE FOMENTO PESQUERO,Campaña_Inv_Ver_2019.Proy.SeguimientoAmbiental,Chacao,6,415415.1,732906.8,2019-06-02,16:46:00,TEMPERATURA,11.833333333333334,02/06/2019 16:46:00,X
31,ESTUDIO DEL DESEMPEÑO AMBIENTAL DE LA ACUICULTURA EN CHILE Y SU EFECTO EN LOS ECOSISTEMAS DE EMPLAZAMIENTO 2019-2020,Objetivo 1. Actividad 2. Muestreos y Analisis sedimentos,Gastón Vidal,INSTITUTO DE FOMENTO PESQUERO,Campaña_Inv_Ver_2019.Proy.SeguimientoAmbiental,Chacao,12,415217.3,733107.9,2019-06-02,16:00:00,TEMPERATURA,12.200000000000001,02/06/2019 16:00:00,X
32,ESTUDIO DEL DESEMPEÑO AMBIENTAL DE LA ACUICULTURA EN CHILE Y SU EFECTO EN LOS ECOSISTEMAS DE EMPLAZAMIENTO 2019-2020,Objetivo 1. Actividad 2. Muestreos y Analisis sedimentos,Gastón Vidal,INSTITUTO DE FOMENTO PESQUERO,Campaña_Inv_Ver_2019.Proy.SeguimientoAmbiental,Chacao,14,415115.7,732851.2,2019-06-02,15:18:00,TEMPERATURA,12.399999999999999,02/06/2019 15:18:00,X
33,ESTUDIO DEL DESEMPEÑO AMBIENTAL DE LA ACUICULTURA EN CHILE Y SU EFECTO EN LOS ECOSISTEMAS DE EMPLAZAMIENTO 2019-2020,Objetivo 1. Actividad 2. Muestreos y Analisis sedimentos,Gastón Vidal,INSTITUTO DE FOMENTO PESQUERO,Campaña_Inv_Ver_2019.Proy.SeguimientoAmbiental,Butachauques,1,421917.6,731519.1,2019-06-06,00:00:00,TEMPERATURA,11,06/06/2019 00:00:00,X
34,ESTUDIO DEL DESEMPEÑO AMBIENTAL DE LA ACUICULTURA EN CHILE Y SU EFECTO EN LOS ECOSISTEMAS DE EMPLAZAMIENTO 2019-2020,Objetivo 1. Actividad 2. Muestreos y Analisis sedimentos,Gastón Vidal,INSTITUTO DE FOMENTO PESQUERO,Campaña_Inv_Ver_2019.Proy.SeguimientoAmbiental,Butachauques,3,421702.6,731506.7,2019-06-06,00:00:00,TEMPERATURA,11.033333333333333,06/06/2019 00:00:00,X
35,ESTUDIO DEL DESEMPEÑO AMBIENTAL DE LA ACUICULTURA EN CHILE Y SU EFECTO EN LOS ECOSISTEMAS DE EMPLAZAMIENTO 2019-2020,Objetivo 1. Actividad 2. Muestreos y Analisis sedimentos,Gastón Vidal,INSTITUTO DE FOMENTO PESQUERO,Campaña_Inv_Ver_2019.Proy.SeguimientoAmbiental,Butachauques,7,421556.3,730936.2,2019-06-06,00:00:00,TEMPERATURA,10.766666666666666,06/06/2019 00:00:00,X
36,ESTUDIO DEL DESEMPEÑO AMBIENTAL DE LA ACUICULTURA EN CHILE Y SU EFECTO EN LOS ECOSISTEMAS DE EMPLAZAMIENTO 2019-2020,Objetivo 1. Actividad 2. Muestreos y Analisis sedimentos,Gastón Vidal,INSTITUTO DE FOMENTO PESQUERO,Campaña_Inv_Ver_2019.Proy.SeguimientoAmbiental,Butachauques,10,421645.3,732049.7,2019-06-03,00:00:00,TEMPERATURA,11.5,03/06/2019 00:00:00,X
37,ESTUDIO DEL DESEMPEÑO AMBIENTAL DE LA ACUICULTURA EN CHILE Y SU EFECTO EN LOS ECOSISTEMAS DE EMPLAZAMIENTO 2019-2020,Objetivo 1. Actividad 2. Muestreos y Analisis sedimentos,Gastón Vidal,INSTITUTO DE FOMENTO PESQUERO,Campaña_Inv_Ver_2019.Proy.SeguimientoAmbiental,Butachauques,12,421224.4,732358.0,2019-06-03,00:00:00,TEMPERATURA,11.533333333333333,03/06/2019 00:00:00,X
38,ESTUDIO DEL DESEMPEÑO AMBIENTAL DE LA ACUICULTURA EN CHILE Y SU EFECTO EN LOS ECOSISTEMAS DE EMPLAZAMIENTO 2019-2020,Objetivo 1. Actividad 2. Muestreos y Analisis sedimentos,Gastón Vidal,INSTITUTO DE FOMENTO PESQUERO,Campaña_Inv_Ver_2019.Proy.SeguimientoAmbiental,Butachauques,13,421021.7,732609.5,2019-06-03,09:20:00,TEMPERATURA,11.566666666666668,03/06/2019 09:20:00,X
39,ESTUDIO DEL DESEMPEÑO AMBIENTAL DE LA ACUICULTURA EN CHILE Y SU EFECTO EN LOS ECOSISTEMAS DE EMPLAZAMIENTO 2019-2020,Objetivo 1. Actividad 2. Muestreos y Analisis sedimentos,Gastón Vidal,INSTITUTO DE FOMENTO PESQUERO,Campaña_Inv_Ver_2019.Proy.SeguimientoAmbiental,Butachauques,14,420929.5,732804.6,2019-06-03,08:35:00,TEMPERATURA,11.766666666666666,03/06/2019 08:35:00,X
40,ESTUDIO DEL DESEMPEÑO AMBIENTAL DE LA ACUICULTURA EN CHILE Y SU EFECTO EN LOS ECOSISTEMAS DE EMPLAZAMIENTO 2019-2020,Objetivo 1. Actividad 2. Muestreos y Analisis sedimentos,Gastón Vidal,INSTITUTO DE FOMENTO PESQUERO,Campaña_Inv_Ver_2019.Proy.SeguimientoAmbiental,Chaulinec,3,423622.9,731526.5,2019-06-08,08:11:00,TEMPERATURA,11.366666666666667,08/06/2019 08:11:00,X
41,ESTUDIO DEL DESEMPEÑO AMBIENTAL DE LA ACUICULTURA EN CHILE Y SU EFECTO EN LOS ECOSISTEMAS DE EMPLAZAMIENTO 2019-2020,Objetivo 1. Actividad 2. Muestreos y Analisis sedimentos,Gastón Vidal,INSTITUTO DE FOMENTO PESQUERO,Campaña_Inv_Ver_2019.Proy.SeguimientoAmbiental,Chaulinec,4,423422.1,731353.2,2019-06-08,08:45:00,TEMPERATURA,10.9,08/06/2019 08:45:00,X
42,ESTUDIO DEL DESEMPEÑO AMBIENTAL DE LA ACUICULTURA EN CHILE Y SU EFECTO EN LOS ECOSISTEMAS DE EMPLAZAMIENTO 2019-2020,Objetivo 1. Actividad 2. Muestreos y Analisis sedimentos,Gastón Vidal,INSTITUTO DE FOMENTO PESQUERO,Campaña_Inv_Ver_2019.Proy.SeguimientoAmbiental,Chaulinec,7,422803.3,732256.7,2019-06-06,00:00:00,TEMPERATURA,11.799999999999999,06/06/2019 00:00:00,X
43,ESTUDIO DEL DESEMPEÑO AMBIENTAL DE LA ACUICULTURA EN CHILE Y SU EFECTO EN LOS ECOSISTEMAS DE EMPLAZAMIENTO 2019-2020,Objetivo 1. Actividad 2. Muestreos y Analisis sedimentos,Gastón Vidal,INSTITUTO DE FOMENTO PESQUERO,Campaña_Inv_Ver_2019.Proy.SeguimientoAmbiental,Chaulinec,10,422429.1,731921.4,2019-06-06,00:00:00,TEMPERATURA,11.6,06/06/2019 00:00:00,X
44,ESTUDIO DEL DESEMPEÑO AMBIENTAL DE LA ACUICULTURA EN CHILE Y SU EFECTO EN LOS ECOSISTEMAS DE EMPLAZAMIENTO 2019-2020,Objetivo 1. Actividad 2. Muestreos y Analisis sedimentos,Gastón Vidal,INSTITUTO DE FOMENTO PESQUERO,Campaña_Inv_Ver_2019.Proy.SeguimientoAmbiental,Chaulinec,13,422634.7,733044.2,2019-06-06,00:00:00,TEMPERATURA,11.200000000000001,06/06/2019 00:00:00,X
45,ESTUDIO DEL DESEMPEÑO AMBIENTAL DE LA ACUICULTURA EN CHILE Y SU EFECTO EN LOS ECOSISTEMAS DE EMPLAZAMIENTO 2019-2020,Objetivo 1. Actividad 2. Muestreos y Analisis sedimentos,Gastón Vidal,INSTITUTO DE FOMENTO PESQUERO,Campaña_Inv_Ver_2019.Proy.SeguimientoAmbiental,Tenaun,2,422246.5,733559.1,2019-06-06,00:00:00,TEMPERATURA,10.833333333333334,06/06/2019 00:00:00,X
46,ESTUDIO DEL DESEMPEÑO AMBIENTAL DE LA ACUICULTURA EN CHILE Y SU EFECTO EN LOS ECOSISTEMAS DE EMPLAZAMIENTO 2019-2020,Objetivo 1. Actividad 2. Muestreos y Analisis sedimentos,Gastón Vidal,INSTITUTO DE FOMENTO PESQUERO,Campaña_Inv_Ver_2019.Proy.SeguimientoAmbiental,Tenaun,3,422307.4,733744.8,2019-06-06,17:26:00,TEMPERATURA,10.6,06/06/2019 17:26:00,X
47,ESTUDIO DEL DESEMPEÑO AMBIENTAL DE LA ACUICULTURA EN CHILE Y SU EFECTO EN LOS ECOSISTEMAS DE EMPLAZAMIENTO 2019-2020,Objetivo 1. Actividad 2. Muestreos y Analisis sedimentos,Gastón Vidal,INSTITUTO DE FOMENTO PESQUERO,Campaña_Inv_Ver_2019.Proy.SeguimientoAmbiental,Tenaun,6,422215.1,733731.1,2019-06-06,17:00:00,TEMPERATURA,10.633333333333333,06/06/2019 17:00:00,X
48,ESTUDIO DEL DESEMPEÑO AMBIENTAL DE LA ACUICULTURA EN CHILE Y SU EFECTO EN LOS ECOSISTEMAS DE EMPLAZAMIENTO 2019-2020,Objetivo 1. Actividad 2. Muestreos y Analisis sedimentos,Gastón Vidal,INSTITUTO DE FOMENTO PESQUERO,Campaña_Inv_Ver_2019.Proy.SeguimientoAmbiental,Tenaun,9,422139.1,733441.7,2019-06-06,00:00:00,TEMPERATURA,11.233333333333334,06/06/2019 00:00:00,X
49,ESTUDIO DEL DESEMPEÑO AMBIENTAL DE LA ACUICULTURA EN CHILE Y SU EFECTO EN LOS ECOSISTEMAS DE EMPLAZAMIENTO 2019-2020,Objetivo 1. Actividad 2. Muestreos y Analisis sedimentos,Gastón Vidal,INSTITUTO DE FOMENTO PESQUERO,Campaña_Inv_Ver_2019.Proy.SeguimientoAmbiental,Tenaun,14,422026.0,733200.9,2019-06-06,00:00:00,TEMPERATURA,11.1,06/06/2019 00:00:00,X
50,ESTUDIO DEL DESEMPEÑO AMBIENTAL DE LA ACUICULTURA EN CHILE Y SU EFECTO EN LOS ECOSISTEMAS DE EMPLAZAMIENTO 2019-2020,Objetivo 1. Actividad 2. Muestreos y Analisis sedimentos,Gastón Vidal,INSTITUTO DE FOMENTO PESQUERO,Campaña_Inv_Ver_2019.Proy.SeguimientoAmbiental,Chiloe central,1,423046.9,734515.6,2019-06-07,13:42:00,TEMPERATURA,11.166666666666666,07/06/2019 13:42:00,X
51,ESTUDIO DEL DESEMPEÑO AMBIENTAL DE LA ACUICULTURA EN CHILE Y SU EFECTO EN LOS ECOSISTEMAS DE EMPLAZAMIENTO 2019-2020,Objetivo 1. Actividad 2. Muestreos y Analisis sedimentos,Gastón Vidal,INSTITUTO DE FOMENTO PESQUERO,Campaña_Inv_Ver_2019.Proy.SeguimientoAmbiental,Chiloe central,4,423259.2,734015.8,2019-06-07,12:22:00,TEMPERATURA,11,07/06/2019 12:22:00,X
52,ESTUDIO DEL DESEMPEÑO AMBIENTAL DE LA ACUICULTURA EN CHILE Y SU EFECTO EN LOS ECOSISTEMAS DE EMPLAZAMIENTO 2019-2020,Objetivo 1. Actividad 2. Muestreos y Analisis sedimentos,Gastón Vidal,INSTITUTO DE FOMENTO PESQUERO,Campaña_Inv_Ver_2019.Proy.SeguimientoAmbiental,Chiloe central,6,423209.3,733613.2,2019-06-07,00:00:00,TEMPERATURA,11,07/06/2019 00:00:00,X
53,ESTUDIO DEL DESEMPEÑO AMBIENTAL DE LA ACUICULTURA EN CHILE Y SU EFECTO EN LOS ECOSISTEMAS DE EMPLAZAMIENTO 2019-2020,Objetivo 1. Actividad 2. Muestreos y Analisis sedimentos,Gastón Vidal,INSTITUTO DE FOMENTO PESQUERO,Campaña_Inv_Ver_2019.Proy.SeguimientoAmbiental,Chiloe central,7,423029.3,733611.3,2019-06-07,00:00:00,TEMPERATURA,10.800000000000002,07/06/2019 00:00:00,X
54,ESTUDIO DEL DESEMPEÑO AMBIENTAL DE LA ACUICULTURA EN CHILE Y SU EFECTO EN LOS ECOSISTEMAS DE EMPLAZAMIENTO 2019-2020,Objetivo 1. Actividad 2. Muestreos y Analisis sedimentos,Gastón Vidal,INSTITUTO DE FOMENTO PESQUERO,Campaña_Inv_Ver_2019.Proy.SeguimientoAmbiental,Chiloe central,11,422833.3,733241.1,2019-06-07,00:00:00,TEMPERATURA,10.766666666666666,07/06/2019 00:00:00,X
55,ESTUDIO DEL DESEMPEÑO AMBIENTAL DE LA ACUICULTURA EN CHILE Y SU EFECTO EN LOS ECOSISTEMAS DE EMPLAZAMIENTO 2019-2020,Objetivo 1. Actividad 2. Muestreos y Analisis sedimentos,Gastón Vidal,INSTITUTO DE FOMENTO PESQUERO,Campaña_Inv_Ver_2019.Proy.SeguimientoAmbiental,Chiloe central,12,423059.3,732821.5,2019-06-07,11:00:00,TEMPERATURA,11.033333333333333,07/06/2019 11:00:00,X
56,ESTUDIO DEL DESEMPEÑO AMBIENTAL DE LA ACUICULTURA EN CHILE Y SU EFECTO EN LOS ECOSISTEMAS DE EMPLAZAMIENTO 2019-2020,Objetivo 1. Actividad 2. Muestreos y Analisis sedimentos,Gastón Vidal,INSTITUTO DE FOMENTO PESQUERO,Campaña_Inv_Ver_2019.Proy.SeguimientoAmbiental,Chiloe central,16,424213.5,733738.2,2019-06-07,16:00:00,TEMPERATURA,11.066666666666668,07/06/2019 16:00:00,X
57,ESTUDIO DEL DESEMPEÑO AMBIENTAL DE LA ACUICULTURA EN CHILE Y SU EFECTO EN LOS ECOSISTEMAS DE EMPLAZAMIENTO 2019-2020,Objetivo 1. Actividad 2. Muestreos y Analisis sedimentos,Gastón Vidal,INSTITUTO DE FOMENTO PESQUERO,Campaña_Inv_Ver_2019.Proy.SeguimientoAmbiental,Chiloe central,26,423654.6,732710.2,2019-06-07,17:56:00,TEMPERATURA,10.833333333333334,07/06/2019 17:56:00,X
58,ESTUDIO DEL DESEMPEÑO AMBIENTAL DE LA ACUICULTURA EN CHILE Y SU EFECTO EN LOS ECOSISTEMAS DE EMPLAZAMIENTO 2019-2020,Objetivo 1. Actividad 2. Muestreos y Analisis sedimentos,Gastón Vidal,INSTITUTO DE FOMENTO PESQUERO,Campaña_Inv_Ver_2019.Proy.SeguimientoAmbiental,Desertores,1,424703.0,725635.9,2019-05-15,00:00:00,TEMPERATURA,11.666666666666666,15/05/2019 00:00:00,X
59,ESTUDIO DEL DESEMPEÑO AMBIENTAL DE LA ACUICULTURA EN CHILE Y SU EFECTO EN LOS ECOSISTEMAS DE EMPLAZAMIENTO 2019-2020,Objetivo 1. Actividad 2. Muestreos y Analisis sedimentos,Gastón Vidal,INSTITUTO DE FOMENTO PESQUERO,Campaña_Inv_Ver_2019.Proy.SeguimientoAmbiental,Desertores,2,424756.1,725723.7,2019-05-15,00:00:00,TEMPERATURA,11.800000000000002,15/05/2019 00:00:00,X
60,ESTUDIO DEL DESEMPEÑO AMBIENTAL DE LA ACUICULTURA EN CHILE Y SU EFECTO EN LOS ECOSISTEMAS DE EMPLAZAMIENTO 2019-2020,Objetivo 1. Actividad 2. Muestreos y Analisis sedimentos,Gastón Vidal,INSTITUTO DE FOMENTO PESQUERO,Campaña_Inv_Ver_2019.Proy.SeguimientoAmbiental,Desertores,3,424536.0,725951.7,2019-05-15,00:00:00,TEMPERATURA,11.700000000000001,15/05/2019 00:00:00,X
61,ESTUDIO DEL DESEMPEÑO AMBIENTAL DE LA ACUICULTURA EN CHILE Y SU EFECTO EN LOS ECOSISTEMAS DE EMPLAZAMIENTO 2019-2020,Objetivo 1. Actividad 2. Muestreos y Analisis sedimentos,Gastón Vidal,INSTITUTO DE FOMENTO PESQUERO,Campaña_Inv_Ver_2019.Proy.SeguimientoAmbiental,Desertores,6,424206.5,730534.1,2019-05-15,00:00:00,TEMPERATURA,12.066666666666665,15/05/2019 00:00:00,X
62,ESTUDIO DEL DESEMPEÑO AMBIENTAL DE LA ACUICULTURA EN CHILE Y SU EFECTO EN LOS ECOSISTEMAS DE EMPLAZAMIENTO 2019-2020,Objetivo 1. Actividad 2. Muestreos y Analisis sedimentos,Gastón Vidal,INSTITUTO DE FOMENTO PESQUERO,Campaña_Inv_Ver_2019.Proy.SeguimientoAmbiental,Quellon,6,431143.2,733811.2,2019-06-09,16:56:00,TEMPERATURA,10.466666666666667,09/06/2019 16:56:00,X
63,ESTUDIO DEL DESEMPEÑO AMBIENTAL DE LA ACUICULTURA EN CHILE Y SU EFECTO EN LOS ECOSISTEMAS DE EMPLAZAMIENTO 2019-2020,Objetivo 1. Actividad 2. Muestreos y Analisis sedimentos,Gastón Vidal,INSTITUTO DE FOMENTO PESQUERO,Campaña_Inv_Ver_2019.Proy.SeguimientoAmbiental,Quellon,8,430729.8,734355.5,2019-06-09,17:49:00,TEMPERATURA,10.066666666666665,09/06/2019 17:49:00,X
64,ESTUDIO DEL DESEMPEÑO AMBIENTAL DE LA ACUICULTURA EN CHILE Y SU EFECTO EN LOS ECOSISTEMAS DE EMPLAZAMIENTO 2019-2020,Objetivo 1. Actividad 2. Muestreos y Analisis sedimentos,Gastón Vidal,INSTITUTO DE FOMENTO PESQUERO,Campaña_Inv_Ver_2019.Proy.SeguimientoAmbiental,Quellon,11,430832.2,734013.7,2019-06-09,18:24:00,TEMPERATURA,10.166666666666666,09/06/2019 18:24:00,X
65,ESTUDIO DEL DESEMPEÑO AMBIENTAL DE LA ACUICULTURA EN CHILE Y SU EFECTO EN LOS ECOSISTEMAS DE EMPLAZAMIENTO 2019-2020,Objetivo 1. Actividad 2. Muestreos y Analisis sedimentos,Gastón Vidal,INSTITUTO DE FOMENTO PESQUERO,Campaña_Inv_Ver_2019.Proy.SeguimientoAmbiental,Quellon,12,431133.5,733423.8,2019-06-09,16:02:00,TEMPERATURA,10.566666666666666,09/06/2019 16:02:00,X
66,ESTUDIO DEL DESEMPEÑO AMBIENTAL DE LA ACUICULTURA EN CHILE Y SU EFECTO EN LOS ECOSISTEMAS DE EMPLAZAMIENTO 2019-2020,Objetivo 1. Actividad 2. Muestreos y Analisis sedimentos,Gastón Vidal,INSTITUTO DE FOMENTO PESQUERO,Campaña_Inv_Ver_2019.Proy.SeguimientoAmbiental,Quellon,13,430827.5,733259.3,2019-06-09,15:10:00,TEMPERATURA,10.566666666666665,09/06/2019 15:10:00,X
67,ESTUDIO DEL DESEMPEÑO AMBIENTAL DE LA ACUICULTURA EN CHILE Y SU EFECTO EN LOS ECOSISTEMAS DE EMPLAZAMIENTO 2019-2020,Objetivo 1. Actividad 2. Muestreos y Analisis sedimentos,Gastón Vidal,INSTITUTO DE FOMENTO PESQUERO,Campaña_Inv_Ver_2019.Proy.SeguimientoAmbiental,Quellon,19,430307.5,732746.7,2019-06-09,13:09:00,TEMPERATURA,11.266666666666666,09/06/2019 13:09:00,X
68,ESTUDIO DEL DESEMPEÑO AMBIENTAL DE LA ACUICULTURA EN CHILE Y SU EFECTO EN LOS ECOSISTEMAS DE EMPLAZAMIENTO 2019-2020,Objetivo 1. Actividad 2. Muestreos y Analisis sedimentos,Gastón Vidal,INSTITUTO DE FOMENTO PESQUERO,Campaña_Inv_Ver_2019.Proy.SeguimientoAmbiental,Quellon,21,430206.1,733133.1,2019-06-09,12:40:00,TEMPERATURA,10.666666666666666,09/06/2019 12:40:00,X
69,ESTUDIO DEL DESEMPEÑO AMBIENTAL DE LA ACUICULTURA EN CHILE Y SU EFECTO EN LOS ECOSISTEMAS DE EMPLAZAMIENTO 2019-2020,Objetivo 1. Actividad 2. Muestreos y Analisis sedimentos,Gastón Vidal,INSTITUTO DE FOMENTO PESQUERO,Campaña_Inv_Ver_2019.Proy.SeguimientoAmbiental,Quellon,22,425921.8,732805.5,2019-06-09,11:59:00,TEMPERATURA,10.5,09/06/2019 11:59:00,X
70,ESTUDIO DEL DESEMPEÑO AMBIENTAL DE LA ACUICULTURA EN CHILE Y SU EFECTO EN LOS ECOSISTEMAS DE EMPLAZAMIENTO 2019-2020,Objetivo 1. Actividad 2. Muestreos y Analisis sedimentos,Gastón Vidal,INSTITUTO DE FOMENTO PESQUERO,Campaña_Inv_Ver_2019.Proy.SeguimientoAmbiental,Quellon,26,425621.2,733649.9,2019-06-09,11:00:00,TEMPERATURA,10.766666666666666,09/06/2019 11:00:00,X
71,ESTUDIO DEL DESEMPEÑO AMBIENTAL DE LA ACUICULTURA EN CHILE Y SU EFECTO EN LOS ECOSISTEMAS DE EMPLAZAMIENTO 2019-2020,Objetivo 1. Actividad 2. Muestreos y Analisis sedimentos,Gastón Vidal,INSTITUTO DE FOMENTO PESQUERO,Campaña_Inv_Ver_2019.Proy.SeguimientoAmbiental,Quellon,28,425525.9,733504.7,2019-06-09,09:09:00,TEMPERATURA,10.2,09/06/2019 09:09:00,X
72,ESTUDIO DEL DESEMPEÑO AMBIENTAL DE LA ACUICULTURA EN CHILE Y SU EFECTO EN LOS ECOSISTEMAS DE EMPLAZAMIENTO 2019-2020,Objetivo 1. Actividad 2. Muestreos y Analisis sedimentos,Gastón Vidal,INSTITUTO DE FOMENTO PESQUERO,Campaña_Inv_Ver_2019.Proy.SeguimientoAmbiental,Quellon,32,425122.8,734130.9,2019-06-09,10:10:00,TEMPERATURA,10.233333333333333,09/06/2019 10:10:00,X
73,ESTUDIO DEL DESEMPEÑO AMBIENTAL DE LA ACUICULTURA EN CHILE Y SU EFECTO EN LOS ECOSISTEMAS DE EMPLAZAMIENTO 2019-2020,Objetivo 1. Actividad 2. Muestreos y Analisis sedimentos,Gastón Vidal,INSTITUTO DE FOMENTO PESQUERO,Campaña_Inv_Ver_2019.Proy.SeguimientoAmbiental,Quellon,39,425415.3,732927.9,2019-06-08,14:10:00,TEMPERATURA,10.733333333333334,08/06/2019 14:10:00,X
74,ESTUDIO DEL DESEMPEÑO AMBIENTAL DE LA ACUICULTURA EN CHILE Y SU EFECTO EN LOS ECOSISTEMAS DE EMPLAZAMIENTO 2019-2020,Objetivo 1. Actividad 2. Muestreos y Analisis sedimentos,Gastón Vidal,INSTITUTO DE FOMENTO PESQUERO,Campaña_Inv_Ver_2019.Proy.SeguimientoAmbiental,Hornopiren,3,420427.1,722759.7,2019-05-13,00:00:00,TEMPERATURA,12.4,13/05/2019 00:00:00,X
75,ESTUDIO DEL DESEMPEÑO AMBIENTAL DE LA ACUICULTURA EN CHILE Y SU EFECTO EN LOS ECOSISTEMAS DE EMPLAZAMIENTO 2019-2020,Objetivo 1. Actividad 2. Muestreos y Analisis sedimentos,Gastón Vidal,INSTITUTO DE FOMENTO PESQUERO,Campaña_Inv_Ver_2019.Proy.SeguimientoAmbiental,Hornopiren,6,420209.6,723558.5,2019-05-13,00:00:00,TEMPERATURA,12.200000000000001,13/05/2019 00:00:00,X
76,ESTUDIO DEL DESEMPEÑO AMBIENTAL DE LA ACUICULTURA EN CHILE Y SU EFECTO EN LOS ECOSISTEMAS DE EMPLAZAMIENTO 2019-2020,Objetivo 1. Actividad 2. Muestreos y Analisis sedimentos,Gastón Vidal,INSTITUTO DE FOMENTO PESQUERO,Campaña_Inv_Ver_2019.Proy.SeguimientoAmbiental,Hornopiren,7,420301.3,723537.3,2019-05-13,00:00:00,TEMPERATURA,11.666666666666666,13/05/2019 00:00:00,X
77,ESTUDIO DEL DESEMPEÑO AMBIENTAL DE LA ACUICULTURA EN CHILE Y SU EFECTO EN LOS ECOSISTEMAS DE EMPLAZAMIENTO 2019-2020,Objetivo 1. Actividad 2. Muestreos y Analisis sedimentos,Gastón Vidal,INSTITUTO DE FOMENTO PESQUERO,Campaña_Inv_Ver_2019.Proy.SeguimientoAmbiental,Hornopiren,13,421433.8,722650.7,2019-05-13,00:00:00,TEMPERATURA,11.533333333333333,13/05/2019 00:00:00,X
78,ESTUDIO DEL DESEMPEÑO AMBIENTAL DE LA ACUICULTURA EN CHILE Y SU EFECTO EN LOS ECOSISTEMAS DE EMPLAZAMIENTO 2019-2020,Objetivo 1. Actividad 2. Muestreos y Analisis sedimentos,Gastón Vidal,INSTITUTO DE FOMENTO PESQUERO,Campaña_Inv_Ver_2019.Proy.SeguimientoAmbiental,Hornopiren,14,421524.5,722346.8,2019-05-13,00:00:00,TEMPERATURA,11.366666666666667,13/05/2019 00:00:00,X
79,ESTUDIO DEL DESEMPEÑO AMBIENTAL DE LA ACUICULTURA EN CHILE Y SU EFECTO EN LOS ECOSISTEMAS DE EMPLAZAMIENTO 2019-2020,Objetivo 1. Actividad 2. Muestreos y Analisis sedimentos,Gastón Vidal,INSTITUTO DE FOMENTO PESQUERO,Campaña_Inv_Ver_2019.Proy.SeguimientoAmbiental,Ayacara,1,421853.1,724721.9,2019-05-14,00:00:00,TEMPERATURA,12.166666666666666,14/05/2019 00:00:00,X
80,ESTUDIO DEL DESEMPEÑO AMBIENTAL DE LA ACUICULTURA EN CHILE Y SU EFECTO EN LOS ECOSISTEMAS DE EMPLAZAMIENTO 2019-2020,Objetivo 1. Actividad 2. Muestreos y Analisis sedimentos,Gastón Vidal,INSTITUTO DE FOMENTO PESQUERO,Campaña_Inv_Ver_2019.Proy.SeguimientoAmbiental,Ayacara,2,422434.1,724307.0,2019-05-14,00:00:00,TEMPERATURA,12.533333333333331,14/05/2019 00:00:00,X
81,ESTUDIO DEL DESEMPEÑO AMBIENTAL DE LA ACUICULTURA EN CHILE Y SU EFECTO EN LOS ECOSISTEMAS DE EMPLAZAMIENTO 2019-2020,Objetivo 1. Actividad 2. Muestreos y Analisis sedimentos,Gastón Vidal,INSTITUTO DE FOMENTO PESQUERO,Campaña_Inv_Ver_2019.Proy.SeguimientoAmbiental,Ayacara,3,423409.7,723139.7,2019-05-14,00:00:00,TEMPERATURA,12.033333333333333,14/05/2019 00:00:00,X
82,ESTUDIO DEL DESEMPEÑO AMBIENTAL DE LA ACUICULTURA EN CHILE Y SU EFECTO EN LOS ECOSISTEMAS DE EMPLAZAMIENTO 2019-2020,Objetivo 1. Actividad 2. Muestreos y Analisis sedimentos,Gastón Vidal,INSTITUTO DE FOMENTO PESQUERO,Campaña_Inv_Ver_2019.Proy.SeguimientoAmbiental,Ayacara,4,423117.9,724140.8,2019-05-15,00:00:00,TEMPERATURA,11.633333333333333,15/05/2019 00:00:00,X
83,ESTUDIO DEL DESEMPEÑO AMBIENTAL DE LA ACUICULTURA EN CHILE Y SU EFECTO EN LOS ECOSISTEMAS DE EMPLAZAMIENTO 2019-2020,Objetivo 1. Actividad 2. Muestreos y Analisis sedimentos,Gastón Vidal,INSTITUTO DE FOMENTO PESQUERO,Campaña_Inv_Ver_2019.Proy.SeguimientoAmbiental,Ayacara,7,423730.6,725115.4,2019-05-15,00:00:00,TEMPERATURA,12.066666666666668,15/05/2019 00:00:00,X
84,ESTUDIO DEL DESEMPEÑO AMBIENTAL DE LA ACUICULTURA EN CHILE Y SU EFECTO EN LOS ECOSISTEMAS DE EMPLAZAMIENTO 2019-2020,Objetivo 1. Actividad 2. Muestreos y Analisis sedimentos,Gastón Vidal,INSTITUTO DE FOMENTO PESQUERO,Campaña_Inv_Ver_2019.Proy.SeguimientoAmbiental,Ayacara,9,424232.8,725058.9,2019-05-15,00:00:00,TEMPERATURA,11.6,15/05/2019 00:00:00,X
85,ESTUDIO DEL DESEMPEÑO AMBIENTAL DE LA ACUICULTURA EN CHILE Y SU EFECTO EN LOS ECOSISTEMAS DE EMPLAZAMIENTO 2019-2020,Objetivo 1. Actividad 2. Muestreos y Analisis sedimentos,Gastón Vidal,INSTITUTO DE FOMENTO PESQUERO,Campaña_Inv_Ver_2019.Proy.SeguimientoAmbiental,Chaiten,3,424711.1,725049.9,2019-05-15,00:00:00,TEMPERATURA,11.466666666666667,15/05/2019 00:00:00,X
86,ESTUDIO DEL DESEMPEÑO AMBIENTAL DE LA ACUICULTURA EN CHILE Y SU EFECTO EN LOS ECOSISTEMAS DE EMPLAZAMIENTO 2019-2020,Objetivo 1. Actividad 2. Muestreos y Analisis sedimentos,Gastón Vidal,INSTITUTO DE FOMENTO PESQUERO,Campaña_Inv_Ver_2019.Proy.SeguimientoAmbiental,Chaiten,4,425527.6,724459.6,2019-05-15,00:00:00,TEMPERATURA,11.5,15/05/2019 00:00:00,X
87,ESTUDIO DEL DESEMPEÑO AMBIENTAL DE LA ACUICULTURA EN CHILE Y SU EFECTO EN LOS ECOSISTEMAS DE EMPLAZAMIENTO 2019-2020,Objetivo 1. Actividad 2. Muestreos y Analisis sedimentos,Gastón Vidal,INSTITUTO DE FOMENTO PESQUERO,Campaña_Inv_Ver_2019.Proy.SeguimientoAmbiental,Chaiten,12,431438.9,725308.2,2019-05-16,00:00:00,TEMPERATURA,11.866666666666667,16/05/2019 00:00:00,X
88,ESTUDIO DEL DESEMPEÑO AMBIENTAL DE LA ACUICULTURA EN CHILE Y SU EFECTO EN LOS ECOSISTEMAS DE EMPLAZAMIENTO 2019-2020,Objetivo 1. Actividad 2. Muestreos y Analisis sedimentos,Gastón Vidal,INSTITUTO DE FOMENTO PESQUERO,Campaña_Inv_Ver_2019.Proy.SeguimientoAmbiental,Chaiten,14,431550.9,725835.0,2019-05-20,00:00:00,TEMPERATURA,10.766666666666666,20/05/2019 00:00:00,X
89,ESTUDIO DEL DESEMPEÑO AMBIENTAL DE LA ACUICULTURA EN CHILE Y SU EFECTO EN LOS ECOSISTEMAS DE EMPLAZAMIENTO 2019-2020,Objetivo 1. Actividad 2. Muestreos y Analisis sedimentos,Gastón Vidal,INSTITUTO DE FOMENTO PESQUERO,Campaña_Inv_Ver_2019.Proy.SeguimientoAmbiental,Chaiten,18,433529.8,730022.5,2019-05-19,00:00:00,TEMPERATURA,11.033333333333333,19/05/2019 00:00:00,X
90,ESTUDIO DEL DESEMPEÑO AMBIENTAL DE LA ACUICULTURA EN CHILE Y SU EFECTO EN LOS ECOSISTEMAS DE EMPLAZAMIENTO 2019-2020,Objetivo 1. Actividad 2. Muestreos y Analisis sedimentos,Gastón Vidal,INSTITUTO DE FOMENTO PESQUERO,Campaña_Inv_Ver_2019.Proy.SeguimientoAmbiental,Chaiten,19,433757.9,725704.9,2019-05-18,00:00:00,TEMPERATURA,11.166666666666666,18/05/2019 00:00:00,X
92,ESTUDIO DEL DESEMPEÑO AMBIENTAL DE LA ACUICULTURA EN CHILE Y SU EFECTO EN LOS ECOSISTEMAS DE EMPLAZAMIENTO 2019-2020,Objetivo 1. Actividad 2. Muestreos y Analisis sedimentos,Gastón Vidal,INSTITUTO DE FOMENTO PESQUERO,Campaña_Inv_Ver_2019.Proy.SeguimientoAmbiental,Guaitecas,1,442931.1,740942.8,2019-06-14,15:12:00,TEMPERATURA,12.133333333333333,14/06/2019 15:12:00,XI
93,ESTUDIO DEL DESEMPEÑO AMBIENTAL DE LA ACUICULTURA EN CHILE Y SU EFECTO EN LOS ECOSISTEMAS DE EMPLAZAMIENTO 2019-2020,Objetivo 1. Actividad 2. Muestreos y Analisis sedimentos,Gastón Vidal,INSTITUTO DE FOMENTO PESQUERO,Campaña_Inv_Ver_2019.Proy.SeguimientoAmbiental,Guaitecas,2,442654.0,740814.0,2019-06-14,13:40:00,TEMPERATURA,10.9,14/06/2019 13:40:00,XI
94,ESTUDIO DEL DESEMPEÑO AMBIENTAL DE LA ACUICULTURA EN CHILE Y SU EFECTO EN LOS ECOSISTEMAS DE EMPLAZAMIENTO 2019-2020,Objetivo 1. Actividad 2. Muestreos y Analisis sedimentos,Gastón Vidal,INSTITUTO DE FOMENTO PESQUERO,Campaña_Inv_Ver_2019.Proy.SeguimientoAmbiental,Guaitecas,4,441418.4,741320.7,2019-06-14,11:34:00,TEMPERATURA,10.700000000000001,14/06/2019 11:34:00,XI
95,ESTUDIO DEL DESEMPEÑO AMBIENTAL DE LA ACUICULTURA EN CHILE Y SU EFECTO EN LOS ECOSISTEMAS DE EMPLAZAMIENTO 2019-2020,Objetivo 1. Actividad 2. Muestreos y Analisis sedimentos,Gastón Vidal,INSTITUTO DE FOMENTO PESQUERO,Campaña_Inv_Ver_2019.Proy.SeguimientoAmbiental,Guaitecas,6,440832.8,740222.8,2019-06-14,10:10:00,TEMPERATURA,9.4,14/06/2019 10:10:00,XI
96,ESTUDIO DEL DESEMPEÑO AMBIENTAL DE LA ACUICULTURA EN CHILE Y SU EFECTO EN LOS ECOSISTEMAS DE EMPLAZAMIENTO 2019-2020,Objetivo 1. Actividad 2. Muestreos y Analisis sedimentos,Gastón Vidal,INSTITUTO DE FOMENTO PESQUERO,Campaña_Inv_Ver_2019.Proy.SeguimientoAmbiental,Guaitecas,7,440453.4,735253.7,2019-06-14,08:50:00,TEMPERATURA,9.566666666666668,14/06/2019 08:50:00,XI
97,ESTUDIO DEL DESEMPEÑO AMBIENTAL DE LA ACUICULTURA EN CHILE Y SU EFECTO EN LOS ECOSISTEMAS DE EMPLAZAMIENTO 2019-2020,Objetivo 1. Actividad 2. Muestreos y Analisis sedimentos,Gastón Vidal,INSTITUTO DE FOMENTO PESQUERO,Campaña_Inv_Ver_2019.Proy.SeguimientoAmbiental,Guaitecas,8,435456.5,735432.1,2019-06-13,09:54:00,TEMPERATURA,9.766666666666666,13/06/2019 09:54:00,XI
98,ESTUDIO DEL DESEMPEÑO AMBIENTAL DE LA ACUICULTURA EN CHILE Y SU EFECTO EN LOS ECOSISTEMAS DE EMPLAZAMIENTO 2019-2020,Objetivo 1. Actividad 2. Muestreos y Analisis sedimentos,Gastón Vidal,INSTITUTO DE FOMENTO PESQUERO,Campaña_Inv_Ver_2019.Proy.SeguimientoAmbiental,Guaitecas,9,435329.1,735219.9,2019-06-13,08:55:00,TEMPERATURA,9.933333333333332,13/06/2019 08:55:00,XI
99,ESTUDIO DEL DESEMPEÑO AMBIENTAL DE LA ACUICULTURA EN CHILE Y SU EFECTO EN LOS ECOSISTEMAS DE EMPLAZAMIENTO 2019-2020,Objetivo 1. Actividad 2. Muestreos y Analisis sedimentos,Gastón Vidal,INSTITUTO DE FOMENTO PESQUERO,Campaña_Inv_Ver_2019.Proy.SeguimientoAmbiental,Guaitecas,10,435638.0,734800.0,2019-06-13,10:53:00,TEMPERATURA,10.166666666666666,13/06/2019 10:53:00,XI
100,ESTUDIO DEL DESEMPEÑO AMBIENTAL DE LA ACUICULTURA EN CHILE Y SU EFECTO EN LOS ECOSISTEMAS DE EMPLAZAMIENTO 2019-2020,Objetivo 1. Actividad 2. Muestreos y Analisis sedimentos,Gastón Vidal,INSTITUTO DE FOMENTO PESQUERO,Campaña_Inv_Ver_2019.Proy.SeguimientoAmbiental,Guaitecas,12,440031.4,734511.0,2019-06-13,00:00:00,TEMPERATURA,10.766666666666666,13/06/2019 00:00:00,XI
101,ESTUDIO DEL DESEMPEÑO AMBIENTAL DE LA ACUICULTURA EN CHILE Y SU EFECTO EN LOS ECOSISTEMAS DE EMPLAZAMIENTO 2019-2020,Objetivo 1. Actividad 2. Muestreos y Analisis sedimentos,Gastón Vidal,INSTITUTO DE FOMENTO PESQUERO,Campaña_Inv_Ver_2019.Proy.SeguimientoAmbiental,Guaitecas,17,441715.5,734639.1,2019-06-13,15:50:00,TEMPERATURA,10.4,13/06/2019 15:50:00,XI
102,ESTUDIO DEL DESEMPEÑO AMBIENTAL DE LA ACUICULTURA EN CHILE Y SU EFECTO EN LOS ECOSISTEMAS DE EMPLAZAMIENTO 2019-2020,Objetivo 1. Actividad 2. Muestreos y Analisis sedimentos,Gastón Vidal,INSTITUTO DE FOMENTO PESQUERO,Campaña_Inv_Ver_2019.Proy.SeguimientoAmbiental,Moraleda,2,451131.2,735840.6,2019-06-15,17:17:00,TEMPERATURA,10,15/06/2019 17:17:00,XI
103,ESTUDIO DEL DESEMPEÑO AMBIENTAL DE LA ACUICULTURA EN CHILE Y SU EFECTO EN LOS ECOSISTEMAS DE EMPLAZAMIENTO 2019-2020,Objetivo 1. Actividad 2. Muestreos y Analisis sedimentos,Gastón Vidal,INSTITUTO DE FOMENTO PESQUERO,Campaña_Inv_Ver_2019.Proy.SeguimientoAmbiental,Moraleda,4,450957.9,740833.4,2019-06-15,16:20:00,TEMPERATURA,10.5,15/06/2019 16:20:00,XI
104,ESTUDIO DEL DESEMPEÑO AMBIENTAL DE LA ACUICULTURA EN CHILE Y SU EFECTO EN LOS ECOSISTEMAS DE EMPLAZAMIENTO 2019-2020,Objetivo 1. Actividad 2. Muestreos y Analisis sedimentos,Gastón Vidal,INSTITUTO DE FOMENTO PESQUERO,Campaña_Inv_Ver_2019.Proy.SeguimientoAmbiental,Moraleda,5,450801.8,741520.1,2019-06-15,14:55:00,TEMPERATURA,10.766666666666666,15/06/2019 14:55:00,XI
105,ESTUDIO DEL DESEMPEÑO AMBIENTAL DE LA ACUICULTURA EN CHILE Y SU EFECTO EN LOS ECOSISTEMAS DE EMPLAZAMIENTO 2019-2020,Objetivo 1. Actividad 2. Muestreos y Analisis sedimentos,Gastón Vidal,INSTITUTO DE FOMENTO PESQUERO,Campaña_Inv_Ver_2019.Proy.SeguimientoAmbiental,Moraleda,12,444145.4,735257.1,2019-06-15,09:55:00,TEMPERATURA,10.133333333333335,15/06/2019 09:55:00,XI
106,ESTUDIO DEL DESEMPEÑO AMBIENTAL DE LA ACUICULTURA EN CHILE Y SU EFECTO EN LOS ECOSISTEMAS DE EMPLAZAMIENTO 2019-2020,Objetivo 1. Actividad 2. Muestreos y Analisis sedimentos,Gastón Vidal,INSTITUTO DE FOMENTO PESQUERO,Campaña_Inv_Ver_2019.Proy.SeguimientoAmbiental,Moraleda,13,443935.6,735252.9,2019-06-15,09:00:00,TEMPERATURA,9.366666666666667,15/06/2019 09:00:00,XI
107,ESTUDIO DEL DESEMPEÑO AMBIENTAL DE LA ACUICULTURA EN CHILE Y SU EFECTO EN LOS ECOSISTEMAS DE EMPLAZAMIENTO 2019-2020,Objetivo 1. Actividad 2. Muestreos y Analisis sedimentos,Gastón Vidal,INSTITUTO DE FOMENTO PESQUERO,Campaña_Inv_Ver_2019.Proy.SeguimientoAmbiental,Moraleda,14,443608.6,740025.9,2019-06-14,17:22:00,TEMPERATURA,10.066666666666668,14/06/2019 17:22:00,XI
108,ESTUDIO DEL DESEMPEÑO AMBIENTAL DE LA ACUICULTURA EN CHILE Y SU EFECTO EN LOS ECOSISTEMAS DE EMPLAZAMIENTO 2019-2020,Objetivo 1. Actividad 2. Muestreos y Analisis sedimentos,Gastón Vidal,INSTITUTO DE FOMENTO PESQUERO,Campaña_Inv_Ver_2019.Proy.SeguimientoAmbiental,Moraleda,16,443308.8,740650.1,2019-06-14,16:20:00,TEMPERATURA,10.566666666666666,14/06/2019 16:20:00,XI
109,ESTUDIO DEL DESEMPEÑO AMBIENTAL DE LA ACUICULTURA EN CHILE Y SU EFECTO EN LOS ECOSISTEMAS DE EMPLAZAMIENTO 2019-2020,Objetivo 1. Actividad 2. Muestreos y Analisis sedimentos,Gastón Vidal,INSTITUTO DE FOMENTO PESQUERO,Campaña_Inv_Ver_2019.Proy.SeguimientoAmbiental,Moraleda,17,440830.9,733501.0,2019-06-13,14:00:00,TEMPERATURA,10.333333333333334,13/06/2019 14:00:00,XI
110,ESTUDIO DEL DESEMPEÑO AMBIENTAL DE LA ACUICULTURA EN CHILE Y SU EFECTO EN LOS ECOSISTEMAS DE EMPLAZAMIENTO 2019-2020,Objetivo 1. Actividad 2. Muestreos y Analisis sedimentos,Gastón Vidal,INSTITUTO DE FOMENTO PESQUERO,Campaña_Inv_Ver_2019.Proy.SeguimientoAmbiental,Moraleda,19,434430.9,730056.5,2019-05-19,00:00:00,TEMPERATURA,10.5,19/05/2019 00:00:00,XI
111,ESTUDIO DEL DESEMPEÑO AMBIENTAL DE LA ACUICULTURA EN CHILE Y SU EFECTO EN LOS ECOSISTEMAS DE EMPLAZAMIENTO 2019-2020,Objetivo 1. Actividad 2. Muestreos y Analisis sedimentos,Gastón Vidal,INSTITUTO DE FOMENTO PESQUERO,Campaña_Inv_Ver_2019.Proy.SeguimientoAmbiental,Moraleda,25,440204.1,731205.2,2019-05-19,00:00:00,TEMPERATURA,10.533333333333333,19/05/2019 00:00:00,XI
112,ESTUDIO DEL DESEMPEÑO AMBIENTAL DE LA ACUICULTURA EN CHILE Y SU EFECTO EN LOS ECOSISTEMAS DE EMPLAZAMIENTO 2019-2020,Objetivo 1. Actividad 2. Muestreos y Analisis sedimentos,Gastón Vidal,INSTITUTO DE FOMENTO PESQUERO,Campaña_Inv_Ver_2019.Proy.SeguimientoAmbiental,Moraleda,31,442248.0,730431.7,2019-06-25,16:02:00,TEMPERATURA,10,25/06/2019 16:02:00,XI
113,ESTUDIO DEL DESEMPEÑO AMBIENTAL DE LA ACUICULTURA EN CHILE Y SU EFECTO EN LOS ECOSISTEMAS DE EMPLAZAMIENTO 2019-2020,Objetivo 1. Actividad 2. Muestreos y Analisis sedimentos,Gastón Vidal,INSTITUTO DE FOMENTO PESQUERO,Campaña_Inv_Ver_2019.Proy.SeguimientoAmbiental,Moraleda,32,450149.0,732702.0,2019-06-24,10:30:00,TEMPERATURA,8.933333333333334,24/06/2019 10:30:00,XI
114,ESTUDIO DEL DESEMPEÑO AMBIENTAL DE LA ACUICULTURA EN CHILE Y SU EFECTO EN LOS ECOSISTEMAS DE EMPLAZAMIENTO 2019-2020,Objetivo 1. Actividad 2. Muestreos y Analisis sedimentos,Gastón Vidal,INSTITUTO DE FOMENTO PESQUERO,Campaña_Inv_Ver_2019.Proy.SeguimientoAmbiental,Puyuhuapi,5,443139.8,724117.0,2019-06-25,11:45:00,TEMPERATURA,9.166666666666666,25/06/2019 11:45:00,XI
115,ESTUDIO DEL DESEMPEÑO AMBIENTAL DE LA ACUICULTURA EN CHILE Y SU EFECTO EN LOS ECOSISTEMAS DE EMPLAZAMIENTO 2019-2020,Objetivo 1. Actividad 2. Muestreos y Analisis sedimentos,Gastón Vidal,INSTITUTO DE FOMENTO PESQUERO,Campaña_Inv_Ver_2019.Proy.SeguimientoAmbiental,Puyuhuapi,7,443955.1,725020.8,2019-06-25,09:06:00,TEMPERATURA,9.833333333333334,25/06/2019 09:06:00,XI
116,ESTUDIO DEL DESEMPEÑO AMBIENTAL DE LA ACUICULTURA EN CHILE Y SU EFECTO EN LOS ECOSISTEMAS DE EMPLAZAMIENTO 2019-2020,Objetivo 1. Actividad 2. Muestreos y Analisis sedimentos,Gastón Vidal,INSTITUTO DE FOMENTO PESQUERO,Campaña_Inv_Ver_2019.Proy.SeguimientoAmbiental,Puyuhuapi,8,444209.3,724807.1,2019-06-25,08:25:00,TEMPERATURA,10.499999999999998,25/06/2019 08:25:00,XI
117,ESTUDIO DEL DESEMPEÑO AMBIENTAL DE LA ACUICULTURA EN CHILE Y SU EFECTO EN LOS ECOSISTEMAS DE EMPLAZAMIENTO 2019-2020,Objetivo 1. Actividad 2. Muestreos y Analisis sedimentos,Gastón Vidal,INSTITUTO DE FOMENTO PESQUERO,Campaña_Inv_Ver_2019.Proy.SeguimientoAmbiental,Puyuhuapi,10,444937.8,725757.3,2019-06-24,15:17:00,TEMPERATURA,9.133333333333333,24/06/2019 15:17:00,XI
118,ESTUDIO DEL DESEMPEÑO AMBIENTAL DE LA ACUICULTURA EN CHILE Y SU EFECTO EN LOS ECOSISTEMAS DE EMPLAZAMIENTO 2019-2020,Objetivo 1. Actividad 2. Muestreos y Analisis sedimentos,Gastón Vidal,INSTITUTO DE FOMENTO PESQUERO,Campaña_Inv_Ver_2019.Proy.SeguimientoAmbiental,Puyuhuapi,12,445441.9,730811.9,2019-06-24,14:05:00,TEMPERATURA,9.733333333333334,24/06/2019 14:05:00,XI
119,ESTUDIO DEL DESEMPEÑO AMBIENTAL DE LA ACUICULTURA EN CHILE Y SU EFECTO EN LOS ECOSISTEMAS DE EMPLAZAMIENTO 2019-2020,Objetivo 1. Actividad 2. Muestreos y Analisis sedimentos,Gastón Vidal,INSTITUTO DE FOMENTO PESQUERO,Campaña_Inv_Ver_2019.Proy.SeguimientoAmbiental,Aysen,1,452639.7,730033.3,2019-06-18,10:38:00,TEMPERATURA,10.1,18/06/2019 10:38:00,XI
120,ESTUDIO DEL DESEMPEÑO AMBIENTAL DE LA ACUICULTURA EN CHILE Y SU EFECTO EN LOS ECOSISTEMAS DE EMPLAZAMIENTO 2019-2020,Objetivo 1. Actividad 2. Muestreos y Analisis sedimentos,Gastón Vidal,INSTITUTO DE FOMENTO PESQUERO,Campaña_Inv_Ver_2019.Proy.SeguimientoAmbiental,Aysen,3,451953.0,732236.0,2019-06-18,13:15:00,TEMPERATURA,9.933333333333334,18/06/2019 13:15:00,XI
121,ESTUDIO DEL DESEMPEÑO AMBIENTAL DE LA ACUICULTURA EN CHILE Y SU EFECTO EN LOS ECOSISTEMAS DE EMPLAZAMIENTO 2019-2020,Objetivo 1. Actividad 2. Muestreos y Analisis sedimentos,Gastón Vidal,INSTITUTO DE FOMENTO PESQUERO,Campaña_Inv_Ver_2019.Proy.SeguimientoAmbiental,Aysen,5,452421.9,733225.0,2019-06-17,15:52:00,TEMPERATURA,9.166666666666666,17/06/2019 15:52:00,XI
122,ESTUDIO DEL DESEMPEÑO AMBIENTAL DE LA ACUICULTURA EN CHILE Y SU EFECTO EN LOS ECOSISTEMAS DE EMPLAZAMIENTO 2019-2020,Objetivo 1. Actividad 2. Muestreos y Analisis sedimentos,Gastón Vidal,INSTITUTO DE FOMENTO PESQUERO,Campaña_Inv_Ver_2019.Proy.SeguimientoAmbiental,Aysen,6,453734.9,733550.9,2019-06-17,11:55:00,TEMPERATURA,9.833333333333334,17/06/2019 11:55:00,XI
123,ESTUDIO DEL DESEMPEÑO AMBIENTAL DE LA ACUICULTURA EN CHILE Y SU EFECTO EN LOS ECOSISTEMAS DE EMPLAZAMIENTO 2019-2020,Objetivo 1. Actividad 2. Muestreos y Analisis sedimentos,Gastón Vidal,INSTITUTO DE FOMENTO PESQUERO,Campaña_Inv_Ver_2019.Proy.SeguimientoAmbiental,Aysen,7,454508.5,733655.3,2019-06-17,08:55:00,TEMPERATURA,9.533333333333333,17/06/2019 08:55:00,XI
124,ESTUDIO DEL DESEMPEÑO AMBIENTAL DE LA ACUICULTURA EN CHILE Y SU EFECTO EN LOS ECOSISTEMAS DE EMPLAZAMIENTO 2019-2020,Objetivo 1. Actividad 2. Muestreos y Analisis sedimentos,Gastón Vidal,INSTITUTO DE FOMENTO PESQUERO,Campaña_Inv_Ver_2019.Proy.SeguimientoAmbiental,Aysen,10,455717.6,733619.7,2019-06-19,14:50:00,TEMPERATURA,10.6,19/06/2019 14:50:00,XI
125,ESTUDIO DEL DESEMPEÑO AMBIENTAL DE LA ACUICULTURA EN CHILE Y SU EFECTO EN LOS ECOSISTEMAS DE EMPLAZAMIENTO 2019-2020,Objetivo 1. Actividad 2. Muestreos y Analisis sedimentos,Gastón Vidal,INSTITUTO DE FOMENTO PESQUERO,Campaña_Inv_Ver_2019.Proy.SeguimientoAmbiental,Aysen,11,460134.6,733917.0,2019-06-19,15:39:00,TEMPERATURA,10.733333333333334,19/06/2019 15:39:00,XI
126,ESTUDIO DEL DESEMPEÑO AMBIENTAL DE LA ACUICULTURA EN CHILE Y SU EFECTO EN LOS ECOSISTEMAS DE EMPLAZAMIENTO 2019-2020,Objetivo 1. Actividad 2. Muestreos y Analisis sedimentos,Gastón Vidal,INSTITUTO DE FOMENTO PESQUERO,Campaña_Inv_Ver_2019.Proy.SeguimientoAmbiental,Aysen,13,461329.4,734345.5,2019-06-20,08:44:00,TEMPERATURA,10.066666666666666,20/06/2019 08:44:00,XI
127,ESTUDIO DEL DESEMPEÑO AMBIENTAL DE LA ACUICULTURA EN CHILE Y SU EFECTO EN LOS ECOSISTEMAS DE EMPLAZAMIENTO 2019-2020,Objetivo 1. Actividad 2. Muestreos y Analisis sedimentos,Gastón Vidal,INSTITUTO DE FOMENTO PESQUERO,Campaña_Inv_Ver_2019.Proy.SeguimientoAmbiental,Aysen,18,460557.7,735202.9,2019-06-21,14:01:00,TEMPERATURA,10.666666666666666,21/06/2019 14:01:00,XI
128,ESTUDIO DEL DESEMPEÑO AMBIENTAL DE LA ACUICULTURA EN CHILE Y SU EFECTO EN LOS ECOSISTEMAS DE EMPLAZAMIENTO 2019-2020,Objetivo 1. Actividad 2. Muestreos y Analisis sedimentos,Gastón Vidal,INSTITUTO DE FOMENTO PESQUERO,Campaña_Inv_Ver_2019.Proy.SeguimientoAmbiental,Aysen,19,460107.9,735645.7,2019-06-21,15:00:00,TEMPERATURA,10.699999999999998,21/06/2019 15:00:00,XI
129,ESTUDIO DEL DESEMPEÑO AMBIENTAL DE LA ACUICULTURA EN CHILE Y SU EFECTO EN LOS ECOSISTEMAS DE EMPLAZAMIENTO 2019-2020,Objetivo 1. Actividad 2. Muestreos y Analisis sedimentos,Gastón Vidal,INSTITUTO DE FOMENTO PESQUERO,Campaña_Inv_Ver_2019.Proy.SeguimientoAmbiental,Aysen,24,454429.7,740423.3,2019-06-16,15:20:00,TEMPERATURA,10.633333333333333,16/06/2019 15:20:00,XI
130,ESTUDIO DEL DESEMPEÑO AMBIENTAL DE LA ACUICULTURA EN CHILE Y SU EFECTO EN LOS ECOSISTEMAS DE EMPLAZAMIENTO 2019-2020,Objetivo 1. Actividad 2. Muestreos y Analisis sedimentos,Gastón Vidal,INSTITUTO DE FOMENTO PESQUERO,Campaña_Inv_Ver_2019.Proy.SeguimientoAmbiental,Aysen,25,454137.5,741704.6,2019-06-16,13:30:00,TEMPERATURA,10.533333333333333,16/06/2019 13:30:00,XI
131,ESTUDIO DEL DESEMPEÑO AMBIENTAL DE LA ACUICULTURA EN CHILE Y SU EFECTO EN LOS ECOSISTEMAS DE EMPLAZAMIENTO 2019-2020,Objetivo 1. Actividad 2. Muestreos y Analisis sedimentos,Gastón Vidal,INSTITUTO DE FOMENTO PESQUERO,Campaña_Inv_Ver_2019.Proy.SeguimientoAmbiental,Aysen,28,453351.4,741310.2,2019-06-16,11:55:00,TEMPERATURA,10.4,16/06/2019 11:55:00,XI
132,ESTUDIO DEL DESEMPEÑO AMBIENTAL DE LA ACUICULTURA EN CHILE Y SU EFECTO EN LOS ECOSISTEMAS DE EMPLAZAMIENTO 2019-2020,Objetivo 1. Actividad 2. Muestreos y Analisis sedimentos,Gastón Vidal,INSTITUTO DE FOMENTO PESQUERO,Campaña_Inv_Ver_2019.Proy.SeguimientoAmbiental,Aysen,30,452356.0,741521.0,2019-06-16,10:20:00,TEMPERATURA,9.8,16/06/2019 10:20:00,XI
133,ESTUDIO DEL DESEMPEÑO AMBIENTAL DE LA ACUICULTURA EN CHILE Y SU EFECTO EN LOS ECOSISTEMAS DE EMPLAZAMIENTO 2019-2020,Objetivo 1. Actividad 2. Muestreos y Analisis sedimentos,Gastón Vidal,INSTITUTO DE FOMENTO PESQUERO,Campaña_Inv_Ver_2019.Proy.SeguimientoAmbiental,Aysen,34,451659.5,734350.5,2019-06-23,11:00:00,TEMPERATURA,10.233333333333334,23/06/2019 11:00:00,XI
134,ESTUDIO DEL DESEMPEÑO AMBIENTAL DE LA ACUICULTURA EN CHILE Y SU EFECTO EN LOS ECOSISTEMAS DE EMPLAZAMIENTO 2019-2020,Objetivo 1. Actividad 2. Muestreos y Analisis sedimentos,Gastón Vidal,INSTITUTO DE FOMENTO PESQUERO,Campaña_Inv_Ver_2019.Proy.SeguimientoAmbiental,Coquimbo,1,300839.9,712256.3,2019-04-15,00:00:00,TEMPERATURA,14.533333333333333,15/04/2019 00:00:00,IV
135,ESTUDIO DEL DESEMPEÑO AMBIENTAL DE LA ACUICULTURA EN CHILE Y SU EFECTO EN LOS ECOSISTEMAS DE EMPLAZAMIENTO 2019-2020,Objetivo 1. Actividad 2. Muestreos y Analisis sedimentos,Gastón Vidal,INSTITUTO DE FOMENTO PESQUERO,Campaña_Inv_Ver_2019.Proy.SeguimientoAmbiental,Coquimbo,4,301121.0,712525.0,2019-04-15,00:00:00,TEMPERATURA,14.799999999999999,15/04/2019 00:00:00,IV
136,ESTUDIO DEL DESEMPEÑO AMBIENTAL DE LA ACUICULTURA EN CHILE Y SU EFECTO EN LOS ECOSISTEMAS DE EMPLAZAMIENTO 2019-2020,Objetivo 1. Actividad 2. Muestreos y Analisis sedimentos,Gastón Vidal,INSTITUTO DE FOMENTO PESQUERO,Campaña_Inv_Ver_2019.Proy.SeguimientoAmbiental,Coquimbo,5,301046.7,712617.5,2019-04-15,00:00:00,TEMPERATURA,14.333333333333334,15/04/2019 00:00:00,IV
137,ESTUDIO DEL DESEMPEÑO AMBIENTAL DE LA ACUICULTURA EN CHILE Y SU EFECTO EN LOS ECOSISTEMAS DE EMPLAZAMIENTO 2019-2020,Objetivo 1. Actividad 2. Muestreos y Analisis sedimentos,Gastón Vidal,INSTITUTO DE FOMENTO PESQUERO,Campaña_Inv_Ver_2019.Proy.SeguimientoAmbiental,Coquimbo,7,301455.9,712925.2,2019-04-15,00:00:00,TEMPERATURA,16.7,15/04/2019 00:00:00,IV
138,ESTUDIO DEL DESEMPEÑO AMBIENTAL DE LA ACUICULTURA EN CHILE Y SU EFECTO EN LOS ECOSISTEMAS DE EMPLAZAMIENTO 2019-2020,Objetivo 1. Actividad 2. Muestreos y Analisis sedimentos,Gastón Vidal,INSTITUTO DE FOMENTO PESQUERO,Campaña_Inv_Ver_2019.Proy.SeguimientoAmbiental,Coquimbo,9,301620.2,713032.0,2019-04-15,00:00:00,TEMPERATURA,16.23333333333333,15/04/2019 00:00:00,IV
139,ESTUDIO DEL DESEMPEÑO AMBIENTAL DE LA ACUICULTURA EN CHILE Y SU EFECTO EN LOS ECOSISTEMAS DE EMPLAZAMIENTO 2019-2020,Objetivo 1. Actividad 2. Muestreos y Analisis sedimentos,Gastón Vidal,INSTITUTO DE FOMENTO PESQUERO,Campaña_Inv_Ver_2019.Proy.SeguimientoAmbiental,Coquimbo,10,301612.8,713138.8,2019-04-15,00:00:00,TEMPERATURA,16.033333333333335,15/04/2019 00:00:00,IV
140,ESTUDIO DEL DESEMPEÑO AMBIENTAL DE LA ACUICULTURA EN CHILE Y SU EFECTO EN LOS ECOSISTEMAS DE EMPLAZAMIENTO 2019-2020,Objetivo 1. Actividad 2. Muestreos y Analisis sedimentos,Gastón Vidal,INSTITUTO DE FOMENTO PESQUERO,Campaña_Inv_Ver_2019.Proy.SeguimientoAmbiental,Coquimbo,13,301637.0,713306.7,2019-04-15,00:00:00,TEMPERATURA,16.166666666666668,15/04/2019 00:00:00,IV
141,ESTUDIO DEL DESEMPEÑO AMBIENTAL DE LA ACUICULTURA EN CHILE Y SU EFECTO EN LOS ECOSISTEMAS DE EMPLAZAMIENTO 2019-2020,Objetivo 1. Actividad 2. Muestreos y Analisis sedimentos,Gastón Vidal,INSTITUTO DE FOMENTO PESQUERO,Campaña_Inv_Ver_2019.Proy.SeguimientoAmbiental,Atacama,2,270625.2,705153.6,2019-04-11,00:00:00,TEMPERATURA,14.700000000000001,11/04/2019 00:00:00,III
142,ESTUDIO DEL DESEMPEÑO AMBIENTAL DE LA ACUICULTURA EN CHILE Y SU EFECTO EN LOS ECOSISTEMAS DE EMPLAZAMIENTO 2019-2020,Objetivo 1. Actividad 2. Muestreos y Analisis sedimentos,Gastón Vidal,INSTITUTO DE FOMENTO PESQUERO,Campaña_Inv_Ver_2019.Proy.SeguimientoAmbiental,Atacama,3,270705.4,705140.1,2019-04-11,00:00:00,TEMPERATURA,14.766666666666666,11/04/2019 00:00:00,III
143,ESTUDIO DEL DESEMPEÑO AMBIENTAL DE LA ACUICULTURA EN CHILE Y SU EFECTO EN LOS ECOSISTEMAS DE EMPLAZAMIENTO 2019-2020,Objetivo 1. Actividad 2. Muestreos y Analisis sedimentos,Gastón Vidal,INSTITUTO DE FOMENTO PESQUERO,Campaña_Inv_Ver_2019.Proy.SeguimientoAmbiental,Atacama,6,270657.6,705223.1,2019-04-11,00:00:00,TEMPERATURA,14.533333333333333,11/04/2019 00:00:00,III
144,ESTUDIO DEL DESEMPEÑO AMBIENTAL DE LA ACUICULTURA EN CHILE Y SU EFECTO EN LOS ECOSISTEMAS DE EMPLAZAMIENTO 2019-2020,Objetivo 1. Actividad 2. Muestreos y Analisis sedimentos,Gastón Vidal,INSTITUTO DE FOMENTO PESQUERO,Campaña_Inv_Ver_2019.Proy.SeguimientoAmbiental,Atacama,7,270740.8,705230.3,2019-04-11,00:00:00,TEMPERATURA,15.033333333333333,11/04/2019 00:00:00,III
145,ESTUDIO DEL DESEMPEÑO AMBIENTAL DE LA ACUICULTURA EN CHILE Y SU EFECTO EN LOS ECOSISTEMAS DE EMPLAZAMIENTO 2019-2020,Objetivo 1. Actividad 2. Muestreos y Analisis sedimentos,Gastón Vidal,INSTITUTO DE FOMENTO PESQUERO,Campaña_Inv_Ver_2019.Proy.SeguimientoAmbiental,Atacama,10,270730.7,705259.8,2019-04-11,00:00:00,TEMPERATURA,14.566666666666668,11/04/2019 00:00:00,III
146,ESTUDIO DEL DESEMPEÑO AMBIENTAL DE LA ACUICULTURA EN CHILE Y SU EFECTO EN LOS ECOSISTEMAS DE EMPLAZAMIENTO 2019-2020,Objetivo 1. Actividad 2. Muestreos y Analisis sedimentos,Gastón Vidal,INSTITUTO DE FOMENTO PESQUERO,Campaña_Inv_Ver_2019.Proy.SeguimientoAmbiental,Atacama,14,270756.6,705332.6,2019-04-11,00:00:00,TEMPERATURA,15.1,11/04/2019 00:00:00,III
147,ESTUDIO DEL DESEMPEÑO AMBIENTAL DE LA ACUICULTURA EN CHILE Y SU EFECTO EN LOS ECOSISTEMAS DE EMPLAZAMIENTO 2019-2020,Objetivo 1. Actividad 2. Muestreos y Analisis sedimentos,Gastón Vidal,INSTITUTO DE FOMENTO PESQUERO,Campaña_Inv_Ver_2019.Proy.SeguimientoAmbiental,Natales,2,513604.7,724301.6,2019-08-10,15:24:00,TEMPERATURA,6.733333333333333,10/08/2019 15:24:00,XII
148,ESTUDIO DEL DESEMPEÑO AMBIENTAL DE LA ACUICULTURA EN CHILE Y SU EFECTO EN LOS ECOSISTEMAS DE EMPLAZAMIENTO 2019-2020,Objetivo 1. Actividad 2. Muestreos y Analisis sedimentos,Gastón Vidal,INSTITUTO DE FOMENTO PESQUERO,Campaña_Inv_Ver_2019.Proy.SeguimientoAmbiental,Natales,3,514018.2,723753.1,2019-08-10,16:19:00,TEMPERATURA,5.8,10/08/2019 16:19:00,XII
149,ESTUDIO DEL DESEMPEÑO AMBIENTAL DE LA ACUICULTURA EN CHILE Y SU EFECTO EN LOS ECOSISTEMAS DE EMPLAZAMIENTO 2019-2020,Objetivo 1. Actividad 2. Muestreos y Analisis sedimentos,Gastón Vidal,INSTITUTO DE FOMENTO PESQUERO,Campaña_Inv_Ver_2019.Proy.SeguimientoAmbiental,Natales,5,514929.7,723739.8,2019-08-11,22:45:00,TEMPERATURA,6.833333333333333,11/08/2019 22:45:00,XII
150,ESTUDIO DEL DESEMPEÑO AMBIENTAL DE LA ACUICULTURA EN CHILE Y SU EFECTO EN LOS ECOSISTEMAS DE EMPLAZAMIENTO 2019-2020,Objetivo 1. Actividad 2. Muestreos y Analisis sedimentos,Gastón Vidal,INSTITUTO DE FOMENTO PESQUERO,Campaña_Inv_Ver_2019.Proy.SeguimientoAmbiental,Natales,9,514601.6,725405.0,2019-08-11,12:49:00,TEMPERATURA,5.033333333333333,11/08/2019 12:49:00,XII
151,ESTUDIO DEL DESEMPEÑO AMBIENTAL DE LA ACUICULTURA EN CHILE Y SU EFECTO EN LOS ECOSISTEMAS DE EMPLAZAMIENTO 2019-2020,Objetivo 1. Actividad 2. Muestreos y Analisis sedimentos,Gastón Vidal,INSTITUTO DE FOMENTO PESQUERO,Campaña_Inv_Ver_2019.Proy.SeguimientoAmbiental,Natales,10,520357.8,725602.0,2019-08-11,15:43:00,TEMPERATURA,6.966666666666666,11/08/2019 15:43:00,XII
152,ESTUDIO DEL DESEMPEÑO AMBIENTAL DE LA ACUICULTURA EN CHILE Y SU EFECTO EN LOS ECOSISTEMAS DE EMPLAZAMIENTO 2019-2020,Objetivo 1. Actividad 2. Muestreos y Analisis sedimentos,Gastón Vidal,INSTITUTO DE FOMENTO PESQUERO,Campaña_Inv_Ver_2019.Proy.SeguimientoAmbiental,Natales,11,521159.7,725703.6,2019-08-11,17:58:00,TEMPERATURA,7.466666666666666,11/08/2019 17:58:00,XII
153,ESTUDIO DEL DESEMPEÑO AMBIENTAL DE LA ACUICULTURA EN CHILE Y SU EFECTO EN LOS ECOSISTEMAS DE EMPLAZAMIENTO 2019-2020,Objetivo 1. Actividad 2. Muestreos y Analisis sedimentos,Gastón Vidal,INSTITUTO DE FOMENTO PESQUERO,Campaña_Inv_Ver_2019.Proy.SeguimientoAmbiental,Natales,13,521310.4,725226.1,2019-08-11,18:40:00,TEMPERATURA,7,11/08/2019 18:40:00,XII
154,ESTUDIO DEL DESEMPEÑO AMBIENTAL DE LA ACUICULTURA EN CHILE Y SU EFECTO EN LOS ECOSISTEMAS DE EMPLAZAMIENTO 2019-2020,Objetivo 1. Actividad 2. Muestreos y Analisis sedimentos,Gastón Vidal,INSTITUTO DE FOMENTO PESQUERO,Campaña_Inv_Ver_2019.Proy.SeguimientoAmbiental,Natales,14,520439.3,723937.6,2019-08-11,10:16:00,TEMPERATURA,7.1000000000000005,11/08/2019 10:16:00,XII
155,ESTUDIO DEL DESEMPEÑO AMBIENTAL DE LA ACUICULTURA EN CHILE Y SU EFECTO EN LOS ECOSISTEMAS DE EMPLAZAMIENTO 2019-2020,Objetivo 1. Actividad 2. Muestreos y Analisis sedimentos,Gastón Vidal,INSTITUTO DE FOMENTO PESQUERO,Campaña_Inv_Ver_2019.Proy.SeguimientoAmbiental,Bio-Bio,4,370959.6,733041.5,2019-07-24,00:00:00,TEMPERATURA,11.633333333333333,24/07/2019 00:00:00,VIII
156,ESTUDIO DEL DESEMPEÑO AMBIENTAL DE LA ACUICULTURA EN CHILE Y SU EFECTO EN LOS ECOSISTEMAS DE EMPLAZAMIENTO 2019-2020,Objetivo 1. Actividad 2. Muestreos y Analisis sedimentos,Gastón Vidal,INSTITUTO DE FOMENTO PESQUERO,Campaña_Inv_Ver_2019.Proy.SeguimientoAmbiental,Bio-Bio,5,371343.6,732125.3,2019-07-24,00:00:00,TEMPERATURA,12.799999999999999,24/07/2019 00:00:00,VIII
157,ESTUDIO DEL DESEMPEÑO AMBIENTAL DE LA ACUICULTURA EN CHILE Y SU EFECTO EN LOS ECOSISTEMAS DE EMPLAZAMIENTO 2019-2020,Objetivo 1. Actividad 2. Muestreos y Analisis sedimentos,Gastón Vidal,INSTITUTO DE FOMENTO PESQUERO,Campaña_Inv_Ver_2019.Proy.SeguimientoAmbiental,Bio-Bio,8,371341.8,731932.2,2019-07-24,00:00:00,TEMPERATURA,13.366666666666667,24/07/2019 00:00:00,VIII
158,ESTUDIO DEL DESEMPEÑO AMBIENTAL DE LA ACUICULTURA EN CHILE Y SU EFECTO EN LOS ECOSISTEMAS DE EMPLAZAMIENTO 2019-2020,Objetivo 1. Actividad 2. Muestreos y Analisis sedimentos,Gastón Vidal,INSTITUTO DE FOMENTO PESQUERO,Campaña_Inv_Ver_2019.Proy.SeguimientoAmbiental,Bio-Bio,9,371000.1,731213.8,2019-07-24,00:00:00,TEMPERATURA,12.933333333333332,24/07/2019 00:00:00,VIII
159,ESTUDIO DEL DESEMPEÑO AMBIENTAL DE LA ACUICULTURA EN CHILE Y SU EFECTO EN LOS ECOSISTEMAS DE EMPLAZAMIENTO 2019-2020,Objetivo 1. Actividad 2. Muestreos y Analisis sedimentos,Gastón Vidal,INSTITUTO DE FOMENTO PESQUERO,Campaña_Inv_Ver_2019.Proy.SeguimientoAmbiental,Bio-Bio,11,370916.3,731140.2,2019-07-24,00:00:00,TEMPERATURA,13,24/07/2019 00:00:00,VIII
160,ESTUDIO DEL DESEMPEÑO AMBIENTAL DE LA ACUICULTURA EN CHILE Y SU EFECTO EN LOS ECOSISTEMAS DE EMPLAZAMIENTO 2019-2020,Objetivo 1. Actividad 2. Muestreos y Analisis sedimentos,Gastón Vidal,INSTITUTO DE FOMENTO PESQUERO,Campaña_Inv_Ver_2019.Proy.SeguimientoAmbiental,Bio-Bio,14,370638.2,730929.6,2019-07-24,00:00:00,TEMPERATURA,13.033333333333333,24/07/2019 00:00:00,VIII
161,ESTUDIO DEL DESEMPEÑO AMBIENTAL DE LA ACUICULTURA EN CHILE Y SU EFECTO EN LOS ECOSISTEMAS DE EMPLAZAMIENTO 2019-2020,Objetivo 1. Actividad 2. Muestreos y Analisis sedimentos,Gastón Vidal,INSTITUTO DE FOMENTO PESQUERO,Campaña_Inv_Ver_2019.Proy.SeguimientoAmbiental,Bio-Bio,15,370411.4,730956.2,2019-07-24,00:00:00,TEMPERATURA,13.133333333333335,24/07/2019 00:00:00,VIII
162,ESTUDIO DEL DESEMPEÑO AMBIENTAL DE LA ACUICULTURA EN CHILE Y SU EFECTO EN LOS ECOSISTEMAS DE EMPLAZAMIENTO 2019-2020,Objetivo 1. Actividad 2. Muestreos y Analisis sedimentos,Gastón Vidal,INSTITUTO DE FOMENTO PESQUERO,Campaña_Inv_Ver_2019.Proy.SeguimientoAmbiental,Bio-Bio,19,370243.4,730851.0,2019-07-24,00:00:00,TEMPERATURA,12.443333333333333,24/07/2019 00:00:00,VIII
163,ESTUDIO DEL DESEMPEÑO AMBIENTAL DE LA ACUICULTURA EN CHILE Y SU EFECTO EN LOS ECOSISTEMAS DE EMPLAZAMIENTO 2019-2020,Objetivo 1. Actividad 2. Muestreos y Analisis sedimentos,Gastón Vidal,INSTITUTO DE FOMENTO PESQUERO,Campaña_Inv_Ver_2019.Proy.SeguimientoAmbiental,Valdivia,1,395105.7,731901.5,2019-07-26,00:00:00,TEMPERATURA,9.033333333333333,26/07/2019 00:00:00,XIV
164,ESTUDIO DEL DESEMPEÑO AMBIENTAL DE LA ACUICULTURA EN CHILE Y SU EFECTO EN LOS ECOSISTEMAS DE EMPLAZAMIENTO 2019-2020,Objetivo 1. Actividad 2. Muestreos y Analisis sedimentos,Gastón Vidal,INSTITUTO DE FOMENTO PESQUERO,Campaña_Inv_Ver_2019.Proy.SeguimientoAmbiental,Valdivia,2,395119.5,731905.4,2019-07-26,00:00:00,TEMPERATURA,9.3,26/07/2019 00:00:00,XIV
165,ESTUDIO DEL DESEMPEÑO AMBIENTAL DE LA ACUICULTURA EN CHILE Y SU EFECTO EN LOS ECOSISTEMAS DE EMPLAZAMIENTO 2019-2020,Objetivo 1. Actividad 2. Muestreos y Analisis sedimentos,Gastón Vidal,INSTITUTO DE FOMENTO PESQUERO,Campaña_Inv_Ver_2019.Proy.SeguimientoAmbiental,Valdivia,3,395156.9,732058.2,2019-07-26,00:00:00,TEMPERATURA,9.133333333333333,26/07/2019 00:00:00,XIV
166,ESTUDIO DEL DESEMPEÑO AMBIENTAL DE LA ACUICULTURA EN CHILE Y SU EFECTO EN LOS ECOSISTEMAS DE EMPLAZAMIENTO 2019-2020,Objetivo 1. Actividad 2. Muestreos y Analisis sedimentos,Gastón Vidal,INSTITUTO DE FOMENTO PESQUERO,Campaña_Inv_Ver_2019.Proy.SeguimientoAmbiental,Valdivia,4,395153.8,732138.8,2019-07-26,00:00:00,TEMPERATURA,9.033333333333333,26/07/2019 00:00:00,XIV
167,ESTUDIO DEL DESEMPEÑO AMBIENTAL DE LA ACUICULTURA EN CHILE Y SU EFECTO EN LOS ECOSISTEMAS DE EMPLAZAMIENTO 2019-2020,Objetivo 1. Actividad 2. Muestreos y Analisis sedimentos,Gastón Vidal,INSTITUTO DE FOMENTO PESQUERO,Campaña_Inv_Ver_2019.Proy.SeguimientoAmbiental,Valdivia,6,395246.5,732253.5,2019-07-26,00:00:00,TEMPERATURA,9.5,26/07/2019 00:00:00,XIV
168,ESTUDIO DEL DESEMPEÑO AMBIENTAL DE LA ACUICULTURA EN CHILE Y SU EFECTO EN LOS ECOSISTEMAS DE EMPLAZAMIENTO 2019-2020,Objetivo 1. Actividad 2. Muestreos y Analisis sedimentos,Gastón Vidal,INSTITUTO DE FOMENTO PESQUERO,Campaña_Inv_Ver_2019.Proy.SeguimientoAmbiental,Valdivia,9,395336.9,732146.5,2019-07-26,00:00:00,TEMPERATURA,11.033333333333333,26/07/2019 00:00:00,XIV
169,ESTUDIO DEL DESEMPEÑO AMBIENTAL DE LA ACUICULTURA EN CHILE Y SU EFECTO EN LOS ECOSISTEMAS DE EMPLAZAMIENTO 2019-2020,Objetivo 1. Actividad 2. Muestreos y Analisis sedimentos,Gastón Vidal,INSTITUTO DE FOMENTO PESQUERO,Campaña_Inv_Ver_2019.Proy.SeguimientoAmbiental,Valdivia,11,395335.9,732219.4,2019-07-26,00:00:00,TEMPERATURA,10.366666666666667,26/07/2019 00:00:00,XIV
170,ESTUDIO DEL DESEMPEÑO AMBIENTAL DE LA ACUICULTURA EN CHILE Y SU EFECTO EN LOS ECOSISTEMAS DE EMPLAZAMIENTO 2019-2020,Objetivo 1. Actividad 2. Muestreos y Analisis sedimentos,Gastón Vidal,INSTITUTO DE FOMENTO PESQUERO,Campaña_Inv_Ver_2019.Proy.SeguimientoAmbiental,Valdivia,15,395547.5,732341.2,2019-07-26,00:00:00,TEMPERATURA,10.533333333333333,26/07/2019 00:00:00,XIV
1,ESTUDIO DEL DESEMPEÑO AMBIENTAL DE LA ACUICULTURA EN CHILE Y SU EFECTO EN LOS ECOSISTEMAS DE EMPLAZAMIENTO 2019-2020,Objetivo 1. Actividad 2. Muestreos y Analisis sedimentos,Gastón Vidal,INSTITUTO DE FOMENTO PESQUERO,Campaña_Inv_Ver_2019.Proy.SeguimientoAmbiental,Estuario,1,412614.9,721747.9,2019-05-10,15:55:00,REDOX EHNHE,126.96666666666665,10/05/2019 15:55:00,X
2,ESTUDIO DEL DESEMPEÑO AMBIENTAL DE LA ACUICULTURA EN CHILE Y SU EFECTO EN LOS ECOSISTEMAS DE EMPLAZAMIENTO 2019-2020,Objetivo 1. Actividad 2. Muestreos y Analisis sedimentos,Gastón Vidal,INSTITUTO DE FOMENTO PESQUERO,Campaña_Inv_Ver_2019.Proy.SeguimientoAmbiental,Estuario,2,412807.3,721843.5,2019-05-10,16:40:00,REDOX EHNHE,196.4666666666667,10/05/2019 16:40:00,X
3,ESTUDIO DEL DESEMPEÑO AMBIENTAL DE LA ACUICULTURA EN CHILE Y SU EFECTO EN LOS ECOSISTEMAS DE EMPLAZAMIENTO 2019-2020,Objetivo 1. Actividad 2. Muestreos y Analisis sedimentos,Gastón Vidal,INSTITUTO DE FOMENTO PESQUERO,Campaña_Inv_Ver_2019.Proy.SeguimientoAmbiental,Estuario,3,412945.4,721845.5,2019-05-10,14:55:00,REDOX EHNHE,397.8999999999999,10/05/2019 14:55:00,X
4,ESTUDIO DEL DESEMPEÑO AMBIENTAL DE LA ACUICULTURA EN CHILE Y SU EFECTO EN LOS ECOSISTEMAS DE EMPLAZAMIENTO 2019-2020,Objetivo 1. Actividad 2. Muestreos y Analisis sedimentos,Gastón Vidal,INSTITUTO DE FOMENTO PESQUERO,Campaña_Inv_Ver_2019.Proy.SeguimientoAmbiental,Estuario,5,413039.3,721721.1,2019-05-10,12:55:00,REDOX EHNHE,150.83333333333334,10/05/2019 12:55:00,X
5,ESTUDIO DEL DESEMPEÑO AMBIENTAL DE LA ACUICULTURA EN CHILE Y SU EFECTO EN LOS ECOSISTEMAS DE EMPLAZAMIENTO 2019-2020,Objetivo 1. Actividad 2. Muestreos y Analisis sedimentos,Gastón Vidal,INSTITUTO DE FOMENTO PESQUERO,Campaña_Inv_Ver_2019.Proy.SeguimientoAmbiental,Estuario,6,413132.6,722021.4,2019-05-10,11:18:00,REDOX EHNHE,260.3,10/05/2019 11:18:00,X
6,ESTUDIO DEL DESEMPEÑO AMBIENTAL DE LA ACUICULTURA EN CHILE Y SU EFECTO EN LOS ECOSISTEMAS DE EMPLAZAMIENTO 2019-2020,Objetivo 1. Actividad 2. Muestreos y Analisis sedimentos,Gastón Vidal,INSTITUTO DE FOMENTO PESQUERO,Campaña_Inv_Ver_2019.Proy.SeguimientoAmbiental,Estuario,7,413157.8,721802.6,2019-05-10,12:20:00,REDOX EHNHE,233.46666666666667,10/05/2019 12:20:00,X
7,ESTUDIO DEL DESEMPEÑO AMBIENTAL DE LA ACUICULTURA EN CHILE Y SU EFECTO EN LOS ECOSISTEMAS DE EMPLAZAMIENTO 2019-2020,Objetivo 1. Actividad 2. Muestreos y Analisis sedimentos,Gastón Vidal,INSTITUTO DE FOMENTO PESQUERO,Campaña_Inv_Ver_2019.Proy.SeguimientoAmbiental,Estuario,8,413533.0,722110.7,2019-05-10,10:25:00,REDOX EHNHE,223.26666666666665,10/05/2019 10:25:00,X
8,ESTUDIO DEL DESEMPEÑO AMBIENTAL DE LA ACUICULTURA EN CHILE Y SU EFECTO EN LOS ECOSISTEMAS DE EMPLAZAMIENTO 2019-2020,Objetivo 1. Actividad 2. Muestreos y Analisis sedimentos,Gastón Vidal,INSTITUTO DE FOMENTO PESQUERO,Campaña_Inv_Ver_2019.Proy.SeguimientoAmbiental,Estuario,12,413938.3,722058.9,2019-05-10,09:55:00,REDOX EHNHE,160.4,10/05/2019 09:55:00,X
9,ESTUDIO DEL DESEMPEÑO AMBIENTAL DE LA ACUICULTURA EN CHILE Y SU EFECTO EN LOS ECOSISTEMAS DE EMPLAZAMIENTO 2019-2020,Objetivo 1. Actividad 2. Muestreos y Analisis sedimentos,Gastón Vidal,INSTITUTO DE FOMENTO PESQUERO,Campaña_Inv_Ver_2019.Proy.SeguimientoAmbiental,Estuario,17,414052.7,722801.1,2019-05-10,09:02:00,REDOX EHNHE,418.3666666666666,10/05/2019 09:02:00,X
10,ESTUDIO DEL DESEMPEÑO AMBIENTAL DE LA ACUICULTURA EN CHILE Y SU EFECTO EN LOS ECOSISTEMAS DE EMPLAZAMIENTO 2019-2020,Objetivo 1. Actividad 2. Muestreos y Analisis sedimentos,Gastón Vidal,INSTITUTO DE FOMENTO PESQUERO,Campaña_Inv_Ver_2019.Proy.SeguimientoAmbiental,Estuario,21,414330.8,723048.5,2019-05-10,08:15:00,REDOX EHNHE,448.59999999999997,10/05/2019 08:15:00,X
11,ESTUDIO DEL DESEMPEÑO AMBIENTAL DE LA ACUICULTURA EN CHILE Y SU EFECTO EN LOS ECOSISTEMAS DE EMPLAZAMIENTO 2019-2020,Objetivo 1. Actividad 2. Muestreos y Analisis sedimentos,Gastón Vidal,INSTITUTO DE FOMENTO PESQUERO,Campaña_Inv_Ver_2019.Proy.SeguimientoAmbiental,Reloncavi,3,415420.9,725230.7,2019-05-12,15:40:00,REDOX EHNHE,487.7,12/05/2019 15:40:00,X
12,ESTUDIO DEL DESEMPEÑO AMBIENTAL DE LA ACUICULTURA EN CHILE Y SU EFECTO EN LOS ECOSISTEMAS DE EMPLAZAMIENTO 2019-2020,Objetivo 1. Actividad 2. Muestreos y Analisis sedimentos,Gastón Vidal,INSTITUTO DE FOMENTO PESQUERO,Campaña_Inv_Ver_2019.Proy.SeguimientoAmbiental,Reloncavi,4,415223.0,725351.4,2019-05-12,00:00:00,REDOX EHNHE,509.76666666666665,12/05/2019 00:00:00,X
13,ESTUDIO DEL DESEMPEÑO AMBIENTAL DE LA ACUICULTURA EN CHILE Y SU EFECTO EN LOS ECOSISTEMAS DE EMPLAZAMIENTO 2019-2020,Objetivo 1. Actividad 2. Muestreos y Analisis sedimentos,Gastón Vidal,INSTITUTO DE FOMENTO PESQUERO,Campaña_Inv_Ver_2019.Proy.SeguimientoAmbiental,Reloncavi,5,415307.1,725602.6,2019-05-12,00:00:00,REDOX EHNHE,500.73333333333335,12/05/2019 00:00:00,X
14,ESTUDIO DEL DESEMPEÑO AMBIENTAL DE LA ACUICULTURA EN CHILE Y SU EFECTO EN LOS ECOSISTEMAS DE EMPLAZAMIENTO 2019-2020,Objetivo 1. Actividad 2. Muestreos y Analisis sedimentos,Gastón Vidal,INSTITUTO DE FOMENTO PESQUERO,Campaña_Inv_Ver_2019.Proy.SeguimientoAmbiental,Reloncavi,7,414413.7,730243.4,2019-05-30,11:00:00,REDOX EHNHE,388.73333333333335,30/05/2019 11:00:00,X
15,ESTUDIO DEL DESEMPEÑO AMBIENTAL DE LA ACUICULTURA EN CHILE Y SU EFECTO EN LOS ECOSISTEMAS DE EMPLAZAMIENTO 2019-2020,Objetivo 1. Actividad 2. Muestreos y Analisis sedimentos,Gastón Vidal,INSTITUTO DE FOMENTO PESQUERO,Campaña_Inv_Ver_2019.Proy.SeguimientoAmbiental,Reloncavi,13,412948.4,725730.9,2019-05-09,00:00:00,REDOX EHNHE,364.2,09/05/2019 00:00:00,X
16,ESTUDIO DEL DESEMPEÑO AMBIENTAL DE LA ACUICULTURA EN CHILE Y SU EFECTO EN LOS ECOSISTEMAS DE EMPLAZAMIENTO 2019-2020,Objetivo 1. Actividad 2. Muestreos y Analisis sedimentos,Gastón Vidal,INSTITUTO DE FOMENTO PESQUERO,Campaña_Inv_Ver_2019.Proy.SeguimientoAmbiental,Reloncavi,15,413105.3,724724.2,2019-05-09,00:00:00,REDOX EHNHE,527.1666666666666,09/05/2019 00:00:00,X
17,ESTUDIO DEL DESEMPEÑO AMBIENTAL DE LA ACUICULTURA EN CHILE Y SU EFECTO EN LOS ECOSISTEMAS DE EMPLAZAMIENTO 2019-2020,Objetivo 1. Actividad 2. Muestreos y Analisis sedimentos,Gastón Vidal,INSTITUTO DE FOMENTO PESQUERO,Campaña_Inv_Ver_2019.Proy.SeguimientoAmbiental,Reloncavi,17,413450.6,724336.9,2019-05-09,00:00:00,REDOX EHNHE,408.3,09/05/2019 00:00:00,X
18,ESTUDIO DEL DESEMPEÑO AMBIENTAL DE LA ACUICULTURA EN CHILE Y SU EFECTO EN LOS ECOSISTEMAS DE EMPLAZAMIENTO 2019-2020,Objetivo 1. Actividad 2. Muestreos y Analisis sedimentos,Gastón Vidal,INSTITUTO DE FOMENTO PESQUERO,Campaña_Inv_Ver_2019.Proy.SeguimientoAmbiental,Reloncavi,19,413707.8,724152.2,2019-05-09,00:00:00,REDOX EHNHE,391.40000000000003,09/05/2019 00:00:00,X
19,ESTUDIO DEL DESEMPEÑO AMBIENTAL DE LA ACUICULTURA EN CHILE Y SU EFECTO EN LOS ECOSISTEMAS DE EMPLAZAMIENTO 2019-2020,Objetivo 1. Actividad 2. Muestreos y Analisis sedimentos,Gastón Vidal,INSTITUTO DE FOMENTO PESQUERO,Campaña_Inv_Ver_2019.Proy.SeguimientoAmbiental,Reloncavi,21,413751.5,724023.2,2019-05-09,00:00:00,REDOX EHNHE,337.59999999999997,09/05/2019 00:00:00,X
20,ESTUDIO DEL DESEMPEÑO AMBIENTAL DE LA ACUICULTURA EN CHILE Y SU EFECTO EN LOS ECOSISTEMAS DE EMPLAZAMIENTO 2019-2020,Objetivo 1. Actividad 2. Muestreos y Analisis sedimentos,Gastón Vidal,INSTITUTO DE FOMENTO PESQUERO,Campaña_Inv_Ver_2019.Proy.SeguimientoAmbiental,Reloncavi,25,414943.9,724718.2,2019-05-12,14:30:00,REDOX EHNHE,484.8333333333333,12/05/2019 14:30:00,X
21,ESTUDIO DEL DESEMPEÑO AMBIENTAL DE LA ACUICULTURA EN CHILE Y SU EFECTO EN LOS ECOSISTEMAS DE EMPLAZAMIENTO 2019-2020,Objetivo 1. Actividad 2. Muestreos y Analisis sedimentos,Gastón Vidal,INSTITUTO DE FOMENTO PESQUERO,Campaña_Inv_Ver_2019.Proy.SeguimientoAmbiental,Calbuco,1,414442.2,730610.3,2019-05-30,00:00:00,REDOX EHNHE,145.29999999999998,30/05/2019 00:00:00,X
22,ESTUDIO DEL DESEMPEÑO AMBIENTAL DE LA ACUICULTURA EN CHILE Y SU EFECTO EN LOS ECOSISTEMAS DE EMPLAZAMIENTO 2019-2020,Objetivo 1. Actividad 2. Muestreos y Analisis sedimentos,Gastón Vidal,INSTITUTO DE FOMENTO PESQUERO,Campaña_Inv_Ver_2019.Proy.SeguimientoAmbiental,Calbuco,2,414630.1,730505.2,2019-05-30,00:00:00,REDOX EHNHE,385.73333333333335,30/05/2019 00:00:00,X
23,ESTUDIO DEL DESEMPEÑO AMBIENTAL DE LA ACUICULTURA EN CHILE Y SU EFECTO EN LOS ECOSISTEMAS DE EMPLAZAMIENTO 2019-2020,Objetivo 1. Actividad 2. Muestreos y Analisis sedimentos,Gastón Vidal,INSTITUTO DE FOMENTO PESQUERO,Campaña_Inv_Ver_2019.Proy.SeguimientoAmbiental,Calbuco,8,414314.7,730933.2,2019-05-30,13:15:00,REDOX EHNHE,308.3666666666667,30/05/2019 13:15:00,X
24,ESTUDIO DEL DESEMPEÑO AMBIENTAL DE LA ACUICULTURA EN CHILE Y SU EFECTO EN LOS ECOSISTEMAS DE EMPLAZAMIENTO 2019-2020,Objetivo 1. Actividad 2. Muestreos y Analisis sedimentos,Gastón Vidal,INSTITUTO DE FOMENTO PESQUERO,Campaña_Inv_Ver_2019.Proy.SeguimientoAmbiental,Calbuco,16,414822.6,731018.3,2019-06-02,00:00:00,REDOX EHNHE,429.5333333333333,02/06/2019 00:00:00,X
25,ESTUDIO DEL DESEMPEÑO AMBIENTAL DE LA ACUICULTURA EN CHILE Y SU EFECTO EN LOS ECOSISTEMAS DE EMPLAZAMIENTO 2019-2020,Objetivo 1. Actividad 2. Muestreos y Analisis sedimentos,Gastón Vidal,INSTITUTO DE FOMENTO PESQUERO,Campaña_Inv_Ver_2019.Proy.SeguimientoAmbiental,Calbuco,22,414705.8,730505.2,2019-05-30,00:00:00,REDOX EHNHE,353.36666666666673,30/05/2019 00:00:00,X
26,ESTUDIO DEL DESEMPEÑO AMBIENTAL DE LA ACUICULTURA EN CHILE Y SU EFECTO EN LOS ECOSISTEMAS DE EMPLAZAMIENTO 2019-2020,Objetivo 1. Actividad 2. Muestreos y Analisis sedimentos,Gastón Vidal,INSTITUTO DE FOMENTO PESQUERO,Campaña_Inv_Ver_2019.Proy.SeguimientoAmbiental,Calbuco,26,415016.4,730447.2,2019-05-30,15:00:00,REDOX EHNHE,401.09999999999997,30/05/2019 15:00:00,X
27,ESTUDIO DEL DESEMPEÑO AMBIENTAL DE LA ACUICULTURA EN CHILE Y SU EFECTO EN LOS ECOSISTEMAS DE EMPLAZAMIENTO 2019-2020,Objetivo 1. Actividad 2. Muestreos y Analisis sedimentos,Gastón Vidal,INSTITUTO DE FOMENTO PESQUERO,Campaña_Inv_Ver_2019.Proy.SeguimientoAmbiental,Calbuco,27,414959.8,730629.1,2019-05-30,00:00:00,REDOX EHNHE,-10.299999999999992,30/05/2019 00:00:00,X
28,ESTUDIO DEL DESEMPEÑO AMBIENTAL DE LA ACUICULTURA EN CHILE Y SU EFECTO EN LOS ECOSISTEMAS DE EMPLAZAMIENTO 2019-2020,Objetivo 1. Actividad 2. Muestreos y Analisis sedimentos,Gastón Vidal,INSTITUTO DE FOMENTO PESQUERO,Campaña_Inv_Ver_2019.Proy.SeguimientoAmbiental,Calbuco,30,415019.0,730822.5,2019-05-30,16:20:00,REDOX EHNHE,278.96666666666664,30/05/2019 16:20:00,X
29,ESTUDIO DEL DESEMPEÑO AMBIENTAL DE LA ACUICULTURA EN CHILE Y SU EFECTO EN LOS ECOSISTEMAS DE EMPLAZAMIENTO 2019-2020,Objetivo 1. Actividad 2. Muestreos y Analisis sedimentos,Gastón Vidal,INSTITUTO DE FOMENTO PESQUERO,Campaña_Inv_Ver_2019.Proy.SeguimientoAmbiental,Chacao,2,415659.3,733134.3,2019-06-02,00:00:00,REDOX EHNHE,447.2,02/06/2019 00:00:00,X
30,ESTUDIO DEL DESEMPEÑO AMBIENTAL DE LA ACUICULTURA EN CHILE Y SU EFECTO EN LOS ECOSISTEMAS DE EMPLAZAMIENTO 2019-2020,Objetivo 1. Actividad 2. Muestreos y Analisis sedimentos,Gastón Vidal,INSTITUTO DE FOMENTO PESQUERO,Campaña_Inv_Ver_2019.Proy.SeguimientoAmbiental,Chacao,6,415415.1,732906.8,2019-06-02,16:46:00,REDOX EHNHE,344.90000000000003,02/06/2019 16:46:00,X
31,ESTUDIO DEL DESEMPEÑO AMBIENTAL DE LA ACUICULTURA EN CHILE Y SU EFECTO EN LOS ECOSISTEMAS DE EMPLAZAMIENTO 2019-2020,Objetivo 1. Actividad 2. Muestreos y Analisis sedimentos,Gastón Vidal,INSTITUTO DE FOMENTO PESQUERO,Campaña_Inv_Ver_2019.Proy.SeguimientoAmbiental,Chacao,12,415217.3,733107.9,2019-06-02,16:00:00,REDOX EHNHE,386.6333333333334,02/06/2019 16:00:00,X
32,ESTUDIO DEL DESEMPEÑO AMBIENTAL DE LA ACUICULTURA EN CHILE Y SU EFECTO EN LOS ECOSISTEMAS DE EMPLAZAMIENTO 2019-2020,Objetivo 1. Actividad 2. Muestreos y Analisis sedimentos,Gastón Vidal,INSTITUTO DE FOMENTO PESQUERO,Campaña_Inv_Ver_2019.Proy.SeguimientoAmbiental,Chacao,14,415115.7,732851.2,2019-06-02,15:18:00,REDOX EHNHE,526.4333333333334,02/06/2019 15:18:00,X
33,ESTUDIO DEL DESEMPEÑO AMBIENTAL DE LA ACUICULTURA EN CHILE Y SU EFECTO EN LOS ECOSISTEMAS DE EMPLAZAMIENTO 2019-2020,Objetivo 1. Actividad 2. Muestreos y Analisis sedimentos,Gastón Vidal,INSTITUTO DE FOMENTO PESQUERO,Campaña_Inv_Ver_2019.Proy.SeguimientoAmbiental,Butachauques,1,421917.6,731519.1,2019-06-06,00:00:00,REDOX EHNHE,504.5,06/06/2019 00:00:00,X
34,ESTUDIO DEL DESEMPEÑO AMBIENTAL DE LA ACUICULTURA EN CHILE Y SU EFECTO EN LOS ECOSISTEMAS DE EMPLAZAMIENTO 2019-2020,Objetivo 1. Actividad 2. Muestreos y Analisis sedimentos,Gastón Vidal,INSTITUTO DE FOMENTO PESQUERO,Campaña_Inv_Ver_2019.Proy.SeguimientoAmbiental,Butachauques,3,421702.6,731506.7,2019-06-06,00:00:00,REDOX EHNHE,564.4,06/06/2019 00:00:00,X
35,ESTUDIO DEL DESEMPEÑO AMBIENTAL DE LA ACUICULTURA EN CHILE Y SU EFECTO EN LOS ECOSISTEMAS DE EMPLAZAMIENTO 2019-2020,Objetivo 1. Actividad 2. Muestreos y Analisis sedimentos,Gastón Vidal,INSTITUTO DE FOMENTO PESQUERO,Campaña_Inv_Ver_2019.Proy.SeguimientoAmbiental,Butachauques,7,421556.3,730936.2,2019-06-06,00:00:00,REDOX EHNHE,516.6333333333333,06/06/2019 00:00:00,X
36,ESTUDIO DEL DESEMPEÑO AMBIENTAL DE LA ACUICULTURA EN CHILE Y SU EFECTO EN LOS ECOSISTEMAS DE EMPLAZAMIENTO 2019-2020,Objetivo 1. Actividad 2. Muestreos y Analisis sedimentos,Gastón Vidal,INSTITUTO DE FOMENTO PESQUERO,Campaña_Inv_Ver_2019.Proy.SeguimientoAmbiental,Butachauques,10,421645.3,732049.7,2019-06-03,00:00:00,REDOX EHNHE,506.4666666666667,03/06/2019 00:00:00,X
37,ESTUDIO DEL DESEMPEÑO AMBIENTAL DE LA ACUICULTURA EN CHILE Y SU EFECTO EN LOS ECOSISTEMAS DE EMPLAZAMIENTO 2019-2020,Objetivo 1. Actividad 2. Muestreos y Analisis sedimentos,Gastón Vidal,INSTITUTO DE FOMENTO PESQUERO,Campaña_Inv_Ver_2019.Proy.SeguimientoAmbiental,Butachauques,12,421224.4,732358.0,2019-06-03,00:00:00,REDOX EHNHE,421.3333333333333,03/06/2019 00:00:00,X
38,ESTUDIO DEL DESEMPEÑO AMBIENTAL DE LA ACUICULTURA EN CHILE Y SU EFECTO EN LOS ECOSISTEMAS DE EMPLAZAMIENTO 2019-2020,Objetivo 1. Actividad 2. Muestreos y Analisis sedimentos,Gastón Vidal,INSTITUTO DE FOMENTO PESQUERO,Campaña_Inv_Ver_2019.Proy.SeguimientoAmbiental,Butachauques,13,421021.7,732609.5,2019-06-03,09:20:00,REDOX EHNHE,455.6000000000001,03/06/2019 09:20:00,X
39,ESTUDIO DEL DESEMPEÑO AMBIENTAL DE LA ACUICULTURA EN CHILE Y SU EFECTO EN LOS ECOSISTEMAS DE EMPLAZAMIENTO 2019-2020,Objetivo 1. Actividad 2. Muestreos y Analisis sedimentos,Gastón Vidal,INSTITUTO DE FOMENTO PESQUERO,Campaña_Inv_Ver_2019.Proy.SeguimientoAmbiental,Butachauques,14,420929.5,732804.6,2019-06-03,08:35:00,REDOX EHNHE,453.4333333333334,03/06/2019 08:35:00,X
40,ESTUDIO DEL DESEMPEÑO AMBIENTAL DE LA ACUICULTURA EN CHILE Y SU EFECTO EN LOS ECOSISTEMAS DE EMPLAZAMIENTO 2019-2020,Objetivo 1. Actividad 2. Muestreos y Analisis sedimentos,Gastón Vidal,INSTITUTO DE FOMENTO PESQUERO,Campaña_Inv_Ver_2019.Proy.SeguimientoAmbiental,Chaulinec,3,423622.9,731526.5,2019-06-08,08:11:00,REDOX EHNHE,471.90000000000003,08/06/2019 08:11:00,X
41,ESTUDIO DEL DESEMPEÑO AMBIENTAL DE LA ACUICULTURA EN CHILE Y SU EFECTO EN LOS ECOSISTEMAS DE EMPLAZAMIENTO 2019-2020,Objetivo 1. Actividad 2. Muestreos y Analisis sedimentos,Gastón Vidal,INSTITUTO DE FOMENTO PESQUERO,Campaña_Inv_Ver_2019.Proy.SeguimientoAmbiental,Chaulinec,4,423422.1,731353.2,2019-06-08,08:45:00,REDOX EHNHE,487.0333333333333,08/06/2019 08:45:00,X
42,ESTUDIO DEL DESEMPEÑO AMBIENTAL DE LA ACUICULTURA EN CHILE Y SU EFECTO EN LOS ECOSISTEMAS DE EMPLAZAMIENTO 2019-2020,Objetivo 1. Actividad 2. Muestreos y Analisis sedimentos,Gastón Vidal,INSTITUTO DE FOMENTO PESQUERO,Campaña_Inv_Ver_2019.Proy.SeguimientoAmbiental,Chaulinec,7,422803.3,732256.7,2019-06-06,00:00:00,REDOX EHNHE,547.6666666666666,06/06/2019 00:00:00,X
43,ESTUDIO DEL DESEMPEÑO AMBIENTAL DE LA ACUICULTURA EN CHILE Y SU EFECTO EN LOS ECOSISTEMAS DE EMPLAZAMIENTO 2019-2020,Objetivo 1. Actividad 2. Muestreos y Analisis sedimentos,Gastón Vidal,INSTITUTO DE FOMENTO PESQUERO,Campaña_Inv_Ver_2019.Proy.SeguimientoAmbiental,Chaulinec,10,422429.1,731921.4,2019-06-06,00:00:00,REDOX EHNHE,502,06/06/2019 00:00:00,X
44,ESTUDIO DEL DESEMPEÑO AMBIENTAL DE LA ACUICULTURA EN CHILE Y SU EFECTO EN LOS ECOSISTEMAS DE EMPLAZAMIENTO 2019-2020,Objetivo 1. Actividad 2. Muestreos y Analisis sedimentos,Gastón Vidal,INSTITUTO DE FOMENTO PESQUERO,Campaña_Inv_Ver_2019.Proy.SeguimientoAmbiental,Chaulinec,13,422634.7,733044.2,2019-06-06,00:00:00,REDOX EHNHE,527.4666666666667,06/06/2019 00:00:00,X
45,ESTUDIO DEL DESEMPEÑO AMBIENTAL DE LA ACUICULTURA EN CHILE Y SU EFECTO EN LOS ECOSISTEMAS DE EMPLAZAMIENTO 2019-2020,Objetivo 1. Actividad 2. Muestreos y Analisis sedimentos,Gastón Vidal,INSTITUTO DE FOMENTO PESQUERO,Campaña_Inv_Ver_2019.Proy.SeguimientoAmbiental,Tenaun,2,422246.5,733559.1,2019-06-06,00:00:00,REDOX EHNHE,495.6000000000001,06/06/2019 00:00:00,X
46,ESTUDIO DEL DESEMPEÑO AMBIENTAL DE LA ACUICULTURA EN CHILE Y SU EFECTO EN LOS ECOSISTEMAS DE EMPLAZAMIENTO 2019-2020,Objetivo 1. Actividad 2. Muestreos y Analisis sedimentos,Gastón Vidal,INSTITUTO DE FOMENTO PESQUERO,Campaña_Inv_Ver_2019.Proy.SeguimientoAmbiental,Tenaun,3,422307.4,733744.8,2019-06-06,17:26:00,REDOX EHNHE,459.3,06/06/2019 17:26:00,X
47,ESTUDIO DEL DESEMPEÑO AMBIENTAL DE LA ACUICULTURA EN CHILE Y SU EFECTO EN LOS ECOSISTEMAS DE EMPLAZAMIENTO 2019-2020,Objetivo 1. Actividad 2. Muestreos y Analisis sedimentos,Gastón Vidal,INSTITUTO DE FOMENTO PESQUERO,Campaña_Inv_Ver_2019.Proy.SeguimientoAmbiental,Tenaun,6,422215.1,733731.1,2019-06-06,17:00:00,REDOX EHNHE,414.6333333333334,06/06/2019 17:00:00,X
48,ESTUDIO DEL DESEMPEÑO AMBIENTAL DE LA ACUICULTURA EN CHILE Y SU EFECTO EN LOS ECOSISTEMAS DE EMPLAZAMIENTO 2019-2020,Objetivo 1. Actividad 2. Muestreos y Analisis sedimentos,Gastón Vidal,INSTITUTO DE FOMENTO PESQUERO,Campaña_Inv_Ver_2019.Proy.SeguimientoAmbiental,Tenaun,9,422139.1,733441.7,2019-06-06,00:00:00,REDOX EHNHE,604.0666666666667,06/06/2019 00:00:00,X
49,ESTUDIO DEL DESEMPEÑO AMBIENTAL DE LA ACUICULTURA EN CHILE Y SU EFECTO EN LOS ECOSISTEMAS DE EMPLAZAMIENTO 2019-2020,Objetivo 1. Actividad 2. Muestreos y Analisis sedimentos,Gastón Vidal,INSTITUTO DE FOMENTO PESQUERO,Campaña_Inv_Ver_2019.Proy.SeguimientoAmbiental,Tenaun,14,422026.0,733200.9,2019-06-06,00:00:00,REDOX EHNHE,566.3666666666667,06/06/2019 00:00:00,X
50,ESTUDIO DEL DESEMPEÑO AMBIENTAL DE LA ACUICULTURA EN CHILE Y SU EFECTO EN LOS ECOSISTEMAS DE EMPLAZAMIENTO 2019-2020,Objetivo 1. Actividad 2. Muestreos y Analisis sedimentos,Gastón Vidal,INSTITUTO DE FOMENTO PESQUERO,Campaña_Inv_Ver_2019.Proy.SeguimientoAmbiental,Chiloe central,1,423046.9,734515.6,2019-06-07,13:42:00,REDOX EHNHE,575.3666666666667,07/06/2019 13:42:00,X
51,ESTUDIO DEL DESEMPEÑO AMBIENTAL DE LA ACUICULTURA EN CHILE Y SU EFECTO EN LOS ECOSISTEMAS DE EMPLAZAMIENTO 2019-2020,Objetivo 1. Actividad 2. Muestreos y Analisis sedimentos,Gastón Vidal,INSTITUTO DE FOMENTO PESQUERO,Campaña_Inv_Ver_2019.Proy.SeguimientoAmbiental,Chiloe central,4,423259.2,734015.8,2019-06-07,12:22:00,REDOX EHNHE,487.6333333333334,07/06/2019 12:22:00,X
52,ESTUDIO DEL DESEMPEÑO AMBIENTAL DE LA ACUICULTURA EN CHILE Y SU EFECTO EN LOS ECOSISTEMAS DE EMPLAZAMIENTO 2019-2020,Objetivo 1. Actividad 2. Muestreos y Analisis sedimentos,Gastón Vidal,INSTITUTO DE FOMENTO PESQUERO,Campaña_Inv_Ver_2019.Proy.SeguimientoAmbiental,Chiloe central,6,423209.3,733613.2,2019-06-07,00:00:00,REDOX EHNHE,417.6333333333334,07/06/2019 00:00:00,X
53,ESTUDIO DEL DESEMPEÑO AMBIENTAL DE LA ACUICULTURA EN CHILE Y SU EFECTO EN LOS ECOSISTEMAS DE EMPLAZAMIENTO 2019-2020,Objetivo 1. Actividad 2. Muestreos y Analisis sedimentos,Gastón Vidal,INSTITUTO DE FOMENTO PESQUERO,Campaña_Inv_Ver_2019.Proy.SeguimientoAmbiental,Chiloe central,7,423029.3,733611.3,2019-06-07,00:00:00,REDOX EHNHE,362.3666666666666,07/06/2019 00:00:00,X
54,ESTUDIO DEL DESEMPEÑO AMBIENTAL DE LA ACUICULTURA EN CHILE Y SU EFECTO EN LOS ECOSISTEMAS DE EMPLAZAMIENTO 2019-2020,Objetivo 1. Actividad 2. Muestreos y Analisis sedimentos,Gastón Vidal,INSTITUTO DE FOMENTO PESQUERO,Campaña_Inv_Ver_2019.Proy.SeguimientoAmbiental,Chiloe central,11,422833.3,733241.1,2019-06-07,00:00:00,REDOX EHNHE,522.2,07/06/2019 00:00:00,X
55,ESTUDIO DEL DESEMPEÑO AMBIENTAL DE LA ACUICULTURA EN CHILE Y SU EFECTO EN LOS ECOSISTEMAS DE EMPLAZAMIENTO 2019-2020,Objetivo 1. Actividad 2. Muestreos y Analisis sedimentos,Gastón Vidal,INSTITUTO DE FOMENTO PESQUERO,Campaña_Inv_Ver_2019.Proy.SeguimientoAmbiental,Chiloe central,12,423059.3,732821.5,2019-06-07,11:00:00,REDOX EHNHE,471.7,07/06/2019 11:00:00,X
56,ESTUDIO DEL DESEMPEÑO AMBIENTAL DE LA ACUICULTURA EN CHILE Y SU EFECTO EN LOS ECOSISTEMAS DE EMPLAZAMIENTO 2019-2020,Objetivo 1. Actividad 2. Muestreos y Analisis sedimentos,Gastón Vidal,INSTITUTO DE FOMENTO PESQUERO,Campaña_Inv_Ver_2019.Proy.SeguimientoAmbiental,Chiloe central,16,424213.5,733738.2,2019-06-07,16:00:00,REDOX EHNHE,391.26666666666665,07/06/2019 16:00:00,X
57,ESTUDIO DEL DESEMPEÑO AMBIENTAL DE LA ACUICULTURA EN CHILE Y SU EFECTO EN LOS ECOSISTEMAS DE EMPLAZAMIENTO 2019-2020,Objetivo 1. Actividad 2. Muestreos y Analisis sedimentos,Gastón Vidal,INSTITUTO DE FOMENTO PESQUERO,Campaña_Inv_Ver_2019.Proy.SeguimientoAmbiental,Chiloe central,26,423654.6,732710.2,2019-06-07,17:56:00,REDOX EHNHE,506.3666666666666,07/06/2019 17:56:00,X
58,ESTUDIO DEL DESEMPEÑO AMBIENTAL DE LA ACUICULTURA EN CHILE Y SU EFECTO EN LOS ECOSISTEMAS DE EMPLAZAMIENTO 2019-2020,Objetivo 1. Actividad 2. Muestreos y Analisis sedimentos,Gastón Vidal,INSTITUTO DE FOMENTO PESQUERO,Campaña_Inv_Ver_2019.Proy.SeguimientoAmbiental,Desertores,1,424703.0,725635.9,2019-05-15,00:00:00,REDOX EHNHE,532.2333333333333,15/05/2019 00:00:00,X
59,ESTUDIO DEL DESEMPEÑO AMBIENTAL DE LA ACUICULTURA EN CHILE Y SU EFECTO EN LOS ECOSISTEMAS DE EMPLAZAMIENTO 2019-2020,Objetivo 1. Actividad 2. Muestreos y Analisis sedimentos,Gastón Vidal,INSTITUTO DE FOMENTO PESQUERO,Campaña_Inv_Ver_2019.Proy.SeguimientoAmbiental,Desertores,2,424756.1,725723.7,2019-05-15,00:00:00,REDOX EHNHE,432.26666666666665,15/05/2019 00:00:00,X
60,ESTUDIO DEL DESEMPEÑO AMBIENTAL DE LA ACUICULTURA EN CHILE Y SU EFECTO EN LOS ECOSISTEMAS DE EMPLAZAMIENTO 2019-2020,Objetivo 1. Actividad 2. Muestreos y Analisis sedimentos,Gastón Vidal,INSTITUTO DE FOMENTO PESQUERO,Campaña_Inv_Ver_2019.Proy.SeguimientoAmbiental,Desertores,3,424536.0,725951.7,2019-05-15,00:00:00,REDOX EHNHE,433.1333333333334,15/05/2019 00:00:00,X
61,ESTUDIO DEL DESEMPEÑO AMBIENTAL DE LA ACUICULTURA EN CHILE Y SU EFECTO EN LOS ECOSISTEMAS DE EMPLAZAMIENTO 2019-2020,Objetivo 1. Actividad 2. Muestreos y Analisis sedimentos,Gastón Vidal,INSTITUTO DE FOMENTO PESQUERO,Campaña_Inv_Ver_2019.Proy.SeguimientoAmbiental,Desertores,6,424206.5,730534.1,2019-05-15,00:00:00,REDOX EHNHE,400.6333333333334,15/05/2019 00:00:00,X
62,ESTUDIO DEL DESEMPEÑO AMBIENTAL DE LA ACUICULTURA EN CHILE Y SU EFECTO EN LOS ECOSISTEMAS DE EMPLAZAMIENTO 2019-2020,Objetivo 1. Actividad 2. Muestreos y Analisis sedimentos,Gastón Vidal,INSTITUTO DE FOMENTO PESQUERO,Campaña_Inv_Ver_2019.Proy.SeguimientoAmbiental,Quellon,6,431143.2,733811.2,2019-06-09,16:56:00,REDOX EHNHE,479.6000000000001,09/06/2019 16:56:00,X
63,ESTUDIO DEL DESEMPEÑO AMBIENTAL DE LA ACUICULTURA EN CHILE Y SU EFECTO EN LOS ECOSISTEMAS DE EMPLAZAMIENTO 2019-2020,Objetivo 1. Actividad 2. Muestreos y Analisis sedimentos,Gastón Vidal,INSTITUTO DE FOMENTO PESQUERO,Campaña_Inv_Ver_2019.Proy.SeguimientoAmbiental,Quellon,8,430729.8,734355.5,2019-06-09,17:49:00,REDOX EHNHE,73.60000000000001,09/06/2019 17:49:00,X
64,ESTUDIO DEL DESEMPEÑO AMBIENTAL DE LA ACUICULTURA EN CHILE Y SU EFECTO EN LOS ECOSISTEMAS DE EMPLAZAMIENTO 2019-2020,Objetivo 1. Actividad 2. Muestreos y Analisis sedimentos,Gastón Vidal,INSTITUTO DE FOMENTO PESQUERO,Campaña_Inv_Ver_2019.Proy.SeguimientoAmbiental,Quellon,11,430832.2,734013.7,2019-06-09,18:24:00,REDOX EHNHE,341.56666666666666,09/06/2019 18:24:00,X
65,ESTUDIO DEL DESEMPEÑO AMBIENTAL DE LA ACUICULTURA EN CHILE Y SU EFECTO EN LOS ECOSISTEMAS DE EMPLAZAMIENTO 2019-2020,Objetivo 1. Actividad 2. Muestreos y Analisis sedimentos,Gastón Vidal,INSTITUTO DE FOMENTO PESQUERO,Campaña_Inv_Ver_2019.Proy.SeguimientoAmbiental,Quellon,12,431133.5,733423.8,2019-06-09,16:02:00,REDOX EHNHE,406.3,09/06/2019 16:02:00,X
66,ESTUDIO DEL DESEMPEÑO AMBIENTAL DE LA ACUICULTURA EN CHILE Y SU EFECTO EN LOS ECOSISTEMAS DE EMPLAZAMIENTO 2019-2020,Objetivo 1. Actividad 2. Muestreos y Analisis sedimentos,Gastón Vidal,INSTITUTO DE FOMENTO PESQUERO,Campaña_Inv_Ver_2019.Proy.SeguimientoAmbiental,Quellon,13,430827.5,733259.3,2019-06-09,15:10:00,REDOX EHNHE,333.93333333333334,09/06/2019 15:10:00,X
67,ESTUDIO DEL DESEMPEÑO AMBIENTAL DE LA ACUICULTURA EN CHILE Y SU EFECTO EN LOS ECOSISTEMAS DE EMPLAZAMIENTO 2019-2020,Objetivo 1. Actividad 2. Muestreos y Analisis sedimentos,Gastón Vidal,INSTITUTO DE FOMENTO PESQUERO,Campaña_Inv_Ver_2019.Proy.SeguimientoAmbiental,Quellon,19,430307.5,732746.7,2019-06-09,13:09:00,REDOX EHNHE,362.3,09/06/2019 13:09:00,X
68,ESTUDIO DEL DESEMPEÑO AMBIENTAL DE LA ACUICULTURA EN CHILE Y SU EFECTO EN LOS ECOSISTEMAS DE EMPLAZAMIENTO 2019-2020,Objetivo 1. Actividad 2. Muestreos y Analisis sedimentos,Gastón Vidal,INSTITUTO DE FOMENTO PESQUERO,Campaña_Inv_Ver_2019.Proy.SeguimientoAmbiental,Quellon,21,430206.1,733133.1,2019-06-09,12:40:00,REDOX EHNHE,458.0333333333333,09/06/2019 12:40:00,X
69,ESTUDIO DEL DESEMPEÑO AMBIENTAL DE LA ACUICULTURA EN CHILE Y SU EFECTO EN LOS ECOSISTEMAS DE EMPLAZAMIENTO 2019-2020,Objetivo 1. Actividad 2. Muestreos y Analisis sedimentos,Gastón Vidal,INSTITUTO DE FOMENTO PESQUERO,Campaña_Inv_Ver_2019.Proy.SeguimientoAmbiental,Quellon,22,425921.8,732805.5,2019-06-09,11:59:00,REDOX EHNHE,418.76666666666665,09/06/2019 11:59:00,X
70,ESTUDIO DEL DESEMPEÑO AMBIENTAL DE LA ACUICULTURA EN CHILE Y SU EFECTO EN LOS ECOSISTEMAS DE EMPLAZAMIENTO 2019-2020,Objetivo 1. Actividad 2. Muestreos y Analisis sedimentos,Gastón Vidal,INSTITUTO DE FOMENTO PESQUERO,Campaña_Inv_Ver_2019.Proy.SeguimientoAmbiental,Quellon,26,425621.2,733649.9,2019-06-09,11:00:00,REDOX EHNHE,335.03333333333336,09/06/2019 11:00:00,X
71,ESTUDIO DEL DESEMPEÑO AMBIENTAL DE LA ACUICULTURA EN CHILE Y SU EFECTO EN LOS ECOSISTEMAS DE EMPLAZAMIENTO 2019-2020,Objetivo 1. Actividad 2. Muestreos y Analisis sedimentos,Gastón Vidal,INSTITUTO DE FOMENTO PESQUERO,Campaña_Inv_Ver_2019.Proy.SeguimientoAmbiental,Quellon,28,425525.9,733504.7,2019-06-09,09:09:00,REDOX EHNHE,437.8333333333333,09/06/2019 09:09:00,X
72,ESTUDIO DEL DESEMPEÑO AMBIENTAL DE LA ACUICULTURA EN CHILE Y SU EFECTO EN LOS ECOSISTEMAS DE EMPLAZAMIENTO 2019-2020,Objetivo 1. Actividad 2. Muestreos y Analisis sedimentos,Gastón Vidal,INSTITUTO DE FOMENTO PESQUERO,Campaña_Inv_Ver_2019.Proy.SeguimientoAmbiental,Quellon,32,425122.8,734130.9,2019-06-09,10:10:00,REDOX EHNHE,368.3,09/06/2019 10:10:00,X
73,ESTUDIO DEL DESEMPEÑO AMBIENTAL DE LA ACUICULTURA EN CHILE Y SU EFECTO EN LOS ECOSISTEMAS DE EMPLAZAMIENTO 2019-2020,Objetivo 1. Actividad 2. Muestreos y Analisis sedimentos,Gastón Vidal,INSTITUTO DE FOMENTO PESQUERO,Campaña_Inv_Ver_2019.Proy.SeguimientoAmbiental,Quellon,39,425415.3,732927.9,2019-06-08,14:10:00,REDOX EHNHE,532.4666666666667,08/06/2019 14:10:00,X
74,ESTUDIO DEL DESEMPEÑO AMBIENTAL DE LA ACUICULTURA EN CHILE Y SU EFECTO EN LOS ECOSISTEMAS DE EMPLAZAMIENTO 2019-2020,Objetivo 1. Actividad 2. Muestreos y Analisis sedimentos,Gastón Vidal,INSTITUTO DE FOMENTO PESQUERO,Campaña_Inv_Ver_2019.Proy.SeguimientoAmbiental,Hornopiren,3,420427.1,722759.7,2019-05-13,00:00:00,REDOX EHNHE,191.0666666666667,13/05/2019 00:00:00,X
75,ESTUDIO DEL DESEMPEÑO AMBIENTAL DE LA ACUICULTURA EN CHILE Y SU EFECTO EN LOS ECOSISTEMAS DE EMPLAZAMIENTO 2019-2020,Objetivo 1. Actividad 2. Muestreos y Analisis sedimentos,Gastón Vidal,INSTITUTO DE FOMENTO PESQUERO,Campaña_Inv_Ver_2019.Proy.SeguimientoAmbiental,Hornopiren,6,420209.6,723558.5,2019-05-13,00:00:00,REDOX EHNHE,429.3,13/05/2019 00:00:00,X
76,ESTUDIO DEL DESEMPEÑO AMBIENTAL DE LA ACUICULTURA EN CHILE Y SU EFECTO EN LOS ECOSISTEMAS DE EMPLAZAMIENTO 2019-2020,Objetivo 1. Actividad 2. Muestreos y Analisis sedimentos,Gastón Vidal,INSTITUTO DE FOMENTO PESQUERO,Campaña_Inv_Ver_2019.Proy.SeguimientoAmbiental,Hornopiren,7,420301.3,723537.3,2019-05-13,00:00:00,REDOX EHNHE,474,13/05/2019 00:00:00,X
77,ESTUDIO DEL DESEMPEÑO AMBIENTAL DE LA ACUICULTURA EN CHILE Y SU EFECTO EN LOS ECOSISTEMAS DE EMPLAZAMIENTO 2019-2020,Objetivo 1. Actividad 2. Muestreos y Analisis sedimentos,Gastón Vidal,INSTITUTO DE FOMENTO PESQUERO,Campaña_Inv_Ver_2019.Proy.SeguimientoAmbiental,Hornopiren,13,421433.8,722650.7,2019-05-13,00:00:00,REDOX EHNHE,255.13333333333333,13/05/2019 00:00:00,X
78,ESTUDIO DEL DESEMPEÑO AMBIENTAL DE LA ACUICULTURA EN CHILE Y SU EFECTO EN LOS ECOSISTEMAS DE EMPLAZAMIENTO 2019-2020,Objetivo 1. Actividad 2. Muestreos y Analisis sedimentos,Gastón Vidal,INSTITUTO DE FOMENTO PESQUERO,Campaña_Inv_Ver_2019.Proy.SeguimientoAmbiental,Hornopiren,14,421524.5,722346.8,2019-05-13,00:00:00,REDOX EHNHE,296,13/05/2019 00:00:00,X
79,ESTUDIO DEL DESEMPEÑO AMBIENTAL DE LA ACUICULTURA EN CHILE Y SU EFECTO EN LOS ECOSISTEMAS DE EMPLAZAMIENTO 2019-2020,Objetivo 1. Actividad 2. Muestreos y Analisis sedimentos,Gastón Vidal,INSTITUTO DE FOMENTO PESQUERO,Campaña_Inv_Ver_2019.Proy.SeguimientoAmbiental,Ayacara,1,421853.1,724721.9,2019-05-14,00:00:00,REDOX EHNHE,492.2333333333333,14/05/2019 00:00:00,X
80,ESTUDIO DEL DESEMPEÑO AMBIENTAL DE LA ACUICULTURA EN CHILE Y SU EFECTO EN LOS ECOSISTEMAS DE EMPLAZAMIENTO 2019-2020,Objetivo 1. Actividad 2. Muestreos y Analisis sedimentos,Gastón Vidal,INSTITUTO DE FOMENTO PESQUERO,Campaña_Inv_Ver_2019.Proy.SeguimientoAmbiental,Ayacara,2,422434.1,724307.0,2019-05-14,00:00:00,REDOX EHNHE,445.6666666666667,14/05/2019 00:00:00,X
81,ESTUDIO DEL DESEMPEÑO AMBIENTAL DE LA ACUICULTURA EN CHILE Y SU EFECTO EN LOS ECOSISTEMAS DE EMPLAZAMIENTO 2019-2020,Objetivo 1. Actividad 2. Muestreos y Analisis sedimentos,Gastón Vidal,INSTITUTO DE FOMENTO PESQUERO,Campaña_Inv_Ver_2019.Proy.SeguimientoAmbiental,Ayacara,3,423409.7,723139.7,2019-05-14,00:00:00,REDOX EHNHE,339.6333333333333,14/05/2019 00:00:00,X
82,ESTUDIO DEL DESEMPEÑO AMBIENTAL DE LA ACUICULTURA EN CHILE Y SU EFECTO EN LOS ECOSISTEMAS DE EMPLAZAMIENTO 2019-2020,Objetivo 1. Actividad 2. Muestreos y Analisis sedimentos,Gastón Vidal,INSTITUTO DE FOMENTO PESQUERO,Campaña_Inv_Ver_2019.Proy.SeguimientoAmbiental,Ayacara,4,423117.9,724140.8,2019-05-15,00:00:00,REDOX EHNHE,526.0666666666667,15/05/2019 00:00:00,X
83,ESTUDIO DEL DESEMPEÑO AMBIENTAL DE LA ACUICULTURA EN CHILE Y SU EFECTO EN LOS ECOSISTEMAS DE EMPLAZAMIENTO 2019-2020,Objetivo 1. Actividad 2. Muestreos y Analisis sedimentos,Gastón Vidal,INSTITUTO DE FOMENTO PESQUERO,Campaña_Inv_Ver_2019.Proy.SeguimientoAmbiental,Ayacara,7,423730.6,725115.4,2019-05-15,00:00:00,REDOX EHNHE,480.8666666666666,15/05/2019 00:00:00,X
84,ESTUDIO DEL DESEMPEÑO AMBIENTAL DE LA ACUICULTURA EN CHILE Y SU EFECTO EN LOS ECOSISTEMAS DE EMPLAZAMIENTO 2019-2020,Objetivo 1. Actividad 2. Muestreos y Analisis sedimentos,Gastón Vidal,INSTITUTO DE FOMENTO PESQUERO,Campaña_Inv_Ver_2019.Proy.SeguimientoAmbiental,Ayacara,9,424232.8,725058.9,2019-05-15,00:00:00,REDOX EHNHE,259.3,15/05/2019 00:00:00,X
85,ESTUDIO DEL DESEMPEÑO AMBIENTAL DE LA ACUICULTURA EN CHILE Y SU EFECTO EN LOS ECOSISTEMAS DE EMPLAZAMIENTO 2019-2020,Objetivo 1. Actividad 2. Muestreos y Analisis sedimentos,Gastón Vidal,INSTITUTO DE FOMENTO PESQUERO,Campaña_Inv_Ver_2019.Proy.SeguimientoAmbiental,Chaiten,3,424711.1,725049.9,2019-05-15,00:00:00,REDOX EHNHE,475.4666666666667,15/05/2019 00:00:00,X
86,ESTUDIO DEL DESEMPEÑO AMBIENTAL DE LA ACUICULTURA EN CHILE Y SU EFECTO EN LOS ECOSISTEMAS DE EMPLAZAMIENTO 2019-2020,Objetivo 1. Actividad 2. Muestreos y Analisis sedimentos,Gastón Vidal,INSTITUTO DE FOMENTO PESQUERO,Campaña_Inv_Ver_2019.Proy.SeguimientoAmbiental,Chaiten,4,425527.6,724459.6,2019-05-15,00:00:00,REDOX EHNHE,351.90000000000003,15/05/2019 00:00:00,X
87,ESTUDIO DEL DESEMPEÑO AMBIENTAL DE LA ACUICULTURA EN CHILE Y SU EFECTO EN LOS ECOSISTEMAS DE EMPLAZAMIENTO 2019-2020,Objetivo 1. Actividad 2. Muestreos y Analisis sedimentos,Gastón Vidal,INSTITUTO DE FOMENTO PESQUERO,Campaña_Inv_Ver_2019.Proy.SeguimientoAmbiental,Chaiten,12,431438.9,725308.2,2019-05-16,00:00:00,REDOX EHNHE,310.73333333333335,16/05/2019 00:00:00,X
88,ESTUDIO DEL DESEMPEÑO AMBIENTAL DE LA ACUICULTURA EN CHILE Y SU EFECTO EN LOS ECOSISTEMAS DE EMPLAZAMIENTO 2019-2020,Objetivo 1. Actividad 2. Muestreos y Analisis sedimentos,Gastón Vidal,INSTITUTO DE FOMENTO PESQUERO,Campaña_Inv_Ver_2019.Proy.SeguimientoAmbiental,Chaiten,14,431550.9,725835.0,2019-05-20,00:00:00,REDOX EHNHE,278.26666666666665,20/05/2019 00:00:00,X
89,ESTUDIO DEL DESEMPEÑO AMBIENTAL DE LA ACUICULTURA EN CHILE Y SU EFECTO EN LOS ECOSISTEMAS DE EMPLAZAMIENTO 2019-2020,Objetivo 1. Actividad 2. Muestreos y Analisis sedimentos,Gastón Vidal,INSTITUTO DE FOMENTO PESQUERO,Campaña_Inv_Ver_2019.Proy.SeguimientoAmbiental,Chaiten,18,433529.8,730022.5,2019-05-19,00:00:00,REDOX EHNHE,538.5333333333333,19/05/2019 00:00:00,X
90,ESTUDIO DEL DESEMPEÑO AMBIENTAL DE LA ACUICULTURA EN CHILE Y SU EFECTO EN LOS ECOSISTEMAS DE EMPLAZAMIENTO 2019-2020,Objetivo 1. Actividad 2. Muestreos y Analisis sedimentos,Gastón Vidal,INSTITUTO DE FOMENTO PESQUERO,Campaña_Inv_Ver_2019.Proy.SeguimientoAmbiental,Chaiten,19,433757.9,725704.9,2019-05-18,00:00:00,REDOX EHNHE,424.23333333333335,18/05/2019 00:00:00,X
92,ESTUDIO DEL DESEMPEÑO AMBIENTAL DE LA ACUICULTURA EN CHILE Y SU EFECTO EN LOS ECOSISTEMAS DE EMPLAZAMIENTO 2019-2020,Objetivo 1. Actividad 2. Muestreos y Analisis sedimentos,Gastón Vidal,INSTITUTO DE FOMENTO PESQUERO,Campaña_Inv_Ver_2019.Proy.SeguimientoAmbiental,Guaitecas,1,442931.1,740942.8,2019-06-14,15:12:00,REDOX EHNHE,450.3666666666666,14/06/2019 15:12:00,XI
93,ESTUDIO DEL DESEMPEÑO AMBIENTAL DE LA ACUICULTURA EN CHILE Y SU EFECTO EN LOS ECOSISTEMAS DE EMPLAZAMIENTO 2019-2020,Objetivo 1. Actividad 2. Muestreos y Analisis sedimentos,Gastón Vidal,INSTITUTO DE FOMENTO PESQUERO,Campaña_Inv_Ver_2019.Proy.SeguimientoAmbiental,Guaitecas,2,442654.0,740814.0,2019-06-14,13:40:00,REDOX EHNHE,454.93333333333334,14/06/2019 13:40:00,XI
94,ESTUDIO DEL DESEMPEÑO AMBIENTAL DE LA ACUICULTURA EN CHILE Y SU EFECTO EN LOS ECOSISTEMAS DE EMPLAZAMIENTO 2019-2020,Objetivo 1. Actividad 2. Muestreos y Analisis sedimentos,Gastón Vidal,INSTITUTO DE FOMENTO PESQUERO,Campaña_Inv_Ver_2019.Proy.SeguimientoAmbiental,Guaitecas,4,441418.4,741320.7,2019-06-14,11:34:00,REDOX EHNHE,476.9666666666667,14/06/2019 11:34:00,XI
95,ESTUDIO DEL DESEMPEÑO AMBIENTAL DE LA ACUICULTURA EN CHILE Y SU EFECTO EN LOS ECOSISTEMAS DE EMPLAZAMIENTO 2019-2020,Objetivo 1. Actividad 2. Muestreos y Analisis sedimentos,Gastón Vidal,INSTITUTO DE FOMENTO PESQUERO,Campaña_Inv_Ver_2019.Proy.SeguimientoAmbiental,Guaitecas,6,440832.8,740222.8,2019-06-14,10:10:00,REDOX EHNHE,522.7,14/06/2019 10:10:00,XI
96,ESTUDIO DEL DESEMPEÑO AMBIENTAL DE LA ACUICULTURA EN CHILE Y SU EFECTO EN LOS ECOSISTEMAS DE EMPLAZAMIENTO 2019-2020,Objetivo 1. Actividad 2. Muestreos y Analisis sedimentos,Gastón Vidal,INSTITUTO DE FOMENTO PESQUERO,Campaña_Inv_Ver_2019.Proy.SeguimientoAmbiental,Guaitecas,7,440453.4,735253.7,2019-06-14,08:50:00,REDOX EHNHE,583.5333333333334,14/06/2019 08:50:00,XI
97,ESTUDIO DEL DESEMPEÑO AMBIENTAL DE LA ACUICULTURA EN CHILE Y SU EFECTO EN LOS ECOSISTEMAS DE EMPLAZAMIENTO 2019-2020,Objetivo 1. Actividad 2. Muestreos y Analisis sedimentos,Gastón Vidal,INSTITUTO DE FOMENTO PESQUERO,Campaña_Inv_Ver_2019.Proy.SeguimientoAmbiental,Guaitecas,8,435456.5,735432.1,2019-06-13,09:54:00,REDOX EHNHE,493.2,13/06/2019 09:54:00,XI
98,ESTUDIO DEL DESEMPEÑO AMBIENTAL DE LA ACUICULTURA EN CHILE Y SU EFECTO EN LOS ECOSISTEMAS DE EMPLAZAMIENTO 2019-2020,Objetivo 1. Actividad 2. Muestreos y Analisis sedimentos,Gastón Vidal,INSTITUTO DE FOMENTO PESQUERO,Campaña_Inv_Ver_2019.Proy.SeguimientoAmbiental,Guaitecas,9,435329.1,735219.9,2019-06-13,08:55:00,REDOX EHNHE,487.5,13/06/2019 08:55:00,XI
99,ESTUDIO DEL DESEMPEÑO AMBIENTAL DE LA ACUICULTURA EN CHILE Y SU EFECTO EN LOS ECOSISTEMAS DE EMPLAZAMIENTO 2019-2020,Objetivo 1. Actividad 2. Muestreos y Analisis sedimentos,Gastón Vidal,INSTITUTO DE FOMENTO PESQUERO,Campaña_Inv_Ver_2019.Proy.SeguimientoAmbiental,Guaitecas,10,435638.0,734800.0,2019-06-13,10:53:00,REDOX EHNHE,456.26666666666665,13/06/2019 10:53:00,XI
100,ESTUDIO DEL DESEMPEÑO AMBIENTAL DE LA ACUICULTURA EN CHILE Y SU EFECTO EN LOS ECOSISTEMAS DE EMPLAZAMIENTO 2019-2020,Objetivo 1. Actividad 2. Muestreos y Analisis sedimentos,Gastón Vidal,INSTITUTO DE FOMENTO PESQUERO,Campaña_Inv_Ver_2019.Proy.SeguimientoAmbiental,Guaitecas,12,440031.4,734511.0,2019-06-13,00:00:00,REDOX EHNHE,387.26666666666665,13/06/2019 00:00:00,XI
101,ESTUDIO DEL DESEMPEÑO AMBIENTAL DE LA ACUICULTURA EN CHILE Y SU EFECTO EN LOS ECOSISTEMAS DE EMPLAZAMIENTO 2019-2020,Objetivo 1. Actividad 2. Muestreos y Analisis sedimentos,Gastón Vidal,INSTITUTO DE FOMENTO PESQUERO,Campaña_Inv_Ver_2019.Proy.SeguimientoAmbiental,Guaitecas,17,441715.5,734639.1,2019-06-13,15:50:00,REDOX EHNHE,418,13/06/2019 15:50:00,XI
102,ESTUDIO DEL DESEMPEÑO AMBIENTAL DE LA ACUICULTURA EN CHILE Y SU EFECTO EN LOS ECOSISTEMAS DE EMPLAZAMIENTO 2019-2020,Objetivo 1. Actividad 2. Muestreos y Analisis sedimentos,Gastón Vidal,INSTITUTO DE FOMENTO PESQUERO,Campaña_Inv_Ver_2019.Proy.SeguimientoAmbiental,Moraleda,2,451131.2,735840.6,2019-06-15,17:17:00,REDOX EHNHE,364.9666666666667,15/06/2019 17:17:00,XI
103,ESTUDIO DEL DESEMPEÑO AMBIENTAL DE LA ACUICULTURA EN CHILE Y SU EFECTO EN LOS ECOSISTEMAS DE EMPLAZAMIENTO 2019-2020,Objetivo 1. Actividad 2. Muestreos y Analisis sedimentos,Gastón Vidal,INSTITUTO DE FOMENTO PESQUERO,Campaña_Inv_Ver_2019.Proy.SeguimientoAmbiental,Moraleda,4,450957.9,740833.4,2019-06-15,16:20:00,REDOX EHNHE,426.8,15/06/2019 16:20:00,XI
104,ESTUDIO DEL DESEMPEÑO AMBIENTAL DE LA ACUICULTURA EN CHILE Y SU EFECTO EN LOS ECOSISTEMAS DE EMPLAZAMIENTO 2019-2020,Objetivo 1. Actividad 2. Muestreos y Analisis sedimentos,Gastón Vidal,INSTITUTO DE FOMENTO PESQUERO,Campaña_Inv_Ver_2019.Proy.SeguimientoAmbiental,Moraleda,5,450801.8,741520.1,2019-06-15,14:55:00,REDOX EHNHE,352.2,15/06/2019 14:55:00,XI
105,ESTUDIO DEL DESEMPEÑO AMBIENTAL DE LA ACUICULTURA EN CHILE Y SU EFECTO EN LOS ECOSISTEMAS DE EMPLAZAMIENTO 2019-2020,Objetivo 1. Actividad 2. Muestreos y Analisis sedimentos,Gastón Vidal,INSTITUTO DE FOMENTO PESQUERO,Campaña_Inv_Ver_2019.Proy.SeguimientoAmbiental,Moraleda,12,444145.4,735257.1,2019-06-15,09:55:00,REDOX EHNHE,201.6,15/06/2019 09:55:00,XI
106,ESTUDIO DEL DESEMPEÑO AMBIENTAL DE LA ACUICULTURA EN CHILE Y SU EFECTO EN LOS ECOSISTEMAS DE EMPLAZAMIENTO 2019-2020,Objetivo 1. Actividad 2. Muestreos y Analisis sedimentos,Gastón Vidal,INSTITUTO DE FOMENTO PESQUERO,Campaña_Inv_Ver_2019.Proy.SeguimientoAmbiental,Moraleda,13,443935.6,735252.9,2019-06-15,09:00:00,REDOX EHNHE,284.7,15/06/2019 09:00:00,XI
107,ESTUDIO DEL DESEMPEÑO AMBIENTAL DE LA ACUICULTURA EN CHILE Y SU EFECTO EN LOS ECOSISTEMAS DE EMPLAZAMIENTO 2019-2020,Objetivo 1. Actividad 2. Muestreos y Analisis sedimentos,Gastón Vidal,INSTITUTO DE FOMENTO PESQUERO,Campaña_Inv_Ver_2019.Proy.SeguimientoAmbiental,Moraleda,14,443608.6,740025.9,2019-06-14,17:22:00,REDOX EHNHE,464.3333333333333,14/06/2019 17:22:00,XI
108,ESTUDIO DEL DESEMPEÑO AMBIENTAL DE LA ACUICULTURA EN CHILE Y SU EFECTO EN LOS ECOSISTEMAS DE EMPLAZAMIENTO 2019-2020,Objetivo 1. Actividad 2. Muestreos y Analisis sedimentos,Gastón Vidal,INSTITUTO DE FOMENTO PESQUERO,Campaña_Inv_Ver_2019.Proy.SeguimientoAmbiental,Moraleda,16,443308.8,740650.1,2019-06-14,16:20:00,REDOX EHNHE,391.73333333333335,14/06/2019 16:20:00,XI
109,ESTUDIO DEL DESEMPEÑO AMBIENTAL DE LA ACUICULTURA EN CHILE Y SU EFECTO EN LOS ECOSISTEMAS DE EMPLAZAMIENTO 2019-2020,Objetivo 1. Actividad 2. Muestreos y Analisis sedimentos,Gastón Vidal,INSTITUTO DE FOMENTO PESQUERO,Campaña_Inv_Ver_2019.Proy.SeguimientoAmbiental,Moraleda,17,440830.9,733501.0,2019-06-13,14:00:00,REDOX EHNHE,504.8333333333333,13/06/2019 14:00:00,XI
110,ESTUDIO DEL DESEMPEÑO AMBIENTAL DE LA ACUICULTURA EN CHILE Y SU EFECTO EN LOS ECOSISTEMAS DE EMPLAZAMIENTO 2019-2020,Objetivo 1. Actividad 2. Muestreos y Analisis sedimentos,Gastón Vidal,INSTITUTO DE FOMENTO PESQUERO,Campaña_Inv_Ver_2019.Proy.SeguimientoAmbiental,Moraleda,19,434430.9,730056.5,2019-05-19,00:00:00,REDOX EHNHE,437.59999999999997,19/05/2019 00:00:00,XI
111,ESTUDIO DEL DESEMPEÑO AMBIENTAL DE LA ACUICULTURA EN CHILE Y SU EFECTO EN LOS ECOSISTEMAS DE EMPLAZAMIENTO 2019-2020,Objetivo 1. Actividad 2. Muestreos y Analisis sedimentos,Gastón Vidal,INSTITUTO DE FOMENTO PESQUERO,Campaña_Inv_Ver_2019.Proy.SeguimientoAmbiental,Moraleda,25,440204.1,731205.2,2019-05-19,00:00:00,REDOX EHNHE,222.0333333333333,19/05/2019 00:00:00,XI
112,ESTUDIO DEL DESEMPEÑO AMBIENTAL DE LA ACUICULTURA EN CHILE Y SU EFECTO EN LOS ECOSISTEMAS DE EMPLAZAMIENTO 2019-2020,Objetivo 1. Actividad 2. Muestreos y Analisis sedimentos,Gastón Vidal,INSTITUTO DE FOMENTO PESQUERO,Campaña_Inv_Ver_2019.Proy.SeguimientoAmbiental,Moraleda,31,442248.0,730431.7,2019-06-25,16:02:00,REDOX EHNHE,550.7333333333333,25/06/2019 16:02:00,XI
113,ESTUDIO DEL DESEMPEÑO AMBIENTAL DE LA ACUICULTURA EN CHILE Y SU EFECTO EN LOS ECOSISTEMAS DE EMPLAZAMIENTO 2019-2020,Objetivo 1. Actividad 2. Muestreos y Analisis sedimentos,Gastón Vidal,INSTITUTO DE FOMENTO PESQUERO,Campaña_Inv_Ver_2019.Proy.SeguimientoAmbiental,Moraleda,32,450149.0,732702.0,2019-06-24,10:30:00,REDOX EHNHE,465.23333333333335,24/06/2019 10:30:00,XI
114,ESTUDIO DEL DESEMPEÑO AMBIENTAL DE LA ACUICULTURA EN CHILE Y SU EFECTO EN LOS ECOSISTEMAS DE EMPLAZAMIENTO 2019-2020,Objetivo 1. Actividad 2. Muestreos y Analisis sedimentos,Gastón Vidal,INSTITUTO DE FOMENTO PESQUERO,Campaña_Inv_Ver_2019.Proy.SeguimientoAmbiental,Puyuhuapi,5,443139.8,724117.0,2019-06-25,11:45:00,REDOX EHNHE,447.0333333333333,25/06/2019 11:45:00,XI
115,ESTUDIO DEL DESEMPEÑO AMBIENTAL DE LA ACUICULTURA EN CHILE Y SU EFECTO EN LOS ECOSISTEMAS DE EMPLAZAMIENTO 2019-2020,Objetivo 1. Actividad 2. Muestreos y Analisis sedimentos,Gastón Vidal,INSTITUTO DE FOMENTO PESQUERO,Campaña_Inv_Ver_2019.Proy.SeguimientoAmbiental,Puyuhuapi,7,443955.1,725020.8,2019-06-25,09:06:00,REDOX EHNHE,458.06666666666666,25/06/2019 09:06:00,XI
116,ESTUDIO DEL DESEMPEÑO AMBIENTAL DE LA ACUICULTURA EN CHILE Y SU EFECTO EN LOS ECOSISTEMAS DE EMPLAZAMIENTO 2019-2020,Objetivo 1. Actividad 2. Muestreos y Analisis sedimentos,Gastón Vidal,INSTITUTO DE FOMENTO PESQUERO,Campaña_Inv_Ver_2019.Proy.SeguimientoAmbiental,Puyuhuapi,8,444209.3,724807.1,2019-06-25,08:25:00,REDOX EHNHE,623.9333333333333,25/06/2019 08:25:00,XI
117,ESTUDIO DEL DESEMPEÑO AMBIENTAL DE LA ACUICULTURA EN CHILE Y SU EFECTO EN LOS ECOSISTEMAS DE EMPLAZAMIENTO 2019-2020,Objetivo 1. Actividad 2. Muestreos y Analisis sedimentos,Gastón Vidal,INSTITUTO DE FOMENTO PESQUERO,Campaña_Inv_Ver_2019.Proy.SeguimientoAmbiental,Puyuhuapi,10,444937.8,725757.3,2019-06-24,15:17:00,REDOX EHNHE,401.3999999999999,24/06/2019 15:17:00,XI
118,ESTUDIO DEL DESEMPEÑO AMBIENTAL DE LA ACUICULTURA EN CHILE Y SU EFECTO EN LOS ECOSISTEMAS DE EMPLAZAMIENTO 2019-2020,Objetivo 1. Actividad 2. Muestreos y Analisis sedimentos,Gastón Vidal,INSTITUTO DE FOMENTO PESQUERO,Campaña_Inv_Ver_2019.Proy.SeguimientoAmbiental,Puyuhuapi,12,445441.9,730811.9,2019-06-24,14:05:00,REDOX EHNHE,224.30000000000004,24/06/2019 14:05:00,XI
119,ESTUDIO DEL DESEMPEÑO AMBIENTAL DE LA ACUICULTURA EN CHILE Y SU EFECTO EN LOS ECOSISTEMAS DE EMPLAZAMIENTO 2019-2020,Objetivo 1. Actividad 2. Muestreos y Analisis sedimentos,Gastón Vidal,INSTITUTO DE FOMENTO PESQUERO,Campaña_Inv_Ver_2019.Proy.SeguimientoAmbiental,Aysen,1,452639.7,730033.3,2019-06-18,10:38:00,REDOX EHNHE,83.5,18/06/2019 10:38:00,XI
120,ESTUDIO DEL DESEMPEÑO AMBIENTAL DE LA ACUICULTURA EN CHILE Y SU EFECTO EN LOS ECOSISTEMAS DE EMPLAZAMIENTO 2019-2020,Objetivo 1. Actividad 2. Muestreos y Analisis sedimentos,Gastón Vidal,INSTITUTO DE FOMENTO PESQUERO,Campaña_Inv_Ver_2019.Proy.SeguimientoAmbiental,Aysen,3,451953.0,732236.0,2019-06-18,13:15:00,REDOX EHNHE,294.26666666666665,18/06/2019 13:15:00,XI
121,ESTUDIO DEL DESEMPEÑO AMBIENTAL DE LA ACUICULTURA EN CHILE Y SU EFECTO EN LOS ECOSISTEMAS DE EMPLAZAMIENTO 2019-2020,Objetivo 1. Actividad 2. Muestreos y Analisis sedimentos,Gastón Vidal,INSTITUTO DE FOMENTO PESQUERO,Campaña_Inv_Ver_2019.Proy.SeguimientoAmbiental,Aysen,5,452421.9,733225.0,2019-06-17,15:52:00,REDOX EHNHE,434.1666666666667,17/06/2019 15:52:00,XI
122,ESTUDIO DEL DESEMPEÑO AMBIENTAL DE LA ACUICULTURA EN CHILE Y SU EFECTO EN LOS ECOSISTEMAS DE EMPLAZAMIENTO 2019-2020,Objetivo 1. Actividad 2. Muestreos y Analisis sedimentos,Gastón Vidal,INSTITUTO DE FOMENTO PESQUERO,Campaña_Inv_Ver_2019.Proy.SeguimientoAmbiental,Aysen,6,453734.9,733550.9,2019-06-17,11:55:00,REDOX EHNHE,514.7333333333332,17/06/2019 11:55:00,XI
123,ESTUDIO DEL DESEMPEÑO AMBIENTAL DE LA ACUICULTURA EN CHILE Y SU EFECTO EN LOS ECOSISTEMAS DE EMPLAZAMIENTO 2019-2020,Objetivo 1. Actividad 2. Muestreos y Analisis sedimentos,Gastón Vidal,INSTITUTO DE FOMENTO PESQUERO,Campaña_Inv_Ver_2019.Proy.SeguimientoAmbiental,Aysen,7,454508.5,733655.3,2019-06-17,08:55:00,REDOX EHNHE,404.90000000000003,17/06/2019 08:55:00,XI
124,ESTUDIO DEL DESEMPEÑO AMBIENTAL DE LA ACUICULTURA EN CHILE Y SU EFECTO EN LOS ECOSISTEMAS DE EMPLAZAMIENTO 2019-2020,Objetivo 1. Actividad 2. Muestreos y Analisis sedimentos,Gastón Vidal,INSTITUTO DE FOMENTO PESQUERO,Campaña_Inv_Ver_2019.Proy.SeguimientoAmbiental,Aysen,10,455717.6,733619.7,2019-06-19,14:50:00,REDOX EHNHE,386.9666666666667,19/06/2019 14:50:00,XI
125,ESTUDIO DEL DESEMPEÑO AMBIENTAL DE LA ACUICULTURA EN CHILE Y SU EFECTO EN LOS ECOSISTEMAS DE EMPLAZAMIENTO 2019-2020,Objetivo 1. Actividad 2. Muestreos y Analisis sedimentos,Gastón Vidal,INSTITUTO DE FOMENTO PESQUERO,Campaña_Inv_Ver_2019.Proy.SeguimientoAmbiental,Aysen,11,460134.6,733917.0,2019-06-19,15:39:00,REDOX EHNHE,395.6666666666667,19/06/2019 15:39:00,XI
126,ESTUDIO DEL DESEMPEÑO AMBIENTAL DE LA ACUICULTURA EN CHILE Y SU EFECTO EN LOS ECOSISTEMAS DE EMPLAZAMIENTO 2019-2020,Objetivo 1. Actividad 2. Muestreos y Analisis sedimentos,Gastón Vidal,INSTITUTO DE FOMENTO PESQUERO,Campaña_Inv_Ver_2019.Proy.SeguimientoAmbiental,Aysen,13,461329.4,734345.5,2019-06-20,08:44:00,REDOX EHNHE,572.7,20/06/2019 08:44:00,XI
127,ESTUDIO DEL DESEMPEÑO AMBIENTAL DE LA ACUICULTURA EN CHILE Y SU EFECTO EN LOS ECOSISTEMAS DE EMPLAZAMIENTO 2019-2020,Objetivo 1. Actividad 2. Muestreos y Analisis sedimentos,Gastón Vidal,INSTITUTO DE FOMENTO PESQUERO,Campaña_Inv_Ver_2019.Proy.SeguimientoAmbiental,Aysen,18,460557.7,735202.9,2019-06-21,14:01:00,REDOX EHNHE,567.8000000000001,21/06/2019 14:01:00,XI
128,ESTUDIO DEL DESEMPEÑO AMBIENTAL DE LA ACUICULTURA EN CHILE Y SU EFECTO EN LOS ECOSISTEMAS DE EMPLAZAMIENTO 2019-2020,Objetivo 1. Actividad 2. Muestreos y Analisis sedimentos,Gastón Vidal,INSTITUTO DE FOMENTO PESQUERO,Campaña_Inv_Ver_2019.Proy.SeguimientoAmbiental,Aysen,19,460107.9,735645.7,2019-06-21,15:00:00,REDOX EHNHE,512.9666666666666,21/06/2019 15:00:00,XI
129,ESTUDIO DEL DESEMPEÑO AMBIENTAL DE LA ACUICULTURA EN CHILE Y SU EFECTO EN LOS ECOSISTEMAS DE EMPLAZAMIENTO 2019-2020,Objetivo 1. Actividad 2. Muestreos y Analisis sedimentos,Gastón Vidal,INSTITUTO DE FOMENTO PESQUERO,Campaña_Inv_Ver_2019.Proy.SeguimientoAmbiental,Aysen,24,454429.7,740423.3,2019-06-16,15:20:00,REDOX EHNHE,496.09999999999997,16/06/2019 15:20:00,XI
130,ESTUDIO DEL DESEMPEÑO AMBIENTAL DE LA ACUICULTURA EN CHILE Y SU EFECTO EN LOS ECOSISTEMAS DE EMPLAZAMIENTO 2019-2020,Objetivo 1. Actividad 2. Muestreos y Analisis sedimentos,Gastón Vidal,INSTITUTO DE FOMENTO PESQUERO,Campaña_Inv_Ver_2019.Proy.SeguimientoAmbiental,Aysen,25,454137.5,741704.6,2019-06-16,13:30:00,REDOX EHNHE,65.36666666666666,16/06/2019 13:30:00,XI
131,ESTUDIO DEL DESEMPEÑO AMBIENTAL DE LA ACUICULTURA EN CHILE Y SU EFECTO EN LOS ECOSISTEMAS DE EMPLAZAMIENTO 2019-2020,Objetivo 1. Actividad 2. Muestreos y Analisis sedimentos,Gastón Vidal,INSTITUTO DE FOMENTO PESQUERO,Campaña_Inv_Ver_2019.Proy.SeguimientoAmbiental,Aysen,28,453351.4,741310.2,2019-06-16,11:55:00,REDOX EHNHE,376.6666666666667,16/06/2019 11:55:00,XI
132,ESTUDIO DEL DESEMPEÑO AMBIENTAL DE LA ACUICULTURA EN CHILE Y SU EFECTO EN LOS ECOSISTEMAS DE EMPLAZAMIENTO 2019-2020,Objetivo 1. Actividad 2. Muestreos y Analisis sedimentos,Gastón Vidal,INSTITUTO DE FOMENTO PESQUERO,Campaña_Inv_Ver_2019.Proy.SeguimientoAmbiental,Aysen,30,452356.0,741521.0,2019-06-16,10:20:00,REDOX EHNHE,576.1,16/06/2019 10:20:00,XI
133,ESTUDIO DEL DESEMPEÑO AMBIENTAL DE LA ACUICULTURA EN CHILE Y SU EFECTO EN LOS ECOSISTEMAS DE EMPLAZAMIENTO 2019-2020,Objetivo 1. Actividad 2. Muestreos y Analisis sedimentos,Gastón Vidal,INSTITUTO DE FOMENTO PESQUERO,Campaña_Inv_Ver_2019.Proy.SeguimientoAmbiental,Aysen,34,451659.5,734350.5,2019-06-23,11:00:00,REDOX EHNHE,284.1666666666667,23/06/2019 11:00:00,XI
134,ESTUDIO DEL DESEMPEÑO AMBIENTAL DE LA ACUICULTURA EN CHILE Y SU EFECTO EN LOS ECOSISTEMAS DE EMPLAZAMIENTO 2019-2020,Objetivo 1. Actividad 2. Muestreos y Analisis sedimentos,Gastón Vidal,INSTITUTO DE FOMENTO PESQUERO,Campaña_Inv_Ver_2019.Proy.SeguimientoAmbiental,Coquimbo,1,300839.9,712256.3,2019-04-15,00:00:00,REDOX EHNHE,325.26666666666665,15/04/2019 00:00:00,IV
135,ESTUDIO DEL DESEMPEÑO AMBIENTAL DE LA ACUICULTURA EN CHILE Y SU EFECTO EN LOS ECOSISTEMAS DE EMPLAZAMIENTO 2019-2020,Objetivo 1. Actividad 2. Muestreos y Analisis sedimentos,Gastón Vidal,INSTITUTO DE FOMENTO PESQUERO,Campaña_Inv_Ver_2019.Proy.SeguimientoAmbiental,Coquimbo,4,301121.0,712525.0,2019-04-15,00:00:00,REDOX EHNHE,116.23333333333333,15/04/2019 00:00:00,IV
136,ESTUDIO DEL DESEMPEÑO AMBIENTAL DE LA ACUICULTURA EN CHILE Y SU EFECTO EN LOS ECOSISTEMAS DE EMPLAZAMIENTO 2019-2020,Objetivo 1. Actividad 2. Muestreos y Analisis sedimentos,Gastón Vidal,INSTITUTO DE FOMENTO PESQUERO,Campaña_Inv_Ver_2019.Proy.SeguimientoAmbiental,Coquimbo,5,301046.7,712617.5,2019-04-15,00:00:00,REDOX EHNHE,297.8,15/04/2019 00:00:00,IV
137,ESTUDIO DEL DESEMPEÑO AMBIENTAL DE LA ACUICULTURA EN CHILE Y SU EFECTO EN LOS ECOSISTEMAS DE EMPLAZAMIENTO 2019-2020,Objetivo 1. Actividad 2. Muestreos y Analisis sedimentos,Gastón Vidal,INSTITUTO DE FOMENTO PESQUERO,Campaña_Inv_Ver_2019.Proy.SeguimientoAmbiental,Coquimbo,7,301455.9,712925.2,2019-04-15,00:00:00,REDOX EHNHE,301.73333333333335,15/04/2019 00:00:00,IV
138,ESTUDIO DEL DESEMPEÑO AMBIENTAL DE LA ACUICULTURA EN CHILE Y SU EFECTO EN LOS ECOSISTEMAS DE EMPLAZAMIENTO 2019-2020,Objetivo 1. Actividad 2. Muestreos y Analisis sedimentos,Gastón Vidal,INSTITUTO DE FOMENTO PESQUERO,Campaña_Inv_Ver_2019.Proy.SeguimientoAmbiental,Coquimbo,9,301620.2,713032.0,2019-04-15,00:00:00,REDOX EHNHE,198.79999999999998,15/04/2019 00:00:00,IV
139,ESTUDIO DEL DESEMPEÑO AMBIENTAL DE LA ACUICULTURA EN CHILE Y SU EFECTO EN LOS ECOSISTEMAS DE EMPLAZAMIENTO 2019-2020,Objetivo 1. Actividad 2. Muestreos y Analisis sedimentos,Gastón Vidal,INSTITUTO DE FOMENTO PESQUERO,Campaña_Inv_Ver_2019.Proy.SeguimientoAmbiental,Coquimbo,10,301612.8,713138.8,2019-04-15,00:00:00,REDOX EHNHE,83.43333333333334,15/04/2019 00:00:00,IV
140,ESTUDIO DEL DESEMPEÑO AMBIENTAL DE LA ACUICULTURA EN CHILE Y SU EFECTO EN LOS ECOSISTEMAS DE EMPLAZAMIENTO 2019-2020,Objetivo 1. Actividad 2. Muestreos y Analisis sedimentos,Gastón Vidal,INSTITUTO DE FOMENTO PESQUERO,Campaña_Inv_Ver_2019.Proy.SeguimientoAmbiental,Coquimbo,13,301637.0,713306.7,2019-04-15,00:00:00,REDOX EHNHE,274.5,15/04/2019 00:00:00,IV
141,ESTUDIO DEL DESEMPEÑO AMBIENTAL DE LA ACUICULTURA EN CHILE Y SU EFECTO EN LOS ECOSISTEMAS DE EMPLAZAMIENTO 2019-2020,Objetivo 1. Actividad 2. Muestreos y Analisis sedimentos,Gastón Vidal,INSTITUTO DE FOMENTO PESQUERO,Campaña_Inv_Ver_2019.Proy.SeguimientoAmbiental,Atacama,2,270625.2,705153.6,2019-04-11,00:00:00,REDOX EHNHE,294.6666666666667,11/04/2019 00:00:00,III
142,ESTUDIO DEL DESEMPEÑO AMBIENTAL DE LA ACUICULTURA EN CHILE Y SU EFECTO EN LOS ECOSISTEMAS DE EMPLAZAMIENTO 2019-2020,Objetivo 1. Actividad 2. Muestreos y Analisis sedimentos,Gastón Vidal,INSTITUTO DE FOMENTO PESQUERO,Campaña_Inv_Ver_2019.Proy.SeguimientoAmbiental,Atacama,3,270705.4,705140.1,2019-04-11,00:00:00,REDOX EHNHE,154.5666666666667,11/04/2019 00:00:00,III
143,ESTUDIO DEL DESEMPEÑO AMBIENTAL DE LA ACUICULTURA EN CHILE Y SU EFECTO EN LOS ECOSISTEMAS DE EMPLAZAMIENTO 2019-2020,Objetivo 1. Actividad 2. Muestreos y Analisis sedimentos,Gastón Vidal,INSTITUTO DE FOMENTO PESQUERO,Campaña_Inv_Ver_2019.Proy.SeguimientoAmbiental,Atacama,6,270657.6,705223.1,2019-04-11,00:00:00,REDOX EHNHE,274.6666666666667,11/04/2019 00:00:00,III
144,ESTUDIO DEL DESEMPEÑO AMBIENTAL DE LA ACUICULTURA EN CHILE Y SU EFECTO EN LOS ECOSISTEMAS DE EMPLAZAMIENTO 2019-2020,Objetivo 1. Actividad 2. Muestreos y Analisis sedimentos,Gastón Vidal,INSTITUTO DE FOMENTO PESQUERO,Campaña_Inv_Ver_2019.Proy.SeguimientoAmbiental,Atacama,7,270740.8,705230.3,2019-04-11,00:00:00,REDOX EHNHE,5.699999999999998,11/04/2019 00:00:00,III
145,ESTUDIO DEL DESEMPEÑO AMBIENTAL DE LA ACUICULTURA EN CHILE Y SU EFECTO EN LOS ECOSISTEMAS DE EMPLAZAMIENTO 2019-2020,Objetivo 1. Actividad 2. Muestreos y Analisis sedimentos,Gastón Vidal,INSTITUTO DE FOMENTO PESQUERO,Campaña_Inv_Ver_2019.Proy.SeguimientoAmbiental,Atacama,10,270730.7,705259.8,2019-04-11,00:00:00,REDOX EHNHE,199.76666666666668,11/04/2019 00:00:00,III
146,ESTUDIO DEL DESEMPEÑO AMBIENTAL DE LA ACUICULTURA EN CHILE Y SU EFECTO EN LOS ECOSISTEMAS DE EMPLAZAMIENTO 2019-2020,Objetivo 1. Actividad 2. Muestreos y Analisis sedimentos,Gastón Vidal,INSTITUTO DE FOMENTO PESQUERO,Campaña_Inv_Ver_2019.Proy.SeguimientoAmbiental,Atacama,14,270756.6,705332.6,2019-04-11,00:00:00,REDOX EHNHE,-3.066666666666672,11/04/2019 00:00:00,III
147,ESTUDIO DEL DESEMPEÑO AMBIENTAL DE LA ACUICULTURA EN CHILE Y SU EFECTO EN LOS ECOSISTEMAS DE EMPLAZAMIENTO 2019-2020,Objetivo 1. Actividad 2. Muestreos y Analisis sedimentos,Gastón Vidal,INSTITUTO DE FOMENTO PESQUERO,Campaña_Inv_Ver_2019.Proy.SeguimientoAmbiental,Natales,2,513604.7,724301.6,2019-08-10,15:24:00,REDOX EHNHE,256.8666666666667,10/08/2019 15:24:00,XII
148,ESTUDIO DEL DESEMPEÑO AMBIENTAL DE LA ACUICULTURA EN CHILE Y SU EFECTO EN LOS ECOSISTEMAS DE EMPLAZAMIENTO 2019-2020,Objetivo 1. Actividad 2. Muestreos y Analisis sedimentos,Gastón Vidal,INSTITUTO DE FOMENTO PESQUERO,Campaña_Inv_Ver_2019.Proy.SeguimientoAmbiental,Natales,3,514018.2,723753.1,2019-08-10,16:19:00,REDOX EHNHE,21.600000000000005,10/08/2019 16:19:00,XII
149,ESTUDIO DEL DESEMPEÑO AMBIENTAL DE LA ACUICULTURA EN CHILE Y SU EFECTO EN LOS ECOSISTEMAS DE EMPLAZAMIENTO 2019-2020,Objetivo 1. Actividad 2. Muestreos y Analisis sedimentos,Gastón Vidal,INSTITUTO DE FOMENTO PESQUERO,Campaña_Inv_Ver_2019.Proy.SeguimientoAmbiental,Natales,5,514929.7,723739.8,2019-08-11,22:45:00,REDOX EHNHE,206.16666666666666,11/08/2019 22:45:00,XII
150,ESTUDIO DEL DESEMPEÑO AMBIENTAL DE LA ACUICULTURA EN CHILE Y SU EFECTO EN LOS ECOSISTEMAS DE EMPLAZAMIENTO 2019-2020,Objetivo 1. Actividad 2. Muestreos y Analisis sedimentos,Gastón Vidal,INSTITUTO DE FOMENTO PESQUERO,Campaña_Inv_Ver_2019.Proy.SeguimientoAmbiental,Natales,9,514601.6,725405.0,2019-08-11,12:49:00,REDOX EHNHE,343.2,11/08/2019 12:49:00,XII
151,ESTUDIO DEL DESEMPEÑO AMBIENTAL DE LA ACUICULTURA EN CHILE Y SU EFECTO EN LOS ECOSISTEMAS DE EMPLAZAMIENTO 2019-2020,Objetivo 1. Actividad 2. Muestreos y Analisis sedimentos,Gastón Vidal,INSTITUTO DE FOMENTO PESQUERO,Campaña_Inv_Ver_2019.Proy.SeguimientoAmbiental,Natales,10,520357.8,725602.0,2019-08-11,15:43:00,REDOX EHNHE,264.2,11/08/2019 15:43:00,XII
152,ESTUDIO DEL DESEMPEÑO AMBIENTAL DE LA ACUICULTURA EN CHILE Y SU EFECTO EN LOS ECOSISTEMAS DE EMPLAZAMIENTO 2019-2020,Objetivo 1. Actividad 2. Muestreos y Analisis sedimentos,Gastón Vidal,INSTITUTO DE FOMENTO PESQUERO,Campaña_Inv_Ver_2019.Proy.SeguimientoAmbiental,Natales,11,521159.7,725703.6,2019-08-11,17:58:00,REDOX EHNHE,89.83333333333333,11/08/2019 17:58:00,XII
153,ESTUDIO DEL DESEMPEÑO AMBIENTAL DE LA ACUICULTURA EN CHILE Y SU EFECTO EN LOS ECOSISTEMAS DE EMPLAZAMIENTO 2019-2020,Objetivo 1. Actividad 2. Muestreos y Analisis sedimentos,Gastón Vidal,INSTITUTO DE FOMENTO PESQUERO,Campaña_Inv_Ver_2019.Proy.SeguimientoAmbiental,Natales,13,521310.4,725226.1,2019-08-11,18:40:00,REDOX EHNHE,249.5666666666667,11/08/2019 18:40:00,XII
154,ESTUDIO DEL DESEMPEÑO AMBIENTAL DE LA ACUICULTURA EN CHILE Y SU EFECTO EN LOS ECOSISTEMAS DE EMPLAZAMIENTO 2019-2020,Objetivo 1. Actividad 2. Muestreos y Analisis sedimentos,Gastón Vidal,INSTITUTO DE FOMENTO PESQUERO,Campaña_Inv_Ver_2019.Proy.SeguimientoAmbiental,Natales,14,520439.3,723937.6,2019-08-11,10:16:00,REDOX EHNHE,538.1666666666666,11/08/2019 10:16:00,XII
155,ESTUDIO DEL DESEMPEÑO AMBIENTAL DE LA ACUICULTURA EN CHILE Y SU EFECTO EN LOS ECOSISTEMAS DE EMPLAZAMIENTO 2019-2020,Objetivo 1. Actividad 2. Muestreos y Analisis sedimentos,Gastón Vidal,INSTITUTO DE FOMENTO PESQUERO,Campaña_Inv_Ver_2019.Proy.SeguimientoAmbiental,Bio-Bio,4,370959.6,733041.5,2019-07-24,00:00:00,REDOX EHNHE,647.1333333333333,24/07/2019 00:00:00,VIII
156,ESTUDIO DEL DESEMPEÑO AMBIENTAL DE LA ACUICULTURA EN CHILE Y SU EFECTO EN LOS ECOSISTEMAS DE EMPLAZAMIENTO 2019-2020,Objetivo 1. Actividad 2. Muestreos y Analisis sedimentos,Gastón Vidal,INSTITUTO DE FOMENTO PESQUERO,Campaña_Inv_Ver_2019.Proy.SeguimientoAmbiental,Bio-Bio,5,371343.6,732125.3,2019-07-24,00:00:00,REDOX EHNHE,297,24/07/2019 00:00:00,VIII
157,ESTUDIO DEL DESEMPEÑO AMBIENTAL DE LA ACUICULTURA EN CHILE Y SU EFECTO EN LOS ECOSISTEMAS DE EMPLAZAMIENTO 2019-2020,Objetivo 1. Actividad 2. Muestreos y Analisis sedimentos,Gastón Vidal,INSTITUTO DE FOMENTO PESQUERO,Campaña_Inv_Ver_2019.Proy.SeguimientoAmbiental,Bio-Bio,8,371341.8,731932.2,2019-07-24,00:00:00,REDOX EHNHE,245.36666666666667,24/07/2019 00:00:00,VIII
158,ESTUDIO DEL DESEMPEÑO AMBIENTAL DE LA ACUICULTURA EN CHILE Y SU EFECTO EN LOS ECOSISTEMAS DE EMPLAZAMIENTO 2019-2020,Objetivo 1. Actividad 2. Muestreos y Analisis sedimentos,Gastón Vidal,INSTITUTO DE FOMENTO PESQUERO,Campaña_Inv_Ver_2019.Proy.SeguimientoAmbiental,Bio-Bio,9,371000.1,731213.8,2019-07-24,00:00:00,REDOX EHNHE,378.3333333333333,24/07/2019 00:00:00,VIII
159,ESTUDIO DEL DESEMPEÑO AMBIENTAL DE LA ACUICULTURA EN CHILE Y SU EFECTO EN LOS ECOSISTEMAS DE EMPLAZAMIENTO 2019-2020,Objetivo 1. Actividad 2. Muestreos y Analisis sedimentos,Gastón Vidal,INSTITUTO DE FOMENTO PESQUERO,Campaña_Inv_Ver_2019.Proy.SeguimientoAmbiental,Bio-Bio,11,370916.3,731140.2,2019-07-24,00:00:00,REDOX EHNHE,292.26666666666665,24/07/2019 00:00:00,VIII
160,ESTUDIO DEL DESEMPEÑO AMBIENTAL DE LA ACUICULTURA EN CHILE Y SU EFECTO EN LOS ECOSISTEMAS DE EMPLAZAMIENTO 2019-2020,Objetivo 1. Actividad 2. Muestreos y Analisis sedimentos,Gastón Vidal,INSTITUTO DE FOMENTO PESQUERO,Campaña_Inv_Ver_2019.Proy.SeguimientoAmbiental,Bio-Bio,14,370638.2,730929.6,2019-07-24,00:00:00,REDOX EHNHE,317.06666666666666,24/07/2019 00:00:00,VIII
161,ESTUDIO DEL DESEMPEÑO AMBIENTAL DE LA ACUICULTURA EN CHILE Y SU EFECTO EN LOS ECOSISTEMAS DE EMPLAZAMIENTO 2019-2020,Objetivo 1. Actividad 2. Muestreos y Analisis sedimentos,Gastón Vidal,INSTITUTO DE FOMENTO PESQUERO,Campaña_Inv_Ver_2019.Proy.SeguimientoAmbiental,Bio-Bio,15,370411.4,730956.2,2019-07-24,00:00:00,REDOX EHNHE,214.63333333333333,24/07/2019 00:00:00,VIII
162,ESTUDIO DEL DESEMPEÑO AMBIENTAL DE LA ACUICULTURA EN CHILE Y SU EFECTO EN LOS ECOSISTEMAS DE EMPLAZAMIENTO 2019-2020,Objetivo 1. Actividad 2. Muestreos y Analisis sedimentos,Gastón Vidal,INSTITUTO DE FOMENTO PESQUERO,Campaña_Inv_Ver_2019.Proy.SeguimientoAmbiental,Bio-Bio,19,370243.4,730851.0,2019-07-24,00:00:00,REDOX EHNHE,636,24/07/2019 00:00:00,VIII
163,ESTUDIO DEL DESEMPEÑO AMBIENTAL DE LA ACUICULTURA EN CHILE Y SU EFECTO EN LOS ECOSISTEMAS DE EMPLAZAMIENTO 2019-2020,Objetivo 1. Actividad 2. Muestreos y Analisis sedimentos,Gastón Vidal,INSTITUTO DE FOMENTO PESQUERO,Campaña_Inv_Ver_2019.Proy.SeguimientoAmbiental,Valdivia,1,395105.7,731901.5,2019-07-26,00:00:00,REDOX EHNHE,436.3,26/07/2019 00:00:00,XIV
164,ESTUDIO DEL DESEMPEÑO AMBIENTAL DE LA ACUICULTURA EN CHILE Y SU EFECTO EN LOS ECOSISTEMAS DE EMPLAZAMIENTO 2019-2020,Objetivo 1. Actividad 2. Muestreos y Analisis sedimentos,Gastón Vidal,INSTITUTO DE FOMENTO PESQUERO,Campaña_Inv_Ver_2019.Proy.SeguimientoAmbiental,Valdivia,2,395119.5,731905.4,2019-07-26,00:00:00,REDOX EHNHE,352.8333333333333,26/07/2019 00:00:00,XIV
165,ESTUDIO DEL DESEMPEÑO AMBIENTAL DE LA ACUICULTURA EN CHILE Y SU EFECTO EN LOS ECOSISTEMAS DE EMPLAZAMIENTO 2019-2020,Objetivo 1. Actividad 2. Muestreos y Analisis sedimentos,Gastón Vidal,INSTITUTO DE FOMENTO PESQUERO,Campaña_Inv_Ver_2019.Proy.SeguimientoAmbiental,Valdivia,3,395156.9,732058.2,2019-07-26,00:00:00,REDOX EHNHE,432.09999999999997,26/07/2019 00:00:00,XIV
166,ESTUDIO DEL DESEMPEÑO AMBIENTAL DE LA ACUICULTURA EN CHILE Y SU EFECTO EN LOS ECOSISTEMAS DE EMPLAZAMIENTO 2019-2020,Objetivo 1. Actividad 2. Muestreos y Analisis sedimentos,Gastón Vidal,INSTITUTO DE FOMENTO PESQUERO,Campaña_Inv_Ver_2019.Proy.SeguimientoAmbiental,Valdivia,4,395153.8,732138.8,2019-07-26,00:00:00,REDOX EHNHE,407.6666666666667,26/07/2019 00:00:00,XIV
167,ESTUDIO DEL DESEMPEÑO AMBIENTAL DE LA ACUICULTURA EN CHILE Y SU EFECTO EN LOS ECOSISTEMAS DE EMPLAZAMIENTO 2019-2020,Objetivo 1. Actividad 2. Muestreos y Analisis sedimentos,Gastón Vidal,INSTITUTO DE FOMENTO PESQUERO,Campaña_Inv_Ver_2019.Proy.SeguimientoAmbiental,Valdivia,6,395246.5,732253.5,2019-07-26,00:00:00,REDOX EHNHE,376.59999999999997,26/07/2019 00:00:00,XIV
168,ESTUDIO DEL DESEMPEÑO AMBIENTAL DE LA ACUICULTURA EN CHILE Y SU EFECTO EN LOS ECOSISTEMAS DE EMPLAZAMIENTO 2019-2020,Objetivo 1. Actividad 2. Muestreos y Analisis sedimentos,Gastón Vidal,INSTITUTO DE FOMENTO PESQUERO,Campaña_Inv_Ver_2019.Proy.SeguimientoAmbiental,Valdivia,9,395336.9,732146.5,2019-07-26,00:00:00,REDOX EHNHE,97.83333333333333,26/07/2019 00:00:00,XIV
169,ESTUDIO DEL DESEMPEÑO AMBIENTAL DE LA ACUICULTURA EN CHILE Y SU EFECTO EN LOS ECOSISTEMAS DE EMPLAZAMIENTO 2019-2020,Objetivo 1. Actividad 2. Muestreos y Analisis sedimentos,Gastón Vidal,INSTITUTO DE FOMENTO PESQUERO,Campaña_Inv_Ver_2019.Proy.SeguimientoAmbiental,Valdivia,11,395335.9,732219.4,2019-07-26,00:00:00,REDOX EHNHE,180.60000000000002,26/07/2019 00:00:00,XIV
170,ESTUDIO DEL DESEMPEÑO AMBIENTAL DE LA ACUICULTURA EN CHILE Y SU EFECTO EN LOS ECOSISTEMAS DE EMPLAZAMIENTO 2019-2020,Objetivo 1. Actividad 2. Muestreos y Analisis sedimentos,Gastón Vidal,INSTITUTO DE FOMENTO PESQUERO,Campaña_Inv_Ver_2019.Proy.SeguimientoAmbiental,Valdivia,15,395547.5,732341.2,2019-07-26,00:00:00,REDOX EHNHE,125.59999999999998,26/07/2019 00:00:00,XIV
1,ESTUDIO DEL DESEMPEÑO AMBIENTAL DE LA ACUICULTURA EN CHILE Y SU EFECTO EN LOS ECOSISTEMAS DE EMPLAZAMIENTO 2019-2020,Objetivo 1. Actividad 2. Muestreos y Analisis sedimentos,Gastón Vidal,INSTITUTO DE FOMENTO PESQUERO,Campaña_Inv_Ver_2019.Proy.SeguimientoAmbiental,Estuario,1,412614.9,721747.9,2019-05-10,15:55:00,SULFUROS,3.164060042440747,10/05/2019 15:55:00,X
2,ESTUDIO DEL DESEMPEÑO AMBIENTAL DE LA ACUICULTURA EN CHILE Y SU EFECTO EN LOS ECOSISTEMAS DE EMPLAZAMIENTO 2019-2020,Objetivo 1. Actividad 2. Muestreos y Analisis sedimentos,Gastón Vidal,INSTITUTO DE FOMENTO PESQUERO,Campaña_Inv_Ver_2019.Proy.SeguimientoAmbiental,Estuario,2,412807.3,721843.5,2019-05-10,16:40:00,SULFUROS,0.37967631190005563,10/05/2019 16:40:00,X
3,ESTUDIO DEL DESEMPEÑO AMBIENTAL DE LA ACUICULTURA EN CHILE Y SU EFECTO EN LOS ECOSISTEMAS DE EMPLAZAMIENTO 2019-2020,Objetivo 1. Actividad 2. Muestreos y Analisis sedimentos,Gastón Vidal,INSTITUTO DE FOMENTO PESQUERO,Campaña_Inv_Ver_2019.Proy.SeguimientoAmbiental,Estuario,3,412945.4,721845.5,2019-05-10,14:55:00,SULFUROS,0.0048036989346687126,10/05/2019 14:55:00,X
4,ESTUDIO DEL DESEMPEÑO AMBIENTAL DE LA ACUICULTURA EN CHILE Y SU EFECTO EN LOS ECOSISTEMAS DE EMPLAZAMIENTO 2019-2020,Objetivo 1. Actividad 2. Muestreos y Analisis sedimentos,Gastón Vidal,INSTITUTO DE FOMENTO PESQUERO,Campaña_Inv_Ver_2019.Proy.SeguimientoAmbiental,Estuario,5,413039.3,721721.1,2019-05-10,12:55:00,SULFUROS,221.64467417070918,10/05/2019 12:55:00,X
5,ESTUDIO DEL DESEMPEÑO AMBIENTAL DE LA ACUICULTURA EN CHILE Y SU EFECTO EN LOS ECOSISTEMAS DE EMPLAZAMIENTO 2019-2020,Objetivo 1. Actividad 2. Muestreos y Analisis sedimentos,Gastón Vidal,INSTITUTO DE FOMENTO PESQUERO,Campaña_Inv_Ver_2019.Proy.SeguimientoAmbiental,Estuario,6,413132.6,722021.4,2019-05-10,11:18:00,SULFUROS,0.8237348596442692,10/05/2019 11:18:00,X
6,ESTUDIO DEL DESEMPEÑO AMBIENTAL DE LA ACUICULTURA EN CHILE Y SU EFECTO EN LOS ECOSISTEMAS DE EMPLAZAMIENTO 2019-2020,Objetivo 1. Actividad 2. Muestreos y Analisis sedimentos,Gastón Vidal,INSTITUTO DE FOMENTO PESQUERO,Campaña_Inv_Ver_2019.Proy.SeguimientoAmbiental,Estuario,7,413157.8,721802.6,2019-05-10,12:20:00,SULFUROS,7.08943086795706,10/05/2019 12:20:00,X
7,ESTUDIO DEL DESEMPEÑO AMBIENTAL DE LA ACUICULTURA EN CHILE Y SU EFECTO EN LOS ECOSISTEMAS DE EMPLAZAMIENTO 2019-2020,Objetivo 1. Actividad 2. Muestreos y Analisis sedimentos,Gastón Vidal,INSTITUTO DE FOMENTO PESQUERO,Campaña_Inv_Ver_2019.Proy.SeguimientoAmbiental,Estuario,8,413533.0,722110.7,2019-05-10,10:25:00,SULFUROS,0.2797472421455305,10/05/2019 10:25:00,X
8,ESTUDIO DEL DESEMPEÑO AMBIENTAL DE LA ACUICULTURA EN CHILE Y SU EFECTO EN LOS ECOSISTEMAS DE EMPLAZAMIENTO 2019-2020,Objetivo 1. Actividad 2. Muestreos y Analisis sedimentos,Gastón Vidal,INSTITUTO DE FOMENTO PESQUERO,Campaña_Inv_Ver_2019.Proy.SeguimientoAmbiental,Estuario,12,413938.3,722058.9,2019-05-10,09:55:00,SULFUROS,0.5677297352373046,10/05/2019 09:55:00,X
9,ESTUDIO DEL DESEMPEÑO AMBIENTAL DE LA ACUICULTURA EN CHILE Y SU EFECTO EN LOS ECOSISTEMAS DE EMPLAZAMIENTO 2019-2020,Objetivo 1. Actividad 2. Muestreos y Analisis sedimentos,Gastón Vidal,INSTITUTO DE FOMENTO PESQUERO,Campaña_Inv_Ver_2019.Proy.SeguimientoAmbiental,Estuario,17,414052.7,722801.1,2019-05-10,09:02:00,SULFUROS,0.014099120953950566,10/05/2019 09:02:00,X
10,ESTUDIO DEL DESEMPEÑO AMBIENTAL DE LA ACUICULTURA EN CHILE Y SU EFECTO EN LOS ECOSISTEMAS DE EMPLAZAMIENTO 2019-2020,Objetivo 1. Actividad 2. Muestreos y Analisis sedimentos,Gastón Vidal,INSTITUTO DE FOMENTO PESQUERO,Campaña_Inv_Ver_2019.Proy.SeguimientoAmbiental,Estuario,21,414330.8,723048.5,2019-05-10,08:15:00,SULFUROS,0.366679390613255,10/05/2019 08:15:00,X
12,ESTUDIO DEL DESEMPEÑO AMBIENTAL DE LA ACUICULTURA EN CHILE Y SU EFECTO EN LOS ECOSISTEMAS DE EMPLAZAMIENTO 2019-2020,Objetivo 1. Actividad 2. Muestreos y Analisis sedimentos,Gastón Vidal,INSTITUTO DE FOMENTO PESQUERO,Campaña_Inv_Ver_2019.Proy.SeguimientoAmbiental,Reloncavi,4,415223.0,725351.4,2019-05-12,00:00:00,SULFUROS,2.7297840592554863e-06,12/05/2019 00:00:00,X
13,ESTUDIO DEL DESEMPEÑO AMBIENTAL DE LA ACUICULTURA EN CHILE Y SU EFECTO EN LOS ECOSISTEMAS DE EMPLAZAMIENTO 2019-2020,Objetivo 1. Actividad 2. Muestreos y Analisis sedimentos,Gastón Vidal,INSTITUTO DE FOMENTO PESQUERO,Campaña_Inv_Ver_2019.Proy.SeguimientoAmbiental,Reloncavi,5,415307.1,725602.6,2019-05-12,00:00:00,SULFUROS,0.00035799147738791993,12/05/2019 00:00:00,X
14,ESTUDIO DEL DESEMPEÑO AMBIENTAL DE LA ACUICULTURA EN CHILE Y SU EFECTO EN LOS ECOSISTEMAS DE EMPLAZAMIENTO 2019-2020,Objetivo 1. Actividad 2. Muestreos y Analisis sedimentos,Gastón Vidal,INSTITUTO DE FOMENTO PESQUERO,Campaña_Inv_Ver_2019.Proy.SeguimientoAmbiental,Reloncavi,7,414413.7,730243.4,2019-05-30,11:00:00,SULFUROS,0.003688585052591821,30/05/2019 11:00:00,X
15,ESTUDIO DEL DESEMPEÑO AMBIENTAL DE LA ACUICULTURA EN CHILE Y SU EFECTO EN LOS ECOSISTEMAS DE EMPLAZAMIENTO 2019-2020,Objetivo 1. Actividad 2. Muestreos y Analisis sedimentos,Gastón Vidal,INSTITUTO DE FOMENTO PESQUERO,Campaña_Inv_Ver_2019.Proy.SeguimientoAmbiental,Reloncavi,13,412948.4,725730.9,2019-05-09,00:00:00,SULFUROS,0.00020065674491689432,09/05/2019 00:00:00,X
16,ESTUDIO DEL DESEMPEÑO AMBIENTAL DE LA ACUICULTURA EN CHILE Y SU EFECTO EN LOS ECOSISTEMAS DE EMPLAZAMIENTO 2019-2020,Objetivo 1. Actividad 2. Muestreos y Analisis sedimentos,Gastón Vidal,INSTITUTO DE FOMENTO PESQUERO,Campaña_Inv_Ver_2019.Proy.SeguimientoAmbiental,Reloncavi,15,413105.3,724724.2,2019-05-09,00:00:00,SULFUROS,0.044004808081882583,09/05/2019 00:00:00,X
17,ESTUDIO DEL DESEMPEÑO AMBIENTAL DE LA ACUICULTURA EN CHILE Y SU EFECTO EN LOS ECOSISTEMAS DE EMPLAZAMIENTO 2019-2020,Objetivo 1. Actividad 2. Muestreos y Analisis sedimentos,Gastón Vidal,INSTITUTO DE FOMENTO PESQUERO,Campaña_Inv_Ver_2019.Proy.SeguimientoAmbiental,Reloncavi,17,413450.6,724336.9,2019-05-09,00:00:00,SULFUROS,0.015370024861207645,09/05/2019 00:00:00,X
18,ESTUDIO DEL DESEMPEÑO AMBIENTAL DE LA ACUICULTURA EN CHILE Y SU EFECTO EN LOS ECOSISTEMAS DE EMPLAZAMIENTO 2019-2020,Objetivo 1. Actividad 2. Muestreos y Analisis sedimentos,Gastón Vidal,INSTITUTO DE FOMENTO PESQUERO,Campaña_Inv_Ver_2019.Proy.SeguimientoAmbiental,Reloncavi,19,413707.8,724152.2,2019-05-09,00:00:00,SULFUROS,0.010827416421050505,09/05/2019 00:00:00,X
19,ESTUDIO DEL DESEMPEÑO AMBIENTAL DE LA ACUICULTURA EN CHILE Y SU EFECTO EN LOS ECOSISTEMAS DE EMPLAZAMIENTO 2019-2020,Objetivo 1. Actividad 2. Muestreos y Analisis sedimentos,Gastón Vidal,INSTITUTO DE FOMENTO PESQUERO,Campaña_Inv_Ver_2019.Proy.SeguimientoAmbiental,Reloncavi,21,413751.5,724023.2,2019-05-09,00:00:00,SULFUROS,0.39416060562382227,09/05/2019 00:00:00,X
20,ESTUDIO DEL DESEMPEÑO AMBIENTAL DE LA ACUICULTURA EN CHILE Y SU EFECTO EN LOS ECOSISTEMAS DE EMPLAZAMIENTO 2019-2020,Objetivo 1. Actividad 2. Muestreos y Analisis sedimentos,Gastón Vidal,INSTITUTO DE FOMENTO PESQUERO,Campaña_Inv_Ver_2019.Proy.SeguimientoAmbiental,Reloncavi,25,414943.9,724718.2,2019-05-12,14:30:00,SULFUROS,8.908737891838548,12/05/2019 14:30:00,X
21,ESTUDIO DEL DESEMPEÑO AMBIENTAL DE LA ACUICULTURA EN CHILE Y SU EFECTO EN LOS ECOSISTEMAS DE EMPLAZAMIENTO 2019-2020,Objetivo 1. Actividad 2. Muestreos y Analisis sedimentos,Gastón Vidal,INSTITUTO DE FOMENTO PESQUERO,Campaña_Inv_Ver_2019.Proy.SeguimientoAmbiental,Calbuco,1,414442.2,730610.3,2019-05-30,00:00:00,SULFUROS,0.2754626737216408,30/05/2019 00:00:00,X
22,ESTUDIO DEL DESEMPEÑO AMBIENTAL DE LA ACUICULTURA EN CHILE Y SU EFECTO EN LOS ECOSISTEMAS DE EMPLAZAMIENTO 2019-2020,Objetivo 1. Actividad 2. Muestreos y Analisis sedimentos,Gastón Vidal,INSTITUTO DE FOMENTO PESQUERO,Campaña_Inv_Ver_2019.Proy.SeguimientoAmbiental,Calbuco,2,414630.1,730505.2,2019-05-30,00:00:00,SULFUROS,1.5408001799566405e-05,30/05/2019 00:00:00,X
23,ESTUDIO DEL DESEMPEÑO AMBIENTAL DE LA ACUICULTURA EN CHILE Y SU EFECTO EN LOS ECOSISTEMAS DE EMPLAZAMIENTO 2019-2020,Objetivo 1. Actividad 2. Muestreos y Analisis sedimentos,Gastón Vidal,INSTITUTO DE FOMENTO PESQUERO,Campaña_Inv_Ver_2019.Proy.SeguimientoAmbiental,Calbuco,8,414314.7,730933.2,2019-05-30,13:15:00,SULFUROS,0.0058739300587825815,30/05/2019 13:15:00,X
24,ESTUDIO DEL DESEMPEÑO AMBIENTAL DE LA ACUICULTURA EN CHILE Y SU EFECTO EN LOS ECOSISTEMAS DE EMPLAZAMIENTO 2019-2020,Objetivo 1. Actividad 2. Muestreos y Analisis sedimentos,Gastón Vidal,INSTITUTO DE FOMENTO PESQUERO,Campaña_Inv_Ver_2019.Proy.SeguimientoAmbiental,Calbuco,16,414822.6,731018.3,2019-06-02,00:00:00,SULFUROS,7.825401256969992e-43,02/06/2019 00:00:00,X
25,ESTUDIO DEL DESEMPEÑO AMBIENTAL DE LA ACUICULTURA EN CHILE Y SU EFECTO EN LOS ECOSISTEMAS DE EMPLAZAMIENTO 2019-2020,Objetivo 1. Actividad 2. Muestreos y Analisis sedimentos,Gastón Vidal,INSTITUTO DE FOMENTO PESQUERO,Campaña_Inv_Ver_2019.Proy.SeguimientoAmbiental,Calbuco,22,414705.8,730505.2,2019-05-30,00:00:00,SULFUROS,1.743017196318025e-07,30/05/2019 00:00:00,X
26,ESTUDIO DEL DESEMPEÑO AMBIENTAL DE LA ACUICULTURA EN CHILE Y SU EFECTO EN LOS ECOSISTEMAS DE EMPLAZAMIENTO 2019-2020,Objetivo 1. Actividad 2. Muestreos y Analisis sedimentos,Gastón Vidal,INSTITUTO DE FOMENTO PESQUERO,Campaña_Inv_Ver_2019.Proy.SeguimientoAmbiental,Calbuco,26,415016.4,730447.2,2019-05-30,15:00:00,SULFUROS,1.45707049811771e-11,30/05/2019 15:00:00,X
27,ESTUDIO DEL DESEMPEÑO AMBIENTAL DE LA ACUICULTURA EN CHILE Y SU EFECTO EN LOS ECOSISTEMAS DE EMPLAZAMIENTO 2019-2020,Objetivo 1. Actividad 2. Muestreos y Analisis sedimentos,Gastón Vidal,INSTITUTO DE FOMENTO PESQUERO,Campaña_Inv_Ver_2019.Proy.SeguimientoAmbiental,Calbuco,27,414959.8,730629.1,2019-05-30,00:00:00,SULFUROS,12.329667126379677,30/05/2019 00:00:00,X
28,ESTUDIO DEL DESEMPEÑO AMBIENTAL DE LA ACUICULTURA EN CHILE Y SU EFECTO EN LOS ECOSISTEMAS DE EMPLAZAMIENTO 2019-2020,Objetivo 1. Actividad 2. Muestreos y Analisis sedimentos,Gastón Vidal,INSTITUTO DE FOMENTO PESQUERO,Campaña_Inv_Ver_2019.Proy.SeguimientoAmbiental,Calbuco,30,415019.0,730822.5,2019-05-30,16:20:00,SULFUROS,0.0021403827969653103,30/05/2019 16:20:00,X
29,ESTUDIO DEL DESEMPEÑO AMBIENTAL DE LA ACUICULTURA EN CHILE Y SU EFECTO EN LOS ECOSISTEMAS DE EMPLAZAMIENTO 2019-2020,Objetivo 1. Actividad 2. Muestreos y Analisis sedimentos,Gastón Vidal,INSTITUTO DE FOMENTO PESQUERO,Campaña_Inv_Ver_2019.Proy.SeguimientoAmbiental,Chacao,2,415659.3,733134.3,2019-06-02,00:00:00,SULFUROS,0.9356021203618866,02/06/2019 00:00:00,X
30,ESTUDIO DEL DESEMPEÑO AMBIENTAL DE LA ACUICULTURA EN CHILE Y SU EFECTO EN LOS ECOSISTEMAS DE EMPLAZAMIENTO 2019-2020,Objetivo 1. Actividad 2. Muestreos y Analisis sedimentos,Gastón Vidal,INSTITUTO DE FOMENTO PESQUERO,Campaña_Inv_Ver_2019.Proy.SeguimientoAmbiental,Chacao,6,415415.1,732906.8,2019-06-02,16:46:00,SULFUROS,0.3143017008085471,02/06/2019 16:46:00,X
31,ESTUDIO DEL DESEMPEÑO AMBIENTAL DE LA ACUICULTURA EN CHILE Y SU EFECTO EN LOS ECOSISTEMAS DE EMPLAZAMIENTO 2019-2020,Objetivo 1. Actividad 2. Muestreos y Analisis sedimentos,Gastón Vidal,INSTITUTO DE FOMENTO PESQUERO,Campaña_Inv_Ver_2019.Proy.SeguimientoAmbiental,Chacao,12,415217.3,733107.9,2019-06-02,16:00:00,SULFUROS,0.13239827081912328,02/06/2019 16:00:00,X
32,ESTUDIO DEL DESEMPEÑO AMBIENTAL DE LA ACUICULTURA EN CHILE Y SU EFECTO EN LOS ECOSISTEMAS DE EMPLAZAMIENTO 2019-2020,Objetivo 1. Actividad 2. Muestreos y Analisis sedimentos,Gastón Vidal,INSTITUTO DE FOMENTO PESQUERO,Campaña_Inv_Ver_2019.Proy.SeguimientoAmbiental,Chacao,14,415115.7,732851.2,2019-06-02,15:18:00,SULFUROS,0.3733072858491771,02/06/2019 15:18:00,X
33,ESTUDIO DEL DESEMPEÑO AMBIENTAL DE LA ACUICULTURA EN CHILE Y SU EFECTO EN LOS ECOSISTEMAS DE EMPLAZAMIENTO 2019-2020,Objetivo 1. Actividad 2. Muestreos y Analisis sedimentos,Gastón Vidal,INSTITUTO DE FOMENTO PESQUERO,Campaña_Inv_Ver_2019.Proy.SeguimientoAmbiental,Butachauques,1,421917.6,731519.1,2019-06-06,00:00:00,SULFUROS,0.0020743289555397062,06/06/2019 00:00:00,X
34,ESTUDIO DEL DESEMPEÑO AMBIENTAL DE LA ACUICULTURA EN CHILE Y SU EFECTO EN LOS ECOSISTEMAS DE EMPLAZAMIENTO 2019-2020,Objetivo 1. Actividad 2. Muestreos y Analisis sedimentos,Gastón Vidal,INSTITUTO DE FOMENTO PESQUERO,Campaña_Inv_Ver_2019.Proy.SeguimientoAmbiental,Butachauques,3,421702.6,731506.7,2019-06-06,00:00:00,SULFUROS,0.0011770030270972134,06/06/2019 00:00:00,X
35,ESTUDIO DEL DESEMPEÑO AMBIENTAL DE LA ACUICULTURA EN CHILE Y SU EFECTO EN LOS ECOSISTEMAS DE EMPLAZAMIENTO 2019-2020,Objetivo 1. Actividad 2. Muestreos y Analisis sedimentos,Gastón Vidal,INSTITUTO DE FOMENTO PESQUERO,Campaña_Inv_Ver_2019.Proy.SeguimientoAmbiental,Butachauques,7,421556.3,730936.2,2019-06-06,00:00:00,SULFUROS,0.0007723861503315631,06/06/2019 00:00:00,X
36,ESTUDIO DEL DESEMPEÑO AMBIENTAL DE LA ACUICULTURA EN CHILE Y SU EFECTO EN LOS ECOSISTEMAS DE EMPLAZAMIENTO 2019-2020,Objetivo 1. Actividad 2. Muestreos y Analisis sedimentos,Gastón Vidal,INSTITUTO DE FOMENTO PESQUERO,Campaña_Inv_Ver_2019.Proy.SeguimientoAmbiental,Butachauques,10,421645.3,732049.7,2019-06-03,00:00:00,SULFUROS,1.0512050931664876,03/06/2019 00:00:00,X
37,ESTUDIO DEL DESEMPEÑO AMBIENTAL DE LA ACUICULTURA EN CHILE Y SU EFECTO EN LOS ECOSISTEMAS DE EMPLAZAMIENTO 2019-2020,Objetivo 1. Actividad 2. Muestreos y Analisis sedimentos,Gastón Vidal,INSTITUTO DE FOMENTO PESQUERO,Campaña_Inv_Ver_2019.Proy.SeguimientoAmbiental,Butachauques,12,421224.4,732358.0,2019-06-03,00:00:00,SULFUROS,0.3190328661336818,03/06/2019 00:00:00,X
38,ESTUDIO DEL DESEMPEÑO AMBIENTAL DE LA ACUICULTURA EN CHILE Y SU EFECTO EN LOS ECOSISTEMAS DE EMPLAZAMIENTO 2019-2020,Objetivo 1. Actividad 2. Muestreos y Analisis sedimentos,Gastón Vidal,INSTITUTO DE FOMENTO PESQUERO,Campaña_Inv_Ver_2019.Proy.SeguimientoAmbiental,Butachauques,13,421021.7,732609.5,2019-06-03,09:20:00,SULFUROS,0.04055140430907838,03/06/2019 09:20:00,X
39,ESTUDIO DEL DESEMPEÑO AMBIENTAL DE LA ACUICULTURA EN CHILE Y SU EFECTO EN LOS ECOSISTEMAS DE EMPLAZAMIENTO 2019-2020,Objetivo 1. Actividad 2. Muestreos y Analisis sedimentos,Gastón Vidal,INSTITUTO DE FOMENTO PESQUERO,Campaña_Inv_Ver_2019.Proy.SeguimientoAmbiental,Butachauques,14,420929.5,732804.6,2019-06-03,08:35:00,SULFUROS,0.7315048598430506,03/06/2019 08:35:00,X
40,ESTUDIO DEL DESEMPEÑO AMBIENTAL DE LA ACUICULTURA EN CHILE Y SU EFECTO EN LOS ECOSISTEMAS DE EMPLAZAMIENTO 2019-2020,Objetivo 1. Actividad 2. Muestreos y Analisis sedimentos,Gastón Vidal,INSTITUTO DE FOMENTO PESQUERO,Campaña_Inv_Ver_2019.Proy.SeguimientoAmbiental,Chaulinec,3,423622.9,731526.5,2019-06-08,08:11:00,SULFUROS,0.004151743490945642,08/06/2019 08:11:00,X
41,ESTUDIO DEL DESEMPEÑO AMBIENTAL DE LA ACUICULTURA EN CHILE Y SU EFECTO EN LOS ECOSISTEMAS DE EMPLAZAMIENTO 2019-2020,Objetivo 1. Actividad 2. Muestreos y Analisis sedimentos,Gastón Vidal,INSTITUTO DE FOMENTO PESQUERO,Campaña_Inv_Ver_2019.Proy.SeguimientoAmbiental,Chaulinec,4,423422.1,731353.2,2019-06-08,08:45:00,SULFUROS,0.003184589410648456,08/06/2019 08:45:00,X
42,ESTUDIO DEL DESEMPEÑO AMBIENTAL DE LA ACUICULTURA EN CHILE Y SU EFECTO EN LOS ECOSISTEMAS DE EMPLAZAMIENTO 2019-2020,Objetivo 1. Actividad 2. Muestreos y Analisis sedimentos,Gastón Vidal,INSTITUTO DE FOMENTO PESQUERO,Campaña_Inv_Ver_2019.Proy.SeguimientoAmbiental,Chaulinec,7,422803.3,732256.7,2019-06-06,00:00:00,SULFUROS,0.0011712328411422755,06/06/2019 00:00:00,X
43,ESTUDIO DEL DESEMPEÑO AMBIENTAL DE LA ACUICULTURA EN CHILE Y SU EFECTO EN LOS ECOSISTEMAS DE EMPLAZAMIENTO 2019-2020,Objetivo 1. Actividad 2. Muestreos y Analisis sedimentos,Gastón Vidal,INSTITUTO DE FOMENTO PESQUERO,Campaña_Inv_Ver_2019.Proy.SeguimientoAmbiental,Chaulinec,10,422429.1,731921.4,2019-06-06,00:00:00,SULFUROS,0.0006175516572438755,06/06/2019 00:00:00,X
44,ESTUDIO DEL DESEMPEÑO AMBIENTAL DE LA ACUICULTURA EN CHILE Y SU EFECTO EN LOS ECOSISTEMAS DE EMPLAZAMIENTO 2019-2020,Objetivo 1. Actividad 2. Muestreos y Analisis sedimentos,Gastón Vidal,INSTITUTO DE FOMENTO PESQUERO,Campaña_Inv_Ver_2019.Proy.SeguimientoAmbiental,Chaulinec,13,422634.7,733044.2,2019-06-06,00:00:00,SULFUROS,0.0023327811267698415,06/06/2019 00:00:00,X
45,ESTUDIO DEL DESEMPEÑO AMBIENTAL DE LA ACUICULTURA EN CHILE Y SU EFECTO EN LOS ECOSISTEMAS DE EMPLAZAMIENTO 2019-2020,Objetivo 1. Actividad 2. Muestreos y Analisis sedimentos,Gastón Vidal,INSTITUTO DE FOMENTO PESQUERO,Campaña_Inv_Ver_2019.Proy.SeguimientoAmbiental,Tenaun,2,422246.5,733559.1,2019-06-06,00:00:00,SULFUROS,0.0031765500289017735,06/06/2019 00:00:00,X
46,ESTUDIO DEL DESEMPEÑO AMBIENTAL DE LA ACUICULTURA EN CHILE Y SU EFECTO EN LOS ECOSISTEMAS DE EMPLAZAMIENTO 2019-2020,Objetivo 1. Actividad 2. Muestreos y Analisis sedimentos,Gastón Vidal,INSTITUTO DE FOMENTO PESQUERO,Campaña_Inv_Ver_2019.Proy.SeguimientoAmbiental,Tenaun,3,422307.4,733744.8,2019-06-06,17:26:00,SULFUROS,0.0033417435561374155,06/06/2019 17:26:00,X
47,ESTUDIO DEL DESEMPEÑO AMBIENTAL DE LA ACUICULTURA EN CHILE Y SU EFECTO EN LOS ECOSISTEMAS DE EMPLAZAMIENTO 2019-2020,Objetivo 1. Actividad 2. Muestreos y Analisis sedimentos,Gastón Vidal,INSTITUTO DE FOMENTO PESQUERO,Campaña_Inv_Ver_2019.Proy.SeguimientoAmbiental,Tenaun,6,422215.1,733731.1,2019-06-06,17:00:00,SULFUROS,0.003073392576247945,06/06/2019 17:00:00,X
48,ESTUDIO DEL DESEMPEÑO AMBIENTAL DE LA ACUICULTURA EN CHILE Y SU EFECTO EN LOS ECOSISTEMAS DE EMPLAZAMIENTO 2019-2020,Objetivo 1. Actividad 2. Muestreos y Analisis sedimentos,Gastón Vidal,INSTITUTO DE FOMENTO PESQUERO,Campaña_Inv_Ver_2019.Proy.SeguimientoAmbiental,Tenaun,9,422139.1,733441.7,2019-06-06,00:00:00,SULFUROS,0.002935639939363206,06/06/2019 00:00:00,X
49,ESTUDIO DEL DESEMPEÑO AMBIENTAL DE LA ACUICULTURA EN CHILE Y SU EFECTO EN LOS ECOSISTEMAS DE EMPLAZAMIENTO 2019-2020,Objetivo 1. Actividad 2. Muestreos y Analisis sedimentos,Gastón Vidal,INSTITUTO DE FOMENTO PESQUERO,Campaña_Inv_Ver_2019.Proy.SeguimientoAmbiental,Tenaun,14,422026.0,733200.9,2019-06-06,00:00:00,SULFUROS,0.002005371741712392,06/06/2019 00:00:00,X
50,ESTUDIO DEL DESEMPEÑO AMBIENTAL DE LA ACUICULTURA EN CHILE Y SU EFECTO EN LOS ECOSISTEMAS DE EMPLAZAMIENTO 2019-2020,Objetivo 1. Actividad 2. Muestreos y Analisis sedimentos,Gastón Vidal,INSTITUTO DE FOMENTO PESQUERO,Campaña_Inv_Ver_2019.Proy.SeguimientoAmbiental,Chiloe central,1,423046.9,734515.6,2019-06-07,13:42:00,SULFUROS,0.0055305418658433405,07/06/2019 13:42:00,X
51,ESTUDIO DEL DESEMPEÑO AMBIENTAL DE LA ACUICULTURA EN CHILE Y SU EFECTO EN LOS ECOSISTEMAS DE EMPLAZAMIENTO 2019-2020,Objetivo 1. Actividad 2. Muestreos y Analisis sedimentos,Gastón Vidal,INSTITUTO DE FOMENTO PESQUERO,Campaña_Inv_Ver_2019.Proy.SeguimientoAmbiental,Chiloe central,4,423259.2,734015.8,2019-06-07,12:22:00,SULFUROS,0.027133349566589523,07/06/2019 12:22:00,X
52,ESTUDIO DEL DESEMPEÑO AMBIENTAL DE LA ACUICULTURA EN CHILE Y SU EFECTO EN LOS ECOSISTEMAS DE EMPLAZAMIENTO 2019-2020,Objetivo 1. Actividad 2. Muestreos y Analisis sedimentos,Gastón Vidal,INSTITUTO DE FOMENTO PESQUERO,Campaña_Inv_Ver_2019.Proy.SeguimientoAmbiental,Chiloe central,6,423209.3,733613.2,2019-06-07,00:00:00,SULFUROS,0.008309226192436566,07/06/2019 00:00:00,X
53,ESTUDIO DEL DESEMPEÑO AMBIENTAL DE LA ACUICULTURA EN CHILE Y SU EFECTO EN LOS ECOSISTEMAS DE EMPLAZAMIENTO 2019-2020,Objetivo 1. Actividad 2. Muestreos y Analisis sedimentos,Gastón Vidal,INSTITUTO DE FOMENTO PESQUERO,Campaña_Inv_Ver_2019.Proy.SeguimientoAmbiental,Chiloe central,7,423029.3,733611.3,2019-06-07,00:00:00,SULFUROS,0.0025700303428738145,07/06/2019 00:00:00,X
54,ESTUDIO DEL DESEMPEÑO AMBIENTAL DE LA ACUICULTURA EN CHILE Y SU EFECTO EN LOS ECOSISTEMAS DE EMPLAZAMIENTO 2019-2020,Objetivo 1. Actividad 2. Muestreos y Analisis sedimentos,Gastón Vidal,INSTITUTO DE FOMENTO PESQUERO,Campaña_Inv_Ver_2019.Proy.SeguimientoAmbiental,Chiloe central,11,422833.3,733241.1,2019-06-07,00:00:00,SULFUROS,0.02491006176202581,07/06/2019 00:00:00,X
55,ESTUDIO DEL DESEMPEÑO AMBIENTAL DE LA ACUICULTURA EN CHILE Y SU EFECTO EN LOS ECOSISTEMAS DE EMPLAZAMIENTO 2019-2020,Objetivo 1. Actividad 2. Muestreos y Analisis sedimentos,Gastón Vidal,INSTITUTO DE FOMENTO PESQUERO,Campaña_Inv_Ver_2019.Proy.SeguimientoAmbiental,Chiloe central,12,423059.3,732821.5,2019-06-07,11:00:00,SULFUROS,0.0017809869105872515,07/06/2019 11:00:00,X
56,ESTUDIO DEL DESEMPEÑO AMBIENTAL DE LA ACUICULTURA EN CHILE Y SU EFECTO EN LOS ECOSISTEMAS DE EMPLAZAMIENTO 2019-2020,Objetivo 1. Actividad 2. Muestreos y Analisis sedimentos,Gastón Vidal,INSTITUTO DE FOMENTO PESQUERO,Campaña_Inv_Ver_2019.Proy.SeguimientoAmbiental,Chiloe central,16,424213.5,733738.2,2019-06-07,16:00:00,SULFUROS,0.005783891115614306,07/06/2019 16:00:00,X
57,ESTUDIO DEL DESEMPEÑO AMBIENTAL DE LA ACUICULTURA EN CHILE Y SU EFECTO EN LOS ECOSISTEMAS DE EMPLAZAMIENTO 2019-2020,Objetivo 1. Actividad 2. Muestreos y Analisis sedimentos,Gastón Vidal,INSTITUTO DE FOMENTO PESQUERO,Campaña_Inv_Ver_2019.Proy.SeguimientoAmbiental,Chiloe central,26,423654.6,732710.2,2019-06-07,17:56:00,SULFUROS,0.0038381563661478817,07/06/2019 17:56:00,X
58,ESTUDIO DEL DESEMPEÑO AMBIENTAL DE LA ACUICULTURA EN CHILE Y SU EFECTO EN LOS ECOSISTEMAS DE EMPLAZAMIENTO 2019-2020,Objetivo 1. Actividad 2. Muestreos y Analisis sedimentos,Gastón Vidal,INSTITUTO DE FOMENTO PESQUERO,Campaña_Inv_Ver_2019.Proy.SeguimientoAmbiental,Desertores,1,424703.0,725635.9,2019-05-15,00:00:00,SULFUROS,0.0003728303602381587,15/05/2019 00:00:00,X
59,ESTUDIO DEL DESEMPEÑO AMBIENTAL DE LA ACUICULTURA EN CHILE Y SU EFECTO EN LOS ECOSISTEMAS DE EMPLAZAMIENTO 2019-2020,Objetivo 1. Actividad 2. Muestreos y Analisis sedimentos,Gastón Vidal,INSTITUTO DE FOMENTO PESQUERO,Campaña_Inv_Ver_2019.Proy.SeguimientoAmbiental,Desertores,2,424756.1,725723.7,2019-05-15,00:00:00,SULFUROS,4.44396986331988e-05,15/05/2019 00:00:00,X
60,ESTUDIO DEL DESEMPEÑO AMBIENTAL DE LA ACUICULTURA EN CHILE Y SU EFECTO EN LOS ECOSISTEMAS DE EMPLAZAMIENTO 2019-2020,Objetivo 1. Actividad 2. Muestreos y Analisis sedimentos,Gastón Vidal,INSTITUTO DE FOMENTO PESQUERO,Campaña_Inv_Ver_2019.Proy.SeguimientoAmbiental,Desertores,3,424536.0,725951.7,2019-05-15,00:00:00,SULFUROS,0.0003463793777349384,15/05/2019 00:00:00,X
61,ESTUDIO DEL DESEMPEÑO AMBIENTAL DE LA ACUICULTURA EN CHILE Y SU EFECTO EN LOS ECOSISTEMAS DE EMPLAZAMIENTO 2019-2020,Objetivo 1. Actividad 2. Muestreos y Analisis sedimentos,Gastón Vidal,INSTITUTO DE FOMENTO PESQUERO,Campaña_Inv_Ver_2019.Proy.SeguimientoAmbiental,Desertores,6,424206.5,730534.1,2019-05-15,00:00:00,SULFUROS,3.581838545726673e-05,15/05/2019 00:00:00,X
62,ESTUDIO DEL DESEMPEÑO AMBIENTAL DE LA ACUICULTURA EN CHILE Y SU EFECTO EN LOS ECOSISTEMAS DE EMPLAZAMIENTO 2019-2020,Objetivo 1. Actividad 2. Muestreos y Analisis sedimentos,Gastón Vidal,INSTITUTO DE FOMENTO PESQUERO,Campaña_Inv_Ver_2019.Proy.SeguimientoAmbiental,Quellon,6,431143.2,733811.2,2019-06-09,16:56:00,SULFUROS,1.4734799558146134,09/06/2019 16:56:00,X
63,ESTUDIO DEL DESEMPEÑO AMBIENTAL DE LA ACUICULTURA EN CHILE Y SU EFECTO EN LOS ECOSISTEMAS DE EMPLAZAMIENTO 2019-2020,Objetivo 1. Actividad 2. Muestreos y Analisis sedimentos,Gastón Vidal,INSTITUTO DE FOMENTO PESQUERO,Campaña_Inv_Ver_2019.Proy.SeguimientoAmbiental,Quellon,8,430729.8,734355.5,2019-06-09,17:49:00,SULFUROS,0.46497853443938525,09/06/2019 17:49:00,X
64,ESTUDIO DEL DESEMPEÑO AMBIENTAL DE LA ACUICULTURA EN CHILE Y SU EFECTO EN LOS ECOSISTEMAS DE EMPLAZAMIENTO 2019-2020,Objetivo 1. Actividad 2. Muestreos y Analisis sedimentos,Gastón Vidal,INSTITUTO DE FOMENTO PESQUERO,Campaña_Inv_Ver_2019.Proy.SeguimientoAmbiental,Quellon,11,430832.2,734013.7,2019-06-09,18:24:00,SULFUROS,0.07420981951891745,09/06/2019 18:24:00,X
65,ESTUDIO DEL DESEMPEÑO AMBIENTAL DE LA ACUICULTURA EN CHILE Y SU EFECTO EN LOS ECOSISTEMAS DE EMPLAZAMIENTO 2019-2020,Objetivo 1. Actividad 2. Muestreos y Analisis sedimentos,Gastón Vidal,INSTITUTO DE FOMENTO PESQUERO,Campaña_Inv_Ver_2019.Proy.SeguimientoAmbiental,Quellon,12,431133.5,733423.8,2019-06-09,16:02:00,SULFUROS,0.03838850910754651,09/06/2019 16:02:00,X
66,ESTUDIO DEL DESEMPEÑO AMBIENTAL DE LA ACUICULTURA EN CHILE Y SU EFECTO EN LOS ECOSISTEMAS DE EMPLAZAMIENTO 2019-2020,Objetivo 1. Actividad 2. Muestreos y Analisis sedimentos,Gastón Vidal,INSTITUTO DE FOMENTO PESQUERO,Campaña_Inv_Ver_2019.Proy.SeguimientoAmbiental,Quellon,13,430827.5,733259.3,2019-06-09,15:10:00,SULFUROS,0.03198603647620544,09/06/2019 15:10:00,X
67,ESTUDIO DEL DESEMPEÑO AMBIENTAL DE LA ACUICULTURA EN CHILE Y SU EFECTO EN LOS ECOSISTEMAS DE EMPLAZAMIENTO 2019-2020,Objetivo 1. Actividad 2. Muestreos y Analisis sedimentos,Gastón Vidal,INSTITUTO DE FOMENTO PESQUERO,Campaña_Inv_Ver_2019.Proy.SeguimientoAmbiental,Quellon,19,430307.5,732746.7,2019-06-09,13:09:00,SULFUROS,0.044130870232815166,09/06/2019 13:09:00,X
68,ESTUDIO DEL DESEMPEÑO AMBIENTAL DE LA ACUICULTURA EN CHILE Y SU EFECTO EN LOS ECOSISTEMAS DE EMPLAZAMIENTO 2019-2020,Objetivo 1. Actividad 2. Muestreos y Analisis sedimentos,Gastón Vidal,INSTITUTO DE FOMENTO PESQUERO,Campaña_Inv_Ver_2019.Proy.SeguimientoAmbiental,Quellon,21,430206.1,733133.1,2019-06-09,12:40:00,SULFUROS,0.008838983531442735,09/06/2019 12:40:00,X
69,ESTUDIO DEL DESEMPEÑO AMBIENTAL DE LA ACUICULTURA EN CHILE Y SU EFECTO EN LOS ECOSISTEMAS DE EMPLAZAMIENTO 2019-2020,Objetivo 1. Actividad 2. Muestreos y Analisis sedimentos,Gastón Vidal,INSTITUTO DE FOMENTO PESQUERO,Campaña_Inv_Ver_2019.Proy.SeguimientoAmbiental,Quellon,22,425921.8,732805.5,2019-06-09,11:59:00,SULFUROS,0.0037732569663567,09/06/2019 11:59:00,X
70,ESTUDIO DEL DESEMPEÑO AMBIENTAL DE LA ACUICULTURA EN CHILE Y SU EFECTO EN LOS ECOSISTEMAS DE EMPLAZAMIENTO 2019-2020,Objetivo 1. Actividad 2. Muestreos y Analisis sedimentos,Gastón Vidal,INSTITUTO DE FOMENTO PESQUERO,Campaña_Inv_Ver_2019.Proy.SeguimientoAmbiental,Quellon,26,425621.2,733649.9,2019-06-09,11:00:00,SULFUROS,0.003796293166890037,09/06/2019 11:00:00,X
71,ESTUDIO DEL DESEMPEÑO AMBIENTAL DE LA ACUICULTURA EN CHILE Y SU EFECTO EN LOS ECOSISTEMAS DE EMPLAZAMIENTO 2019-2020,Objetivo 1. Actividad 2. Muestreos y Analisis sedimentos,Gastón Vidal,INSTITUTO DE FOMENTO PESQUERO,Campaña_Inv_Ver_2019.Proy.SeguimientoAmbiental,Quellon,28,425525.9,733504.7,2019-06-09,09:09:00,SULFUROS,0.0021292483669441815,09/06/2019 09:09:00,X
72,ESTUDIO DEL DESEMPEÑO AMBIENTAL DE LA ACUICULTURA EN CHILE Y SU EFECTO EN LOS ECOSISTEMAS DE EMPLAZAMIENTO 2019-2020,Objetivo 1. Actividad 2. Muestreos y Analisis sedimentos,Gastón Vidal,INSTITUTO DE FOMENTO PESQUERO,Campaña_Inv_Ver_2019.Proy.SeguimientoAmbiental,Quellon,32,425122.8,734130.9,2019-06-09,10:10:00,SULFUROS,0.003604890708254333,09/06/2019 10:10:00,X
73,ESTUDIO DEL DESEMPEÑO AMBIENTAL DE LA ACUICULTURA EN CHILE Y SU EFECTO EN LOS ECOSISTEMAS DE EMPLAZAMIENTO 2019-2020,Objetivo 1. Actividad 2. Muestreos y Analisis sedimentos,Gastón Vidal,INSTITUTO DE FOMENTO PESQUERO,Campaña_Inv_Ver_2019.Proy.SeguimientoAmbiental,Quellon,39,425415.3,732927.9,2019-06-08,14:10:00,SULFUROS,0.004468344431878125,08/06/2019 14:10:00,X
74,ESTUDIO DEL DESEMPEÑO AMBIENTAL DE LA ACUICULTURA EN CHILE Y SU EFECTO EN LOS ECOSISTEMAS DE EMPLAZAMIENTO 2019-2020,Objetivo 1. Actividad 2. Muestreos y Analisis sedimentos,Gastón Vidal,INSTITUTO DE FOMENTO PESQUERO,Campaña_Inv_Ver_2019.Proy.SeguimientoAmbiental,Hornopiren,3,420427.1,722759.7,2019-05-13,00:00:00,SULFUROS,1.4703484128595257,13/05/2019 00:00:00,X
75,ESTUDIO DEL DESEMPEÑO AMBIENTAL DE LA ACUICULTURA EN CHILE Y SU EFECTO EN LOS ECOSISTEMAS DE EMPLAZAMIENTO 2019-2020,Objetivo 1. Actividad 2. Muestreos y Analisis sedimentos,Gastón Vidal,INSTITUTO DE FOMENTO PESQUERO,Campaña_Inv_Ver_2019.Proy.SeguimientoAmbiental,Hornopiren,6,420209.6,723558.5,2019-05-13,00:00:00,SULFUROS,0.016820006736534866,13/05/2019 00:00:00,X
77,ESTUDIO DEL DESEMPEÑO AMBIENTAL DE LA ACUICULTURA EN CHILE Y SU EFECTO EN LOS ECOSISTEMAS DE EMPLAZAMIENTO 2019-2020,Objetivo 1. Actividad 2. Muestreos y Analisis sedimentos,Gastón Vidal,INSTITUTO DE FOMENTO PESQUERO,Campaña_Inv_Ver_2019.Proy.SeguimientoAmbiental,Hornopiren,13,421433.8,722650.7,2019-05-13,00:00:00,SULFUROS,43.86143765446037,13/05/2019 00:00:00,X
78,ESTUDIO DEL DESEMPEÑO AMBIENTAL DE LA ACUICULTURA EN CHILE Y SU EFECTO EN LOS ECOSISTEMAS DE EMPLAZAMIENTO 2019-2020,Objetivo 1. Actividad 2. Muestreos y Analisis sedimentos,Gastón Vidal,INSTITUTO DE FOMENTO PESQUERO,Campaña_Inv_Ver_2019.Proy.SeguimientoAmbiental,Hornopiren,14,421524.5,722346.8,2019-05-13,00:00:00,SULFUROS,8.135889276999507,13/05/2019 00:00:00,X
79,ESTUDIO DEL DESEMPEÑO AMBIENTAL DE LA ACUICULTURA EN CHILE Y SU EFECTO EN LOS ECOSISTEMAS DE EMPLAZAMIENTO 2019-2020,Objetivo 1. Actividad 2. Muestreos y Analisis sedimentos,Gastón Vidal,INSTITUTO DE FOMENTO PESQUERO,Campaña_Inv_Ver_2019.Proy.SeguimientoAmbiental,Ayacara,1,421853.1,724721.9,2019-05-14,00:00:00,SULFUROS,0.10288628149589908,14/05/2019 00:00:00,X
80,ESTUDIO DEL DESEMPEÑO AMBIENTAL DE LA ACUICULTURA EN CHILE Y SU EFECTO EN LOS ECOSISTEMAS DE EMPLAZAMIENTO 2019-2020,Objetivo 1. Actividad 2. Muestreos y Analisis sedimentos,Gastón Vidal,INSTITUTO DE FOMENTO PESQUERO,Campaña_Inv_Ver_2019.Proy.SeguimientoAmbiental,Ayacara,2,422434.1,724307.0,2019-05-14,00:00:00,SULFUROS,0.0002719051340097062,14/05/2019 00:00:00,X
81,ESTUDIO DEL DESEMPEÑO AMBIENTAL DE LA ACUICULTURA EN CHILE Y SU EFECTO EN LOS ECOSISTEMAS DE EMPLAZAMIENTO 2019-2020,Objetivo 1. Actividad 2. Muestreos y Analisis sedimentos,Gastón Vidal,INSTITUTO DE FOMENTO PESQUERO,Campaña_Inv_Ver_2019.Proy.SeguimientoAmbiental,Ayacara,3,423409.7,723139.7,2019-05-14,00:00:00,SULFUROS,0.0837215243125523,14/05/2019 00:00:00,X
82,ESTUDIO DEL DESEMPEÑO AMBIENTAL DE LA ACUICULTURA EN CHILE Y SU EFECTO EN LOS ECOSISTEMAS DE EMPLAZAMIENTO 2019-2020,Objetivo 1. Actividad 2. Muestreos y Analisis sedimentos,Gastón Vidal,INSTITUTO DE FOMENTO PESQUERO,Campaña_Inv_Ver_2019.Proy.SeguimientoAmbiental,Ayacara,4,423117.9,724140.8,2019-05-15,00:00:00,SULFUROS,2.12824722790752e-05,15/05/2019 00:00:00,X
83,ESTUDIO DEL DESEMPEÑO AMBIENTAL DE LA ACUICULTURA EN CHILE Y SU EFECTO EN LOS ECOSISTEMAS DE EMPLAZAMIENTO 2019-2020,Objetivo 1. Actividad 2. Muestreos y Analisis sedimentos,Gastón Vidal,INSTITUTO DE FOMENTO PESQUERO,Campaña_Inv_Ver_2019.Proy.SeguimientoAmbiental,Ayacara,7,423730.6,725115.4,2019-05-15,00:00:00,SULFUROS,1.1398316668033196e-05,15/05/2019 00:00:00,X
84,ESTUDIO DEL DESEMPEÑO AMBIENTAL DE LA ACUICULTURA EN CHILE Y SU EFECTO EN LOS ECOSISTEMAS DE EMPLAZAMIENTO 2019-2020,Objetivo 1. Actividad 2. Muestreos y Analisis sedimentos,Gastón Vidal,INSTITUTO DE FOMENTO PESQUERO,Campaña_Inv_Ver_2019.Proy.SeguimientoAmbiental,Ayacara,9,424232.8,725058.9,2019-05-15,00:00:00,SULFUROS,0.10343453622536262,15/05/2019 00:00:00,X
85,ESTUDIO DEL DESEMPEÑO AMBIENTAL DE LA ACUICULTURA EN CHILE Y SU EFECTO EN LOS ECOSISTEMAS DE EMPLAZAMIENTO 2019-2020,Objetivo 1. Actividad 2. Muestreos y Analisis sedimentos,Gastón Vidal,INSTITUTO DE FOMENTO PESQUERO,Campaña_Inv_Ver_2019.Proy.SeguimientoAmbiental,Chaiten,3,424711.1,725049.9,2019-05-15,00:00:00,SULFUROS,4.051332717724052e-07,15/05/2019 00:00:00,X
86,ESTUDIO DEL DESEMPEÑO AMBIENTAL DE LA ACUICULTURA EN CHILE Y SU EFECTO EN LOS ECOSISTEMAS DE EMPLAZAMIENTO 2019-2020,Objetivo 1. Actividad 2. Muestreos y Analisis sedimentos,Gastón Vidal,INSTITUTO DE FOMENTO PESQUERO,Campaña_Inv_Ver_2019.Proy.SeguimientoAmbiental,Chaiten,4,425527.6,724459.6,2019-05-15,00:00:00,SULFUROS,0.011675607774972334,15/05/2019 00:00:00,X
87,ESTUDIO DEL DESEMPEÑO AMBIENTAL DE LA ACUICULTURA EN CHILE Y SU EFECTO EN LOS ECOSISTEMAS DE EMPLAZAMIENTO 2019-2020,Objetivo 1. Actividad 2. Muestreos y Analisis sedimentos,Gastón Vidal,INSTITUTO DE FOMENTO PESQUERO,Campaña_Inv_Ver_2019.Proy.SeguimientoAmbiental,Chaiten,12,431438.9,725308.2,2019-05-16,00:00:00,SULFUROS,1.1650786921836243e-08,16/05/2019 00:00:00,X
88,ESTUDIO DEL DESEMPEÑO AMBIENTAL DE LA ACUICULTURA EN CHILE Y SU EFECTO EN LOS ECOSISTEMAS DE EMPLAZAMIENTO 2019-2020,Objetivo 1. Actividad 2. Muestreos y Analisis sedimentos,Gastón Vidal,INSTITUTO DE FOMENTO PESQUERO,Campaña_Inv_Ver_2019.Proy.SeguimientoAmbiental,Chaiten,14,431550.9,725835.0,2019-05-20,00:00:00,SULFUROS,0.0072483728949329605,20/05/2019 00:00:00,X
89,ESTUDIO DEL DESEMPEÑO AMBIENTAL DE LA ACUICULTURA EN CHILE Y SU EFECTO EN LOS ECOSISTEMAS DE EMPLAZAMIENTO 2019-2020,Objetivo 1. Actividad 2. Muestreos y Analisis sedimentos,Gastón Vidal,INSTITUTO DE FOMENTO PESQUERO,Campaña_Inv_Ver_2019.Proy.SeguimientoAmbiental,Chaiten,18,433529.8,730022.5,2019-05-19,00:00:00,SULFUROS,2.3580625791013367e-05,19/05/2019 00:00:00,X
90,ESTUDIO DEL DESEMPEÑO AMBIENTAL DE LA ACUICULTURA EN CHILE Y SU EFECTO EN LOS ECOSISTEMAS DE EMPLAZAMIENTO 2019-2020,Objetivo 1. Actividad 2. Muestreos y Analisis sedimentos,Gastón Vidal,INSTITUTO DE FOMENTO PESQUERO,Campaña_Inv_Ver_2019.Proy.SeguimientoAmbiental,Chaiten,19,433757.9,725704.9,2019-05-18,00:00:00,SULFUROS,4.861878228541575e-06,18/05/2019 00:00:00,X
92,ESTUDIO DEL DESEMPEÑO AMBIENTAL DE LA ACUICULTURA EN CHILE Y SU EFECTO EN LOS ECOSISTEMAS DE EMPLAZAMIENTO 2019-2020,Objetivo 1. Actividad 2. Muestreos y Analisis sedimentos,Gastón Vidal,INSTITUTO DE FOMENTO PESQUERO,Campaña_Inv_Ver_2019.Proy.SeguimientoAmbiental,Guaitecas,1,442931.1,740942.8,2019-06-14,15:12:00,SULFUROS,6.991806468735607e-14,14/06/2019 15:12:00,XI
93,ESTUDIO DEL DESEMPEÑO AMBIENTAL DE LA ACUICULTURA EN CHILE Y SU EFECTO EN LOS ECOSISTEMAS DE EMPLAZAMIENTO 2019-2020,Objetivo 1. Actividad 2. Muestreos y Analisis sedimentos,Gastón Vidal,INSTITUTO DE FOMENTO PESQUERO,Campaña_Inv_Ver_2019.Proy.SeguimientoAmbiental,Guaitecas,2,442654.0,740814.0,2019-06-14,13:40:00,SULFUROS,1.2244218645274466e-12,14/06/2019 13:40:00,XI
95,ESTUDIO DEL DESEMPEÑO AMBIENTAL DE LA ACUICULTURA EN CHILE Y SU EFECTO EN LOS ECOSISTEMAS DE EMPLAZAMIENTO 2019-2020,Objetivo 1. Actividad 2. Muestreos y Analisis sedimentos,Gastón Vidal,INSTITUTO DE FOMENTO PESQUERO,Campaña_Inv_Ver_2019.Proy.SeguimientoAmbiental,Guaitecas,6,440832.8,740222.8,2019-06-14,10:10:00,SULFUROS,1.2710053527858712e-12,14/06/2019 10:10:00,XI
96,ESTUDIO DEL DESEMPEÑO AMBIENTAL DE LA ACUICULTURA EN CHILE Y SU EFECTO EN LOS ECOSISTEMAS DE EMPLAZAMIENTO 2019-2020,Objetivo 1. Actividad 2. Muestreos y Analisis sedimentos,Gastón Vidal,INSTITUTO DE FOMENTO PESQUERO,Campaña_Inv_Ver_2019.Proy.SeguimientoAmbiental,Guaitecas,7,440453.4,735253.7,2019-06-14,08:50:00,SULFUROS,6.78895773428013e-11,14/06/2019 08:50:00,XI
97,ESTUDIO DEL DESEMPEÑO AMBIENTAL DE LA ACUICULTURA EN CHILE Y SU EFECTO EN LOS ECOSISTEMAS DE EMPLAZAMIENTO 2019-2020,Objetivo 1. Actividad 2. Muestreos y Analisis sedimentos,Gastón Vidal,INSTITUTO DE FOMENTO PESQUERO,Campaña_Inv_Ver_2019.Proy.SeguimientoAmbiental,Guaitecas,8,435456.5,735432.1,2019-06-13,09:54:00,SULFUROS,7.942736479836884e-14,13/06/2019 09:54:00,XI
98,ESTUDIO DEL DESEMPEÑO AMBIENTAL DE LA ACUICULTURA EN CHILE Y SU EFECTO EN LOS ECOSISTEMAS DE EMPLAZAMIENTO 2019-2020,Objetivo 1. Actividad 2. Muestreos y Analisis sedimentos,Gastón Vidal,INSTITUTO DE FOMENTO PESQUERO,Campaña_Inv_Ver_2019.Proy.SeguimientoAmbiental,Guaitecas,9,435329.1,735219.9,2019-06-13,08:55:00,SULFUROS,3.2162750791685207e-13,13/06/2019 08:55:00,XI
99,ESTUDIO DEL DESEMPEÑO AMBIENTAL DE LA ACUICULTURA EN CHILE Y SU EFECTO EN LOS ECOSISTEMAS DE EMPLAZAMIENTO 2019-2020,Objetivo 1. Actividad 2. Muestreos y Analisis sedimentos,Gastón Vidal,INSTITUTO DE FOMENTO PESQUERO,Campaña_Inv_Ver_2019.Proy.SeguimientoAmbiental,Guaitecas,10,435638.0,734800.0,2019-06-13,10:53:00,SULFUROS,5.957024868473342e-13,13/06/2019 10:53:00,XI
100,ESTUDIO DEL DESEMPEÑO AMBIENTAL DE LA ACUICULTURA EN CHILE Y SU EFECTO EN LOS ECOSISTEMAS DE EMPLAZAMIENTO 2019-2020,Objetivo 1. Actividad 2. Muestreos y Analisis sedimentos,Gastón Vidal,INSTITUTO DE FOMENTO PESQUERO,Campaña_Inv_Ver_2019.Proy.SeguimientoAmbiental,Guaitecas,12,440031.4,734511.0,2019-06-13,00:00:00,SULFUROS,0.0002697839030552999,13/06/2019 00:00:00,XI
101,ESTUDIO DEL DESEMPEÑO AMBIENTAL DE LA ACUICULTURA EN CHILE Y SU EFECTO EN LOS ECOSISTEMAS DE EMPLAZAMIENTO 2019-2020,Objetivo 1. Actividad 2. Muestreos y Analisis sedimentos,Gastón Vidal,INSTITUTO DE FOMENTO PESQUERO,Campaña_Inv_Ver_2019.Proy.SeguimientoAmbiental,Guaitecas,17,441715.5,734639.1,2019-06-13,15:50:00,SULFUROS,1.8471148978127545e-14,13/06/2019 15:50:00,XI
103,ESTUDIO DEL DESEMPEÑO AMBIENTAL DE LA ACUICULTURA EN CHILE Y SU EFECTO EN LOS ECOSISTEMAS DE EMPLAZAMIENTO 2019-2020,Objetivo 1. Actividad 2. Muestreos y Analisis sedimentos,Gastón Vidal,INSTITUTO DE FOMENTO PESQUERO,Campaña_Inv_Ver_2019.Proy.SeguimientoAmbiental,Moraleda,4,450957.9,740833.4,2019-06-15,16:20:00,SULFUROS,1.9015377071801606e-13,15/06/2019 16:20:00,XI
104,ESTUDIO DEL DESEMPEÑO AMBIENTAL DE LA ACUICULTURA EN CHILE Y SU EFECTO EN LOS ECOSISTEMAS DE EMPLAZAMIENTO 2019-2020,Objetivo 1. Actividad 2. Muestreos y Analisis sedimentos,Gastón Vidal,INSTITUTO DE FOMENTO PESQUERO,Campaña_Inv_Ver_2019.Proy.SeguimientoAmbiental,Moraleda,5,450801.8,741520.1,2019-06-15,14:55:00,SULFUROS,8.776521409878973e-09,15/06/2019 14:55:00,XI
106,ESTUDIO DEL DESEMPEÑO AMBIENTAL DE LA ACUICULTURA EN CHILE Y SU EFECTO EN LOS ECOSISTEMAS DE EMPLAZAMIENTO 2019-2020,Objetivo 1. Actividad 2. Muestreos y Analisis sedimentos,Gastón Vidal,INSTITUTO DE FOMENTO PESQUERO,Campaña_Inv_Ver_2019.Proy.SeguimientoAmbiental,Moraleda,13,443935.6,735252.9,2019-06-15,09:00:00,SULFUROS,0.039010102743147194,15/06/2019 09:00:00,XI
107,ESTUDIO DEL DESEMPEÑO AMBIENTAL DE LA ACUICULTURA EN CHILE Y SU EFECTO EN LOS ECOSISTEMAS DE EMPLAZAMIENTO 2019-2020,Objetivo 1. Actividad 2. Muestreos y Analisis sedimentos,Gastón Vidal,INSTITUTO DE FOMENTO PESQUERO,Campaña_Inv_Ver_2019.Proy.SeguimientoAmbiental,Moraleda,14,443608.6,740025.9,2019-06-14,17:22:00,SULFUROS,6.410889948116847e-07,14/06/2019 17:22:00,XI
108,ESTUDIO DEL DESEMPEÑO AMBIENTAL DE LA ACUICULTURA EN CHILE Y SU EFECTO EN LOS ECOSISTEMAS DE EMPLAZAMIENTO 2019-2020,Objetivo 1. Actividad 2. Muestreos y Analisis sedimentos,Gastón Vidal,INSTITUTO DE FOMENTO PESQUERO,Campaña_Inv_Ver_2019.Proy.SeguimientoAmbiental,Moraleda,16,443308.8,740650.1,2019-06-14,16:20:00,SULFUROS,0.16976626159864786,14/06/2019 16:20:00,XI
109,ESTUDIO DEL DESEMPEÑO AMBIENTAL DE LA ACUICULTURA EN CHILE Y SU EFECTO EN LOS ECOSISTEMAS DE EMPLAZAMIENTO 2019-2020,Objetivo 1. Actividad 2. Muestreos y Analisis sedimentos,Gastón Vidal,INSTITUTO DE FOMENTO PESQUERO,Campaña_Inv_Ver_2019.Proy.SeguimientoAmbiental,Moraleda,17,440830.9,733501.0,2019-06-13,14:00:00,SULFUROS,2.0066487554101022e-14,13/06/2019 14:00:00,XI
111,ESTUDIO DEL DESEMPEÑO AMBIENTAL DE LA ACUICULTURA EN CHILE Y SU EFECTO EN LOS ECOSISTEMAS DE EMPLAZAMIENTO 2019-2020,Objetivo 1. Actividad 2. Muestreos y Analisis sedimentos,Gastón Vidal,INSTITUTO DE FOMENTO PESQUERO,Campaña_Inv_Ver_2019.Proy.SeguimientoAmbiental,Moraleda,25,440204.1,731205.2,2019-05-19,00:00:00,SULFUROS,9.543646160444538,19/05/2019 00:00:00,XI
112,ESTUDIO DEL DESEMPEÑO AMBIENTAL DE LA ACUICULTURA EN CHILE Y SU EFECTO EN LOS ECOSISTEMAS DE EMPLAZAMIENTO 2019-2020,Objetivo 1. Actividad 2. Muestreos y Analisis sedimentos,Gastón Vidal,INSTITUTO DE FOMENTO PESQUERO,Campaña_Inv_Ver_2019.Proy.SeguimientoAmbiental,Moraleda,31,442248.0,730431.7,2019-06-25,16:02:00,SULFUROS,2.080673902803215e-07,25/06/2019 16:02:00,XI
114,ESTUDIO DEL DESEMPEÑO AMBIENTAL DE LA ACUICULTURA EN CHILE Y SU EFECTO EN LOS ECOSISTEMAS DE EMPLAZAMIENTO 2019-2020,Objetivo 1. Actividad 2. Muestreos y Analisis sedimentos,Gastón Vidal,INSTITUTO DE FOMENTO PESQUERO,Campaña_Inv_Ver_2019.Proy.SeguimientoAmbiental,Puyuhuapi,5,443139.8,724117.0,2019-06-25,11:45:00,SULFUROS,32.39517198963116,25/06/2019 11:45:00,XI
115,ESTUDIO DEL DESEMPEÑO AMBIENTAL DE LA ACUICULTURA EN CHILE Y SU EFECTO EN LOS ECOSISTEMAS DE EMPLAZAMIENTO 2019-2020,Objetivo 1. Actividad 2. Muestreos y Analisis sedimentos,Gastón Vidal,INSTITUTO DE FOMENTO PESQUERO,Campaña_Inv_Ver_2019.Proy.SeguimientoAmbiental,Puyuhuapi,7,443955.1,725020.8,2019-06-25,09:06:00,SULFUROS,1.6679297950505432e-10,25/06/2019 09:06:00,XI
116,ESTUDIO DEL DESEMPEÑO AMBIENTAL DE LA ACUICULTURA EN CHILE Y SU EFECTO EN LOS ECOSISTEMAS DE EMPLAZAMIENTO 2019-2020,Objetivo 1. Actividad 2. Muestreos y Analisis sedimentos,Gastón Vidal,INSTITUTO DE FOMENTO PESQUERO,Campaña_Inv_Ver_2019.Proy.SeguimientoAmbiental,Puyuhuapi,8,444209.3,724807.1,2019-06-25,08:25:00,SULFUROS,6.7414768935295974,25/06/2019 08:25:00,XI
118,ESTUDIO DEL DESEMPEÑO AMBIENTAL DE LA ACUICULTURA EN CHILE Y SU EFECTO EN LOS ECOSISTEMAS DE EMPLAZAMIENTO 2019-2020,Objetivo 1. Actividad 2. Muestreos y Analisis sedimentos,Gastón Vidal,INSTITUTO DE FOMENTO PESQUERO,Campaña_Inv_Ver_2019.Proy.SeguimientoAmbiental,Puyuhuapi,12,445441.9,730811.9,2019-06-24,14:05:00,SULFUROS,2.0572432013086215,24/06/2019 14:05:00,XI
119,ESTUDIO DEL DESEMPEÑO AMBIENTAL DE LA ACUICULTURA EN CHILE Y SU EFECTO EN LOS ECOSISTEMAS DE EMPLAZAMIENTO 2019-2020,Objetivo 1. Actividad 2. Muestreos y Analisis sedimentos,Gastón Vidal,INSTITUTO DE FOMENTO PESQUERO,Campaña_Inv_Ver_2019.Proy.SeguimientoAmbiental,Aysen,1,452639.7,730033.3,2019-06-18,10:38:00,SULFUROS,0.004885001160979366,18/06/2019 10:38:00,XI
120,ESTUDIO DEL DESEMPEÑO AMBIENTAL DE LA ACUICULTURA EN CHILE Y SU EFECTO EN LOS ECOSISTEMAS DE EMPLAZAMIENTO 2019-2020,Objetivo 1. Actividad 2. Muestreos y Analisis sedimentos,Gastón Vidal,INSTITUTO DE FOMENTO PESQUERO,Campaña_Inv_Ver_2019.Proy.SeguimientoAmbiental,Aysen,3,451953.0,732236.0,2019-06-18,13:15:00,SULFUROS,4.9589459107237956e-14,18/06/2019 13:15:00,XI
122,ESTUDIO DEL DESEMPEÑO AMBIENTAL DE LA ACUICULTURA EN CHILE Y SU EFECTO EN LOS ECOSISTEMAS DE EMPLAZAMIENTO 2019-2020,Objetivo 1. Actividad 2. Muestreos y Analisis sedimentos,Gastón Vidal,INSTITUTO DE FOMENTO PESQUERO,Campaña_Inv_Ver_2019.Proy.SeguimientoAmbiental,Aysen,6,453734.9,733550.9,2019-06-17,11:55:00,SULFUROS,0.004412950216105283,17/06/2019 11:55:00,XI
123,ESTUDIO DEL DESEMPEÑO AMBIENTAL DE LA ACUICULTURA EN CHILE Y SU EFECTO EN LOS ECOSISTEMAS DE EMPLAZAMIENTO 2019-2020,Objetivo 1. Actividad 2. Muestreos y Analisis sedimentos,Gastón Vidal,INSTITUTO DE FOMENTO PESQUERO,Campaña_Inv_Ver_2019.Proy.SeguimientoAmbiental,Aysen,7,454508.5,733655.3,2019-06-17,08:55:00,SULFUROS,0.0012737798078072233,17/06/2019 08:55:00,XI
124,ESTUDIO DEL DESEMPEÑO AMBIENTAL DE LA ACUICULTURA EN CHILE Y SU EFECTO EN LOS ECOSISTEMAS DE EMPLAZAMIENTO 2019-2020,Objetivo 1. Actividad 2. Muestreos y Analisis sedimentos,Gastón Vidal,INSTITUTO DE FOMENTO PESQUERO,Campaña_Inv_Ver_2019.Proy.SeguimientoAmbiental,Aysen,10,455717.6,733619.7,2019-06-19,14:50:00,SULFUROS,1.0083807008056362e-13,19/06/2019 14:50:00,XI
125,ESTUDIO DEL DESEMPEÑO AMBIENTAL DE LA ACUICULTURA EN CHILE Y SU EFECTO EN LOS ECOSISTEMAS DE EMPLAZAMIENTO 2019-2020,Objetivo 1. Actividad 2. Muestreos y Analisis sedimentos,Gastón Vidal,INSTITUTO DE FOMENTO PESQUERO,Campaña_Inv_Ver_2019.Proy.SeguimientoAmbiental,Aysen,11,460134.6,733917.0,2019-06-19,15:39:00,SULFUROS,1.6566904676442636e-12,19/06/2019 15:39:00,XI
126,ESTUDIO DEL DESEMPEÑO AMBIENTAL DE LA ACUICULTURA EN CHILE Y SU EFECTO EN LOS ECOSISTEMAS DE EMPLAZAMIENTO 2019-2020,Objetivo 1. Actividad 2. Muestreos y Analisis sedimentos,Gastón Vidal,INSTITUTO DE FOMENTO PESQUERO,Campaña_Inv_Ver_2019.Proy.SeguimientoAmbiental,Aysen,13,461329.4,734345.5,2019-06-20,08:44:00,SULFUROS,7.707658674857719e-08,20/06/2019 08:44:00,XI
127,ESTUDIO DEL DESEMPEÑO AMBIENTAL DE LA ACUICULTURA EN CHILE Y SU EFECTO EN LOS ECOSISTEMAS DE EMPLAZAMIENTO 2019-2020,Objetivo 1. Actividad 2. Muestreos y Analisis sedimentos,Gastón Vidal,INSTITUTO DE FOMENTO PESQUERO,Campaña_Inv_Ver_2019.Proy.SeguimientoAmbiental,Aysen,18,460557.7,735202.9,2019-06-21,14:01:00,SULFUROS,3.125630371527064e-05,21/06/2019 14:01:00,XI
128,ESTUDIO DEL DESEMPEÑO AMBIENTAL DE LA ACUICULTURA EN CHILE Y SU EFECTO EN LOS ECOSISTEMAS DE EMPLAZAMIENTO 2019-2020,Objetivo 1. Actividad 2. Muestreos y Analisis sedimentos,Gastón Vidal,INSTITUTO DE FOMENTO PESQUERO,Campaña_Inv_Ver_2019.Proy.SeguimientoAmbiental,Aysen,19,460107.9,735645.7,2019-06-21,15:00:00,SULFUROS,3.5415951360586578e-12,21/06/2019 15:00:00,XI
129,ESTUDIO DEL DESEMPEÑO AMBIENTAL DE LA ACUICULTURA EN CHILE Y SU EFECTO EN LOS ECOSISTEMAS DE EMPLAZAMIENTO 2019-2020,Objetivo 1. Actividad 2. Muestreos y Analisis sedimentos,Gastón Vidal,INSTITUTO DE FOMENTO PESQUERO,Campaña_Inv_Ver_2019.Proy.SeguimientoAmbiental,Aysen,24,454429.7,740423.3,2019-06-16,15:20:00,SULFUROS,2.6718905862030673e-08,16/06/2019 15:20:00,XI
131,ESTUDIO DEL DESEMPEÑO AMBIENTAL DE LA ACUICULTURA EN CHILE Y SU EFECTO EN LOS ECOSISTEMAS DE EMPLAZAMIENTO 2019-2020,Objetivo 1. Actividad 2. Muestreos y Analisis sedimentos,Gastón Vidal,INSTITUTO DE FOMENTO PESQUERO,Campaña_Inv_Ver_2019.Proy.SeguimientoAmbiental,Aysen,28,453351.4,741310.2,2019-06-16,11:55:00,SULFUROS,6.41019674423751e-08,16/06/2019 11:55:00,XI
132,ESTUDIO DEL DESEMPEÑO AMBIENTAL DE LA ACUICULTURA EN CHILE Y SU EFECTO EN LOS ECOSISTEMAS DE EMPLAZAMIENTO 2019-2020,Objetivo 1. Actividad 2. Muestreos y Analisis sedimentos,Gastón Vidal,INSTITUTO DE FOMENTO PESQUERO,Campaña_Inv_Ver_2019.Proy.SeguimientoAmbiental,Aysen,30,452356.0,741521.0,2019-06-16,10:20:00,SULFUROS,5.71434411378049e-12,16/06/2019 10:20:00,XI
133,ESTUDIO DEL DESEMPEÑO AMBIENTAL DE LA ACUICULTURA EN CHILE Y SU EFECTO EN LOS ECOSISTEMAS DE EMPLAZAMIENTO 2019-2020,Objetivo 1. Actividad 2. Muestreos y Analisis sedimentos,Gastón Vidal,INSTITUTO DE FOMENTO PESQUERO,Campaña_Inv_Ver_2019.Proy.SeguimientoAmbiental,Aysen,34,451659.5,734350.5,2019-06-23,11:00:00,SULFUROS,9.5878661661011,23/06/2019 11:00:00,XI
134,ESTUDIO DEL DESEMPEÑO AMBIENTAL DE LA ACUICULTURA EN CHILE Y SU EFECTO EN LOS ECOSISTEMAS DE EMPLAZAMIENTO 2019-2020,Objetivo 1. Actividad 2. Muestreos y Analisis sedimentos,Gastón Vidal,INSTITUTO DE FOMENTO PESQUERO,Campaña_Inv_Ver_2019.Proy.SeguimientoAmbiental,Coquimbo,1,300839.9,712256.3,2019-04-15,00:00:00,SULFUROS,3.029568726433905e-10,15/04/2019 00:00:00,IV
135,ESTUDIO DEL DESEMPEÑO AMBIENTAL DE LA ACUICULTURA EN CHILE Y SU EFECTO EN LOS ECOSISTEMAS DE EMPLAZAMIENTO 2019-2020,Objetivo 1. Actividad 2. Muestreos y Analisis sedimentos,Gastón Vidal,INSTITUTO DE FOMENTO PESQUERO,Campaña_Inv_Ver_2019.Proy.SeguimientoAmbiental,Coquimbo,4,301121.0,712525.0,2019-04-15,00:00:00,SULFUROS,6.622830608964262,15/04/2019 00:00:00,IV
136,ESTUDIO DEL DESEMPEÑO AMBIENTAL DE LA ACUICULTURA EN CHILE Y SU EFECTO EN LOS ECOSISTEMAS DE EMPLAZAMIENTO 2019-2020,Objetivo 1. Actividad 2. Muestreos y Analisis sedimentos,Gastón Vidal,INSTITUTO DE FOMENTO PESQUERO,Campaña_Inv_Ver_2019.Proy.SeguimientoAmbiental,Coquimbo,5,301046.7,712617.5,2019-04-15,00:00:00,SULFUROS,40.47099227690851,15/04/2019 00:00:00,IV
137,ESTUDIO DEL DESEMPEÑO AMBIENTAL DE LA ACUICULTURA EN CHILE Y SU EFECTO EN LOS ECOSISTEMAS DE EMPLAZAMIENTO 2019-2020,Objetivo 1. Actividad 2. Muestreos y Analisis sedimentos,Gastón Vidal,INSTITUTO DE FOMENTO PESQUERO,Campaña_Inv_Ver_2019.Proy.SeguimientoAmbiental,Coquimbo,7,301455.9,712925.2,2019-04-15,00:00:00,SULFUROS,5.3766221558032806e-11,15/04/2019 00:00:00,IV
138,ESTUDIO DEL DESEMPEÑO AMBIENTAL DE LA ACUICULTURA EN CHILE Y SU EFECTO EN LOS ECOSISTEMAS DE EMPLAZAMIENTO 2019-2020,Objetivo 1. Actividad 2. Muestreos y Analisis sedimentos,Gastón Vidal,INSTITUTO DE FOMENTO PESQUERO,Campaña_Inv_Ver_2019.Proy.SeguimientoAmbiental,Coquimbo,9,301620.2,713032.0,2019-04-15,00:00:00,SULFUROS,2.014728928406716e-10,15/04/2019 00:00:00,IV
139,ESTUDIO DEL DESEMPEÑO AMBIENTAL DE LA ACUICULTURA EN CHILE Y SU EFECTO EN LOS ECOSISTEMAS DE EMPLAZAMIENTO 2019-2020,Objetivo 1. Actividad 2. Muestreos y Analisis sedimentos,Gastón Vidal,INSTITUTO DE FOMENTO PESQUERO,Campaña_Inv_Ver_2019.Proy.SeguimientoAmbiental,Coquimbo,10,301612.8,713138.8,2019-04-15,00:00:00,SULFUROS,4.863404483860886e-05,15/04/2019 00:00:00,IV
140,ESTUDIO DEL DESEMPEÑO AMBIENTAL DE LA ACUICULTURA EN CHILE Y SU EFECTO EN LOS ECOSISTEMAS DE EMPLAZAMIENTO 2019-2020,Objetivo 1. Actividad 2. Muestreos y Analisis sedimentos,Gastón Vidal,INSTITUTO DE FOMENTO PESQUERO,Campaña_Inv_Ver_2019.Proy.SeguimientoAmbiental,Coquimbo,13,301637.0,713306.7,2019-04-15,00:00:00,SULFUROS,1.3123764453307019,15/04/2019 00:00:00,IV
141,ESTUDIO DEL DESEMPEÑO AMBIENTAL DE LA ACUICULTURA EN CHILE Y SU EFECTO EN LOS ECOSISTEMAS DE EMPLAZAMIENTO 2019-2020,Objetivo 1. Actividad 2. Muestreos y Analisis sedimentos,Gastón Vidal,INSTITUTO DE FOMENTO PESQUERO,Campaña_Inv_Ver_2019.Proy.SeguimientoAmbiental,Atacama,2,270625.2,705153.6,2019-04-11,00:00:00,SULFUROS,3.9100750201101753,11/04/2019 00:00:00,III
142,ESTUDIO DEL DESEMPEÑO AMBIENTAL DE LA ACUICULTURA EN CHILE Y SU EFECTO EN LOS ECOSISTEMAS DE EMPLAZAMIENTO 2019-2020,Objetivo 1. Actividad 2. Muestreos y Analisis sedimentos,Gastón Vidal,INSTITUTO DE FOMENTO PESQUERO,Campaña_Inv_Ver_2019.Proy.SeguimientoAmbiental,Atacama,3,270705.4,705140.1,2019-04-11,00:00:00,SULFUROS,23.52666802093151,11/04/2019 00:00:00,III
143,ESTUDIO DEL DESEMPEÑO AMBIENTAL DE LA ACUICULTURA EN CHILE Y SU EFECTO EN LOS ECOSISTEMAS DE EMPLAZAMIENTO 2019-2020,Objetivo 1. Actividad 2. Muestreos y Analisis sedimentos,Gastón Vidal,INSTITUTO DE FOMENTO PESQUERO,Campaña_Inv_Ver_2019.Proy.SeguimientoAmbiental,Atacama,6,270657.6,705223.1,2019-04-11,00:00:00,SULFUROS,0.03692242131334215,11/04/2019 00:00:00,III
144,ESTUDIO DEL DESEMPEÑO AMBIENTAL DE LA ACUICULTURA EN CHILE Y SU EFECTO EN LOS ECOSISTEMAS DE EMPLAZAMIENTO 2019-2020,Objetivo 1. Actividad 2. Muestreos y Analisis sedimentos,Gastón Vidal,INSTITUTO DE FOMENTO PESQUERO,Campaña_Inv_Ver_2019.Proy.SeguimientoAmbiental,Atacama,7,270740.8,705230.3,2019-04-11,00:00:00,SULFUROS,0.3074617407755543,11/04/2019 00:00:00,III
145,ESTUDIO DEL DESEMPEÑO AMBIENTAL DE LA ACUICULTURA EN CHILE Y SU EFECTO EN LOS ECOSISTEMAS DE EMPLAZAMIENTO 2019-2020,Objetivo 1. Actividad 2. Muestreos y Analisis sedimentos,Gastón Vidal,INSTITUTO DE FOMENTO PESQUERO,Campaña_Inv_Ver_2019.Proy.SeguimientoAmbiental,Atacama,10,270730.7,705259.8,2019-04-11,00:00:00,SULFUROS,0.4772845887711306,11/04/2019 00:00:00,III
146,ESTUDIO DEL DESEMPEÑO AMBIENTAL DE LA ACUICULTURA EN CHILE Y SU EFECTO EN LOS ECOSISTEMAS DE EMPLAZAMIENTO 2019-2020,Objetivo 1. Actividad 2. Muestreos y Analisis sedimentos,Gastón Vidal,INSTITUTO DE FOMENTO PESQUERO,Campaña_Inv_Ver_2019.Proy.SeguimientoAmbiental,Atacama,14,270756.6,705332.6,2019-04-11,00:00:00,SULFUROS,0.02771420841865786,11/04/2019 00:00:00,III
147,ESTUDIO DEL DESEMPEÑO AMBIENTAL DE LA ACUICULTURA EN CHILE Y SU EFECTO EN LOS ECOSISTEMAS DE EMPLAZAMIENTO 2019-2020,Objetivo 1. Actividad 2. Muestreos y Analisis sedimentos,Gastón Vidal,INSTITUTO DE FOMENTO PESQUERO,Campaña_Inv_Ver_2019.Proy.SeguimientoAmbiental,Natales,2,513604.7,724301.6,2019-08-10,15:24:00,SULFUROS,0.2712694019431819,10/08/2019 15:24:00,XII
148,ESTUDIO DEL DESEMPEÑO AMBIENTAL DE LA ACUICULTURA EN CHILE Y SU EFECTO EN LOS ECOSISTEMAS DE EMPLAZAMIENTO 2019-2020,Objetivo 1. Actividad 2. Muestreos y Analisis sedimentos,Gastón Vidal,INSTITUTO DE FOMENTO PESQUERO,Campaña_Inv_Ver_2019.Proy.SeguimientoAmbiental,Natales,3,514018.2,723753.1,2019-08-10,16:19:00,SULFUROS,212.665765088115,10/08/2019 16:19:00,XII
149,ESTUDIO DEL DESEMPEÑO AMBIENTAL DE LA ACUICULTURA EN CHILE Y SU EFECTO EN LOS ECOSISTEMAS DE EMPLAZAMIENTO 2019-2020,Objetivo 1. Actividad 2. Muestreos y Analisis sedimentos,Gastón Vidal,INSTITUTO DE FOMENTO PESQUERO,Campaña_Inv_Ver_2019.Proy.SeguimientoAmbiental,Natales,5,514929.7,723739.8,2019-08-11,22:45:00,SULFUROS,13.42315356174168,11/08/2019 22:45:00,XII
150,ESTUDIO DEL DESEMPEÑO AMBIENTAL DE LA ACUICULTURA EN CHILE Y SU EFECTO EN LOS ECOSISTEMAS DE EMPLAZAMIENTO 2019-2020,Objetivo 1. Actividad 2. Muestreos y Analisis sedimentos,Gastón Vidal,INSTITUTO DE FOMENTO PESQUERO,Campaña_Inv_Ver_2019.Proy.SeguimientoAmbiental,Natales,9,514601.6,725405.0,2019-08-11,12:49:00,SULFUROS,0.5925979085551593,11/08/2019 12:49:00,XII
151,ESTUDIO DEL DESEMPEÑO AMBIENTAL DE LA ACUICULTURA EN CHILE Y SU EFECTO EN LOS ECOSISTEMAS DE EMPLAZAMIENTO 2019-2020,Objetivo 1. Actividad 2. Muestreos y Analisis sedimentos,Gastón Vidal,INSTITUTO DE FOMENTO PESQUERO,Campaña_Inv_Ver_2019.Proy.SeguimientoAmbiental,Natales,10,520357.8,725602.0,2019-08-11,15:43:00,SULFUROS,2.864066333566811,11/08/2019 15:43:00,XII
152,ESTUDIO DEL DESEMPEÑO AMBIENTAL DE LA ACUICULTURA EN CHILE Y SU EFECTO EN LOS ECOSISTEMAS DE EMPLAZAMIENTO 2019-2020,Objetivo 1. Actividad 2. Muestreos y Analisis sedimentos,Gastón Vidal,INSTITUTO DE FOMENTO PESQUERO,Campaña_Inv_Ver_2019.Proy.SeguimientoAmbiental,Natales,11,521159.7,725703.6,2019-08-11,17:58:00,SULFUROS,40.24224293648795,11/08/2019 17:58:00,XII
153,ESTUDIO DEL DESEMPEÑO AMBIENTAL DE LA ACUICULTURA EN CHILE Y SU EFECTO EN LOS ECOSISTEMAS DE EMPLAZAMIENTO 2019-2020,Objetivo 1. Actividad 2. Muestreos y Analisis sedimentos,Gastón Vidal,INSTITUTO DE FOMENTO PESQUERO,Campaña_Inv_Ver_2019.Proy.SeguimientoAmbiental,Natales,13,521310.4,725226.1,2019-08-11,18:40:00,SULFUROS,10.796907901468145,11/08/2019 18:40:00,XII
154,ESTUDIO DEL DESEMPEÑO AMBIENTAL DE LA ACUICULTURA EN CHILE Y SU EFECTO EN LOS ECOSISTEMAS DE EMPLAZAMIENTO 2019-2020,Objetivo 1. Actividad 2. Muestreos y Analisis sedimentos,Gastón Vidal,INSTITUTO DE FOMENTO PESQUERO,Campaña_Inv_Ver_2019.Proy.SeguimientoAmbiental,Natales,14,520439.3,723937.6,2019-08-11,10:16:00,SULFUROS,4.856282055161009,11/08/2019 10:16:00,XII
155,ESTUDIO DEL DESEMPEÑO AMBIENTAL DE LA ACUICULTURA EN CHILE Y SU EFECTO EN LOS ECOSISTEMAS DE EMPLAZAMIENTO 2019-2020,Objetivo 1. Actividad 2. Muestreos y Analisis sedimentos,Gastón Vidal,INSTITUTO DE FOMENTO PESQUERO,Campaña_Inv_Ver_2019.Proy.SeguimientoAmbiental,Bio-Bio,4,370959.6,733041.5,2019-07-24,00:00:00,SULFUROS,3.9796460691366904e-10,24/07/2019 00:00:00,VIII
156,ESTUDIO DEL DESEMPEÑO AMBIENTAL DE LA ACUICULTURA EN CHILE Y SU EFECTO EN LOS ECOSISTEMAS DE EMPLAZAMIENTO 2019-2020,Objetivo 1. Actividad 2. Muestreos y Analisis sedimentos,Gastón Vidal,INSTITUTO DE FOMENTO PESQUERO,Campaña_Inv_Ver_2019.Proy.SeguimientoAmbiental,Bio-Bio,5,371343.6,732125.3,2019-07-24,00:00:00,SULFUROS,77.88448234984614,24/07/2019 00:00:00,VIII
157,ESTUDIO DEL DESEMPEÑO AMBIENTAL DE LA ACUICULTURA EN CHILE Y SU EFECTO EN LOS ECOSISTEMAS DE EMPLAZAMIENTO 2019-2020,Objetivo 1. Actividad 2. Muestreos y Analisis sedimentos,Gastón Vidal,INSTITUTO DE FOMENTO PESQUERO,Campaña_Inv_Ver_2019.Proy.SeguimientoAmbiental,Bio-Bio,8,371341.8,731932.2,2019-07-24,00:00:00,SULFUROS,52.30875729263164,24/07/2019 00:00:00,VIII
158,ESTUDIO DEL DESEMPEÑO AMBIENTAL DE LA ACUICULTURA EN CHILE Y SU EFECTO EN LOS ECOSISTEMAS DE EMPLAZAMIENTO 2019-2020,Objetivo 1. Actividad 2. Muestreos y Analisis sedimentos,Gastón Vidal,INSTITUTO DE FOMENTO PESQUERO,Campaña_Inv_Ver_2019.Proy.SeguimientoAmbiental,Bio-Bio,9,371000.1,731213.8,2019-07-24,00:00:00,SULFUROS,0.00032974051236482876,24/07/2019 00:00:00,VIII
159,ESTUDIO DEL DESEMPEÑO AMBIENTAL DE LA ACUICULTURA EN CHILE Y SU EFECTO EN LOS ECOSISTEMAS DE EMPLAZAMIENTO 2019-2020,Objetivo 1. Actividad 2. Muestreos y Analisis sedimentos,Gastón Vidal,INSTITUTO DE FOMENTO PESQUERO,Campaña_Inv_Ver_2019.Proy.SeguimientoAmbiental,Bio-Bio,11,370916.3,731140.2,2019-07-24,00:00:00,SULFUROS,1.1712174103506744e-07,24/07/2019 00:00:00,VIII
160,ESTUDIO DEL DESEMPEÑO AMBIENTAL DE LA ACUICULTURA EN CHILE Y SU EFECTO EN LOS ECOSISTEMAS DE EMPLAZAMIENTO 2019-2020,Objetivo 1. Actividad 2. Muestreos y Analisis sedimentos,Gastón Vidal,INSTITUTO DE FOMENTO PESQUERO,Campaña_Inv_Ver_2019.Proy.SeguimientoAmbiental,Bio-Bio,14,370638.2,730929.6,2019-07-24,00:00:00,SULFUROS,3.2757862498308357,24/07/2019 00:00:00,VIII
161,ESTUDIO DEL DESEMPEÑO AMBIENTAL DE LA ACUICULTURA EN CHILE Y SU EFECTO EN LOS ECOSISTEMAS DE EMPLAZAMIENTO 2019-2020,Objetivo 1. Actividad 2. Muestreos y Analisis sedimentos,Gastón Vidal,INSTITUTO DE FOMENTO PESQUERO,Campaña_Inv_Ver_2019.Proy.SeguimientoAmbiental,Bio-Bio,15,370411.4,730956.2,2019-07-24,00:00:00,SULFUROS,35.032442946533045,24/07/2019 00:00:00,VIII
162,ESTUDIO DEL DESEMPEÑO AMBIENTAL DE LA ACUICULTURA EN CHILE Y SU EFECTO EN LOS ECOSISTEMAS DE EMPLAZAMIENTO 2019-2020,Objetivo 1. Actividad 2. Muestreos y Analisis sedimentos,Gastón Vidal,INSTITUTO DE FOMENTO PESQUERO,Campaña_Inv_Ver_2019.Proy.SeguimientoAmbiental,Bio-Bio,19,370243.4,730851.0,2019-07-24,00:00:00,SULFUROS,0.003277758975822434,24/07/2019 00:00:00,VIII
163,ESTUDIO DEL DESEMPEÑO AMBIENTAL DE LA ACUICULTURA EN CHILE Y SU EFECTO EN LOS ECOSISTEMAS DE EMPLAZAMIENTO 2019-2020,Objetivo 1. Actividad 2. Muestreos y Analisis sedimentos,Gastón Vidal,INSTITUTO DE FOMENTO PESQUERO,Campaña_Inv_Ver_2019.Proy.SeguimientoAmbiental,Valdivia,1,395105.7,731901.5,2019-07-26,00:00:00,SULFUROS,4.7730424000861e-10,26/07/2019 00:00:00,XIV
164,ESTUDIO DEL DESEMPEÑO AMBIENTAL DE LA ACUICULTURA EN CHILE Y SU EFECTO EN LOS ECOSISTEMAS DE EMPLAZAMIENTO 2019-2020,Objetivo 1. Actividad 2. Muestreos y Analisis sedimentos,Gastón Vidal,INSTITUTO DE FOMENTO PESQUERO,Campaña_Inv_Ver_2019.Proy.SeguimientoAmbiental,Valdivia,2,395119.5,731905.4,2019-07-26,00:00:00,SULFUROS,4.659353520703006e-10,26/07/2019 00:00:00,XIV
165,ESTUDIO DEL DESEMPEÑO AMBIENTAL DE LA ACUICULTURA EN CHILE Y SU EFECTO EN LOS ECOSISTEMAS DE EMPLAZAMIENTO 2019-2020,Objetivo 1. Actividad 2. Muestreos y Analisis sedimentos,Gastón Vidal,INSTITUTO DE FOMENTO PESQUERO,Campaña_Inv_Ver_2019.Proy.SeguimientoAmbiental,Valdivia,3,395156.9,732058.2,2019-07-26,00:00:00,SULFUROS,6.762304978836854e-10,26/07/2019 00:00:00,XIV
166,ESTUDIO DEL DESEMPEÑO AMBIENTAL DE LA ACUICULTURA EN CHILE Y SU EFECTO EN LOS ECOSISTEMAS DE EMPLAZAMIENTO 2019-2020,Objetivo 1. Actividad 2. Muestreos y Analisis sedimentos,Gastón Vidal,INSTITUTO DE FOMENTO PESQUERO,Campaña_Inv_Ver_2019.Proy.SeguimientoAmbiental,Valdivia,4,395153.8,732138.8,2019-07-26,00:00:00,SULFUROS,1.1032684147571517e-09,26/07/2019 00:00:00,XIV
167,ESTUDIO DEL DESEMPEÑO AMBIENTAL DE LA ACUICULTURA EN CHILE Y SU EFECTO EN LOS ECOSISTEMAS DE EMPLAZAMIENTO 2019-2020,Objetivo 1. Actividad 2. Muestreos y Analisis sedimentos,Gastón Vidal,INSTITUTO DE FOMENTO PESQUERO,Campaña_Inv_Ver_2019.Proy.SeguimientoAmbiental,Valdivia,6,395246.5,732253.5,2019-07-26,00:00:00,SULFUROS,7.748963173884722e-10,26/07/2019 00:00:00,XIV
168,ESTUDIO DEL DESEMPEÑO AMBIENTAL DE LA ACUICULTURA EN CHILE Y SU EFECTO EN LOS ECOSISTEMAS DE EMPLAZAMIENTO 2019-2020,Objetivo 1. Actividad 2. Muestreos y Analisis sedimentos,Gastón Vidal,INSTITUTO DE FOMENTO PESQUERO,Campaña_Inv_Ver_2019.Proy.SeguimientoAmbiental,Valdivia,9,395336.9,732146.5,2019-07-26,00:00:00,SULFUROS,75.68423745781908,26/07/2019 00:00:00,XIV
169,ESTUDIO DEL DESEMPEÑO AMBIENTAL DE LA ACUICULTURA EN CHILE Y SU EFECTO EN LOS ECOSISTEMAS DE EMPLAZAMIENTO 2019-2020,Objetivo 1. Actividad 2. Muestreos y Analisis sedimentos,Gastón Vidal,INSTITUTO DE FOMENTO PESQUERO,Campaña_Inv_Ver_2019.Proy.SeguimientoAmbiental,Valdivia,11,395335.9,732219.4,2019-07-26,00:00:00,SULFUROS,76.93934661098272,26/07/2019 00:00:00,XIV
170,ESTUDIO DEL DESEMPEÑO AMBIENTAL DE LA ACUICULTURA EN CHILE Y SU EFECTO EN LOS ECOSISTEMAS DE EMPLAZAMIENTO 2019-2020,Objetivo 1. Actividad 2. Muestreos y Analisis sedimentos,Gastón Vidal,INSTITUTO DE FOMENTO PESQUERO,Campaña_Inv_Ver_2019.Proy.SeguimientoAmbiental,Valdivia,15,395547.5,732341.2,2019-07-26,00:00:00,SULFUROS,8.533643319901852,26/07/2019 00:00:00,XIV
1,ESTUDIO DEL DESEMPEÑO AMBIENTAL DE LA ACUICULTURA EN CHILE Y SU EFECTO EN LOS ECOSISTEMAS DE EMPLAZAMIENTO 2019-2020,Objetivo 1. Actividad 2. Muestreos y Analisis sedimentos,Gastón Vidal,INSTITUTO DE FOMENTO PESQUERO,Campaña_Inv_Ver_2019.Proy.SeguimientoAmbiental,Estuario,1,412614.9,721747.9,2019-05-10,15:55:00,MATERIA ORGANICA,2.8825366322363464,10/05/2019 15:55:00,X
2,ESTUDIO DEL DESEMPEÑO AMBIENTAL DE LA ACUICULTURA EN CHILE Y SU EFECTO EN LOS ECOSISTEMAS DE EMPLAZAMIENTO 2019-2020,Objetivo 1. Actividad 2. Muestreos y Analisis sedimentos,Gastón Vidal,INSTITUTO DE FOMENTO PESQUERO,Campaña_Inv_Ver_2019.Proy.SeguimientoAmbiental,Estuario,2,412807.3,721843.5,2019-05-10,16:40:00,MATERIA ORGANICA,3.028971105335578,10/05/2019 16:40:00,X
3,ESTUDIO DEL DESEMPEÑO AMBIENTAL DE LA ACUICULTURA EN CHILE Y SU EFECTO EN LOS ECOSISTEMAS DE EMPLAZAMIENTO 2019-2020,Objetivo 1. Actividad 2. Muestreos y Analisis sedimentos,Gastón Vidal,INSTITUTO DE FOMENTO PESQUERO,Campaña_Inv_Ver_2019.Proy.SeguimientoAmbiental,Estuario,3,412945.4,721845.5,2019-05-10,14:55:00,MATERIA ORGANICA,1.4344699489213246,10/05/2019 14:55:00,X
4,ESTUDIO DEL DESEMPEÑO AMBIENTAL DE LA ACUICULTURA EN CHILE Y SU EFECTO EN LOS ECOSISTEMAS DE EMPLAZAMIENTO 2019-2020,Objetivo 1. Actividad 2. Muestreos y Analisis sedimentos,Gastón Vidal,INSTITUTO DE FOMENTO PESQUERO,Campaña_Inv_Ver_2019.Proy.SeguimientoAmbiental,Estuario,5,413039.3,721721.1,2019-05-10,12:55:00,MATERIA ORGANICA,9.637152483214988,10/05/2019 12:55:00,X
5,ESTUDIO DEL DESEMPEÑO AMBIENTAL DE LA ACUICULTURA EN CHILE Y SU EFECTO EN LOS ECOSISTEMAS DE EMPLAZAMIENTO 2019-2020,Objetivo 1. Actividad 2. Muestreos y Analisis sedimentos,Gastón Vidal,INSTITUTO DE FOMENTO PESQUERO,Campaña_Inv_Ver_2019.Proy.SeguimientoAmbiental,Estuario,6,413132.6,722021.4,2019-05-10,11:18:00,MATERIA ORGANICA,1.4561089215334677,10/05/2019 11:18:00,X
6,ESTUDIO DEL DESEMPEÑO AMBIENTAL DE LA ACUICULTURA EN CHILE Y SU EFECTO EN LOS ECOSISTEMAS DE EMPLAZAMIENTO 2019-2020,Objetivo 1. Actividad 2. Muestreos y Analisis sedimentos,Gastón Vidal,INSTITUTO DE FOMENTO PESQUERO,Campaña_Inv_Ver_2019.Proy.SeguimientoAmbiental,Estuario,7,413157.8,721802.6,2019-05-10,12:20:00,MATERIA ORGANICA,1.7958009947328888,10/05/2019 12:20:00,X
7,ESTUDIO DEL DESEMPEÑO AMBIENTAL DE LA ACUICULTURA EN CHILE Y SU EFECTO EN LOS ECOSISTEMAS DE EMPLAZAMIENTO 2019-2020,Objetivo 1. Actividad 2. Muestreos y Analisis sedimentos,Gastón Vidal,INSTITUTO DE FOMENTO PESQUERO,Campaña_Inv_Ver_2019.Proy.SeguimientoAmbiental,Estuario,8,413533.0,722110.7,2019-05-10,10:25:00,MATERIA ORGANICA,5.079625968949239,10/05/2019 10:25:00,X
8,ESTUDIO DEL DESEMPEÑO AMBIENTAL DE LA ACUICULTURA EN CHILE Y SU EFECTO EN LOS ECOSISTEMAS DE EMPLAZAMIENTO 2019-2020,Objetivo 1. Actividad 2. Muestreos y Analisis sedimentos,Gastón Vidal,INSTITUTO DE FOMENTO PESQUERO,Campaña_Inv_Ver_2019.Proy.SeguimientoAmbiental,Estuario,12,413938.3,722058.9,2019-05-10,09:55:00,MATERIA ORGANICA,2.7756896940539804,10/05/2019 09:55:00,X
9,ESTUDIO DEL DESEMPEÑO AMBIENTAL DE LA ACUICULTURA EN CHILE Y SU EFECTO EN LOS ECOSISTEMAS DE EMPLAZAMIENTO 2019-2020,Objetivo 1. Actividad 2. Muestreos y Analisis sedimentos,Gastón Vidal,INSTITUTO DE FOMENTO PESQUERO,Campaña_Inv_Ver_2019.Proy.SeguimientoAmbiental,Estuario,17,414052.7,722801.1,2019-05-10,09:02:00,MATERIA ORGANICA,2.131663424893685,10/05/2019 09:02:00,X
10,ESTUDIO DEL DESEMPEÑO AMBIENTAL DE LA ACUICULTURA EN CHILE Y SU EFECTO EN LOS ECOSISTEMAS DE EMPLAZAMIENTO 2019-2020,Objetivo 1. Actividad 2. Muestreos y Analisis sedimentos,Gastón Vidal,INSTITUTO DE FOMENTO PESQUERO,Campaña_Inv_Ver_2019.Proy.SeguimientoAmbiental,Estuario,21,414330.8,723048.5,2019-05-10,08:15:00,MATERIA ORGANICA,1.8349771018615475,10/05/2019 08:15:00,X
11,ESTUDIO DEL DESEMPEÑO AMBIENTAL DE LA ACUICULTURA EN CHILE Y SU EFECTO EN LOS ECOSISTEMAS DE EMPLAZAMIENTO 2019-2020,Objetivo 1. Actividad 2. Muestreos y Analisis sedimentos,Gastón Vidal,INSTITUTO DE FOMENTO PESQUERO,Campaña_Inv_Ver_2019.Proy.SeguimientoAmbiental,Reloncavi,3,415420.9,725230.7,2019-05-12,15:40:00,MATERIA ORGANICA,1.0999020791109544,12/05/2019 15:40:00,X
12,ESTUDIO DEL DESEMPEÑO AMBIENTAL DE LA ACUICULTURA EN CHILE Y SU EFECTO EN LOS ECOSISTEMAS DE EMPLAZAMIENTO 2019-2020,Objetivo 1. Actividad 2. Muestreos y Analisis sedimentos,Gastón Vidal,INSTITUTO DE FOMENTO PESQUERO,Campaña_Inv_Ver_2019.Proy.SeguimientoAmbiental,Reloncavi,4,415223.0,725351.4,2019-05-12,00:00:00,MATERIA ORGANICA,1.1104991626296876,12/05/2019 00:00:00,X
13,ESTUDIO DEL DESEMPEÑO AMBIENTAL DE LA ACUICULTURA EN CHILE Y SU EFECTO EN LOS ECOSISTEMAS DE EMPLAZAMIENTO 2019-2020,Objetivo 1. Actividad 2. Muestreos y Analisis sedimentos,Gastón Vidal,INSTITUTO DE FOMENTO PESQUERO,Campaña_Inv_Ver_2019.Proy.SeguimientoAmbiental,Reloncavi,5,415307.1,725602.6,2019-05-12,00:00:00,MATERIA ORGANICA,0.7742986337336601,12/05/2019 00:00:00,X
14,ESTUDIO DEL DESEMPEÑO AMBIENTAL DE LA ACUICULTURA EN CHILE Y SU EFECTO EN LOS ECOSISTEMAS DE EMPLAZAMIENTO 2019-2020,Objetivo 1. Actividad 2. Muestreos y Analisis sedimentos,Gastón Vidal,INSTITUTO DE FOMENTO PESQUERO,Campaña_Inv_Ver_2019.Proy.SeguimientoAmbiental,Reloncavi,7,414413.7,730243.4,2019-05-30,11:00:00,MATERIA ORGANICA,0.6545605529571602,30/05/2019 11:00:00,X
15,ESTUDIO DEL DESEMPEÑO AMBIENTAL DE LA ACUICULTURA EN CHILE Y SU EFECTO EN LOS ECOSISTEMAS DE EMPLAZAMIENTO 2019-2020,Objetivo 1. Actividad 2. Muestreos y Analisis sedimentos,Gastón Vidal,INSTITUTO DE FOMENTO PESQUERO,Campaña_Inv_Ver_2019.Proy.SeguimientoAmbiental,Reloncavi,13,412948.4,725730.9,2019-05-09,00:00:00,MATERIA ORGANICA,0.7425905237563455,09/05/2019 00:00:00,X
16,ESTUDIO DEL DESEMPEÑO AMBIENTAL DE LA ACUICULTURA EN CHILE Y SU EFECTO EN LOS ECOSISTEMAS DE EMPLAZAMIENTO 2019-2020,Objetivo 1. Actividad 2. Muestreos y Analisis sedimentos,Gastón Vidal,INSTITUTO DE FOMENTO PESQUERO,Campaña_Inv_Ver_2019.Proy.SeguimientoAmbiental,Reloncavi,15,413105.3,724724.2,2019-05-09,00:00:00,MATERIA ORGANICA,1.2620771284649037,09/05/2019 00:00:00,X
17,ESTUDIO DEL DESEMPEÑO AMBIENTAL DE LA ACUICULTURA EN CHILE Y SU EFECTO EN LOS ECOSISTEMAS DE EMPLAZAMIENTO 2019-2020,Objetivo 1. Actividad 2. Muestreos y Analisis sedimentos,Gastón Vidal,INSTITUTO DE FOMENTO PESQUERO,Campaña_Inv_Ver_2019.Proy.SeguimientoAmbiental,Reloncavi,17,413450.6,724336.9,2019-05-09,00:00:00,MATERIA ORGANICA,1.1597677770444352,09/05/2019 00:00:00,X
18,ESTUDIO DEL DESEMPEÑO AMBIENTAL DE LA ACUICULTURA EN CHILE Y SU EFECTO EN LOS ECOSISTEMAS DE EMPLAZAMIENTO 2019-2020,Objetivo 1. Actividad 2. Muestreos y Analisis sedimentos,Gastón Vidal,INSTITUTO DE FOMENTO PESQUERO,Campaña_Inv_Ver_2019.Proy.SeguimientoAmbiental,Reloncavi,19,413707.8,724152.2,2019-05-09,00:00:00,MATERIA ORGANICA,1.4944558231513327,09/05/2019 00:00:00,X
19,ESTUDIO DEL DESEMPEÑO AMBIENTAL DE LA ACUICULTURA EN CHILE Y SU EFECTO EN LOS ECOSISTEMAS DE EMPLAZAMIENTO 2019-2020,Objetivo 1. Actividad 2. Muestreos y Analisis sedimentos,Gastón Vidal,INSTITUTO DE FOMENTO PESQUERO,Campaña_Inv_Ver_2019.Proy.SeguimientoAmbiental,Reloncavi,21,413751.5,724023.2,2019-05-09,00:00:00,MATERIA ORGANICA,1.9797838968281558,09/05/2019 00:00:00,X
20,ESTUDIO DEL DESEMPEÑO AMBIENTAL DE LA ACUICULTURA EN CHILE Y SU EFECTO EN LOS ECOSISTEMAS DE EMPLAZAMIENTO 2019-2020,Objetivo 1. Actividad 2. Muestreos y Analisis sedimentos,Gastón Vidal,INSTITUTO DE FOMENTO PESQUERO,Campaña_Inv_Ver_2019.Proy.SeguimientoAmbiental,Reloncavi,25,414943.9,724718.2,2019-05-12,14:30:00,MATERIA ORGANICA,1.047399474440955,12/05/2019 14:30:00,X
21,ESTUDIO DEL DESEMPEÑO AMBIENTAL DE LA ACUICULTURA EN CHILE Y SU EFECTO EN LOS ECOSISTEMAS DE EMPLAZAMIENTO 2019-2020,Objetivo 1. Actividad 2. Muestreos y Analisis sedimentos,Gastón Vidal,INSTITUTO DE FOMENTO PESQUERO,Campaña_Inv_Ver_2019.Proy.SeguimientoAmbiental,Calbuco,1,414442.2,730610.3,2019-05-30,00:00:00,MATERIA ORGANICA,2.3255464809032147,30/05/2019 00:00:00,X
22,ESTUDIO DEL DESEMPEÑO AMBIENTAL DE LA ACUICULTURA EN CHILE Y SU EFECTO EN LOS ECOSISTEMAS DE EMPLAZAMIENTO 2019-2020,Objetivo 1. Actividad 2. Muestreos y Analisis sedimentos,Gastón Vidal,INSTITUTO DE FOMENTO PESQUERO,Campaña_Inv_Ver_2019.Proy.SeguimientoAmbiental,Calbuco,2,414630.1,730505.2,2019-05-30,00:00:00,MATERIA ORGANICA,2.566885369904496,30/05/2019 00:00:00,X
23,ESTUDIO DEL DESEMPEÑO AMBIENTAL DE LA ACUICULTURA EN CHILE Y SU EFECTO EN LOS ECOSISTEMAS DE EMPLAZAMIENTO 2019-2020,Objetivo 1. Actividad 2. Muestreos y Analisis sedimentos,Gastón Vidal,INSTITUTO DE FOMENTO PESQUERO,Campaña_Inv_Ver_2019.Proy.SeguimientoAmbiental,Calbuco,8,414314.7,730933.2,2019-05-30,13:15:00,MATERIA ORGANICA,1.5850631768952703,30/05/2019 13:15:00,X
24,ESTUDIO DEL DESEMPEÑO AMBIENTAL DE LA ACUICULTURA EN CHILE Y SU EFECTO EN LOS ECOSISTEMAS DE EMPLAZAMIENTO 2019-2020,Objetivo 1. Actividad 2. Muestreos y Analisis sedimentos,Gastón Vidal,INSTITUTO DE FOMENTO PESQUERO,Campaña_Inv_Ver_2019.Proy.SeguimientoAmbiental,Calbuco,16,414822.6,731018.3,2019-06-02,00:00:00,MATERIA ORGANICA,0.9620076681770522,02/06/2019 00:00:00,X
25,ESTUDIO DEL DESEMPEÑO AMBIENTAL DE LA ACUICULTURA EN CHILE Y SU EFECTO EN LOS ECOSISTEMAS DE EMPLAZAMIENTO 2019-2020,Objetivo 1. Actividad 2. Muestreos y Analisis sedimentos,Gastón Vidal,INSTITUTO DE FOMENTO PESQUERO,Campaña_Inv_Ver_2019.Proy.SeguimientoAmbiental,Calbuco,22,414705.8,730505.2,2019-05-30,00:00:00,MATERIA ORGANICA,2.134760342942665,30/05/2019 00:00:00,X
26,ESTUDIO DEL DESEMPEÑO AMBIENTAL DE LA ACUICULTURA EN CHILE Y SU EFECTO EN LOS ECOSISTEMAS DE EMPLAZAMIENTO 2019-2020,Objetivo 1. Actividad 2. Muestreos y Analisis sedimentos,Gastón Vidal,INSTITUTO DE FOMENTO PESQUERO,Campaña_Inv_Ver_2019.Proy.SeguimientoAmbiental,Calbuco,26,415016.4,730447.2,2019-05-30,15:00:00,MATERIA ORGANICA,0.5165289256198268,30/05/2019 15:00:00,X
27,ESTUDIO DEL DESEMPEÑO AMBIENTAL DE LA ACUICULTURA EN CHILE Y SU EFECTO EN LOS ECOSISTEMAS DE EMPLAZAMIENTO 2019-2020,Objetivo 1. Actividad 2. Muestreos y Analisis sedimentos,Gastón Vidal,INSTITUTO DE FOMENTO PESQUERO,Campaña_Inv_Ver_2019.Proy.SeguimientoAmbiental,Calbuco,27,414959.8,730629.1,2019-05-30,00:00:00,MATERIA ORGANICA,6.719292405725394,30/05/2019 00:00:00,X
28,ESTUDIO DEL DESEMPEÑO AMBIENTAL DE LA ACUICULTURA EN CHILE Y SU EFECTO EN LOS ECOSISTEMAS DE EMPLAZAMIENTO 2019-2020,Objetivo 1. Actividad 2. Muestreos y Analisis sedimentos,Gastón Vidal,INSTITUTO DE FOMENTO PESQUERO,Campaña_Inv_Ver_2019.Proy.SeguimientoAmbiental,Calbuco,30,415019.0,730822.5,2019-05-30,16:20:00,MATERIA ORGANICA,1.2029217693540009,30/05/2019 16:20:00,X
29,ESTUDIO DEL DESEMPEÑO AMBIENTAL DE LA ACUICULTURA EN CHILE Y SU EFECTO EN LOS ECOSISTEMAS DE EMPLAZAMIENTO 2019-2020,Objetivo 1. Actividad 2. Muestreos y Analisis sedimentos,Gastón Vidal,INSTITUTO DE FOMENTO PESQUERO,Campaña_Inv_Ver_2019.Proy.SeguimientoAmbiental,Chacao,2,415659.3,733134.3,2019-06-02,00:00:00,MATERIA ORGANICA,1.248676428811265,02/06/2019 00:00:00,X
30,ESTUDIO DEL DESEMPEÑO AMBIENTAL DE LA ACUICULTURA EN CHILE Y SU EFECTO EN LOS ECOSISTEMAS DE EMPLAZAMIENTO 2019-2020,Objetivo 1. Actividad 2. Muestreos y Analisis sedimentos,Gastón Vidal,INSTITUTO DE FOMENTO PESQUERO,Campaña_Inv_Ver_2019.Proy.SeguimientoAmbiental,Chacao,6,415415.1,732906.8,2019-06-02,16:46:00,MATERIA ORGANICA,0.9065679925994451,02/06/2019 16:46:00,X
31,ESTUDIO DEL DESEMPEÑO AMBIENTAL DE LA ACUICULTURA EN CHILE Y SU EFECTO EN LOS ECOSISTEMAS DE EMPLAZAMIENTO 2019-2020,Objetivo 1. Actividad 2. Muestreos y Analisis sedimentos,Gastón Vidal,INSTITUTO DE FOMENTO PESQUERO,Campaña_Inv_Ver_2019.Proy.SeguimientoAmbiental,Chacao,12,415217.3,733107.9,2019-06-02,16:00:00,MATERIA ORGANICA,0.9821261087440001,02/06/2019 16:00:00,X
32,ESTUDIO DEL DESEMPEÑO AMBIENTAL DE LA ACUICULTURA EN CHILE Y SU EFECTO EN LOS ECOSISTEMAS DE EMPLAZAMIENTO 2019-2020,Objetivo 1. Actividad 2. Muestreos y Analisis sedimentos,Gastón Vidal,INSTITUTO DE FOMENTO PESQUERO,Campaña_Inv_Ver_2019.Proy.SeguimientoAmbiental,Chacao,14,415115.7,732851.2,2019-06-02,15:18:00,MATERIA ORGANICA,0.8696560549476522,02/06/2019 15:18:00,X
33,ESTUDIO DEL DESEMPEÑO AMBIENTAL DE LA ACUICULTURA EN CHILE Y SU EFECTO EN LOS ECOSISTEMAS DE EMPLAZAMIENTO 2019-2020,Objetivo 1. Actividad 2. Muestreos y Analisis sedimentos,Gastón Vidal,INSTITUTO DE FOMENTO PESQUERO,Campaña_Inv_Ver_2019.Proy.SeguimientoAmbiental,Butachauques,1,421917.6,731519.1,2019-06-06,00:00:00,MATERIA ORGANICA,1.2304166036975426,06/06/2019 00:00:00,X
34,ESTUDIO DEL DESEMPEÑO AMBIENTAL DE LA ACUICULTURA EN CHILE Y SU EFECTO EN LOS ECOSISTEMAS DE EMPLAZAMIENTO 2019-2020,Objetivo 1. Actividad 2. Muestreos y Analisis sedimentos,Gastón Vidal,INSTITUTO DE FOMENTO PESQUERO,Campaña_Inv_Ver_2019.Proy.SeguimientoAmbiental,Butachauques,3,421702.6,731506.7,2019-06-06,00:00:00,MATERIA ORGANICA,1.2357584691473757,06/06/2019 00:00:00,X
35,ESTUDIO DEL DESEMPEÑO AMBIENTAL DE LA ACUICULTURA EN CHILE Y SU EFECTO EN LOS ECOSISTEMAS DE EMPLAZAMIENTO 2019-2020,Objetivo 1. Actividad 2. Muestreos y Analisis sedimentos,Gastón Vidal,INSTITUTO DE FOMENTO PESQUERO,Campaña_Inv_Ver_2019.Proy.SeguimientoAmbiental,Butachauques,7,421556.3,730936.2,2019-06-06,00:00:00,MATERIA ORGANICA,0.8580063518082186,06/06/2019 00:00:00,X
36,ESTUDIO DEL DESEMPEÑO AMBIENTAL DE LA ACUICULTURA EN CHILE Y SU EFECTO EN LOS ECOSISTEMAS DE EMPLAZAMIENTO 2019-2020,Objetivo 1. Actividad 2. Muestreos y Analisis sedimentos,Gastón Vidal,INSTITUTO DE FOMENTO PESQUERO,Campaña_Inv_Ver_2019.Proy.SeguimientoAmbiental,Butachauques,10,421645.3,732049.7,2019-06-03,00:00:00,MATERIA ORGANICA,1.1163578824086517,03/06/2019 00:00:00,X
37,ESTUDIO DEL DESEMPEÑO AMBIENTAL DE LA ACUICULTURA EN CHILE Y SU EFECTO EN LOS ECOSISTEMAS DE EMPLAZAMIENTO 2019-2020,Objetivo 1. Actividad 2. Muestreos y Analisis sedimentos,Gastón Vidal,INSTITUTO DE FOMENTO PESQUERO,Campaña_Inv_Ver_2019.Proy.SeguimientoAmbiental,Butachauques,12,421224.4,732358.0,2019-06-03,00:00:00,MATERIA ORGANICA,1.1094775245718898,03/06/2019 00:00:00,X
38,ESTUDIO DEL DESEMPEÑO AMBIENTAL DE LA ACUICULTURA EN CHILE Y SU EFECTO EN LOS ECOSISTEMAS DE EMPLAZAMIENTO 2019-2020,Objetivo 1. Actividad 2. Muestreos y Analisis sedimentos,Gastón Vidal,INSTITUTO DE FOMENTO PESQUERO,Campaña_Inv_Ver_2019.Proy.SeguimientoAmbiental,Butachauques,13,421021.7,732609.5,2019-06-03,09:20:00,MATERIA ORGANICA,1.2687239093067035,03/06/2019 09:20:00,X
39,ESTUDIO DEL DESEMPEÑO AMBIENTAL DE LA ACUICULTURA EN CHILE Y SU EFECTO EN LOS ECOSISTEMAS DE EMPLAZAMIENTO 2019-2020,Objetivo 1. Actividad 2. Muestreos y Analisis sedimentos,Gastón Vidal,INSTITUTO DE FOMENTO PESQUERO,Campaña_Inv_Ver_2019.Proy.SeguimientoAmbiental,Butachauques,14,420929.5,732804.6,2019-06-03,08:35:00,MATERIA ORGANICA,0.991898628998748,03/06/2019 08:35:00,X
40,ESTUDIO DEL DESEMPEÑO AMBIENTAL DE LA ACUICULTURA EN CHILE Y SU EFECTO EN LOS ECOSISTEMAS DE EMPLAZAMIENTO 2019-2020,Objetivo 1. Actividad 2. Muestreos y Analisis sedimentos,Gastón Vidal,INSTITUTO DE FOMENTO PESQUERO,Campaña_Inv_Ver_2019.Proy.SeguimientoAmbiental,Chaulinec,3,423622.9,731526.5,2019-06-08,08:11:00,MATERIA ORGANICA,0.6211855701250952,08/06/2019 08:11:00,X
41,ESTUDIO DEL DESEMPEÑO AMBIENTAL DE LA ACUICULTURA EN CHILE Y SU EFECTO EN LOS ECOSISTEMAS DE EMPLAZAMIENTO 2019-2020,Objetivo 1. Actividad 2. Muestreos y Analisis sedimentos,Gastón Vidal,INSTITUTO DE FOMENTO PESQUERO,Campaña_Inv_Ver_2019.Proy.SeguimientoAmbiental,Chaulinec,4,423422.1,731353.2,2019-06-08,08:45:00,MATERIA ORGANICA,0.8046052201217023,08/06/2019 08:45:00,X
42,ESTUDIO DEL DESEMPEÑO AMBIENTAL DE LA ACUICULTURA EN CHILE Y SU EFECTO EN LOS ECOSISTEMAS DE EMPLAZAMIENTO 2019-2020,Objetivo 1. Actividad 2. Muestreos y Analisis sedimentos,Gastón Vidal,INSTITUTO DE FOMENTO PESQUERO,Campaña_Inv_Ver_2019.Proy.SeguimientoAmbiental,Chaulinec,7,422803.3,732256.7,2019-06-06,00:00:00,MATERIA ORGANICA,0.8005432724328321,06/06/2019 00:00:00,X
43,ESTUDIO DEL DESEMPEÑO AMBIENTAL DE LA ACUICULTURA EN CHILE Y SU EFECTO EN LOS ECOSISTEMAS DE EMPLAZAMIENTO 2019-2020,Objetivo 1. Actividad 2. Muestreos y Analisis sedimentos,Gastón Vidal,INSTITUTO DE FOMENTO PESQUERO,Campaña_Inv_Ver_2019.Proy.SeguimientoAmbiental,Chaulinec,10,422429.1,731921.4,2019-06-06,00:00:00,MATERIA ORGANICA,1.3517537840042244,06/06/2019 00:00:00,X
44,ESTUDIO DEL DESEMPEÑO AMBIENTAL DE LA ACUICULTURA EN CHILE Y SU EFECTO EN LOS ECOSISTEMAS DE EMPLAZAMIENTO 2019-2020,Objetivo 1. Actividad 2. Muestreos y Analisis sedimentos,Gastón Vidal,INSTITUTO DE FOMENTO PESQUERO,Campaña_Inv_Ver_2019.Proy.SeguimientoAmbiental,Chaulinec,13,422634.7,733044.2,2019-06-06,00:00:00,MATERIA ORGANICA,1.112790402182801,06/06/2019 00:00:00,X
45,ESTUDIO DEL DESEMPEÑO AMBIENTAL DE LA ACUICULTURA EN CHILE Y SU EFECTO EN LOS ECOSISTEMAS DE EMPLAZAMIENTO 2019-2020,Objetivo 1. Actividad 2. Muestreos y Analisis sedimentos,Gastón Vidal,INSTITUTO DE FOMENTO PESQUERO,Campaña_Inv_Ver_2019.Proy.SeguimientoAmbiental,Tenaun,2,422246.5,733559.1,2019-06-06,00:00:00,MATERIA ORGANICA,1.0757993120366427,06/06/2019 00:00:00,X
46,ESTUDIO DEL DESEMPEÑO AMBIENTAL DE LA ACUICULTURA EN CHILE Y SU EFECTO EN LOS ECOSISTEMAS DE EMPLAZAMIENTO 2019-2020,Objetivo 1. Actividad 2. Muestreos y Analisis sedimentos,Gastón Vidal,INSTITUTO DE FOMENTO PESQUERO,Campaña_Inv_Ver_2019.Proy.SeguimientoAmbiental,Tenaun,3,422307.4,733744.8,2019-06-06,17:26:00,MATERIA ORGANICA,1.2216523596392228,06/06/2019 17:26:00,X
47,ESTUDIO DEL DESEMPEÑO AMBIENTAL DE LA ACUICULTURA EN CHILE Y SU EFECTO EN LOS ECOSISTEMAS DE EMPLAZAMIENTO 2019-2020,Objetivo 1. Actividad 2. Muestreos y Analisis sedimentos,Gastón Vidal,INSTITUTO DE FOMENTO PESQUERO,Campaña_Inv_Ver_2019.Proy.SeguimientoAmbiental,Tenaun,6,422215.1,733731.1,2019-06-06,17:00:00,MATERIA ORGANICA,0.9588388649353171,06/06/2019 17:00:00,X
48,ESTUDIO DEL DESEMPEÑO AMBIENTAL DE LA ACUICULTURA EN CHILE Y SU EFECTO EN LOS ECOSISTEMAS DE EMPLAZAMIENTO 2019-2020,Objetivo 1. Actividad 2. Muestreos y Analisis sedimentos,Gastón Vidal,INSTITUTO DE FOMENTO PESQUERO,Campaña_Inv_Ver_2019.Proy.SeguimientoAmbiental,Tenaun,9,422139.1,733441.7,2019-06-06,00:00:00,MATERIA ORGANICA,0.7754342431761623,06/06/2019 00:00:00,X
49,ESTUDIO DEL DESEMPEÑO AMBIENTAL DE LA ACUICULTURA EN CHILE Y SU EFECTO EN LOS ECOSISTEMAS DE EMPLAZAMIENTO 2019-2020,Objetivo 1. Actividad 2. Muestreos y Analisis sedimentos,Gastón Vidal,INSTITUTO DE FOMENTO PESQUERO,Campaña_Inv_Ver_2019.Proy.SeguimientoAmbiental,Tenaun,14,422026.0,733200.9,2019-06-06,00:00:00,MATERIA ORGANICA,1.1327660597640665,06/06/2019 00:00:00,X
50,ESTUDIO DEL DESEMPEÑO AMBIENTAL DE LA ACUICULTURA EN CHILE Y SU EFECTO EN LOS ECOSISTEMAS DE EMPLAZAMIENTO 2019-2020,Objetivo 1. Actividad 2. Muestreos y Analisis sedimentos,Gastón Vidal,INSTITUTO DE FOMENTO PESQUERO,Campaña_Inv_Ver_2019.Proy.SeguimientoAmbiental,Chiloe central,1,423046.9,734515.6,2019-06-07,13:42:00,MATERIA ORGANICA,1.4573845152895035,07/06/2019 13:42:00,X
51,ESTUDIO DEL DESEMPEÑO AMBIENTAL DE LA ACUICULTURA EN CHILE Y SU EFECTO EN LOS ECOSISTEMAS DE EMPLAZAMIENTO 2019-2020,Objetivo 1. Actividad 2. Muestreos y Analisis sedimentos,Gastón Vidal,INSTITUTO DE FOMENTO PESQUERO,Campaña_Inv_Ver_2019.Proy.SeguimientoAmbiental,Chiloe central,4,423259.2,734015.8,2019-06-07,12:22:00,MATERIA ORGANICA,1.2861650711651675,07/06/2019 12:22:00,X
52,ESTUDIO DEL DESEMPEÑO AMBIENTAL DE LA ACUICULTURA EN CHILE Y SU EFECTO EN LOS ECOSISTEMAS DE EMPLAZAMIENTO 2019-2020,Objetivo 1. Actividad 2. Muestreos y Analisis sedimentos,Gastón Vidal,INSTITUTO DE FOMENTO PESQUERO,Campaña_Inv_Ver_2019.Proy.SeguimientoAmbiental,Chiloe central,6,423209.3,733613.2,2019-06-07,00:00:00,MATERIA ORGANICA,0.8362130364820742,07/06/2019 00:00:00,X
53,ESTUDIO DEL DESEMPEÑO AMBIENTAL DE LA ACUICULTURA EN CHILE Y SU EFECTO EN LOS ECOSISTEMAS DE EMPLAZAMIENTO 2019-2020,Objetivo 1. Actividad 2. Muestreos y Analisis sedimentos,Gastón Vidal,INSTITUTO DE FOMENTO PESQUERO,Campaña_Inv_Ver_2019.Proy.SeguimientoAmbiental,Chiloe central,7,423029.3,733611.3,2019-06-07,00:00:00,MATERIA ORGANICA,0.8350321467774854,07/06/2019 00:00:00,X
54,ESTUDIO DEL DESEMPEÑO AMBIENTAL DE LA ACUICULTURA EN CHILE Y SU EFECTO EN LOS ECOSISTEMAS DE EMPLAZAMIENTO 2019-2020,Objetivo 1. Actividad 2. Muestreos y Analisis sedimentos,Gastón Vidal,INSTITUTO DE FOMENTO PESQUERO,Campaña_Inv_Ver_2019.Proy.SeguimientoAmbiental,Chiloe central,11,422833.3,733241.1,2019-06-07,00:00:00,MATERIA ORGANICA,0.9281145253261476,07/06/2019 00:00:00,X
55,ESTUDIO DEL DESEMPEÑO AMBIENTAL DE LA ACUICULTURA EN CHILE Y SU EFECTO EN LOS ECOSISTEMAS DE EMPLAZAMIENTO 2019-2020,Objetivo 1. Actividad 2. Muestreos y Analisis sedimentos,Gastón Vidal,INSTITUTO DE FOMENTO PESQUERO,Campaña_Inv_Ver_2019.Proy.SeguimientoAmbiental,Chiloe central,12,423059.3,732821.5,2019-06-07,11:00:00,MATERIA ORGANICA,0.8798215727323638,07/06/2019 11:00:00,X
56,ESTUDIO DEL DESEMPEÑO AMBIENTAL DE LA ACUICULTURA EN CHILE Y SU EFECTO EN LOS ECOSISTEMAS DE EMPLAZAMIENTO 2019-2020,Objetivo 1. Actividad 2. Muestreos y Analisis sedimentos,Gastón Vidal,INSTITUTO DE FOMENTO PESQUERO,Campaña_Inv_Ver_2019.Proy.SeguimientoAmbiental,Chiloe central,16,424213.5,733738.2,2019-06-07,16:00:00,MATERIA ORGANICA,0.8861882979449922,07/06/2019 16:00:00,X
57,ESTUDIO DEL DESEMPEÑO AMBIENTAL DE LA ACUICULTURA EN CHILE Y SU EFECTO EN LOS ECOSISTEMAS DE EMPLAZAMIENTO 2019-2020,Objetivo 1. Actividad 2. Muestreos y Analisis sedimentos,Gastón Vidal,INSTITUTO DE FOMENTO PESQUERO,Campaña_Inv_Ver_2019.Proy.SeguimientoAmbiental,Chiloe central,26,423654.6,732710.2,2019-06-07,17:56:00,MATERIA ORGANICA,0.5631567011867723,07/06/2019 17:56:00,X
58,ESTUDIO DEL DESEMPEÑO AMBIENTAL DE LA ACUICULTURA EN CHILE Y SU EFECTO EN LOS ECOSISTEMAS DE EMPLAZAMIENTO 2019-2020,Objetivo 1. Actividad 2. Muestreos y Analisis sedimentos,Gastón Vidal,INSTITUTO DE FOMENTO PESQUERO,Campaña_Inv_Ver_2019.Proy.SeguimientoAmbiental,Desertores,1,424703.0,725635.9,2019-05-15,00:00:00,MATERIA ORGANICA,0.8827039859396861,15/05/2019 00:00:00,X
59,ESTUDIO DEL DESEMPEÑO AMBIENTAL DE LA ACUICULTURA EN CHILE Y SU EFECTO EN LOS ECOSISTEMAS DE EMPLAZAMIENTO 2019-2020,Objetivo 1. Actividad 2. Muestreos y Analisis sedimentos,Gastón Vidal,INSTITUTO DE FOMENTO PESQUERO,Campaña_Inv_Ver_2019.Proy.SeguimientoAmbiental,Desertores,2,424756.1,725723.7,2019-05-15,00:00:00,MATERIA ORGANICA,1.0316905750339396,15/05/2019 00:00:00,X
60,ESTUDIO DEL DESEMPEÑO AMBIENTAL DE LA ACUICULTURA EN CHILE Y SU EFECTO EN LOS ECOSISTEMAS DE EMPLAZAMIENTO 2019-2020,Objetivo 1. Actividad 2. Muestreos y Analisis sedimentos,Gastón Vidal,INSTITUTO DE FOMENTO PESQUERO,Campaña_Inv_Ver_2019.Proy.SeguimientoAmbiental,Desertores,3,424536.0,725951.7,2019-05-15,00:00:00,MATERIA ORGANICA,0.8522266111141494,15/05/2019 00:00:00,X
61,ESTUDIO DEL DESEMPEÑO AMBIENTAL DE LA ACUICULTURA EN CHILE Y SU EFECTO EN LOS ECOSISTEMAS DE EMPLAZAMIENTO 2019-2020,Objetivo 1. Actividad 2. Muestreos y Analisis sedimentos,Gastón Vidal,INSTITUTO DE FOMENTO PESQUERO,Campaña_Inv_Ver_2019.Proy.SeguimientoAmbiental,Desertores,6,424206.5,730534.1,2019-05-15,00:00:00,MATERIA ORGANICA,0.8130865592657558,15/05/2019 00:00:00,X
62,ESTUDIO DEL DESEMPEÑO AMBIENTAL DE LA ACUICULTURA EN CHILE Y SU EFECTO EN LOS ECOSISTEMAS DE EMPLAZAMIENTO 2019-2020,Objetivo 1. Actividad 2. Muestreos y Analisis sedimentos,Gastón Vidal,INSTITUTO DE FOMENTO PESQUERO,Campaña_Inv_Ver_2019.Proy.SeguimientoAmbiental,Quellon,6,431143.2,733811.2,2019-06-09,16:56:00,MATERIA ORGANICA,0.7459715803866424,09/06/2019 16:56:00,X
63,ESTUDIO DEL DESEMPEÑO AMBIENTAL DE LA ACUICULTURA EN CHILE Y SU EFECTO EN LOS ECOSISTEMAS DE EMPLAZAMIENTO 2019-2020,Objetivo 1. Actividad 2. Muestreos y Analisis sedimentos,Gastón Vidal,INSTITUTO DE FOMENTO PESQUERO,Campaña_Inv_Ver_2019.Proy.SeguimientoAmbiental,Quellon,8,430729.8,734355.5,2019-06-09,17:49:00,MATERIA ORGANICA,8.08231518495582,09/06/2019 17:49:00,X
64,ESTUDIO DEL DESEMPEÑO AMBIENTAL DE LA ACUICULTURA EN CHILE Y SU EFECTO EN LOS ECOSISTEMAS DE EMPLAZAMIENTO 2019-2020,Objetivo 1. Actividad 2. Muestreos y Analisis sedimentos,Gastón Vidal,INSTITUTO DE FOMENTO PESQUERO,Campaña_Inv_Ver_2019.Proy.SeguimientoAmbiental,Quellon,11,430832.2,734013.7,2019-06-09,18:24:00,MATERIA ORGANICA,1.4521011153226928,09/06/2019 18:24:00,X
65,ESTUDIO DEL DESEMPEÑO AMBIENTAL DE LA ACUICULTURA EN CHILE Y SU EFECTO EN LOS ECOSISTEMAS DE EMPLAZAMIENTO 2019-2020,Objetivo 1. Actividad 2. Muestreos y Analisis sedimentos,Gastón Vidal,INSTITUTO DE FOMENTO PESQUERO,Campaña_Inv_Ver_2019.Proy.SeguimientoAmbiental,Quellon,12,431133.5,733423.8,2019-06-09,16:02:00,MATERIA ORGANICA,1.5311330384484596,09/06/2019 16:02:00,X
66,ESTUDIO DEL DESEMPEÑO AMBIENTAL DE LA ACUICULTURA EN CHILE Y SU EFECTO EN LOS ECOSISTEMAS DE EMPLAZAMIENTO 2019-2020,Objetivo 1. Actividad 2. Muestreos y Analisis sedimentos,Gastón Vidal,INSTITUTO DE FOMENTO PESQUERO,Campaña_Inv_Ver_2019.Proy.SeguimientoAmbiental,Quellon,13,430827.5,733259.3,2019-06-09,15:10:00,MATERIA ORGANICA,1.1573366640534621,09/06/2019 15:10:00,X
67,ESTUDIO DEL DESEMPEÑO AMBIENTAL DE LA ACUICULTURA EN CHILE Y SU EFECTO EN LOS ECOSISTEMAS DE EMPLAZAMIENTO 2019-2020,Objetivo 1. Actividad 2. Muestreos y Analisis sedimentos,Gastón Vidal,INSTITUTO DE FOMENTO PESQUERO,Campaña_Inv_Ver_2019.Proy.SeguimientoAmbiental,Quellon,19,430307.5,732746.7,2019-06-09,13:09:00,MATERIA ORGANICA,0.825713821474485,09/06/2019 13:09:00,X
68,ESTUDIO DEL DESEMPEÑO AMBIENTAL DE LA ACUICULTURA EN CHILE Y SU EFECTO EN LOS ECOSISTEMAS DE EMPLAZAMIENTO 2019-2020,Objetivo 1. Actividad 2. Muestreos y Analisis sedimentos,Gastón Vidal,INSTITUTO DE FOMENTO PESQUERO,Campaña_Inv_Ver_2019.Proy.SeguimientoAmbiental,Quellon,21,430206.1,733133.1,2019-06-09,12:40:00,MATERIA ORGANICA,1.053750340233028,09/06/2019 12:40:00,X
69,ESTUDIO DEL DESEMPEÑO AMBIENTAL DE LA ACUICULTURA EN CHILE Y SU EFECTO EN LOS ECOSISTEMAS DE EMPLAZAMIENTO 2019-2020,Objetivo 1. Actividad 2. Muestreos y Analisis sedimentos,Gastón Vidal,INSTITUTO DE FOMENTO PESQUERO,Campaña_Inv_Ver_2019.Proy.SeguimientoAmbiental,Quellon,22,425921.8,732805.5,2019-06-09,11:59:00,MATERIA ORGANICA,0.8011154772468235,09/06/2019 11:59:00,X
70,ESTUDIO DEL DESEMPEÑO AMBIENTAL DE LA ACUICULTURA EN CHILE Y SU EFECTO EN LOS ECOSISTEMAS DE EMPLAZAMIENTO 2019-2020,Objetivo 1. Actividad 2. Muestreos y Analisis sedimentos,Gastón Vidal,INSTITUTO DE FOMENTO PESQUERO,Campaña_Inv_Ver_2019.Proy.SeguimientoAmbiental,Quellon,26,425621.2,733649.9,2019-06-09,11:00:00,MATERIA ORGANICA,1.3340873454489783,09/06/2019 11:00:00,X
71,ESTUDIO DEL DESEMPEÑO AMBIENTAL DE LA ACUICULTURA EN CHILE Y SU EFECTO EN LOS ECOSISTEMAS DE EMPLAZAMIENTO 2019-2020,Objetivo 1. Actividad 2. Muestreos y Analisis sedimentos,Gastón Vidal,INSTITUTO DE FOMENTO PESQUERO,Campaña_Inv_Ver_2019.Proy.SeguimientoAmbiental,Quellon,28,425525.9,733504.7,2019-06-09,09:09:00,MATERIA ORGANICA,1.4492213694955423,09/06/2019 09:09:00,X
72,ESTUDIO DEL DESEMPEÑO AMBIENTAL DE LA ACUICULTURA EN CHILE Y SU EFECTO EN LOS ECOSISTEMAS DE EMPLAZAMIENTO 2019-2020,Objetivo 1. Actividad 2. Muestreos y Analisis sedimentos,Gastón Vidal,INSTITUTO DE FOMENTO PESQUERO,Campaña_Inv_Ver_2019.Proy.SeguimientoAmbiental,Quellon,32,425122.8,734130.9,2019-06-09,10:10:00,MATERIA ORGANICA,2.7578575226707733,09/06/2019 10:10:00,X
73,ESTUDIO DEL DESEMPEÑO AMBIENTAL DE LA ACUICULTURA EN CHILE Y SU EFECTO EN LOS ECOSISTEMAS DE EMPLAZAMIENTO 2019-2020,Objetivo 1. Actividad 2. Muestreos y Analisis sedimentos,Gastón Vidal,INSTITUTO DE FOMENTO PESQUERO,Campaña_Inv_Ver_2019.Proy.SeguimientoAmbiental,Quellon,39,425415.3,732927.9,2019-06-08,14:10:00,MATERIA ORGANICA,0.6339722466106238,08/06/2019 14:10:00,X
74,ESTUDIO DEL DESEMPEÑO AMBIENTAL DE LA ACUICULTURA EN CHILE Y SU EFECTO EN LOS ECOSISTEMAS DE EMPLAZAMIENTO 2019-2020,Objetivo 1. Actividad 2. Muestreos y Analisis sedimentos,Gastón Vidal,INSTITUTO DE FOMENTO PESQUERO,Campaña_Inv_Ver_2019.Proy.SeguimientoAmbiental,Hornopiren,3,420427.1,722759.7,2019-05-13,00:00:00,MATERIA ORGANICA,6.66379310344829,13/05/2019 00:00:00,X
75,ESTUDIO DEL DESEMPEÑO AMBIENTAL DE LA ACUICULTURA EN CHILE Y SU EFECTO EN LOS ECOSISTEMAS DE EMPLAZAMIENTO 2019-2020,Objetivo 1. Actividad 2. Muestreos y Analisis sedimentos,Gastón Vidal,INSTITUTO DE FOMENTO PESQUERO,Campaña_Inv_Ver_2019.Proy.SeguimientoAmbiental,Hornopiren,6,420209.6,723558.5,2019-05-13,00:00:00,MATERIA ORGANICA,1.5494058365444001,13/05/2019 00:00:00,X
76,ESTUDIO DEL DESEMPEÑO AMBIENTAL DE LA ACUICULTURA EN CHILE Y SU EFECTO EN LOS ECOSISTEMAS DE EMPLAZAMIENTO 2019-2020,Objetivo 1. Actividad 2. Muestreos y Analisis sedimentos,Gastón Vidal,INSTITUTO DE FOMENTO PESQUERO,Campaña_Inv_Ver_2019.Proy.SeguimientoAmbiental,Hornopiren,7,420301.3,723537.3,2019-05-13,00:00:00,MATERIA ORGANICA,1.8418013139756146,13/05/2019 00:00:00,X
77,ESTUDIO DEL DESEMPEÑO AMBIENTAL DE LA ACUICULTURA EN CHILE Y SU EFECTO EN LOS ECOSISTEMAS DE EMPLAZAMIENTO 2019-2020,Objetivo 1. Actividad 2. Muestreos y Analisis sedimentos,Gastón Vidal,INSTITUTO DE FOMENTO PESQUERO,Campaña_Inv_Ver_2019.Proy.SeguimientoAmbiental,Hornopiren,13,421433.8,722650.7,2019-05-13,00:00:00,MATERIA ORGANICA,1.9488687165653649,13/05/2019 00:00:00,X
78,ESTUDIO DEL DESEMPEÑO AMBIENTAL DE LA ACUICULTURA EN CHILE Y SU EFECTO EN LOS ECOSISTEMAS DE EMPLAZAMIENTO 2019-2020,Objetivo 1. Actividad 2. Muestreos y Analisis sedimentos,Gastón Vidal,INSTITUTO DE FOMENTO PESQUERO,Campaña_Inv_Ver_2019.Proy.SeguimientoAmbiental,Hornopiren,14,421524.5,722346.8,2019-05-13,00:00:00,MATERIA ORGANICA,5.626245592518804,13/05/2019 00:00:00,X
79,ESTUDIO DEL DESEMPEÑO AMBIENTAL DE LA ACUICULTURA EN CHILE Y SU EFECTO EN LOS ECOSISTEMAS DE EMPLAZAMIENTO 2019-2020,Objetivo 1. Actividad 2. Muestreos y Analisis sedimentos,Gastón Vidal,INSTITUTO DE FOMENTO PESQUERO,Campaña_Inv_Ver_2019.Proy.SeguimientoAmbiental,Ayacara,1,421853.1,724721.9,2019-05-14,00:00:00,MATERIA ORGANICA,1.2037526730897596,14/05/2019 00:00:00,X
80,ESTUDIO DEL DESEMPEÑO AMBIENTAL DE LA ACUICULTURA EN CHILE Y SU EFECTO EN LOS ECOSISTEMAS DE EMPLAZAMIENTO 2019-2020,Objetivo 1. Actividad 2. Muestreos y Analisis sedimentos,Gastón Vidal,INSTITUTO DE FOMENTO PESQUERO,Campaña_Inv_Ver_2019.Proy.SeguimientoAmbiental,Ayacara,2,422434.1,724307.0,2019-05-14,00:00:00,MATERIA ORGANICA,0.9072066868267933,14/05/2019 00:00:00,X
81,ESTUDIO DEL DESEMPEÑO AMBIENTAL DE LA ACUICULTURA EN CHILE Y SU EFECTO EN LOS ECOSISTEMAS DE EMPLAZAMIENTO 2019-2020,Objetivo 1. Actividad 2. Muestreos y Analisis sedimentos,Gastón Vidal,INSTITUTO DE FOMENTO PESQUERO,Campaña_Inv_Ver_2019.Proy.SeguimientoAmbiental,Ayacara,3,423409.7,723139.7,2019-05-14,00:00:00,MATERIA ORGANICA,0.5751275681893343,14/05/2019 00:00:00,X
82,ESTUDIO DEL DESEMPEÑO AMBIENTAL DE LA ACUICULTURA EN CHILE Y SU EFECTO EN LOS ECOSISTEMAS DE EMPLAZAMIENTO 2019-2020,Objetivo 1. Actividad 2. Muestreos y Analisis sedimentos,Gastón Vidal,INSTITUTO DE FOMENTO PESQUERO,Campaña_Inv_Ver_2019.Proy.SeguimientoAmbiental,Ayacara,4,423117.9,724140.8,2019-05-15,00:00:00,MATERIA ORGANICA,0.6873276074720165,15/05/2019 00:00:00,X
83,ESTUDIO DEL DESEMPEÑO AMBIENTAL DE LA ACUICULTURA EN CHILE Y SU EFECTO EN LOS ECOSISTEMAS DE EMPLAZAMIENTO 2019-2020,Objetivo 1. Actividad 2. Muestreos y Analisis sedimentos,Gastón Vidal,INSTITUTO DE FOMENTO PESQUERO,Campaña_Inv_Ver_2019.Proy.SeguimientoAmbiental,Ayacara,7,423730.6,725115.4,2019-05-15,00:00:00,MATERIA ORGANICA,1.151309319311331,15/05/2019 00:00:00,X
84,ESTUDIO DEL DESEMPEÑO AMBIENTAL DE LA ACUICULTURA EN CHILE Y SU EFECTO EN LOS ECOSISTEMAS DE EMPLAZAMIENTO 2019-2020,Objetivo 1. Actividad 2. Muestreos y Analisis sedimentos,Gastón Vidal,INSTITUTO DE FOMENTO PESQUERO,Campaña_Inv_Ver_2019.Proy.SeguimientoAmbiental,Ayacara,9,424232.8,725058.9,2019-05-15,00:00:00,MATERIA ORGANICA,3.4620440354913358,15/05/2019 00:00:00,X
85,ESTUDIO DEL DESEMPEÑO AMBIENTAL DE LA ACUICULTURA EN CHILE Y SU EFECTO EN LOS ECOSISTEMAS DE EMPLAZAMIENTO 2019-2020,Objetivo 1. Actividad 2. Muestreos y Analisis sedimentos,Gastón Vidal,INSTITUTO DE FOMENTO PESQUERO,Campaña_Inv_Ver_2019.Proy.SeguimientoAmbiental,Chaiten,3,424711.1,725049.9,2019-05-15,00:00:00,MATERIA ORGANICA,0.44209223307102696,15/05/2019 00:00:00,X
86,ESTUDIO DEL DESEMPEÑO AMBIENTAL DE LA ACUICULTURA EN CHILE Y SU EFECTO EN LOS ECOSISTEMAS DE EMPLAZAMIENTO 2019-2020,Objetivo 1. Actividad 2. Muestreos y Analisis sedimentos,Gastón Vidal,INSTITUTO DE FOMENTO PESQUERO,Campaña_Inv_Ver_2019.Proy.SeguimientoAmbiental,Chaiten,4,425527.6,724459.6,2019-05-15,00:00:00,MATERIA ORGANICA,2.072908113467718,15/05/2019 00:00:00,X
87,ESTUDIO DEL DESEMPEÑO AMBIENTAL DE LA ACUICULTURA EN CHILE Y SU EFECTO EN LOS ECOSISTEMAS DE EMPLAZAMIENTO 2019-2020,Objetivo 1. Actividad 2. Muestreos y Analisis sedimentos,Gastón Vidal,INSTITUTO DE FOMENTO PESQUERO,Campaña_Inv_Ver_2019.Proy.SeguimientoAmbiental,Chaiten,12,431438.9,725308.2,2019-05-16,00:00:00,MATERIA ORGANICA,0.4988866310550888,16/05/2019 00:00:00,X
88,ESTUDIO DEL DESEMPEÑO AMBIENTAL DE LA ACUICULTURA EN CHILE Y SU EFECTO EN LOS ECOSISTEMAS DE EMPLAZAMIENTO 2019-2020,Objetivo 1. Actividad 2. Muestreos y Analisis sedimentos,Gastón Vidal,INSTITUTO DE FOMENTO PESQUERO,Campaña_Inv_Ver_2019.Proy.SeguimientoAmbiental,Chaiten,14,431550.9,725835.0,2019-05-20,00:00:00,MATERIA ORGANICA,2.8985750490928153,20/05/2019 00:00:00,X
89,ESTUDIO DEL DESEMPEÑO AMBIENTAL DE LA ACUICULTURA EN CHILE Y SU EFECTO EN LOS ECOSISTEMAS DE EMPLAZAMIENTO 2019-2020,Objetivo 1. Actividad 2. Muestreos y Analisis sedimentos,Gastón Vidal,INSTITUTO DE FOMENTO PESQUERO,Campaña_Inv_Ver_2019.Proy.SeguimientoAmbiental,Chaiten,18,433529.8,730022.5,2019-05-19,00:00:00,MATERIA ORGANICA,0.5676921603764443,19/05/2019 00:00:00,X
90,ESTUDIO DEL DESEMPEÑO AMBIENTAL DE LA ACUICULTURA EN CHILE Y SU EFECTO EN LOS ECOSISTEMAS DE EMPLAZAMIENTO 2019-2020,Objetivo 1. Actividad 2. Muestreos y Analisis sedimentos,Gastón Vidal,INSTITUTO DE FOMENTO PESQUERO,Campaña_Inv_Ver_2019.Proy.SeguimientoAmbiental,Chaiten,19,433757.9,725704.9,2019-05-18,00:00:00,MATERIA ORGANICA,0.2700224809414319,18/05/2019 00:00:00,X
92,ESTUDIO DEL DESEMPEÑO AMBIENTAL DE LA ACUICULTURA EN CHILE Y SU EFECTO EN LOS ECOSISTEMAS DE EMPLAZAMIENTO 2019-2020,Objetivo 1. Actividad 2. Muestreos y Analisis sedimentos,Gastón Vidal,INSTITUTO DE FOMENTO PESQUERO,Campaña_Inv_Ver_2019.Proy.SeguimientoAmbiental,Guaitecas,1,442931.1,740942.8,2019-06-14,15:12:00,MATERIA ORGANICA,0.6807657295143675,14/06/2019 15:12:00,XI
93,ESTUDIO DEL DESEMPEÑO AMBIENTAL DE LA ACUICULTURA EN CHILE Y SU EFECTO EN LOS ECOSISTEMAS DE EMPLAZAMIENTO 2019-2020,Objetivo 1. Actividad 2. Muestreos y Analisis sedimentos,Gastón Vidal,INSTITUTO DE FOMENTO PESQUERO,Campaña_Inv_Ver_2019.Proy.SeguimientoAmbiental,Guaitecas,2,442654.0,740814.0,2019-06-14,13:40:00,MATERIA ORGANICA,1.4563913716163641,14/06/2019 13:40:00,XI
94,ESTUDIO DEL DESEMPEÑO AMBIENTAL DE LA ACUICULTURA EN CHILE Y SU EFECTO EN LOS ECOSISTEMAS DE EMPLAZAMIENTO 2019-2020,Objetivo 1. Actividad 2. Muestreos y Analisis sedimentos,Gastón Vidal,INSTITUTO DE FOMENTO PESQUERO,Campaña_Inv_Ver_2019.Proy.SeguimientoAmbiental,Guaitecas,4,441418.4,741320.7,2019-06-14,11:34:00,MATERIA ORGANICA,0.869516183602137,14/06/2019 11:34:00,XI
95,ESTUDIO DEL DESEMPEÑO AMBIENTAL DE LA ACUICULTURA EN CHILE Y SU EFECTO EN LOS ECOSISTEMAS DE EMPLAZAMIENTO 2019-2020,Objetivo 1. Actividad 2. Muestreos y Analisis sedimentos,Gastón Vidal,INSTITUTO DE FOMENTO PESQUERO,Campaña_Inv_Ver_2019.Proy.SeguimientoAmbiental,Guaitecas,6,440832.8,740222.8,2019-06-14,10:10:00,MATERIA ORGANICA,1.2135460549561259,14/06/2019 10:10:00,XI
96,ESTUDIO DEL DESEMPEÑO AMBIENTAL DE LA ACUICULTURA EN CHILE Y SU EFECTO EN LOS ECOSISTEMAS DE EMPLAZAMIENTO 2019-2020,Objetivo 1. Actividad 2. Muestreos y Analisis sedimentos,Gastón Vidal,INSTITUTO DE FOMENTO PESQUERO,Campaña_Inv_Ver_2019.Proy.SeguimientoAmbiental,Guaitecas,7,440453.4,735253.7,2019-06-14,08:50:00,MATERIA ORGANICA,1.3668694832462192,14/06/2019 08:50:00,XI
97,ESTUDIO DEL DESEMPEÑO AMBIENTAL DE LA ACUICULTURA EN CHILE Y SU EFECTO EN LOS ECOSISTEMAS DE EMPLAZAMIENTO 2019-2020,Objetivo 1. Actividad 2. Muestreos y Analisis sedimentos,Gastón Vidal,INSTITUTO DE FOMENTO PESQUERO,Campaña_Inv_Ver_2019.Proy.SeguimientoAmbiental,Guaitecas,8,435456.5,735432.1,2019-06-13,09:54:00,MATERIA ORGANICA,1.5069921579270542,13/06/2019 09:54:00,XI
98,ESTUDIO DEL DESEMPEÑO AMBIENTAL DE LA ACUICULTURA EN CHILE Y SU EFECTO EN LOS ECOSISTEMAS DE EMPLAZAMIENTO 2019-2020,Objetivo 1. Actividad 2. Muestreos y Analisis sedimentos,Gastón Vidal,INSTITUTO DE FOMENTO PESQUERO,Campaña_Inv_Ver_2019.Proy.SeguimientoAmbiental,Guaitecas,9,435329.1,735219.9,2019-06-13,08:55:00,MATERIA ORGANICA,1.2378079830780593,13/06/2019 08:55:00,XI
99,ESTUDIO DEL DESEMPEÑO AMBIENTAL DE LA ACUICULTURA EN CHILE Y SU EFECTO EN LOS ECOSISTEMAS DE EMPLAZAMIENTO 2019-2020,Objetivo 1. Actividad 2. Muestreos y Analisis sedimentos,Gastón Vidal,INSTITUTO DE FOMENTO PESQUERO,Campaña_Inv_Ver_2019.Proy.SeguimientoAmbiental,Guaitecas,10,435638.0,734800.0,2019-06-13,10:53:00,MATERIA ORGANICA,0.9179902240002372,13/06/2019 10:53:00,XI
100,ESTUDIO DEL DESEMPEÑO AMBIENTAL DE LA ACUICULTURA EN CHILE Y SU EFECTO EN LOS ECOSISTEMAS DE EMPLAZAMIENTO 2019-2020,Objetivo 1. Actividad 2. Muestreos y Analisis sedimentos,Gastón Vidal,INSTITUTO DE FOMENTO PESQUERO,Campaña_Inv_Ver_2019.Proy.SeguimientoAmbiental,Guaitecas,12,440031.4,734511.0,2019-06-13,00:00:00,MATERIA ORGANICA,0.8513838748495896,13/06/2019 00:00:00,XI
101,ESTUDIO DEL DESEMPEÑO AMBIENTAL DE LA ACUICULTURA EN CHILE Y SU EFECTO EN LOS ECOSISTEMAS DE EMPLAZAMIENTO 2019-2020,Objetivo 1. Actividad 2. Muestreos y Analisis sedimentos,Gastón Vidal,INSTITUTO DE FOMENTO PESQUERO,Campaña_Inv_Ver_2019.Proy.SeguimientoAmbiental,Guaitecas,17,441715.5,734639.1,2019-06-13,15:50:00,MATERIA ORGANICA,1.070171738140995,13/06/2019 15:50:00,XI
102,ESTUDIO DEL DESEMPEÑO AMBIENTAL DE LA ACUICULTURA EN CHILE Y SU EFECTO EN LOS ECOSISTEMAS DE EMPLAZAMIENTO 2019-2020,Objetivo 1. Actividad 2. Muestreos y Analisis sedimentos,Gastón Vidal,INSTITUTO DE FOMENTO PESQUERO,Campaña_Inv_Ver_2019.Proy.SeguimientoAmbiental,Moraleda,2,451131.2,735840.6,2019-06-15,17:17:00,MATERIA ORGANICA,1.4160313391262003,15/06/2019 17:17:00,XI
103,ESTUDIO DEL DESEMPEÑO AMBIENTAL DE LA ACUICULTURA EN CHILE Y SU EFECTO EN LOS ECOSISTEMAS DE EMPLAZAMIENTO 2019-2020,Objetivo 1. Actividad 2. Muestreos y Analisis sedimentos,Gastón Vidal,INSTITUTO DE FOMENTO PESQUERO,Campaña_Inv_Ver_2019.Proy.SeguimientoAmbiental,Moraleda,4,450957.9,740833.4,2019-06-15,16:20:00,MATERIA ORGANICA,2.0052060985726152,15/06/2019 16:20:00,XI
104,ESTUDIO DEL DESEMPEÑO AMBIENTAL DE LA ACUICULTURA EN CHILE Y SU EFECTO EN LOS ECOSISTEMAS DE EMPLAZAMIENTO 2019-2020,Objetivo 1. Actividad 2. Muestreos y Analisis sedimentos,Gastón Vidal,INSTITUTO DE FOMENTO PESQUERO,Campaña_Inv_Ver_2019.Proy.SeguimientoAmbiental,Moraleda,5,450801.8,741520.1,2019-06-15,14:55:00,MATERIA ORGANICA,1.003661845034606,15/06/2019 14:55:00,XI
105,ESTUDIO DEL DESEMPEÑO AMBIENTAL DE LA ACUICULTURA EN CHILE Y SU EFECTO EN LOS ECOSISTEMAS DE EMPLAZAMIENTO 2019-2020,Objetivo 1. Actividad 2. Muestreos y Analisis sedimentos,Gastón Vidal,INSTITUTO DE FOMENTO PESQUERO,Campaña_Inv_Ver_2019.Proy.SeguimientoAmbiental,Moraleda,12,444145.4,735257.1,2019-06-15,09:55:00,MATERIA ORGANICA,1.5687892197304787,15/06/2019 09:55:00,XI
106,ESTUDIO DEL DESEMPEÑO AMBIENTAL DE LA ACUICULTURA EN CHILE Y SU EFECTO EN LOS ECOSISTEMAS DE EMPLAZAMIENTO 2019-2020,Objetivo 1. Actividad 2. Muestreos y Analisis sedimentos,Gastón Vidal,INSTITUTO DE FOMENTO PESQUERO,Campaña_Inv_Ver_2019.Proy.SeguimientoAmbiental,Moraleda,13,443935.6,735252.9,2019-06-15,09:00:00,MATERIA ORGANICA,2.2101073303699703,15/06/2019 09:00:00,XI
107,ESTUDIO DEL DESEMPEÑO AMBIENTAL DE LA ACUICULTURA EN CHILE Y SU EFECTO EN LOS ECOSISTEMAS DE EMPLAZAMIENTO 2019-2020,Objetivo 1. Actividad 2. Muestreos y Analisis sedimentos,Gastón Vidal,INSTITUTO DE FOMENTO PESQUERO,Campaña_Inv_Ver_2019.Proy.SeguimientoAmbiental,Moraleda,14,443608.6,740025.9,2019-06-14,17:22:00,MATERIA ORGANICA,0.5094187859348548,14/06/2019 17:22:00,XI
108,ESTUDIO DEL DESEMPEÑO AMBIENTAL DE LA ACUICULTURA EN CHILE Y SU EFECTO EN LOS ECOSISTEMAS DE EMPLAZAMIENTO 2019-2020,Objetivo 1. Actividad 2. Muestreos y Analisis sedimentos,Gastón Vidal,INSTITUTO DE FOMENTO PESQUERO,Campaña_Inv_Ver_2019.Proy.SeguimientoAmbiental,Moraleda,16,443308.8,740650.1,2019-06-14,16:20:00,MATERIA ORGANICA,1.324503311258308,14/06/2019 16:20:00,XI
109,ESTUDIO DEL DESEMPEÑO AMBIENTAL DE LA ACUICULTURA EN CHILE Y SU EFECTO EN LOS ECOSISTEMAS DE EMPLAZAMIENTO 2019-2020,Objetivo 1. Actividad 2. Muestreos y Analisis sedimentos,Gastón Vidal,INSTITUTO DE FOMENTO PESQUERO,Campaña_Inv_Ver_2019.Proy.SeguimientoAmbiental,Moraleda,17,440830.9,733501.0,2019-06-13,14:00:00,MATERIA ORGANICA,0.2438927926383863,13/06/2019 14:00:00,XI
110,ESTUDIO DEL DESEMPEÑO AMBIENTAL DE LA ACUICULTURA EN CHILE Y SU EFECTO EN LOS ECOSISTEMAS DE EMPLAZAMIENTO 2019-2020,Objetivo 1. Actividad 2. Muestreos y Analisis sedimentos,Gastón Vidal,INSTITUTO DE FOMENTO PESQUERO,Campaña_Inv_Ver_2019.Proy.SeguimientoAmbiental,Moraleda,19,434430.9,730056.5,2019-05-19,00:00:00,MATERIA ORGANICA,0.9550219332321584,19/05/2019 00:00:00,XI
111,ESTUDIO DEL DESEMPEÑO AMBIENTAL DE LA ACUICULTURA EN CHILE Y SU EFECTO EN LOS ECOSISTEMAS DE EMPLAZAMIENTO 2019-2020,Objetivo 1. Actividad 2. Muestreos y Analisis sedimentos,Gastón Vidal,INSTITUTO DE FOMENTO PESQUERO,Campaña_Inv_Ver_2019.Proy.SeguimientoAmbiental,Moraleda,25,440204.1,731205.2,2019-05-19,00:00:00,MATERIA ORGANICA,2.9434010846650267,19/05/2019 00:00:00,XI
112,ESTUDIO DEL DESEMPEÑO AMBIENTAL DE LA ACUICULTURA EN CHILE Y SU EFECTO EN LOS ECOSISTEMAS DE EMPLAZAMIENTO 2019-2020,Objetivo 1. Actividad 2. Muestreos y Analisis sedimentos,Gastón Vidal,INSTITUTO DE FOMENTO PESQUERO,Campaña_Inv_Ver_2019.Proy.SeguimientoAmbiental,Moraleda,31,442248.0,730431.7,2019-06-25,16:02:00,MATERIA ORGANICA,1.3811738092246224,25/06/2019 16:02:00,XI
113,ESTUDIO DEL DESEMPEÑO AMBIENTAL DE LA ACUICULTURA EN CHILE Y SU EFECTO EN LOS ECOSISTEMAS DE EMPLAZAMIENTO 2019-2020,Objetivo 1. Actividad 2. Muestreos y Analisis sedimentos,Gastón Vidal,INSTITUTO DE FOMENTO PESQUERO,Campaña_Inv_Ver_2019.Proy.SeguimientoAmbiental,Moraleda,32,450149.0,732702.0,2019-06-24,10:30:00,MATERIA ORGANICA,2.012083903328782,24/06/2019 10:30:00,XI
114,ESTUDIO DEL DESEMPEÑO AMBIENTAL DE LA ACUICULTURA EN CHILE Y SU EFECTO EN LOS ECOSISTEMAS DE EMPLAZAMIENTO 2019-2020,Objetivo 1. Actividad 2. Muestreos y Analisis sedimentos,Gastón Vidal,INSTITUTO DE FOMENTO PESQUERO,Campaña_Inv_Ver_2019.Proy.SeguimientoAmbiental,Puyuhuapi,5,443139.8,724117.0,2019-06-25,11:45:00,MATERIA ORGANICA,9.170622499533577,25/06/2019 11:45:00,XI
115,ESTUDIO DEL DESEMPEÑO AMBIENTAL DE LA ACUICULTURA EN CHILE Y SU EFECTO EN LOS ECOSISTEMAS DE EMPLAZAMIENTO 2019-2020,Objetivo 1. Actividad 2. Muestreos y Analisis sedimentos,Gastón Vidal,INSTITUTO DE FOMENTO PESQUERO,Campaña_Inv_Ver_2019.Proy.SeguimientoAmbiental,Puyuhuapi,7,443955.1,725020.8,2019-06-25,09:06:00,MATERIA ORGANICA,2.872490627890742,25/06/2019 09:06:00,XI
116,ESTUDIO DEL DESEMPEÑO AMBIENTAL DE LA ACUICULTURA EN CHILE Y SU EFECTO EN LOS ECOSISTEMAS DE EMPLAZAMIENTO 2019-2020,Objetivo 1. Actividad 2. Muestreos y Analisis sedimentos,Gastón Vidal,INSTITUTO DE FOMENTO PESQUERO,Campaña_Inv_Ver_2019.Proy.SeguimientoAmbiental,Puyuhuapi,8,444209.3,724807.1,2019-06-25,08:25:00,MATERIA ORGANICA,6.598881957384738,25/06/2019 08:25:00,XI
117,ESTUDIO DEL DESEMPEÑO AMBIENTAL DE LA ACUICULTURA EN CHILE Y SU EFECTO EN LOS ECOSISTEMAS DE EMPLAZAMIENTO 2019-2020,Objetivo 1. Actividad 2. Muestreos y Analisis sedimentos,Gastón Vidal,INSTITUTO DE FOMENTO PESQUERO,Campaña_Inv_Ver_2019.Proy.SeguimientoAmbiental,Puyuhuapi,10,444937.8,725757.3,2019-06-24,15:17:00,MATERIA ORGANICA,6.279910918768665,24/06/2019 15:17:00,XI
118,ESTUDIO DEL DESEMPEÑO AMBIENTAL DE LA ACUICULTURA EN CHILE Y SU EFECTO EN LOS ECOSISTEMAS DE EMPLAZAMIENTO 2019-2020,Objetivo 1. Actividad 2. Muestreos y Analisis sedimentos,Gastón Vidal,INSTITUTO DE FOMENTO PESQUERO,Campaña_Inv_Ver_2019.Proy.SeguimientoAmbiental,Puyuhuapi,12,445441.9,730811.9,2019-06-24,14:05:00,MATERIA ORGANICA,9.680557807686059,24/06/2019 14:05:00,XI
119,ESTUDIO DEL DESEMPEÑO AMBIENTAL DE LA ACUICULTURA EN CHILE Y SU EFECTO EN LOS ECOSISTEMAS DE EMPLAZAMIENTO 2019-2020,Objetivo 1. Actividad 2. Muestreos y Analisis sedimentos,Gastón Vidal,INSTITUTO DE FOMENTO PESQUERO,Campaña_Inv_Ver_2019.Proy.SeguimientoAmbiental,Aysen,1,452639.7,730033.3,2019-06-18,10:38:00,MATERIA ORGANICA,18.19444444444443,18/06/2019 10:38:00,XI
120,ESTUDIO DEL DESEMPEÑO AMBIENTAL DE LA ACUICULTURA EN CHILE Y SU EFECTO EN LOS ECOSISTEMAS DE EMPLAZAMIENTO 2019-2020,Objetivo 1. Actividad 2. Muestreos y Analisis sedimentos,Gastón Vidal,INSTITUTO DE FOMENTO PESQUERO,Campaña_Inv_Ver_2019.Proy.SeguimientoAmbiental,Aysen,3,451953.0,732236.0,2019-06-18,13:15:00,MATERIA ORGANICA,2.757908708797252,18/06/2019 13:15:00,XI
121,ESTUDIO DEL DESEMPEÑO AMBIENTAL DE LA ACUICULTURA EN CHILE Y SU EFECTO EN LOS ECOSISTEMAS DE EMPLAZAMIENTO 2019-2020,Objetivo 1. Actividad 2. Muestreos y Analisis sedimentos,Gastón Vidal,INSTITUTO DE FOMENTO PESQUERO,Campaña_Inv_Ver_2019.Proy.SeguimientoAmbiental,Aysen,5,452421.9,733225.0,2019-06-17,15:52:00,MATERIA ORGANICA,2.676296633302989,17/06/2019 15:52:00,XI
122,ESTUDIO DEL DESEMPEÑO AMBIENTAL DE LA ACUICULTURA EN CHILE Y SU EFECTO EN LOS ECOSISTEMAS DE EMPLAZAMIENTO 2019-2020,Objetivo 1. Actividad 2. Muestreos y Analisis sedimentos,Gastón Vidal,INSTITUTO DE FOMENTO PESQUERO,Campaña_Inv_Ver_2019.Proy.SeguimientoAmbiental,Aysen,6,453734.9,733550.9,2019-06-17,11:55:00,MATERIA ORGANICA,1.2216920905853277,17/06/2019 11:55:00,XI
123,ESTUDIO DEL DESEMPEÑO AMBIENTAL DE LA ACUICULTURA EN CHILE Y SU EFECTO EN LOS ECOSISTEMAS DE EMPLAZAMIENTO 2019-2020,Objetivo 1. Actividad 2. Muestreos y Analisis sedimentos,Gastón Vidal,INSTITUTO DE FOMENTO PESQUERO,Campaña_Inv_Ver_2019.Proy.SeguimientoAmbiental,Aysen,7,454508.5,733655.3,2019-06-17,08:55:00,MATERIA ORGANICA,2.499802854664476,17/06/2019 08:55:00,XI
124,ESTUDIO DEL DESEMPEÑO AMBIENTAL DE LA ACUICULTURA EN CHILE Y SU EFECTO EN LOS ECOSISTEMAS DE EMPLAZAMIENTO 2019-2020,Objetivo 1. Actividad 2. Muestreos y Analisis sedimentos,Gastón Vidal,INSTITUTO DE FOMENTO PESQUERO,Campaña_Inv_Ver_2019.Proy.SeguimientoAmbiental,Aysen,10,455717.6,733619.7,2019-06-19,14:50:00,MATERIA ORGANICA,1.5190835692565783,19/06/2019 14:50:00,XI
125,ESTUDIO DEL DESEMPEÑO AMBIENTAL DE LA ACUICULTURA EN CHILE Y SU EFECTO EN LOS ECOSISTEMAS DE EMPLAZAMIENTO 2019-2020,Objetivo 1. Actividad 2. Muestreos y Analisis sedimentos,Gastón Vidal,INSTITUTO DE FOMENTO PESQUERO,Campaña_Inv_Ver_2019.Proy.SeguimientoAmbiental,Aysen,11,460134.6,733917.0,2019-06-19,15:39:00,MATERIA ORGANICA,1.4394706303547846,19/06/2019 15:39:00,XI
126,ESTUDIO DEL DESEMPEÑO AMBIENTAL DE LA ACUICULTURA EN CHILE Y SU EFECTO EN LOS ECOSISTEMAS DE EMPLAZAMIENTO 2019-2020,Objetivo 1. Actividad 2. Muestreos y Analisis sedimentos,Gastón Vidal,INSTITUTO DE FOMENTO PESQUERO,Campaña_Inv_Ver_2019.Proy.SeguimientoAmbiental,Aysen,13,461329.4,734345.5,2019-06-20,08:44:00,MATERIA ORGANICA,2.557815449205306,20/06/2019 08:44:00,XI
127,ESTUDIO DEL DESEMPEÑO AMBIENTAL DE LA ACUICULTURA EN CHILE Y SU EFECTO EN LOS ECOSISTEMAS DE EMPLAZAMIENTO 2019-2020,Objetivo 1. Actividad 2. Muestreos y Analisis sedimentos,Gastón Vidal,INSTITUTO DE FOMENTO PESQUERO,Campaña_Inv_Ver_2019.Proy.SeguimientoAmbiental,Aysen,18,460557.7,735202.9,2019-06-21,14:01:00,MATERIA ORGANICA,1.6356403254646825,21/06/2019 14:01:00,XI
128,ESTUDIO DEL DESEMPEÑO AMBIENTAL DE LA ACUICULTURA EN CHILE Y SU EFECTO EN LOS ECOSISTEMAS DE EMPLAZAMIENTO 2019-2020,Objetivo 1. Actividad 2. Muestreos y Analisis sedimentos,Gastón Vidal,INSTITUTO DE FOMENTO PESQUERO,Campaña_Inv_Ver_2019.Proy.SeguimientoAmbiental,Aysen,19,460107.9,735645.7,2019-06-21,15:00:00,MATERIA ORGANICA,2.1129162062991615,21/06/2019 15:00:00,XI
129,ESTUDIO DEL DESEMPEÑO AMBIENTAL DE LA ACUICULTURA EN CHILE Y SU EFECTO EN LOS ECOSISTEMAS DE EMPLAZAMIENTO 2019-2020,Objetivo 1. Actividad 2. Muestreos y Analisis sedimentos,Gastón Vidal,INSTITUTO DE FOMENTO PESQUERO,Campaña_Inv_Ver_2019.Proy.SeguimientoAmbiental,Aysen,24,454429.7,740423.3,2019-06-16,15:20:00,MATERIA ORGANICA,1.1217221806769553,16/06/2019 15:20:00,XI
130,ESTUDIO DEL DESEMPEÑO AMBIENTAL DE LA ACUICULTURA EN CHILE Y SU EFECTO EN LOS ECOSISTEMAS DE EMPLAZAMIENTO 2019-2020,Objetivo 1. Actividad 2. Muestreos y Analisis sedimentos,Gastón Vidal,INSTITUTO DE FOMENTO PESQUERO,Campaña_Inv_Ver_2019.Proy.SeguimientoAmbiental,Aysen,25,454137.5,741704.6,2019-06-16,13:30:00,MATERIA ORGANICA,2.00812338455422,16/06/2019 13:30:00,XI
131,ESTUDIO DEL DESEMPEÑO AMBIENTAL DE LA ACUICULTURA EN CHILE Y SU EFECTO EN LOS ECOSISTEMAS DE EMPLAZAMIENTO 2019-2020,Objetivo 1. Actividad 2. Muestreos y Analisis sedimentos,Gastón Vidal,INSTITUTO DE FOMENTO PESQUERO,Campaña_Inv_Ver_2019.Proy.SeguimientoAmbiental,Aysen,28,453351.4,741310.2,2019-06-16,11:55:00,MATERIA ORGANICA,1.8661942819477557,16/06/2019 11:55:00,XI
132,ESTUDIO DEL DESEMPEÑO AMBIENTAL DE LA ACUICULTURA EN CHILE Y SU EFECTO EN LOS ECOSISTEMAS DE EMPLAZAMIENTO 2019-2020,Objetivo 1. Actividad 2. Muestreos y Analisis sedimentos,Gastón Vidal,INSTITUTO DE FOMENTO PESQUERO,Campaña_Inv_Ver_2019.Proy.SeguimientoAmbiental,Aysen,30,452356.0,741521.0,2019-06-16,10:20:00,MATERIA ORGANICA,0.8590148686172226,16/06/2019 10:20:00,XI
133,ESTUDIO DEL DESEMPEÑO AMBIENTAL DE LA ACUICULTURA EN CHILE Y SU EFECTO EN LOS ECOSISTEMAS DE EMPLAZAMIENTO 2019-2020,Objetivo 1. Actividad 2. Muestreos y Analisis sedimentos,Gastón Vidal,INSTITUTO DE FOMENTO PESQUERO,Campaña_Inv_Ver_2019.Proy.SeguimientoAmbiental,Aysen,34,451659.5,734350.5,2019-06-23,11:00:00,MATERIA ORGANICA,2.0996461922162295,23/06/2019 11:00:00,XI
134,ESTUDIO DEL DESEMPEÑO AMBIENTAL DE LA ACUICULTURA EN CHILE Y SU EFECTO EN LOS ECOSISTEMAS DE EMPLAZAMIENTO 2019-2020,Objetivo 1. Actividad 2. Muestreos y Analisis sedimentos,Gastón Vidal,INSTITUTO DE FOMENTO PESQUERO,Campaña_Inv_Ver_2019.Proy.SeguimientoAmbiental,Coquimbo,1,300839.9,712256.3,2019-04-15,00:00:00,MATERIA ORGANICA,0.653,15/04/2019 00:00:00,IV
135,ESTUDIO DEL DESEMPEÑO AMBIENTAL DE LA ACUICULTURA EN CHILE Y SU EFECTO EN LOS ECOSISTEMAS DE EMPLAZAMIENTO 2019-2020,Objetivo 1. Actividad 2. Muestreos y Analisis sedimentos,Gastón Vidal,INSTITUTO DE FOMENTO PESQUERO,Campaña_Inv_Ver_2019.Proy.SeguimientoAmbiental,Coquimbo,4,301121.0,712525.0,2019-04-15,00:00:00,MATERIA ORGANICA,1.5824,15/04/2019 00:00:00,IV
136,ESTUDIO DEL DESEMPEÑO AMBIENTAL DE LA ACUICULTURA EN CHILE Y SU EFECTO EN LOS ECOSISTEMAS DE EMPLAZAMIENTO 2019-2020,Objetivo 1. Actividad 2. Muestreos y Analisis sedimentos,Gastón Vidal,INSTITUTO DE FOMENTO PESQUERO,Campaña_Inv_Ver_2019.Proy.SeguimientoAmbiental,Coquimbo,5,301046.7,712617.5,2019-04-15,00:00:00,MATERIA ORGANICA,2.1008,15/04/2019 00:00:00,IV
137,ESTUDIO DEL DESEMPEÑO AMBIENTAL DE LA ACUICULTURA EN CHILE Y SU EFECTO EN LOS ECOSISTEMAS DE EMPLAZAMIENTO 2019-2020,Objetivo 1. Actividad 2. Muestreos y Analisis sedimentos,Gastón Vidal,INSTITUTO DE FOMENTO PESQUERO,Campaña_Inv_Ver_2019.Proy.SeguimientoAmbiental,Coquimbo,7,301455.9,712925.2,2019-04-15,00:00:00,MATERIA ORGANICA,0.7174,15/04/2019 00:00:00,IV
138,ESTUDIO DEL DESEMPEÑO AMBIENTAL DE LA ACUICULTURA EN CHILE Y SU EFECTO EN LOS ECOSISTEMAS DE EMPLAZAMIENTO 2019-2020,Objetivo 1. Actividad 2. Muestreos y Analisis sedimentos,Gastón Vidal,INSTITUTO DE FOMENTO PESQUERO,Campaña_Inv_Ver_2019.Proy.SeguimientoAmbiental,Coquimbo,9,301620.2,713032.0,2019-04-15,00:00:00,MATERIA ORGANICA,0.7608,15/04/2019 00:00:00,IV
139,ESTUDIO DEL DESEMPEÑO AMBIENTAL DE LA ACUICULTURA EN CHILE Y SU EFECTO EN LOS ECOSISTEMAS DE EMPLAZAMIENTO 2019-2020,Objetivo 1. Actividad 2. Muestreos y Analisis sedimentos,Gastón Vidal,INSTITUTO DE FOMENTO PESQUERO,Campaña_Inv_Ver_2019.Proy.SeguimientoAmbiental,Coquimbo,10,301612.8,713138.8,2019-04-15,00:00:00,MATERIA ORGANICA,0.7196,15/04/2019 00:00:00,IV
140,ESTUDIO DEL DESEMPEÑO AMBIENTAL DE LA ACUICULTURA EN CHILE Y SU EFECTO EN LOS ECOSISTEMAS DE EMPLAZAMIENTO 2019-2020,Objetivo 1. Actividad 2. Muestreos y Analisis sedimentos,Gastón Vidal,INSTITUTO DE FOMENTO PESQUERO,Campaña_Inv_Ver_2019.Proy.SeguimientoAmbiental,Coquimbo,13,301637.0,713306.7,2019-04-15,00:00:00,MATERIA ORGANICA,0.7969,15/04/2019 00:00:00,IV
141,ESTUDIO DEL DESEMPEÑO AMBIENTAL DE LA ACUICULTURA EN CHILE Y SU EFECTO EN LOS ECOSISTEMAS DE EMPLAZAMIENTO 2019-2020,Objetivo 1. Actividad 2. Muestreos y Analisis sedimentos,Gastón Vidal,INSTITUTO DE FOMENTO PESQUERO,Campaña_Inv_Ver_2019.Proy.SeguimientoAmbiental,Atacama,2,270625.2,705153.6,2019-04-11,00:00:00,MATERIA ORGANICA,1.3464557420601635,11/04/2019 00:00:00,III
142,ESTUDIO DEL DESEMPEÑO AMBIENTAL DE LA ACUICULTURA EN CHILE Y SU EFECTO EN LOS ECOSISTEMAS DE EMPLAZAMIENTO 2019-2020,Objetivo 1. Actividad 2. Muestreos y Analisis sedimentos,Gastón Vidal,INSTITUTO DE FOMENTO PESQUERO,Campaña_Inv_Ver_2019.Proy.SeguimientoAmbiental,Atacama,3,270705.4,705140.1,2019-04-11,00:00:00,MATERIA ORGANICA,1.8897875878751225,11/04/2019 00:00:00,III
143,ESTUDIO DEL DESEMPEÑO AMBIENTAL DE LA ACUICULTURA EN CHILE Y SU EFECTO EN LOS ECOSISTEMAS DE EMPLAZAMIENTO 2019-2020,Objetivo 1. Actividad 2. Muestreos y Analisis sedimentos,Gastón Vidal,INSTITUTO DE FOMENTO PESQUERO,Campaña_Inv_Ver_2019.Proy.SeguimientoAmbiental,Atacama,6,270657.6,705223.1,2019-04-11,00:00:00,MATERIA ORGANICA,1.2574631069054574,11/04/2019 00:00:00,III
144,ESTUDIO DEL DESEMPEÑO AMBIENTAL DE LA ACUICULTURA EN CHILE Y SU EFECTO EN LOS ECOSISTEMAS DE EMPLAZAMIENTO 2019-2020,Objetivo 1. Actividad 2. Muestreos y Analisis sedimentos,Gastón Vidal,INSTITUTO DE FOMENTO PESQUERO,Campaña_Inv_Ver_2019.Proy.SeguimientoAmbiental,Atacama,7,270740.8,705230.3,2019-04-11,00:00:00,MATERIA ORGANICA,0.9901271397116411,11/04/2019 00:00:00,III
145,ESTUDIO DEL DESEMPEÑO AMBIENTAL DE LA ACUICULTURA EN CHILE Y SU EFECTO EN LOS ECOSISTEMAS DE EMPLAZAMIENTO 2019-2020,Objetivo 1. Actividad 2. Muestreos y Analisis sedimentos,Gastón Vidal,INSTITUTO DE FOMENTO PESQUERO,Campaña_Inv_Ver_2019.Proy.SeguimientoAmbiental,Atacama,10,270730.7,705259.8,2019-04-11,00:00:00,MATERIA ORGANICA,1.5292698172726078,11/04/2019 00:00:00,III
146,ESTUDIO DEL DESEMPEÑO AMBIENTAL DE LA ACUICULTURA EN CHILE Y SU EFECTO EN LOS ECOSISTEMAS DE EMPLAZAMIENTO 2019-2020,Objetivo 1. Actividad 2. Muestreos y Analisis sedimentos,Gastón Vidal,INSTITUTO DE FOMENTO PESQUERO,Campaña_Inv_Ver_2019.Proy.SeguimientoAmbiental,Atacama,14,270756.6,705332.6,2019-04-11,00:00:00,MATERIA ORGANICA,1.408551613457927,11/04/2019 00:00:00,III
147,ESTUDIO DEL DESEMPEÑO AMBIENTAL DE LA ACUICULTURA EN CHILE Y SU EFECTO EN LOS ECOSISTEMAS DE EMPLAZAMIENTO 2019-2020,Objetivo 1. Actividad 2. Muestreos y Analisis sedimentos,Gastón Vidal,INSTITUTO DE FOMENTO PESQUERO,Campaña_Inv_Ver_2019.Proy.SeguimientoAmbiental,Natales,2,513604.7,724301.6,2019-08-10,15:24:00,MATERIA ORGANICA,6.657443276148327,10/08/2019 15:24:00,XII
148,ESTUDIO DEL DESEMPEÑO AMBIENTAL DE LA ACUICULTURA EN CHILE Y SU EFECTO EN LOS ECOSISTEMAS DE EMPLAZAMIENTO 2019-2020,Objetivo 1. Actividad 2. Muestreos y Analisis sedimentos,Gastón Vidal,INSTITUTO DE FOMENTO PESQUERO,Campaña_Inv_Ver_2019.Proy.SeguimientoAmbiental,Natales,3,514018.2,723753.1,2019-08-10,16:19:00,MATERIA ORGANICA,10.66932568864515,10/08/2019 16:19:00,XII
149,ESTUDIO DEL DESEMPEÑO AMBIENTAL DE LA ACUICULTURA EN CHILE Y SU EFECTO EN LOS ECOSISTEMAS DE EMPLAZAMIENTO 2019-2020,Objetivo 1. Actividad 2. Muestreos y Analisis sedimentos,Gastón Vidal,INSTITUTO DE FOMENTO PESQUERO,Campaña_Inv_Ver_2019.Proy.SeguimientoAmbiental,Natales,5,514929.7,723739.8,2019-08-11,22:45:00,MATERIA ORGANICA,8.999683444127891,11/08/2019 22:45:00,XII
150,ESTUDIO DEL DESEMPEÑO AMBIENTAL DE LA ACUICULTURA EN CHILE Y SU EFECTO EN LOS ECOSISTEMAS DE EMPLAZAMIENTO 2019-2020,Objetivo 1. Actividad 2. Muestreos y Analisis sedimentos,Gastón Vidal,INSTITUTO DE FOMENTO PESQUERO,Campaña_Inv_Ver_2019.Proy.SeguimientoAmbiental,Natales,9,514601.6,725405.0,2019-08-11,12:49:00,MATERIA ORGANICA,2.5416180355058895,11/08/2019 12:49:00,XII
151,ESTUDIO DEL DESEMPEÑO AMBIENTAL DE LA ACUICULTURA EN CHILE Y SU EFECTO EN LOS ECOSISTEMAS DE EMPLAZAMIENTO 2019-2020,Objetivo 1. Actividad 2. Muestreos y Analisis sedimentos,Gastón Vidal,INSTITUTO DE FOMENTO PESQUERO,Campaña_Inv_Ver_2019.Proy.SeguimientoAmbiental,Natales,10,520357.8,725602.0,2019-08-11,15:43:00,MATERIA ORGANICA,1.88708122254703,11/08/2019 15:43:00,XII
152,ESTUDIO DEL DESEMPEÑO AMBIENTAL DE LA ACUICULTURA EN CHILE Y SU EFECTO EN LOS ECOSISTEMAS DE EMPLAZAMIENTO 2019-2020,Objetivo 1. Actividad 2. Muestreos y Analisis sedimentos,Gastón Vidal,INSTITUTO DE FOMENTO PESQUERO,Campaña_Inv_Ver_2019.Proy.SeguimientoAmbiental,Natales,11,521159.7,725703.6,2019-08-11,17:58:00,MATERIA ORGANICA,6.340633323468512,11/08/2019 17:58:00,XII
153,ESTUDIO DEL DESEMPEÑO AMBIENTAL DE LA ACUICULTURA EN CHILE Y SU EFECTO EN LOS ECOSISTEMAS DE EMPLAZAMIENTO 2019-2020,Objetivo 1. Actividad 2. Muestreos y Analisis sedimentos,Gastón Vidal,INSTITUTO DE FOMENTO PESQUERO,Campaña_Inv_Ver_2019.Proy.SeguimientoAmbiental,Natales,13,521310.4,725226.1,2019-08-11,18:40:00,MATERIA ORGANICA,4.631019253033694,11/08/2019 18:40:00,XII
154,ESTUDIO DEL DESEMPEÑO AMBIENTAL DE LA ACUICULTURA EN CHILE Y SU EFECTO EN LOS ECOSISTEMAS DE EMPLAZAMIENTO 2019-2020,Objetivo 1. Actividad 2. Muestreos y Analisis sedimentos,Gastón Vidal,INSTITUTO DE FOMENTO PESQUERO,Campaña_Inv_Ver_2019.Proy.SeguimientoAmbiental,Natales,14,520439.3,723937.6,2019-08-11,10:16:00,MATERIA ORGANICA,9.578193003697772,11/08/2019 10:16:00,XII
155,ESTUDIO DEL DESEMPEÑO AMBIENTAL DE LA ACUICULTURA EN CHILE Y SU EFECTO EN LOS ECOSISTEMAS DE EMPLAZAMIENTO 2019-2020,Objetivo 1. Actividad 2. Muestreos y Analisis sedimentos,Gastón Vidal,INSTITUTO DE FOMENTO PESQUERO,Campaña_Inv_Ver_2019.Proy.SeguimientoAmbiental,Bio-Bio,4,370959.6,733041.5,2019-07-24,00:00:00,MATERIA ORGANICA,0.8772377863472656,24/07/2019 00:00:00,VIII
156,ESTUDIO DEL DESEMPEÑO AMBIENTAL DE LA ACUICULTURA EN CHILE Y SU EFECTO EN LOS ECOSISTEMAS DE EMPLAZAMIENTO 2019-2020,Objetivo 1. Actividad 2. Muestreos y Analisis sedimentos,Gastón Vidal,INSTITUTO DE FOMENTO PESQUERO,Campaña_Inv_Ver_2019.Proy.SeguimientoAmbiental,Bio-Bio,5,371343.6,732125.3,2019-07-24,00:00:00,MATERIA ORGANICA,11.632730015082968,24/07/2019 00:00:00,VIII
157,ESTUDIO DEL DESEMPEÑO AMBIENTAL DE LA ACUICULTURA EN CHILE Y SU EFECTO EN LOS ECOSISTEMAS DE EMPLAZAMIENTO 2019-2020,Objetivo 1. Actividad 2. Muestreos y Analisis sedimentos,Gastón Vidal,INSTITUTO DE FOMENTO PESQUERO,Campaña_Inv_Ver_2019.Proy.SeguimientoAmbiental,Bio-Bio,8,371341.8,731932.2,2019-07-24,00:00:00,MATERIA ORGANICA,5.387464976776549,24/07/2019 00:00:00,VIII
158,ESTUDIO DEL DESEMPEÑO AMBIENTAL DE LA ACUICULTURA EN CHILE Y SU EFECTO EN LOS ECOSISTEMAS DE EMPLAZAMIENTO 2019-2020,Objetivo 1. Actividad 2. Muestreos y Analisis sedimentos,Gastón Vidal,INSTITUTO DE FOMENTO PESQUERO,Campaña_Inv_Ver_2019.Proy.SeguimientoAmbiental,Bio-Bio,9,371000.1,731213.8,2019-07-24,00:00:00,MATERIA ORGANICA,1.628801707433509,24/07/2019 00:00:00,VIII
159,ESTUDIO DEL DESEMPEÑO AMBIENTAL DE LA ACUICULTURA EN CHILE Y SU EFECTO EN LOS ECOSISTEMAS DE EMPLAZAMIENTO 2019-2020,Objetivo 1. Actividad 2. Muestreos y Analisis sedimentos,Gastón Vidal,INSTITUTO DE FOMENTO PESQUERO,Campaña_Inv_Ver_2019.Proy.SeguimientoAmbiental,Bio-Bio,11,370916.3,731140.2,2019-07-24,00:00:00,MATERIA ORGANICA,1.7352325417111027,24/07/2019 00:00:00,VIII
160,ESTUDIO DEL DESEMPEÑO AMBIENTAL DE LA ACUICULTURA EN CHILE Y SU EFECTO EN LOS ECOSISTEMAS DE EMPLAZAMIENTO 2019-2020,Objetivo 1. Actividad 2. Muestreos y Analisis sedimentos,Gastón Vidal,INSTITUTO DE FOMENTO PESQUERO,Campaña_Inv_Ver_2019.Proy.SeguimientoAmbiental,Bio-Bio,14,370638.2,730929.6,2019-07-24,00:00:00,MATERIA ORGANICA,3.188197193234961,24/07/2019 00:00:00,VIII
161,ESTUDIO DEL DESEMPEÑO AMBIENTAL DE LA ACUICULTURA EN CHILE Y SU EFECTO EN LOS ECOSISTEMAS DE EMPLAZAMIENTO 2019-2020,Objetivo 1. Actividad 2. Muestreos y Analisis sedimentos,Gastón Vidal,INSTITUTO DE FOMENTO PESQUERO,Campaña_Inv_Ver_2019.Proy.SeguimientoAmbiental,Bio-Bio,15,370411.4,730956.2,2019-07-24,00:00:00,MATERIA ORGANICA,25.990475722912272,24/07/2019 00:00:00,VIII
162,ESTUDIO DEL DESEMPEÑO AMBIENTAL DE LA ACUICULTURA EN CHILE Y SU EFECTO EN LOS ECOSISTEMAS DE EMPLAZAMIENTO 2019-2020,Objetivo 1. Actividad 2. Muestreos y Analisis sedimentos,Gastón Vidal,INSTITUTO DE FOMENTO PESQUERO,Campaña_Inv_Ver_2019.Proy.SeguimientoAmbiental,Bio-Bio,19,370243.4,730851.0,2019-07-24,00:00:00,MATERIA ORGANICA,3.034854441842991,24/07/2019 00:00:00,VIII
163,ESTUDIO DEL DESEMPEÑO AMBIENTAL DE LA ACUICULTURA EN CHILE Y SU EFECTO EN LOS ECOSISTEMAS DE EMPLAZAMIENTO 2019-2020,Objetivo 1. Actividad 2. Muestreos y Analisis sedimentos,Gastón Vidal,INSTITUTO DE FOMENTO PESQUERO,Campaña_Inv_Ver_2019.Proy.SeguimientoAmbiental,Valdivia,1,395105.7,731901.5,2019-07-26,00:00:00,MATERIA ORGANICA,1.0435680207454607,26/07/2019 00:00:00,XIV
164,ESTUDIO DEL DESEMPEÑO AMBIENTAL DE LA ACUICULTURA EN CHILE Y SU EFECTO EN LOS ECOSISTEMAS DE EMPLAZAMIENTO 2019-2020,Objetivo 1. Actividad 2. Muestreos y Analisis sedimentos,Gastón Vidal,INSTITUTO DE FOMENTO PESQUERO,Campaña_Inv_Ver_2019.Proy.SeguimientoAmbiental,Valdivia,2,395119.5,731905.4,2019-07-26,00:00:00,MATERIA ORGANICA,0.7547538633624169,26/07/2019 00:00:00,XIV
165,ESTUDIO DEL DESEMPEÑO AMBIENTAL DE LA ACUICULTURA EN CHILE Y SU EFECTO EN LOS ECOSISTEMAS DE EMPLAZAMIENTO 2019-2020,Objetivo 1. Actividad 2. Muestreos y Analisis sedimentos,Gastón Vidal,INSTITUTO DE FOMENTO PESQUERO,Campaña_Inv_Ver_2019.Proy.SeguimientoAmbiental,Valdivia,3,395156.9,732058.2,2019-07-26,00:00:00,MATERIA ORGANICA,0.9303690846903956,26/07/2019 00:00:00,XIV
166,ESTUDIO DEL DESEMPEÑO AMBIENTAL DE LA ACUICULTURA EN CHILE Y SU EFECTO EN LOS ECOSISTEMAS DE EMPLAZAMIENTO 2019-2020,Objetivo 1. Actividad 2. Muestreos y Analisis sedimentos,Gastón Vidal,INSTITUTO DE FOMENTO PESQUERO,Campaña_Inv_Ver_2019.Proy.SeguimientoAmbiental,Valdivia,4,395153.8,732138.8,2019-07-26,00:00:00,MATERIA ORGANICA,0.9774280892191585,26/07/2019 00:00:00,XIV
167,ESTUDIO DEL DESEMPEÑO AMBIENTAL DE LA ACUICULTURA EN CHILE Y SU EFECTO EN LOS ECOSISTEMAS DE EMPLAZAMIENTO 2019-2020,Objetivo 1. Actividad 2. Muestreos y Analisis sedimentos,Gastón Vidal,INSTITUTO DE FOMENTO PESQUERO,Campaña_Inv_Ver_2019.Proy.SeguimientoAmbiental,Valdivia,6,395246.5,732253.5,2019-07-26,00:00:00,MATERIA ORGANICA,1.3092194214267472,26/07/2019 00:00:00,XIV
168,ESTUDIO DEL DESEMPEÑO AMBIENTAL DE LA ACUICULTURA EN CHILE Y SU EFECTO EN LOS ECOSISTEMAS DE EMPLAZAMIENTO 2019-2020,Objetivo 1. Actividad 2. Muestreos y Analisis sedimentos,Gastón Vidal,INSTITUTO DE FOMENTO PESQUERO,Campaña_Inv_Ver_2019.Proy.SeguimientoAmbiental,Valdivia,9,395336.9,732146.5,2019-07-26,00:00:00,MATERIA ORGANICA,11.553873552983093,26/07/2019 00:00:00,XIV
169,ESTUDIO DEL DESEMPEÑO AMBIENTAL DE LA ACUICULTURA EN CHILE Y SU EFECTO EN LOS ECOSISTEMAS DE EMPLAZAMIENTO 2019-2020,Objetivo 1. Actividad 2. Muestreos y Analisis sedimentos,Gastón Vidal,INSTITUTO DE FOMENTO PESQUERO,Campaña_Inv_Ver_2019.Proy.SeguimientoAmbiental,Valdivia,11,395335.9,732219.4,2019-07-26,00:00:00,MATERIA ORGANICA,11.061239107078915,26/07/2019 00:00:00,XIV
170,ESTUDIO DEL DESEMPEÑO AMBIENTAL DE LA ACUICULTURA EN CHILE Y SU EFECTO EN LOS ECOSISTEMAS DE EMPLAZAMIENTO 2019-2020,Objetivo 1. Actividad 2. Muestreos y Analisis sedimentos,Gastón Vidal,INSTITUTO DE FOMENTO PESQUERO,Campaña_Inv_Ver_2019.Proy.SeguimientoAmbiental,Valdivia,15,395547.5,732341.2,2019-07-26,00:00:00,MATERIA ORGANICA,10.240248728094997,26/07/2019 00:00:00,XIV
