ID,NOMB_PROY,ETAP_PROY,JEFE_PROY,INST_PROY,ZONA,ESTACION,LATITUD,LONGITUD,VARIABLE,VALOR,FECHA_MUESTREO,COD_REGION
1,ESTUDIO SEGUIMIENTO DESEMPEÑO AMBIENTAL ACUICULTURA EN CHILE Y SU EFECTO EN LOS ECOSISTEMAS DE EMPLAZAMIENTO 2021-2022,Objetivo 1. Actividad 2. Muestreos y Analisis sedimentos,Gastón Vidal,INSTITUTO DE FOMENTO PESQUERO,Estuario,1,412614.9,721747.9,PH,7.1866666666666665,15/11/2021 15:30:00,X
2,ESTUDIO SEGUIMIENTO DESEMPEÑO AMBIENTAL ACUICULTURA EN CHILE Y SU EFECTO EN LOS ECOSISTEMAS DE EMPLAZAMIENTO 2021-2022,Objetivo 1. Actividad 2. Muestreos y Analisis sedimentos,Gastón Vidal,INSTITUTO DE FOMENTO PESQUERO,Estuario,2,412807.3,721843.5,PH,7.416666666666667,15/11/2021 14:50:00,X
3,ESTUDIO SEGUIMIENTO DESEMPEÑO AMBIENTAL ACUICULTURA EN CHILE Y SU EFECTO EN LOS ECOSISTEMAS DE EMPLAZAMIENTO 2021-2022,Objetivo 1. Actividad 2. Muestreos y Analisis sedimentos,Gastón Vidal,INSTITUTO DE FOMENTO PESQUERO,Estuario,3,412945.4,721845.5,PH,7.646666666666667,15/11/2021 14:10:00,X
4,ESTUDIO SEGUIMIENTO DESEMPEÑO AMBIENTAL ACUICULTURA EN CHILE Y SU EFECTO EN LOS ECOSISTEMAS DE EMPLAZAMIENTO 2021-2022,Objetivo 1. Actividad 2. Muestreos y Analisis sedimentos,Gastón Vidal,INSTITUTO DE FOMENTO PESQUERO,Estuario,5,413039.3,721721.1,PH,7.543333333333334,15/11/2021 13:45:00,X
5,ESTUDIO SEGUIMIENTO DESEMPEÑO AMBIENTAL ACUICULTURA EN CHILE Y SU EFECTO EN LOS ECOSISTEMAS DE EMPLAZAMIENTO 2021-2022,Objetivo 1. Actividad 2. Muestreos y Analisis sedimentos,Gastón Vidal,INSTITUTO DE FOMENTO PESQUERO,Estuario,6,413132.6,722021.4,PH,7.510000000000001,15/11/2021 11:25:00,X
6,ESTUDIO SEGUIMIENTO DESEMPEÑO AMBIENTAL ACUICULTURA EN CHILE Y SU EFECTO EN LOS ECOSISTEMAS DE EMPLAZAMIENTO 2021-2022,Objetivo 1. Actividad 2. Muestreos y Analisis sedimentos,Gastón Vidal,INSTITUTO DE FOMENTO PESQUERO,Estuario,7,413157.8,721802.6,PH,8.716666666666667,15/11/2021 12:05:00,X
7,ESTUDIO SEGUIMIENTO DESEMPEÑO AMBIENTAL ACUICULTURA EN CHILE Y SU EFECTO EN LOS ECOSISTEMAS DE EMPLAZAMIENTO 2021-2022,Objetivo 1. Actividad 2. Muestreos y Analisis sedimentos,Gastón Vidal,INSTITUTO DE FOMENTO PESQUERO,Estuario,8,413533.0,722110.7,PH,7.436666666666667,15/11/2021 10:40:00,X
8,ESTUDIO SEGUIMIENTO DESEMPEÑO AMBIENTAL ACUICULTURA EN CHILE Y SU EFECTO EN LOS ECOSISTEMAS DE EMPLAZAMIENTO 2021-2022,Objetivo 1. Actividad 2. Muestreos y Analisis sedimentos,Gastón Vidal,INSTITUTO DE FOMENTO PESQUERO,Estuario,12,413938.3,722058.9,PH,7.423333333333333,15/11/2021 09:55:00,X
9,ESTUDIO SEGUIMIENTO DESEMPEÑO AMBIENTAL ACUICULTURA EN CHILE Y SU EFECTO EN LOS ECOSISTEMAS DE EMPLAZAMIENTO 2021-2022,Objetivo 1. Actividad 2. Muestreos y Analisis sedimentos,Gastón Vidal,INSTITUTO DE FOMENTO PESQUERO,Estuario,17,414052.7,722801.1,PH,7.5200000000000005,15/11/2021 09:00:00,X
10,ESTUDIO SEGUIMIENTO DESEMPEÑO AMBIENTAL ACUICULTURA EN CHILE Y SU EFECTO EN LOS ECOSISTEMAS DE EMPLAZAMIENTO 2021-2022,Objetivo 1. Actividad 2. Muestreos y Analisis sedimentos,Gastón Vidal,INSTITUTO DE FOMENTO PESQUERO,Estuario,21,414330.8,723048.5,PH,7.37,15/11/2021 08:20:00,X
11,ESTUDIO SEGUIMIENTO DESEMPEÑO AMBIENTAL ACUICULTURA EN CHILE Y SU EFECTO EN LOS ECOSISTEMAS DE EMPLAZAMIENTO 2021-2022,Objetivo 1. Actividad 2. Muestreos y Analisis sedimentos,Gastón Vidal,INSTITUTO DE FOMENTO PESQUERO,Reloncavi,3,415420.9,725230.7,PH,7.94,01/11/2021 15:15:00,X
12,ESTUDIO SEGUIMIENTO DESEMPEÑO AMBIENTAL ACUICULTURA EN CHILE Y SU EFECTO EN LOS ECOSISTEMAS DE EMPLAZAMIENTO 2021-2022,Objetivo 1. Actividad 2. Muestreos y Analisis sedimentos,Gastón Vidal,INSTITUTO DE FOMENTO PESQUERO,Reloncavi,4,415223.0,725351.4,PH,7.830000000000001,01/11/2021 16:08:00,X
13,ESTUDIO SEGUIMIENTO DESEMPEÑO AMBIENTAL ACUICULTURA EN CHILE Y SU EFECTO EN LOS ECOSISTEMAS DE EMPLAZAMIENTO 2021-2022,Objetivo 1. Actividad 2. Muestreos y Analisis sedimentos,Gastón Vidal,INSTITUTO DE FOMENTO PESQUERO,Reloncavi,5,415307.1,725602.6,PH,7.663333333333334,01/11/2021 20:00:00,X
14,ESTUDIO SEGUIMIENTO DESEMPEÑO AMBIENTAL ACUICULTURA EN CHILE Y SU EFECTO EN LOS ECOSISTEMAS DE EMPLAZAMIENTO 2021-2022,Objetivo 1. Actividad 2. Muestreos y Analisis sedimentos,Gastón Vidal,INSTITUTO DE FOMENTO PESQUERO,Reloncavi,7,414413.7,730243.4,PH,7.8933333333333335,04/11/2021 15:20:00,X
15,ESTUDIO SEGUIMIENTO DESEMPEÑO AMBIENTAL ACUICULTURA EN CHILE Y SU EFECTO EN LOS ECOSISTEMAS DE EMPLAZAMIENTO 2021-2022,Objetivo 1. Actividad 2. Muestreos y Analisis sedimentos,Gastón Vidal,INSTITUTO DE FOMENTO PESQUERO,Reloncavi,13,412948.4,725730.9,PH,7.293333333333333,04/11/2021 17:00:00,X
16,ESTUDIO SEGUIMIENTO DESEMPEÑO AMBIENTAL ACUICULTURA EN CHILE Y SU EFECTO EN LOS ECOSISTEMAS DE EMPLAZAMIENTO 2021-2022,Objetivo 1. Actividad 2. Muestreos y Analisis sedimentos,Gastón Vidal,INSTITUTO DE FOMENTO PESQUERO,Reloncavi,15,413105.3,724724.2,PH,8.213333333333333,13/11/2021 12:00:00,X
17,ESTUDIO SEGUIMIENTO DESEMPEÑO AMBIENTAL ACUICULTURA EN CHILE Y SU EFECTO EN LOS ECOSISTEMAS DE EMPLAZAMIENTO 2021-2022,Objetivo 1. Actividad 2. Muestreos y Analisis sedimentos,Gastón Vidal,INSTITUTO DE FOMENTO PESQUERO,Reloncavi,17,413450.6,724336.9,PH,7.343333333333334,13/11/2021 14:30:00,X
18,ESTUDIO SEGUIMIENTO DESEMPEÑO AMBIENTAL ACUICULTURA EN CHILE Y SU EFECTO EN LOS ECOSISTEMAS DE EMPLAZAMIENTO 2021-2022,Objetivo 1. Actividad 2. Muestreos y Analisis sedimentos,Gastón Vidal,INSTITUTO DE FOMENTO PESQUERO,Reloncavi,19,413707.8,724152.2,PH,7.2700000000000005,13/11/2021 13:10:00,X
19,ESTUDIO SEGUIMIENTO DESEMPEÑO AMBIENTAL ACUICULTURA EN CHILE Y SU EFECTO EN LOS ECOSISTEMAS DE EMPLAZAMIENTO 2021-2022,Objetivo 1. Actividad 2. Muestreos y Analisis sedimentos,Gastón Vidal,INSTITUTO DE FOMENTO PESQUERO,Reloncavi,21,413751.5,724023.2,PH,7.273333333333333,13/11/2021 13:44:00,X
20,ESTUDIO SEGUIMIENTO DESEMPEÑO AMBIENTAL ACUICULTURA EN CHILE Y SU EFECTO EN LOS ECOSISTEMAS DE EMPLAZAMIENTO 2021-2022,Objetivo 1. Actividad 2. Muestreos y Analisis sedimentos,Gastón Vidal,INSTITUTO DE FOMENTO PESQUERO,Reloncavi,25,414943.9,724718.2,PH,7.741,16/11/2021 17:55:00,X
21,ESTUDIO SEGUIMIENTO DESEMPEÑO AMBIENTAL ACUICULTURA EN CHILE Y SU EFECTO EN LOS ECOSISTEMAS DE EMPLAZAMIENTO 2021-2022,Objetivo 1. Actividad 2. Muestreos y Analisis sedimentos,Gastón Vidal,INSTITUTO DE FOMENTO PESQUERO,Calbuco,1,414442.2,730610.3,PH,7.739999999999999,04/11/2021 13:30:00,X
22,ESTUDIO SEGUIMIENTO DESEMPEÑO AMBIENTAL ACUICULTURA EN CHILE Y SU EFECTO EN LOS ECOSISTEMAS DE EMPLAZAMIENTO 2021-2022,Objetivo 1. Actividad 2. Muestreos y Analisis sedimentos,Gastón Vidal,INSTITUTO DE FOMENTO PESQUERO,Calbuco,2,414630.1,730505.2,PH,7.1000000000000005,04/11/2021 10:50:00,X
23,ESTUDIO SEGUIMIENTO DESEMPEÑO AMBIENTAL ACUICULTURA EN CHILE Y SU EFECTO EN LOS ECOSISTEMAS DE EMPLAZAMIENTO 2021-2022,Objetivo 1. Actividad 2. Muestreos y Analisis sedimentos,Gastón Vidal,INSTITUTO DE FOMENTO PESQUERO,Calbuco,8,414314.7,730933.2,PH,7.196666666666666,04/11/2021 11:49:00,X
24,ESTUDIO SEGUIMIENTO DESEMPEÑO AMBIENTAL ACUICULTURA EN CHILE Y SU EFECTO EN LOS ECOSISTEMAS DE EMPLAZAMIENTO 2021-2022,Objetivo 1. Actividad 2. Muestreos y Analisis sedimentos,Gastón Vidal,INSTITUTO DE FOMENTO PESQUERO,Calbuco,16,414822.6,731018.3,PH,7.496666666666667,04/11/2021 10:00:00,X
25,ESTUDIO SEGUIMIENTO DESEMPEÑO AMBIENTAL ACUICULTURA EN CHILE Y SU EFECTO EN LOS ECOSISTEMAS DE EMPLAZAMIENTO 2021-2022,Objetivo 1. Actividad 2. Muestreos y Analisis sedimentos,Gastón Vidal,INSTITUTO DE FOMENTO PESQUERO,Calbuco,22,414705.8,730505.2,PH,7.919999999999999,04/11/2021 10:42:00,X
26,ESTUDIO SEGUIMIENTO DESEMPEÑO AMBIENTAL ACUICULTURA EN CHILE Y SU EFECTO EN LOS ECOSISTEMAS DE EMPLAZAMIENTO 2021-2022,Objetivo 1. Actividad 2. Muestreos y Analisis sedimentos,Gastón Vidal,INSTITUTO DE FOMENTO PESQUERO,Calbuco,26,415016.4,730447.2,PH,7.826666666666665,02/11/2021 08:15:00,X
27,ESTUDIO SEGUIMIENTO DESEMPEÑO AMBIENTAL ACUICULTURA EN CHILE Y SU EFECTO EN LOS ECOSISTEMAS DE EMPLAZAMIENTO 2021-2022,Objetivo 1. Actividad 2. Muestreos y Analisis sedimentos,Gastón Vidal,INSTITUTO DE FOMENTO PESQUERO,Calbuco,27,414959.8,730629.1,PH,7.94,02/11/2021 08:50:00,X
28,ESTUDIO SEGUIMIENTO DESEMPEÑO AMBIENTAL ACUICULTURA EN CHILE Y SU EFECTO EN LOS ECOSISTEMAS DE EMPLAZAMIENTO 2021-2022,Objetivo 1. Actividad 2. Muestreos y Analisis sedimentos,Gastón Vidal,INSTITUTO DE FOMENTO PESQUERO,Calbuco,30,415019.0,730822.5,PH,7.55,02/11/2021 09:10:00,X
29,ESTUDIO SEGUIMIENTO DESEMPEÑO AMBIENTAL ACUICULTURA EN CHILE Y SU EFECTO EN LOS ECOSISTEMAS DE EMPLAZAMIENTO 2021-2022,Objetivo 1. Actividad 2. Muestreos y Analisis sedimentos,Gastón Vidal,INSTITUTO DE FOMENTO PESQUERO,Chacao,2,415659.3,733134.3,PH,7.916666666666667,02/11/2021 13:15:00,X
30,ESTUDIO SEGUIMIENTO DESEMPEÑO AMBIENTAL ACUICULTURA EN CHILE Y SU EFECTO EN LOS ECOSISTEMAS DE EMPLAZAMIENTO 2021-2022,Objetivo 1. Actividad 2. Muestreos y Analisis sedimentos,Gastón Vidal,INSTITUTO DE FOMENTO PESQUERO,Chacao,6,415415.1,732906.8,PH,7.516666666666666,02/11/2021 12:45:00,X
31,ESTUDIO SEGUIMIENTO DESEMPEÑO AMBIENTAL ACUICULTURA EN CHILE Y SU EFECTO EN LOS ECOSISTEMAS DE EMPLAZAMIENTO 2021-2022,Objetivo 1. Actividad 2. Muestreos y Analisis sedimentos,Gastón Vidal,INSTITUTO DE FOMENTO PESQUERO,Chacao,12,415217.3,733107.9,PH,7.41,02/11/2021 11:55:00,X
32,ESTUDIO SEGUIMIENTO DESEMPEÑO AMBIENTAL ACUICULTURA EN CHILE Y SU EFECTO EN LOS ECOSISTEMAS DE EMPLAZAMIENTO 2021-2022,Objetivo 1. Actividad 2. Muestreos y Analisis sedimentos,Gastón Vidal,INSTITUTO DE FOMENTO PESQUERO,Chacao,14,415115.7,732851.2,PH,7.633333333333334,02/11/2021 11:25:00,X
33,ESTUDIO SEGUIMIENTO DESEMPEÑO AMBIENTAL ACUICULTURA EN CHILE Y SU EFECTO EN LOS ECOSISTEMAS DE EMPLAZAMIENTO 2021-2022,Objetivo 1. Actividad 2. Muestreos y Analisis sedimentos,Gastón Vidal,INSTITUTO DE FOMENTO PESQUERO,Butachauques,1,421917.6,731519.1,PH,7.063333333333333,22/10/2021 17:50:00,X
34,ESTUDIO SEGUIMIENTO DESEMPEÑO AMBIENTAL ACUICULTURA EN CHILE Y SU EFECTO EN LOS ECOSISTEMAS DE EMPLAZAMIENTO 2021-2022,Objetivo 1. Actividad 2. Muestreos y Analisis sedimentos,Gastón Vidal,INSTITUTO DE FOMENTO PESQUERO,Butachauques,3,421702.6,731506.7,PH,7.59,25/10/2021 08:25:00,X
36,ESTUDIO SEGUIMIENTO DESEMPEÑO AMBIENTAL ACUICULTURA EN CHILE Y SU EFECTO EN LOS ECOSISTEMAS DE EMPLAZAMIENTO 2021-2022,Objetivo 1. Actividad 2. Muestreos y Analisis sedimentos,Gastón Vidal,INSTITUTO DE FOMENTO PESQUERO,Butachauques,10,421645.3,732049.7,PH,7.8999999999999995,25/10/2021 09:10:00,X
37,ESTUDIO SEGUIMIENTO DESEMPEÑO AMBIENTAL ACUICULTURA EN CHILE Y SU EFECTO EN LOS ECOSISTEMAS DE EMPLAZAMIENTO 2021-2022,Objetivo 1. Actividad 2. Muestreos y Analisis sedimentos,Gastón Vidal,INSTITUTO DE FOMENTO PESQUERO,Butachauques,12,421224.4,732358.0,PH,7.48,02/11/2021 16:50:00,X
38,ESTUDIO SEGUIMIENTO DESEMPEÑO AMBIENTAL ACUICULTURA EN CHILE Y SU EFECTO EN LOS ECOSISTEMAS DE EMPLAZAMIENTO 2021-2022,Objetivo 1. Actividad 2. Muestreos y Analisis sedimentos,Gastón Vidal,INSTITUTO DE FOMENTO PESQUERO,Butachauques,13,421021.7,732609.5,PH,7.623333333333334,02/11/2021 15:30:00,X
39,ESTUDIO SEGUIMIENTO DESEMPEÑO AMBIENTAL ACUICULTURA EN CHILE Y SU EFECTO EN LOS ECOSISTEMAS DE EMPLAZAMIENTO 2021-2022,Objetivo 1. Actividad 2. Muestreos y Analisis sedimentos,Gastón Vidal,INSTITUTO DE FOMENTO PESQUERO,Butachauques,14,420929.5,732804.6,PH,7.513333333333333,02/11/2021 15:00:00,X
40,ESTUDIO SEGUIMIENTO DESEMPEÑO AMBIENTAL ACUICULTURA EN CHILE Y SU EFECTO EN LOS ECOSISTEMAS DE EMPLAZAMIENTO 2021-2022,Objetivo 1. Actividad 2. Muestreos y Analisis sedimentos,Gastón Vidal,INSTITUTO DE FOMENTO PESQUERO,Chaulinec,3,423622.9,731526.5,PH,7.026666666666666,25/10/2021 13:30:00,X
41,ESTUDIO SEGUIMIENTO DESEMPEÑO AMBIENTAL ACUICULTURA EN CHILE Y SU EFECTO EN LOS ECOSISTEMAS DE EMPLAZAMIENTO 2021-2022,Objetivo 1. Actividad 2. Muestreos y Analisis sedimentos,Gastón Vidal,INSTITUTO DE FOMENTO PESQUERO,Chaulinec,4,423422.1,731353.2,PH,8.293333333333333,25/10/2021 13:15:00,X
42,ESTUDIO SEGUIMIENTO DESEMPEÑO AMBIENTAL ACUICULTURA EN CHILE Y SU EFECTO EN LOS ECOSISTEMAS DE EMPLAZAMIENTO 2021-2022,Objetivo 1. Actividad 2. Muestreos y Analisis sedimentos,Gastón Vidal,INSTITUTO DE FOMENTO PESQUERO,Chaulinec,7,422803.3,732256.7,PH,8.52,23/10/2021 15:56:00,X
43,ESTUDIO SEGUIMIENTO DESEMPEÑO AMBIENTAL ACUICULTURA EN CHILE Y SU EFECTO EN LOS ECOSISTEMAS DE EMPLAZAMIENTO 2021-2022,Objetivo 1. Actividad 2. Muestreos y Analisis sedimentos,Gastón Vidal,INSTITUTO DE FOMENTO PESQUERO,Chaulinec,10,422429.1,731921.4,PH,8.163333333333334,23/10/2021 16:50:00,X
44,ESTUDIO SEGUIMIENTO DESEMPEÑO AMBIENTAL ACUICULTURA EN CHILE Y SU EFECTO EN LOS ECOSISTEMAS DE EMPLAZAMIENTO 2021-2022,Objetivo 1. Actividad 2. Muestreos y Analisis sedimentos,Gastón Vidal,INSTITUTO DE FOMENTO PESQUERO,Chaulinec,13,422634.7,733044.2,PH,7.330000000000001,23/10/2021 15:25:00,X
45,ESTUDIO SEGUIMIENTO DESEMPEÑO AMBIENTAL ACUICULTURA EN CHILE Y SU EFECTO EN LOS ECOSISTEMAS DE EMPLAZAMIENTO 2021-2022,Objetivo 1. Actividad 2. Muestreos y Analisis sedimentos,Gastón Vidal,INSTITUTO DE FOMENTO PESQUERO,Tenaun,2,422246.5,733559.1,PH,7.98,23/10/2021 11:00:00,X
46,ESTUDIO SEGUIMIENTO DESEMPEÑO AMBIENTAL ACUICULTURA EN CHILE Y SU EFECTO EN LOS ECOSISTEMAS DE EMPLAZAMIENTO 2021-2022,Objetivo 1. Actividad 2. Muestreos y Analisis sedimentos,Gastón Vidal,INSTITUTO DE FOMENTO PESQUERO,Tenaun,3,422307.4,733744.8,PH,8.366666666666665,23/10/2021 00:00:00,X
47,ESTUDIO SEGUIMIENTO DESEMPEÑO AMBIENTAL ACUICULTURA EN CHILE Y SU EFECTO EN LOS ECOSISTEMAS DE EMPLAZAMIENTO 2021-2022,Objetivo 1. Actividad 2. Muestreos y Analisis sedimentos,Gastón Vidal,INSTITUTO DE FOMENTO PESQUERO,Tenaun,6,422215.1,733731.1,PH,8.416666666666668,23/10/2021 10:15:00,X
48,ESTUDIO SEGUIMIENTO DESEMPEÑO AMBIENTAL ACUICULTURA EN CHILE Y SU EFECTO EN LOS ECOSISTEMAS DE EMPLAZAMIENTO 2021-2022,Objetivo 1. Actividad 2. Muestreos y Analisis sedimentos,Gastón Vidal,INSTITUTO DE FOMENTO PESQUERO,Tenaun,9,422139.1,733441.7,PH,7.886666666666667,23/10/2021 12:25:00,X
49,ESTUDIO SEGUIMIENTO DESEMPEÑO AMBIENTAL ACUICULTURA EN CHILE Y SU EFECTO EN LOS ECOSISTEMAS DE EMPLAZAMIENTO 2021-2022,Objetivo 1. Actividad 2. Muestreos y Analisis sedimentos,Gastón Vidal,INSTITUTO DE FOMENTO PESQUERO,Tenaun,14,422026.0,733200.9,PH,7.183333333333334,23/10/2021 13:40:00,X
50,ESTUDIO SEGUIMIENTO DESEMPEÑO AMBIENTAL ACUICULTURA EN CHILE Y SU EFECTO EN LOS ECOSISTEMAS DE EMPLAZAMIENTO 2021-2022,Objetivo 1. Actividad 2. Muestreos y Analisis sedimentos,Gastón Vidal,INSTITUTO DE FOMENTO PESQUERO,Chiloe central,1,423046.9,734515.6,PH,7.19,26/10/2021 10:05:00,X
51,ESTUDIO SEGUIMIENTO DESEMPEÑO AMBIENTAL ACUICULTURA EN CHILE Y SU EFECTO EN LOS ECOSISTEMAS DE EMPLAZAMIENTO 2021-2022,Objetivo 1. Actividad 2. Muestreos y Analisis sedimentos,Gastón Vidal,INSTITUTO DE FOMENTO PESQUERO,Chiloe central,4,423259.2,734015.8,PH,7.4366666666666665,26/10/2021 08:20:00,X
52,ESTUDIO SEGUIMIENTO DESEMPEÑO AMBIENTAL ACUICULTURA EN CHILE Y SU EFECTO EN LOS ECOSISTEMAS DE EMPLAZAMIENTO 2021-2022,Objetivo 1. Actividad 2. Muestreos y Analisis sedimentos,Gastón Vidal,INSTITUTO DE FOMENTO PESQUERO,Chiloe central,6,423209.3,733613.2,PH,7.483333333333333,25/10/2021 18:33:00,X
53,ESTUDIO SEGUIMIENTO DESEMPEÑO AMBIENTAL ACUICULTURA EN CHILE Y SU EFECTO EN LOS ECOSISTEMAS DE EMPLAZAMIENTO 2021-2022,Objetivo 1. Actividad 2. Muestreos y Analisis sedimentos,Gastón Vidal,INSTITUTO DE FOMENTO PESQUERO,Chiloe central,7,423029.3,733611.3,PH,7.206666666666666,25/10/2021 17:48:00,X
54,ESTUDIO SEGUIMIENTO DESEMPEÑO AMBIENTAL ACUICULTURA EN CHILE Y SU EFECTO EN LOS ECOSISTEMAS DE EMPLAZAMIENTO 2021-2022,Objetivo 1. Actividad 2. Muestreos y Analisis sedimentos,Gastón Vidal,INSTITUTO DE FOMENTO PESQUERO,Chiloe central,11,422833.3,733241.1,PH,7.583333333333333,25/10/2021 16:40:00,X
55,ESTUDIO SEGUIMIENTO DESEMPEÑO AMBIENTAL ACUICULTURA EN CHILE Y SU EFECTO EN LOS ECOSISTEMAS DE EMPLAZAMIENTO 2021-2022,Objetivo 1. Actividad 2. Muestreos y Analisis sedimentos,Gastón Vidal,INSTITUTO DE FOMENTO PESQUERO,Chiloe central,12,423059.3,732821.5,PH,7.496666666666667,25/10/2021 16:05:00,X
56,ESTUDIO SEGUIMIENTO DESEMPEÑO AMBIENTAL ACUICULTURA EN CHILE Y SU EFECTO EN LOS ECOSISTEMAS DE EMPLAZAMIENTO 2021-2022,Objetivo 1. Actividad 2. Muestreos y Analisis sedimentos,Gastón Vidal,INSTITUTO DE FOMENTO PESQUERO,Chiloe central,16,424213.5,733738.2,PH,7.19,26/10/2021 11:40:00,X
57,ESTUDIO SEGUIMIENTO DESEMPEÑO AMBIENTAL ACUICULTURA EN CHILE Y SU EFECTO EN LOS ECOSISTEMAS DE EMPLAZAMIENTO 2021-2022,Objetivo 1. Actividad 2. Muestreos y Analisis sedimentos,Gastón Vidal,INSTITUTO DE FOMENTO PESQUERO,Chiloe central,26,423654.6,732710.2,PH,7.513333333333333,25/10/2021 15:00:00,X
58,ESTUDIO SEGUIMIENTO DESEMPEÑO AMBIENTAL ACUICULTURA EN CHILE Y SU EFECTO EN LOS ECOSISTEMAS DE EMPLAZAMIENTO 2021-2022,Objetivo 1. Actividad 2. Muestreos y Analisis sedimentos,Gastón Vidal,INSTITUTO DE FOMENTO PESQUERO,Desertores,1,424703.0,725635.9,PH,7.460000000000001,30/10/2021 08:05:00,X
59,ESTUDIO SEGUIMIENTO DESEMPEÑO AMBIENTAL ACUICULTURA EN CHILE Y SU EFECTO EN LOS ECOSISTEMAS DE EMPLAZAMIENTO 2021-2022,Objetivo 1. Actividad 2. Muestreos y Analisis sedimentos,Gastón Vidal,INSTITUTO DE FOMENTO PESQUERO,Desertores,2,424756.1,725723.7,PH,7.846666666666667,30/10/2021 09:00:00,X
60,ESTUDIO SEGUIMIENTO DESEMPEÑO AMBIENTAL ACUICULTURA EN CHILE Y SU EFECTO EN LOS ECOSISTEMAS DE EMPLAZAMIENTO 2021-2022,Objetivo 1. Actividad 2. Muestreos y Analisis sedimentos,Gastón Vidal,INSTITUTO DE FOMENTO PESQUERO,Desertores,3,424536.0,725951.7,PH,7.710000000000001,30/10/2021 09:50:00,X
61,ESTUDIO SEGUIMIENTO DESEMPEÑO AMBIENTAL ACUICULTURA EN CHILE Y SU EFECTO EN LOS ECOSISTEMAS DE EMPLAZAMIENTO 2021-2022,Objetivo 1. Actividad 2. Muestreos y Analisis sedimentos,Gastón Vidal,INSTITUTO DE FOMENTO PESQUERO,Desertores,6,424206.5,730534.1,PH,7.513333333333333,30/10/2021 10:55:00,X
62,ESTUDIO SEGUIMIENTO DESEMPEÑO AMBIENTAL ACUICULTURA EN CHILE Y SU EFECTO EN LOS ECOSISTEMAS DE EMPLAZAMIENTO 2021-2022,Objetivo 1. Actividad 2. Muestreos y Analisis sedimentos,Gastón Vidal,INSTITUTO DE FOMENTO PESQUERO,Quellon,6,431143.2,733811.2,PH,7.456666666666667,27/10/2021 15:10:00,X
63,ESTUDIO SEGUIMIENTO DESEMPEÑO AMBIENTAL ACUICULTURA EN CHILE Y SU EFECTO EN LOS ECOSISTEMAS DE EMPLAZAMIENTO 2021-2022,Objetivo 1. Actividad 2. Muestreos y Analisis sedimentos,Gastón Vidal,INSTITUTO DE FOMENTO PESQUERO,Quellon,8,430739.5,734328.6,PH,7.31,27/10/2021 16:35:00,X
64,ESTUDIO SEGUIMIENTO DESEMPEÑO AMBIENTAL ACUICULTURA EN CHILE Y SU EFECTO EN LOS ECOSISTEMAS DE EMPLAZAMIENTO 2021-2022,Objetivo 1. Actividad 2. Muestreos y Analisis sedimentos,Gastón Vidal,INSTITUTO DE FOMENTO PESQUERO,Quellon,11,430832.2,734013.7,PH,7.093333333333334,27/10/2021 17:00:00,X
65,ESTUDIO SEGUIMIENTO DESEMPEÑO AMBIENTAL ACUICULTURA EN CHILE Y SU EFECTO EN LOS ECOSISTEMAS DE EMPLAZAMIENTO 2021-2022,Objetivo 1. Actividad 2. Muestreos y Analisis sedimentos,Gastón Vidal,INSTITUTO DE FOMENTO PESQUERO,Quellon,12,431133.5,733423.8,PH,7.576666666666667,27/10/2021 14:09:00,X
66,ESTUDIO SEGUIMIENTO DESEMPEÑO AMBIENTAL ACUICULTURA EN CHILE Y SU EFECTO EN LOS ECOSISTEMAS DE EMPLAZAMIENTO 2021-2022,Objetivo 1. Actividad 2. Muestreos y Analisis sedimentos,Gastón Vidal,INSTITUTO DE FOMENTO PESQUERO,Quellon,13,430826.2,733310.7,PH,7.3066666666666675,27/10/2021 13:15:00,X
67,ESTUDIO SEGUIMIENTO DESEMPEÑO AMBIENTAL ACUICULTURA EN CHILE Y SU EFECTO EN LOS ECOSISTEMAS DE EMPLAZAMIENTO 2021-2022,Objetivo 1. Actividad 2. Muestreos y Analisis sedimentos,Gastón Vidal,INSTITUTO DE FOMENTO PESQUERO,Quellon,19,430307.5,732746.7,PH,7.433333333333334,27/10/2021 10:45:00,X
68,ESTUDIO SEGUIMIENTO DESEMPEÑO AMBIENTAL ACUICULTURA EN CHILE Y SU EFECTO EN LOS ECOSISTEMAS DE EMPLAZAMIENTO 2021-2022,Objetivo 1. Actividad 2. Muestreos y Analisis sedimentos,Gastón Vidal,INSTITUTO DE FOMENTO PESQUERO,Quellon,21,430206.1,733133.1,PH,7.590000000000001,27/10/2021 10:20:00,X
69,ESTUDIO SEGUIMIENTO DESEMPEÑO AMBIENTAL ACUICULTURA EN CHILE Y SU EFECTO EN LOS ECOSISTEMAS DE EMPLAZAMIENTO 2021-2022,Objetivo 1. Actividad 2. Muestreos y Analisis sedimentos,Gastón Vidal,INSTITUTO DE FOMENTO PESQUERO,Quellon,22,425921.8,732805.5,PH,7.446666666666666,27/10/2021 09:00:00,X
70,ESTUDIO SEGUIMIENTO DESEMPEÑO AMBIENTAL ACUICULTURA EN CHILE Y SU EFECTO EN LOS ECOSISTEMAS DE EMPLAZAMIENTO 2021-2022,Objetivo 1. Actividad 2. Muestreos y Analisis sedimentos,Gastón Vidal,INSTITUTO DE FOMENTO PESQUERO,Quellon,26,425621.2,733649.9,PH,7.390000000000001,27/10/2021 08:00:00,X
71,ESTUDIO SEGUIMIENTO DESEMPEÑO AMBIENTAL ACUICULTURA EN CHILE Y SU EFECTO EN LOS ECOSISTEMAS DE EMPLAZAMIENTO 2021-2022,Objetivo 1. Actividad 2. Muestreos y Analisis sedimentos,Gastón Vidal,INSTITUTO DE FOMENTO PESQUERO,Quellon,28,425525.9,733504.7,PH,7.326666666666667,26/10/2021 15:20:00,X
72,ESTUDIO SEGUIMIENTO DESEMPEÑO AMBIENTAL ACUICULTURA EN CHILE Y SU EFECTO EN LOS ECOSISTEMAS DE EMPLAZAMIENTO 2021-2022,Objetivo 1. Actividad 2. Muestreos y Analisis sedimentos,Gastón Vidal,INSTITUTO DE FOMENTO PESQUERO,Quellon,32,425122.8,734130.9,PH,7.13,26/10/2021 16:23:00,X
73,ESTUDIO SEGUIMIENTO DESEMPEÑO AMBIENTAL ACUICULTURA EN CHILE Y SU EFECTO EN LOS ECOSISTEMAS DE EMPLAZAMIENTO 2021-2022,Objetivo 1. Actividad 2. Muestreos y Analisis sedimentos,Gastón Vidal,INSTITUTO DE FOMENTO PESQUERO,Quellon,39,425415.3,732927.9,PH,7.496666666666667,26/10/2021 14:00:00,X
74,ESTUDIO SEGUIMIENTO DESEMPEÑO AMBIENTAL ACUICULTURA EN CHILE Y SU EFECTO EN LOS ECOSISTEMAS DE EMPLAZAMIENTO 2021-2022,Objetivo 1. Actividad 2. Muestreos y Analisis sedimentos,Gastón Vidal,INSTITUTO DE FOMENTO PESQUERO,Hornopiren,3,420427.1,722759.7,PH,7.296666666666667,01/11/2021 10:00:00,X
75,ESTUDIO SEGUIMIENTO DESEMPEÑO AMBIENTAL ACUICULTURA EN CHILE Y SU EFECTO EN LOS ECOSISTEMAS DE EMPLAZAMIENTO 2021-2022,Objetivo 1. Actividad 2. Muestreos y Analisis sedimentos,Gastón Vidal,INSTITUTO DE FOMENTO PESQUERO,Hornopiren,6,420209.6,723558.5,PH,7.486666666666667,01/11/2021 12:20:00,X
76,ESTUDIO SEGUIMIENTO DESEMPEÑO AMBIENTAL ACUICULTURA EN CHILE Y SU EFECTO EN LOS ECOSISTEMAS DE EMPLAZAMIENTO 2021-2022,Objetivo 1. Actividad 2. Muestreos y Analisis sedimentos,Gastón Vidal,INSTITUTO DE FOMENTO PESQUERO,Hornopiren,7,420301.3,723537.3,PH,7.02,01/11/2021 11:05:00,X
77,ESTUDIO SEGUIMIENTO DESEMPEÑO AMBIENTAL ACUICULTURA EN CHILE Y SU EFECTO EN LOS ECOSISTEMAS DE EMPLAZAMIENTO 2021-2022,Objetivo 1. Actividad 2. Muestreos y Analisis sedimentos,Gastón Vidal,INSTITUTO DE FOMENTO PESQUERO,Hornopiren,13,421433.8,722650.7,PH,7.796666666666667,31/10/2021 14:42:00,X
78,ESTUDIO SEGUIMIENTO DESEMPEÑO AMBIENTAL ACUICULTURA EN CHILE Y SU EFECTO EN LOS ECOSISTEMAS DE EMPLAZAMIENTO 2021-2022,Objetivo 1. Actividad 2. Muestreos y Analisis sedimentos,Gastón Vidal,INSTITUTO DE FOMENTO PESQUERO,Hornopiren,14,421524.5,722346.8,PH,7.6433333333333335,31/10/2021 16:00:00,X
79,ESTUDIO SEGUIMIENTO DESEMPEÑO AMBIENTAL ACUICULTURA EN CHILE Y SU EFECTO EN LOS ECOSISTEMAS DE EMPLAZAMIENTO 2021-2022,Objetivo 1. Actividad 2. Muestreos y Analisis sedimentos,Gastón Vidal,INSTITUTO DE FOMENTO PESQUERO,Ayacara,1,421853.1,724721.9,PH,7.453333333333333,30/11/2021 11:10:00,X
80,ESTUDIO SEGUIMIENTO DESEMPEÑO AMBIENTAL ACUICULTURA EN CHILE Y SU EFECTO EN LOS ECOSISTEMAS DE EMPLAZAMIENTO 2021-2022,Objetivo 1. Actividad 2. Muestreos y Analisis sedimentos,Gastón Vidal,INSTITUTO DE FOMENTO PESQUERO,Ayacara,2,422434.1,724307.0,PH,7.263333333333333,30/11/2021 09:00:00,X
81,ESTUDIO SEGUIMIENTO DESEMPEÑO AMBIENTAL ACUICULTURA EN CHILE Y SU EFECTO EN LOS ECOSISTEMAS DE EMPLAZAMIENTO 2021-2022,Objetivo 1. Actividad 2. Muestreos y Analisis sedimentos,Gastón Vidal,INSTITUTO DE FOMENTO PESQUERO,Ayacara,3,423409.7,723139.7,PH,7.3933333333333335,30/10/2021 15:44:00,X
82,ESTUDIO SEGUIMIENTO DESEMPEÑO AMBIENTAL ACUICULTURA EN CHILE Y SU EFECTO EN LOS ECOSISTEMAS DE EMPLAZAMIENTO 2021-2022,Objetivo 1. Actividad 2. Muestreos y Analisis sedimentos,Gastón Vidal,INSTITUTO DE FOMENTO PESQUERO,Ayacara,4,423117.9,724140.8,PH,7.613333333333333,30/10/2021 14:35:00,X
83,ESTUDIO SEGUIMIENTO DESEMPEÑO AMBIENTAL ACUICULTURA EN CHILE Y SU EFECTO EN LOS ECOSISTEMAS DE EMPLAZAMIENTO 2021-2022,Objetivo 1. Actividad 2. Muestreos y Analisis sedimentos,Gastón Vidal,INSTITUTO DE FOMENTO PESQUERO,Ayacara,7,423730.6,725115.4,PH,7.596666666666667,30/10/2021 12:35:00,X
84,ESTUDIO SEGUIMIENTO DESEMPEÑO AMBIENTAL ACUICULTURA EN CHILE Y SU EFECTO EN LOS ECOSISTEMAS DE EMPLAZAMIENTO 2021-2022,Objetivo 1. Actividad 2. Muestreos y Analisis sedimentos,Gastón Vidal,INSTITUTO DE FOMENTO PESQUERO,Ayacara,9,424232.8,725058.9,PH,7.43,29/10/2021 15:43:00,X
85,ESTUDIO SEGUIMIENTO DESEMPEÑO AMBIENTAL ACUICULTURA EN CHILE Y SU EFECTO EN LOS ECOSISTEMAS DE EMPLAZAMIENTO 2021-2022,Objetivo 1. Actividad 2. Muestreos y Analisis sedimentos,Gastón Vidal,INSTITUTO DE FOMENTO PESQUERO,Chaiten,3,424711.1,725049.9,PH,7.776666666666666,29/10/2021 14:55:00,X
86,ESTUDIO SEGUIMIENTO DESEMPEÑO AMBIENTAL ACUICULTURA EN CHILE Y SU EFECTO EN LOS ECOSISTEMAS DE EMPLAZAMIENTO 2021-2022,Objetivo 1. Actividad 2. Muestreos y Analisis sedimentos,Gastón Vidal,INSTITUTO DE FOMENTO PESQUERO,Chaiten,4,425527.6,724459.6,PH,7.31,29/10/2021 13:25:00,X
87,ESTUDIO SEGUIMIENTO DESEMPEÑO AMBIENTAL ACUICULTURA EN CHILE Y SU EFECTO EN LOS ECOSISTEMAS DE EMPLAZAMIENTO 2021-2022,Objetivo 1. Actividad 2. Muestreos y Analisis sedimentos,Gastón Vidal,INSTITUTO DE FOMENTO PESQUERO,Chaiten,12,431438.9,725308.2,PH,7.646666666666667,29/10/2021 10:10:00,X
88,ESTUDIO SEGUIMIENTO DESEMPEÑO AMBIENTAL ACUICULTURA EN CHILE Y SU EFECTO EN LOS ECOSISTEMAS DE EMPLAZAMIENTO 2021-2022,Objetivo 1. Actividad 2. Muestreos y Analisis sedimentos,Gastón Vidal,INSTITUTO DE FOMENTO PESQUERO,Chaiten,14,431550.9,725835.0,PH,7.416666666666667,29/10/2021 09:30:00,X
89,ESTUDIO SEGUIMIENTO DESEMPEÑO AMBIENTAL ACUICULTURA EN CHILE Y SU EFECTO EN LOS ECOSISTEMAS DE EMPLAZAMIENTO 2021-2022,Objetivo 1. Actividad 2. Muestreos y Analisis sedimentos,Gastón Vidal,INSTITUTO DE FOMENTO PESQUERO,Chaiten,18,433529.8,730022.5,PH,7.54,19/11/2021 14:42:00,X
90,ESTUDIO SEGUIMIENTO DESEMPEÑO AMBIENTAL ACUICULTURA EN CHILE Y SU EFECTO EN LOS ECOSISTEMAS DE EMPLAZAMIENTO 2021-2022,Objetivo 1. Actividad 2. Muestreos y Analisis sedimentos,Gastón Vidal,INSTITUTO DE FOMENTO PESQUERO,Chaiten,19,433757.9,725704.9,PH,7.406666666666666,19/11/2021 15:13:00,X
92,ESTUDIO SEGUIMIENTO DESEMPEÑO AMBIENTAL ACUICULTURA EN CHILE Y SU EFECTO EN LOS ECOSISTEMAS DE EMPLAZAMIENTO 2021-2022,Objetivo 1. Actividad 2. Muestreos y Analisis sedimentos,Gastón Vidal,INSTITUTO DE FOMENTO PESQUERO,Guaitecas,1,442931.1,740942.8,PH,7.546666666666667,18/12/2021 13:05:00,XI
93,ESTUDIO SEGUIMIENTO DESEMPEÑO AMBIENTAL ACUICULTURA EN CHILE Y SU EFECTO EN LOS ECOSISTEMAS DE EMPLAZAMIENTO 2021-2022,Objetivo 1. Actividad 2. Muestreos y Analisis sedimentos,Gastón Vidal,INSTITUTO DE FOMENTO PESQUERO,Guaitecas,4,441418.4,741320.7,PH,7.283333333333334,19/12/2021 08:22:00,XI
94,ESTUDIO SEGUIMIENTO DESEMPEÑO AMBIENTAL ACUICULTURA EN CHILE Y SU EFECTO EN LOS ECOSISTEMAS DE EMPLAZAMIENTO 2021-2022,Objetivo 1. Actividad 2. Muestreos y Analisis sedimentos,Gastón Vidal,INSTITUTO DE FOMENTO PESQUERO,Guaitecas,6,440829.0,740209.0,PH,7.596666666666667,19/12/2021 09:30:00,XI
95,ESTUDIO SEGUIMIENTO DESEMPEÑO AMBIENTAL ACUICULTURA EN CHILE Y SU EFECTO EN LOS ECOSISTEMAS DE EMPLAZAMIENTO 2021-2022,Objetivo 1. Actividad 2. Muestreos y Analisis sedimentos,Gastón Vidal,INSTITUTO DE FOMENTO PESQUERO,Guaitecas,7,440453.4,735253.7,PH,7.576666666666667,19/12/2021 11:00:00,XI
96,ESTUDIO SEGUIMIENTO DESEMPEÑO AMBIENTAL ACUICULTURA EN CHILE Y SU EFECTO EN LOS ECOSISTEMAS DE EMPLAZAMIENTO 2021-2022,Objetivo 1. Actividad 2. Muestreos y Analisis sedimentos,Gastón Vidal,INSTITUTO DE FOMENTO PESQUERO,Guaitecas,8,435456.5,735432.1,PH,7.276666666666667,19/12/2021 18:58:00,XI
97,ESTUDIO SEGUIMIENTO DESEMPEÑO AMBIENTAL ACUICULTURA EN CHILE Y SU EFECTO EN LOS ECOSISTEMAS DE EMPLAZAMIENTO 2021-2022,Objetivo 1. Actividad 2. Muestreos y Analisis sedimentos,Gastón Vidal,INSTITUTO DE FOMENTO PESQUERO,Guaitecas,9,435329.1,735219.9,PH,7.6866666666666665,19/12/2021 19:42:00,XI
98,ESTUDIO SEGUIMIENTO DESEMPEÑO AMBIENTAL ACUICULTURA EN CHILE Y SU EFECTO EN LOS ECOSISTEMAS DE EMPLAZAMIENTO 2021-2022,Objetivo 1. Actividad 2. Muestreos y Analisis sedimentos,Gastón Vidal,INSTITUTO DE FOMENTO PESQUERO,Guaitecas,10,435638.0,734800.0,PH,7.816666666666666,19/12/2021 18:00:00,XI
99,ESTUDIO SEGUIMIENTO DESEMPEÑO AMBIENTAL ACUICULTURA EN CHILE Y SU EFECTO EN LOS ECOSISTEMAS DE EMPLAZAMIENTO 2021-2022,Objetivo 1. Actividad 2. Muestreos y Analisis sedimentos,Gastón Vidal,INSTITUTO DE FOMENTO PESQUERO,Guaitecas,12,440031.4,734511.0,PH,7.829999999999999,19/12/2021 16:55:00,XI
100,ESTUDIO SEGUIMIENTO DESEMPEÑO AMBIENTAL ACUICULTURA EN CHILE Y SU EFECTO EN LOS ECOSISTEMAS DE EMPLAZAMIENTO 2021-2022,Objetivo 1. Actividad 2. Muestreos y Analisis sedimentos,Gastón Vidal,INSTITUTO DE FOMENTO PESQUERO,Guaitecas,17,441715.5,734639.1,PH,7.743333333333332,19/12/2021 13:21:00,XI
101,ESTUDIO SEGUIMIENTO DESEMPEÑO AMBIENTAL ACUICULTURA EN CHILE Y SU EFECTO EN LOS ECOSISTEMAS DE EMPLAZAMIENTO 2021-2022,Objetivo 1. Actividad 2. Muestreos y Analisis sedimentos,Gastón Vidal,INSTITUTO DE FOMENTO PESQUERO,Moraleda,2,451131.2,735840.6,PH,7.8933333333333335,14/12/2021 11:15:00,XI
102,ESTUDIO SEGUIMIENTO DESEMPEÑO AMBIENTAL ACUICULTURA EN CHILE Y SU EFECTO EN LOS ECOSISTEMAS DE EMPLAZAMIENTO 2021-2022,Objetivo 1. Actividad 2. Muestreos y Analisis sedimentos,Gastón Vidal,INSTITUTO DE FOMENTO PESQUERO,Moraleda,4,450957.9,740833.4,PH,7.5,14/12/2021 09:50:00,XI
103,ESTUDIO SEGUIMIENTO DESEMPEÑO AMBIENTAL ACUICULTURA EN CHILE Y SU EFECTO EN LOS ECOSISTEMAS DE EMPLAZAMIENTO 2021-2022,Objetivo 1. Actividad 2. Muestreos y Analisis sedimentos,Gastón Vidal,INSTITUTO DE FOMENTO PESQUERO,Moraleda,5,450801.8,741520.1,PH,7.776666666666666,14/12/2021 08:55:00,XI
104,ESTUDIO SEGUIMIENTO DESEMPEÑO AMBIENTAL ACUICULTURA EN CHILE Y SU EFECTO EN LOS ECOSISTEMAS DE EMPLAZAMIENTO 2021-2022,Objetivo 1. Actividad 2. Muestreos y Analisis sedimentos,Gastón Vidal,INSTITUTO DE FOMENTO PESQUERO,Moraleda,12,444145.4,735257.1,PH,7.073333333333334,18/12/2021 09:25:00,XI
105,ESTUDIO SEGUIMIENTO DESEMPEÑO AMBIENTAL ACUICULTURA EN CHILE Y SU EFECTO EN LOS ECOSISTEMAS DE EMPLAZAMIENTO 2021-2022,Objetivo 1. Actividad 2. Muestreos y Analisis sedimentos,Gastón Vidal,INSTITUTO DE FOMENTO PESQUERO,Moraleda,13,443935.6,735252.9,PH,7.303333333333334,18/12/2021 10:15:00,XI
106,ESTUDIO SEGUIMIENTO DESEMPEÑO AMBIENTAL ACUICULTURA EN CHILE Y SU EFECTO EN LOS ECOSISTEMAS DE EMPLAZAMIENTO 2021-2022,Objetivo 1. Actividad 2. Muestreos y Analisis sedimentos,Gastón Vidal,INSTITUTO DE FOMENTO PESQUERO,Moraleda,14,443608.6,740025.9,PH,7.416666666666667,18/12/2021 11:30:00,XI
107,ESTUDIO SEGUIMIENTO DESEMPEÑO AMBIENTAL ACUICULTURA EN CHILE Y SU EFECTO EN LOS ECOSISTEMAS DE EMPLAZAMIENTO 2021-2022,Objetivo 1. Actividad 2. Muestreos y Analisis sedimentos,Gastón Vidal,INSTITUTO DE FOMENTO PESQUERO,Moraleda,16,443308.8,740650.1,PH,7.29,18/12/2021 13:20:00,XI
108,ESTUDIO SEGUIMIENTO DESEMPEÑO AMBIENTAL ACUICULTURA EN CHILE Y SU EFECTO EN LOS ECOSISTEMAS DE EMPLAZAMIENTO 2021-2022,Objetivo 1. Actividad 2. Muestreos y Analisis sedimentos,Gastón Vidal,INSTITUTO DE FOMENTO PESQUERO,Moraleda,17,440830.9,733501.0,PH,7.713333333333334,19/12/2021 15:15:00,XI
109,ESTUDIO SEGUIMIENTO DESEMPEÑO AMBIENTAL ACUICULTURA EN CHILE Y SU EFECTO EN LOS ECOSISTEMAS DE EMPLAZAMIENTO 2021-2022,Objetivo 1. Actividad 2. Muestreos y Analisis sedimentos,Gastón Vidal,INSTITUTO DE FOMENTO PESQUERO,Moraleda,19,434430.9,730056.5,PH,7.463333333333334,20/11/2021 09:25:00,XI
110,ESTUDIO SEGUIMIENTO DESEMPEÑO AMBIENTAL ACUICULTURA EN CHILE Y SU EFECTO EN LOS ECOSISTEMAS DE EMPLAZAMIENTO 2021-2022,Objetivo 1. Actividad 2. Muestreos y Analisis sedimentos,Gastón Vidal,INSTITUTO DE FOMENTO PESQUERO,Moraleda,25,440204.1,731205.2,PH,7.726666666666667,02/12/2021 16:55:00,XI
111,ESTUDIO SEGUIMIENTO DESEMPEÑO AMBIENTAL ACUICULTURA EN CHILE Y SU EFECTO EN LOS ECOSISTEMAS DE EMPLAZAMIENTO 2021-2022,Objetivo 1. Actividad 2. Muestreos y Analisis sedimentos,Gastón Vidal,INSTITUTO DE FOMENTO PESQUERO,Moraleda,31,442248.0,730431.7,PH,7.513333333333333,03/12/2021 14:42:00,XI
112,ESTUDIO SEGUIMIENTO DESEMPEÑO AMBIENTAL ACUICULTURA EN CHILE Y SU EFECTO EN LOS ECOSISTEMAS DE EMPLAZAMIENTO 2021-2022,Objetivo 1. Actividad 2. Muestreos y Analisis sedimentos,Gastón Vidal,INSTITUTO DE FOMENTO PESQUERO,Moraleda,32,450149.0,732702.0,PH,7.796666666666667,05/12/2021 14:30:00,XI
113,ESTUDIO SEGUIMIENTO DESEMPEÑO AMBIENTAL ACUICULTURA EN CHILE Y SU EFECTO EN LOS ECOSISTEMAS DE EMPLAZAMIENTO 2021-2022,Objetivo 1. Actividad 2. Muestreos y Analisis sedimentos,Gastón Vidal,INSTITUTO DE FOMENTO PESQUERO,Puyuhuapi,5,443139.8,724117.0,PH,7.710000000000001,03/12/2021 18:25:00,XI
114,ESTUDIO SEGUIMIENTO DESEMPEÑO AMBIENTAL ACUICULTURA EN CHILE Y SU EFECTO EN LOS ECOSISTEMAS DE EMPLAZAMIENTO 2021-2022,Objetivo 1. Actividad 2. Muestreos y Analisis sedimentos,Gastón Vidal,INSTITUTO DE FOMENTO PESQUERO,Puyuhuapi,7,443955.1,725020.8,PH,7.486666666666667,04/12/2021 12:20:00,XI
115,ESTUDIO SEGUIMIENTO DESEMPEÑO AMBIENTAL ACUICULTURA EN CHILE Y SU EFECTO EN LOS ECOSISTEMAS DE EMPLAZAMIENTO 2021-2022,Objetivo 1. Actividad 2. Muestreos y Analisis sedimentos,Gastón Vidal,INSTITUTO DE FOMENTO PESQUERO,Puyuhuapi,8,444209.3,724807.1,PH,7.59,04/12/2021 15:15:00,XI
116,ESTUDIO SEGUIMIENTO DESEMPEÑO AMBIENTAL ACUICULTURA EN CHILE Y SU EFECTO EN LOS ECOSISTEMAS DE EMPLAZAMIENTO 2021-2022,Objetivo 1. Actividad 2. Muestreos y Analisis sedimentos,Gastón Vidal,INSTITUTO DE FOMENTO PESQUERO,Puyuhuapi,10,444937.8,725757.3,PH,7.68,04/12/2021 19:40:00,XI
117,ESTUDIO SEGUIMIENTO DESEMPEÑO AMBIENTAL ACUICULTURA EN CHILE Y SU EFECTO EN LOS ECOSISTEMAS DE EMPLAZAMIENTO 2021-2022,Objetivo 1. Actividad 2. Muestreos y Analisis sedimentos,Gastón Vidal,INSTITUTO DE FOMENTO PESQUERO,Puyuhuapi,12,445441.9,730811.9,PH,7.333333333333333,05/12/2021 08:50:00,XI
118,ESTUDIO SEGUIMIENTO DESEMPEÑO AMBIENTAL ACUICULTURA EN CHILE Y SU EFECTO EN LOS ECOSISTEMAS DE EMPLAZAMIENTO 2021-2022,Objetivo 1. Actividad 2. Muestreos y Analisis sedimentos,Gastón Vidal,INSTITUTO DE FOMENTO PESQUERO,Aysen,1,452639.7,730033.3,PH,7.510000000000001,15/12/2021 14:50:00,XI
119,ESTUDIO SEGUIMIENTO DESEMPEÑO AMBIENTAL ACUICULTURA EN CHILE Y SU EFECTO EN LOS ECOSISTEMAS DE EMPLAZAMIENTO 2021-2022,Objetivo 1. Actividad 2. Muestreos y Analisis sedimentos,Gastón Vidal,INSTITUTO DE FOMENTO PESQUERO,Aysen,3,451953.0,732236.0,PH,7.97,14/12/2021 18:40:00,XI
120,ESTUDIO SEGUIMIENTO DESEMPEÑO AMBIENTAL ACUICULTURA EN CHILE Y SU EFECTO EN LOS ECOSISTEMAS DE EMPLAZAMIENTO 2021-2022,Objetivo 1. Actividad 2. Muestreos y Analisis sedimentos,Gastón Vidal,INSTITUTO DE FOMENTO PESQUERO,Aysen,5,452421.9,733225.0,PH,7.493333333333333,06/12/2021 15:40:00,XI
121,ESTUDIO SEGUIMIENTO DESEMPEÑO AMBIENTAL ACUICULTURA EN CHILE Y SU EFECTO EN LOS ECOSISTEMAS DE EMPLAZAMIENTO 2021-2022,Objetivo 1. Actividad 2. Muestreos y Analisis sedimentos,Gastón Vidal,INSTITUTO DE FOMENTO PESQUERO,Aysen,6,453734.9,733550.9,PH,7.31,06/12/2021 19:40:00,XI
122,ESTUDIO SEGUIMIENTO DESEMPEÑO AMBIENTAL ACUICULTURA EN CHILE Y SU EFECTO EN LOS ECOSISTEMAS DE EMPLAZAMIENTO 2021-2022,Objetivo 1. Actividad 2. Muestreos y Analisis sedimentos,Gastón Vidal,INSTITUTO DE FOMENTO PESQUERO,Aysen,7,454508.5,733655.3,PH,7.413333333333334,07/12/2021 10:50:00,XI
123,ESTUDIO SEGUIMIENTO DESEMPEÑO AMBIENTAL ACUICULTURA EN CHILE Y SU EFECTO EN LOS ECOSISTEMAS DE EMPLAZAMIENTO 2021-2022,Objetivo 1. Actividad 2. Muestreos y Analisis sedimentos,Gastón Vidal,INSTITUTO DE FOMENTO PESQUERO,Aysen,10,455717.6,733619.7,PH,7.38,11/12/2021 10:50:00,XI
125,ESTUDIO SEGUIMIENTO DESEMPEÑO AMBIENTAL ACUICULTURA EN CHILE Y SU EFECTO EN LOS ECOSISTEMAS DE EMPLAZAMIENTO 2021-2022,Objetivo 1. Actividad 2. Muestreos y Analisis sedimentos,Gastón Vidal,INSTITUTO DE FOMENTO PESQUERO,Aysen,13,461329.4,734345.5,PH,7.226666666666667,12/12/2021 16:35:00,XI
126,ESTUDIO SEGUIMIENTO DESEMPEÑO AMBIENTAL ACUICULTURA EN CHILE Y SU EFECTO EN LOS ECOSISTEMAS DE EMPLAZAMIENTO 2021-2022,Objetivo 1. Actividad 2. Muestreos y Analisis sedimentos,Gastón Vidal,INSTITUTO DE FOMENTO PESQUERO,Aysen,18,460557.7,735202.9,PH,7.216666666666666,12/12/2021 17:35:00,XI
127,ESTUDIO SEGUIMIENTO DESEMPEÑO AMBIENTAL ACUICULTURA EN CHILE Y SU EFECTO EN LOS ECOSISTEMAS DE EMPLAZAMIENTO 2021-2022,Objetivo 1. Actividad 2. Muestreos y Analisis sedimentos,Gastón Vidal,INSTITUTO DE FOMENTO PESQUERO,Aysen,19,460107.9,735645.7,PH,7.323333333333333,13/12/2021 08:35:00,XI
128,ESTUDIO SEGUIMIENTO DESEMPEÑO AMBIENTAL ACUICULTURA EN CHILE Y SU EFECTO EN LOS ECOSISTEMAS DE EMPLAZAMIENTO 2021-2022,Objetivo 1. Actividad 2. Muestreos y Analisis sedimentos,Gastón Vidal,INSTITUTO DE FOMENTO PESQUERO,Aysen,24,454429.7,740423.3,PH,7.523333333333333,13/12/2021 10:30:00,XI
129,ESTUDIO SEGUIMIENTO DESEMPEÑO AMBIENTAL ACUICULTURA EN CHILE Y SU EFECTO EN LOS ECOSISTEMAS DE EMPLAZAMIENTO 2021-2022,Objetivo 1. Actividad 2. Muestreos y Analisis sedimentos,Gastón Vidal,INSTITUTO DE FOMENTO PESQUERO,Aysen,25,454137.5,741704.6,PH,7.609999999999999,13/12/2021 13:00:00,XI
130,ESTUDIO SEGUIMIENTO DESEMPEÑO AMBIENTAL ACUICULTURA EN CHILE Y SU EFECTO EN LOS ECOSISTEMAS DE EMPLAZAMIENTO 2021-2022,Objetivo 1. Actividad 2. Muestreos y Analisis sedimentos,Gastón Vidal,INSTITUTO DE FOMENTO PESQUERO,Aysen,28,453351.4,741310.2,PH,7.68,13/12/2021 15:00:00,XI
131,ESTUDIO SEGUIMIENTO DESEMPEÑO AMBIENTAL ACUICULTURA EN CHILE Y SU EFECTO EN LOS ECOSISTEMAS DE EMPLAZAMIENTO 2021-2022,Objetivo 1. Actividad 2. Muestreos y Analisis sedimentos,Gastón Vidal,INSTITUTO DE FOMENTO PESQUERO,Aysen,30,452356.0,741521.0,PH,7.696666666666666,13/12/2021 16:45:00,XI
132,ESTUDIO SEGUIMIENTO DESEMPEÑO AMBIENTAL ACUICULTURA EN CHILE Y SU EFECTO EN LOS ECOSISTEMAS DE EMPLAZAMIENTO 2021-2022,Objetivo 1. Actividad 2. Muestreos y Analisis sedimentos,Gastón Vidal,INSTITUTO DE FOMENTO PESQUERO,Aysen,34,451659.5,734350.5,PH,7.293333333333333,14/12/2021 13:52:00,XI
133,ESTUDIO SEGUIMIENTO DESEMPEÑO AMBIENTAL ACUICULTURA EN CHILE Y SU EFECTO EN LOS ECOSISTEMAS DE EMPLAZAMIENTO 2021-2022,Objetivo 1. Actividad 2. Muestreos y Analisis sedimentos,Gastón Vidal,INSTITUTO DE FOMENTO PESQUERO,Natales,2,513604.7,724301.6,PH,7.273333333333333,15/02/2022 08:15:00,XII
134,ESTUDIO SEGUIMIENTO DESEMPEÑO AMBIENTAL ACUICULTURA EN CHILE Y SU EFECTO EN LOS ECOSISTEMAS DE EMPLAZAMIENTO 2021-2022,Objetivo 1. Actividad 2. Muestreos y Analisis sedimentos,Gastón Vidal,INSTITUTO DE FOMENTO PESQUERO,Natales,3,514018.2,723753.1,PH,7.46,15/02/2022 09:18:00,XII
135,ESTUDIO SEGUIMIENTO DESEMPEÑO AMBIENTAL ACUICULTURA EN CHILE Y SU EFECTO EN LOS ECOSISTEMAS DE EMPLAZAMIENTO 2021-2022,Objetivo 1. Actividad 2. Muestreos y Analisis sedimentos,Gastón Vidal,INSTITUTO DE FOMENTO PESQUERO,Natales,5,514929.7,723739.8,PH,7.02,12/02/2022 21:13:00,XII
136,ESTUDIO SEGUIMIENTO DESEMPEÑO AMBIENTAL ACUICULTURA EN CHILE Y SU EFECTO EN LOS ECOSISTEMAS DE EMPLAZAMIENTO 2021-2022,Objetivo 1. Actividad 2. Muestreos y Analisis sedimentos,Gastón Vidal,INSTITUTO DE FOMENTO PESQUERO,Natales,9,514601.6,725405.0,PH,7.533333333333334,14/02/2022 17:05:00,XII
137,ESTUDIO SEGUIMIENTO DESEMPEÑO AMBIENTAL ACUICULTURA EN CHILE Y SU EFECTO EN LOS ECOSISTEMAS DE EMPLAZAMIENTO 2021-2022,Objetivo 1. Actividad 2. Muestreos y Analisis sedimentos,Gastón Vidal,INSTITUTO DE FOMENTO PESQUERO,Natales,10,520357.8,725602.0,PH,6.890000000000001,13/02/2022 12:50:00,XII
138,ESTUDIO SEGUIMIENTO DESEMPEÑO AMBIENTAL ACUICULTURA EN CHILE Y SU EFECTO EN LOS ECOSISTEMAS DE EMPLAZAMIENTO 2021-2022,Objetivo 1. Actividad 2. Muestreos y Analisis sedimentos,Gastón Vidal,INSTITUTO DE FOMENTO PESQUERO,Natales,11,521159.7,725703.6,PH,7.656666666666666,13/02/2022 16:10:00,XII
139,ESTUDIO SEGUIMIENTO DESEMPEÑO AMBIENTAL ACUICULTURA EN CHILE Y SU EFECTO EN LOS ECOSISTEMAS DE EMPLAZAMIENTO 2021-2022,Objetivo 1. Actividad 2. Muestreos y Analisis sedimentos,Gastón Vidal,INSTITUTO DE FOMENTO PESQUERO,Natales,13,521310.4,725226.1,PH,7.06,13/02/2022 17:42:00,XII
140,ESTUDIO SEGUIMIENTO DESEMPEÑO AMBIENTAL ACUICULTURA EN CHILE Y SU EFECTO EN LOS ECOSISTEMAS DE EMPLAZAMIENTO 2021-2022,Objetivo 1. Actividad 2. Muestreos y Analisis sedimentos,Gastón Vidal,INSTITUTO DE FOMENTO PESQUERO,Natales,14,520439.3,723937.6,PH,7.22,12/02/2022 23:55:00,XII
1,ESTUDIO SEGUIMIENTO DESEMPEÑO AMBIENTAL ACUICULTURA EN CHILE Y SU EFECTO EN LOS ECOSISTEMAS DE EMPLAZAMIENTO 2021-2022,Objetivo 1. Actividad 2. Muestreos y Analisis sedimentos,Gastón Vidal,INSTITUTO DE FOMENTO PESQUERO,Estuario,1,412614.9,721747.9,TEMPERATURA,12.5,15/11/2021 15:30:00,X
2,ESTUDIO SEGUIMIENTO DESEMPEÑO AMBIENTAL ACUICULTURA EN CHILE Y SU EFECTO EN LOS ECOSISTEMAS DE EMPLAZAMIENTO 2021-2022,Objetivo 1. Actividad 2. Muestreos y Analisis sedimentos,Gastón Vidal,INSTITUTO DE FOMENTO PESQUERO,Estuario,2,412807.3,721843.5,TEMPERATURA,12.433333333333332,15/11/2021 14:50:00,X
3,ESTUDIO SEGUIMIENTO DESEMPEÑO AMBIENTAL ACUICULTURA EN CHILE Y SU EFECTO EN LOS ECOSISTEMAS DE EMPLAZAMIENTO 2021-2022,Objetivo 1. Actividad 2. Muestreos y Analisis sedimentos,Gastón Vidal,INSTITUTO DE FOMENTO PESQUERO,Estuario,3,412945.4,721845.5,TEMPERATURA,12.533333333333333,15/11/2021 14:10:00,X
4,ESTUDIO SEGUIMIENTO DESEMPEÑO AMBIENTAL ACUICULTURA EN CHILE Y SU EFECTO EN LOS ECOSISTEMAS DE EMPLAZAMIENTO 2021-2022,Objetivo 1. Actividad 2. Muestreos y Analisis sedimentos,Gastón Vidal,INSTITUTO DE FOMENTO PESQUERO,Estuario,5,413039.3,721721.1,TEMPERATURA,14.233333333333334,15/11/2021 13:45:00,X
5,ESTUDIO SEGUIMIENTO DESEMPEÑO AMBIENTAL ACUICULTURA EN CHILE Y SU EFECTO EN LOS ECOSISTEMAS DE EMPLAZAMIENTO 2021-2022,Objetivo 1. Actividad 2. Muestreos y Analisis sedimentos,Gastón Vidal,INSTITUTO DE FOMENTO PESQUERO,Estuario,6,413132.6,722021.4,TEMPERATURA,11.833333333333334,15/11/2021 11:25:00,X
6,ESTUDIO SEGUIMIENTO DESEMPEÑO AMBIENTAL ACUICULTURA EN CHILE Y SU EFECTO EN LOS ECOSISTEMAS DE EMPLAZAMIENTO 2021-2022,Objetivo 1. Actividad 2. Muestreos y Analisis sedimentos,Gastón Vidal,INSTITUTO DE FOMENTO PESQUERO,Estuario,7,413157.8,721802.6,TEMPERATURA,12.566666666666668,15/11/2021 12:05:00,X
7,ESTUDIO SEGUIMIENTO DESEMPEÑO AMBIENTAL ACUICULTURA EN CHILE Y SU EFECTO EN LOS ECOSISTEMAS DE EMPLAZAMIENTO 2021-2022,Objetivo 1. Actividad 2. Muestreos y Analisis sedimentos,Gastón Vidal,INSTITUTO DE FOMENTO PESQUERO,Estuario,8,413533.0,722110.7,TEMPERATURA,11.433333333333332,15/11/2021 10:40:00,X
8,ESTUDIO SEGUIMIENTO DESEMPEÑO AMBIENTAL ACUICULTURA EN CHILE Y SU EFECTO EN LOS ECOSISTEMAS DE EMPLAZAMIENTO 2021-2022,Objetivo 1. Actividad 2. Muestreos y Analisis sedimentos,Gastón Vidal,INSTITUTO DE FOMENTO PESQUERO,Estuario,12,413938.3,722058.9,TEMPERATURA,11.666666666666666,15/11/2021 09:55:00,X
9,ESTUDIO SEGUIMIENTO DESEMPEÑO AMBIENTAL ACUICULTURA EN CHILE Y SU EFECTO EN LOS ECOSISTEMAS DE EMPLAZAMIENTO 2021-2022,Objetivo 1. Actividad 2. Muestreos y Analisis sedimentos,Gastón Vidal,INSTITUTO DE FOMENTO PESQUERO,Estuario,17,414052.7,722801.1,TEMPERATURA,13.233333333333333,15/11/2021 09:00:00,X
10,ESTUDIO SEGUIMIENTO DESEMPEÑO AMBIENTAL ACUICULTURA EN CHILE Y SU EFECTO EN LOS ECOSISTEMAS DE EMPLAZAMIENTO 2021-2022,Objetivo 1. Actividad 2. Muestreos y Analisis sedimentos,Gastón Vidal,INSTITUTO DE FOMENTO PESQUERO,Estuario,21,414330.8,723048.5,TEMPERATURA,12.266666666666666,15/11/2021 08:20:00,X
11,ESTUDIO SEGUIMIENTO DESEMPEÑO AMBIENTAL ACUICULTURA EN CHILE Y SU EFECTO EN LOS ECOSISTEMAS DE EMPLAZAMIENTO 2021-2022,Objetivo 1. Actividad 2. Muestreos y Analisis sedimentos,Gastón Vidal,INSTITUTO DE FOMENTO PESQUERO,Reloncavi,3,415420.9,725230.7,TEMPERATURA,13.5,01/11/2021 15:15:00,X
12,ESTUDIO SEGUIMIENTO DESEMPEÑO AMBIENTAL ACUICULTURA EN CHILE Y SU EFECTO EN LOS ECOSISTEMAS DE EMPLAZAMIENTO 2021-2022,Objetivo 1. Actividad 2. Muestreos y Analisis sedimentos,Gastón Vidal,INSTITUTO DE FOMENTO PESQUERO,Reloncavi,4,415223.0,725351.4,TEMPERATURA,12.700000000000001,01/11/2021 16:08:00,X
13,ESTUDIO SEGUIMIENTO DESEMPEÑO AMBIENTAL ACUICULTURA EN CHILE Y SU EFECTO EN LOS ECOSISTEMAS DE EMPLAZAMIENTO 2021-2022,Objetivo 1. Actividad 2. Muestreos y Analisis sedimentos,Gastón Vidal,INSTITUTO DE FOMENTO PESQUERO,Reloncavi,5,415307.1,725602.6,TEMPERATURA,12.466666666666669,01/11/2021 20:00:00,X
14,ESTUDIO SEGUIMIENTO DESEMPEÑO AMBIENTAL ACUICULTURA EN CHILE Y SU EFECTO EN LOS ECOSISTEMAS DE EMPLAZAMIENTO 2021-2022,Objetivo 1. Actividad 2. Muestreos y Analisis sedimentos,Gastón Vidal,INSTITUTO DE FOMENTO PESQUERO,Reloncavi,7,414413.7,730243.4,TEMPERATURA,12.333333333333334,04/11/2021 15:20:00,X
15,ESTUDIO SEGUIMIENTO DESEMPEÑO AMBIENTAL ACUICULTURA EN CHILE Y SU EFECTO EN LOS ECOSISTEMAS DE EMPLAZAMIENTO 2021-2022,Objetivo 1. Actividad 2. Muestreos y Analisis sedimentos,Gastón Vidal,INSTITUTO DE FOMENTO PESQUERO,Reloncavi,13,412948.4,725730.9,TEMPERATURA,12.666666666666666,04/11/2021 17:00:00,X
16,ESTUDIO SEGUIMIENTO DESEMPEÑO AMBIENTAL ACUICULTURA EN CHILE Y SU EFECTO EN LOS ECOSISTEMAS DE EMPLAZAMIENTO 2021-2022,Objetivo 1. Actividad 2. Muestreos y Analisis sedimentos,Gastón Vidal,INSTITUTO DE FOMENTO PESQUERO,Reloncavi,15,413105.3,724724.2,TEMPERATURA,13.666666666666666,13/11/2021 12:00:00,X
17,ESTUDIO SEGUIMIENTO DESEMPEÑO AMBIENTAL ACUICULTURA EN CHILE Y SU EFECTO EN LOS ECOSISTEMAS DE EMPLAZAMIENTO 2021-2022,Objetivo 1. Actividad 2. Muestreos y Analisis sedimentos,Gastón Vidal,INSTITUTO DE FOMENTO PESQUERO,Reloncavi,17,413450.6,724336.9,TEMPERATURA,12.533333333333333,13/11/2021 14:30:00,X
18,ESTUDIO SEGUIMIENTO DESEMPEÑO AMBIENTAL ACUICULTURA EN CHILE Y SU EFECTO EN LOS ECOSISTEMAS DE EMPLAZAMIENTO 2021-2022,Objetivo 1. Actividad 2. Muestreos y Analisis sedimentos,Gastón Vidal,INSTITUTO DE FOMENTO PESQUERO,Reloncavi,19,413707.8,724152.2,TEMPERATURA,12.533333333333331,13/11/2021 13:10:00,X
19,ESTUDIO SEGUIMIENTO DESEMPEÑO AMBIENTAL ACUICULTURA EN CHILE Y SU EFECTO EN LOS ECOSISTEMAS DE EMPLAZAMIENTO 2021-2022,Objetivo 1. Actividad 2. Muestreos y Analisis sedimentos,Gastón Vidal,INSTITUTO DE FOMENTO PESQUERO,Reloncavi,21,413751.5,724023.2,TEMPERATURA,12.166666666666666,13/11/2021 13:44:00,X
20,ESTUDIO SEGUIMIENTO DESEMPEÑO AMBIENTAL ACUICULTURA EN CHILE Y SU EFECTO EN LOS ECOSISTEMAS DE EMPLAZAMIENTO 2021-2022,Objetivo 1. Actividad 2. Muestreos y Analisis sedimentos,Gastón Vidal,INSTITUTO DE FOMENTO PESQUERO,Reloncavi,25,414943.9,724718.2,TEMPERATURA,12.6,16/11/2021 17:55:00,X
21,ESTUDIO SEGUIMIENTO DESEMPEÑO AMBIENTAL ACUICULTURA EN CHILE Y SU EFECTO EN LOS ECOSISTEMAS DE EMPLAZAMIENTO 2021-2022,Objetivo 1. Actividad 2. Muestreos y Analisis sedimentos,Gastón Vidal,INSTITUTO DE FOMENTO PESQUERO,Calbuco,1,414442.2,730610.3,TEMPERATURA,12.033333333333333,04/11/2021 13:30:00,X
22,ESTUDIO SEGUIMIENTO DESEMPEÑO AMBIENTAL ACUICULTURA EN CHILE Y SU EFECTO EN LOS ECOSISTEMAS DE EMPLAZAMIENTO 2021-2022,Objetivo 1. Actividad 2. Muestreos y Analisis sedimentos,Gastón Vidal,INSTITUTO DE FOMENTO PESQUERO,Calbuco,2,414630.1,730505.2,TEMPERATURA,12.666666666666666,04/11/2021 10:50:00,X
23,ESTUDIO SEGUIMIENTO DESEMPEÑO AMBIENTAL ACUICULTURA EN CHILE Y SU EFECTO EN LOS ECOSISTEMAS DE EMPLAZAMIENTO 2021-2022,Objetivo 1. Actividad 2. Muestreos y Analisis sedimentos,Gastón Vidal,INSTITUTO DE FOMENTO PESQUERO,Calbuco,8,414314.7,730933.2,TEMPERATURA,12.566666666666668,04/11/2021 11:49:00,X
24,ESTUDIO SEGUIMIENTO DESEMPEÑO AMBIENTAL ACUICULTURA EN CHILE Y SU EFECTO EN LOS ECOSISTEMAS DE EMPLAZAMIENTO 2021-2022,Objetivo 1. Actividad 2. Muestreos y Analisis sedimentos,Gastón Vidal,INSTITUTO DE FOMENTO PESQUERO,Calbuco,16,414822.6,731018.3,TEMPERATURA,12.266666666666666,04/11/2021 10:00:00,X
25,ESTUDIO SEGUIMIENTO DESEMPEÑO AMBIENTAL ACUICULTURA EN CHILE Y SU EFECTO EN LOS ECOSISTEMAS DE EMPLAZAMIENTO 2021-2022,Objetivo 1. Actividad 2. Muestreos y Analisis sedimentos,Gastón Vidal,INSTITUTO DE FOMENTO PESQUERO,Calbuco,22,414705.8,730505.2,TEMPERATURA,12.666666666666666,04/11/2021 10:42:00,X
26,ESTUDIO SEGUIMIENTO DESEMPEÑO AMBIENTAL ACUICULTURA EN CHILE Y SU EFECTO EN LOS ECOSISTEMAS DE EMPLAZAMIENTO 2021-2022,Objetivo 1. Actividad 2. Muestreos y Analisis sedimentos,Gastón Vidal,INSTITUTO DE FOMENTO PESQUERO,Calbuco,26,415016.4,730447.2,TEMPERATURA,12.633333333333335,02/11/2021 08:15:00,X
27,ESTUDIO SEGUIMIENTO DESEMPEÑO AMBIENTAL ACUICULTURA EN CHILE Y SU EFECTO EN LOS ECOSISTEMAS DE EMPLAZAMIENTO 2021-2022,Objetivo 1. Actividad 2. Muestreos y Analisis sedimentos,Gastón Vidal,INSTITUTO DE FOMENTO PESQUERO,Calbuco,27,414959.8,730629.1,TEMPERATURA,12.433333333333332,02/11/2021 08:50:00,X
28,ESTUDIO SEGUIMIENTO DESEMPEÑO AMBIENTAL ACUICULTURA EN CHILE Y SU EFECTO EN LOS ECOSISTEMAS DE EMPLAZAMIENTO 2021-2022,Objetivo 1. Actividad 2. Muestreos y Analisis sedimentos,Gastón Vidal,INSTITUTO DE FOMENTO PESQUERO,Calbuco,30,415019.0,730822.5,TEMPERATURA,12,02/11/2021 09:10:00,X
29,ESTUDIO SEGUIMIENTO DESEMPEÑO AMBIENTAL ACUICULTURA EN CHILE Y SU EFECTO EN LOS ECOSISTEMAS DE EMPLAZAMIENTO 2021-2022,Objetivo 1. Actividad 2. Muestreos y Analisis sedimentos,Gastón Vidal,INSTITUTO DE FOMENTO PESQUERO,Chacao,2,415659.3,733134.3,TEMPERATURA,12.800000000000002,02/11/2021 13:15:00,X
30,ESTUDIO SEGUIMIENTO DESEMPEÑO AMBIENTAL ACUICULTURA EN CHILE Y SU EFECTO EN LOS ECOSISTEMAS DE EMPLAZAMIENTO 2021-2022,Objetivo 1. Actividad 2. Muestreos y Analisis sedimentos,Gastón Vidal,INSTITUTO DE FOMENTO PESQUERO,Chacao,6,415415.1,732906.8,TEMPERATURA,12.366666666666667,02/11/2021 12:45:00,X
31,ESTUDIO SEGUIMIENTO DESEMPEÑO AMBIENTAL ACUICULTURA EN CHILE Y SU EFECTO EN LOS ECOSISTEMAS DE EMPLAZAMIENTO 2021-2022,Objetivo 1. Actividad 2. Muestreos y Analisis sedimentos,Gastón Vidal,INSTITUTO DE FOMENTO PESQUERO,Chacao,12,415217.3,733107.9,TEMPERATURA,12.5,02/11/2021 11:55:00,X
32,ESTUDIO SEGUIMIENTO DESEMPEÑO AMBIENTAL ACUICULTURA EN CHILE Y SU EFECTO EN LOS ECOSISTEMAS DE EMPLAZAMIENTO 2021-2022,Objetivo 1. Actividad 2. Muestreos y Analisis sedimentos,Gastón Vidal,INSTITUTO DE FOMENTO PESQUERO,Chacao,14,415115.7,732851.2,TEMPERATURA,13.233333333333334,02/11/2021 11:25:00,X
33,ESTUDIO SEGUIMIENTO DESEMPEÑO AMBIENTAL ACUICULTURA EN CHILE Y SU EFECTO EN LOS ECOSISTEMAS DE EMPLAZAMIENTO 2021-2022,Objetivo 1. Actividad 2. Muestreos y Analisis sedimentos,Gastón Vidal,INSTITUTO DE FOMENTO PESQUERO,Butachauques,1,421917.6,731519.1,TEMPERATURA,11.833333333333334,22/10/2021 17:50:00,X
34,ESTUDIO SEGUIMIENTO DESEMPEÑO AMBIENTAL ACUICULTURA EN CHILE Y SU EFECTO EN LOS ECOSISTEMAS DE EMPLAZAMIENTO 2021-2022,Objetivo 1. Actividad 2. Muestreos y Analisis sedimentos,Gastón Vidal,INSTITUTO DE FOMENTO PESQUERO,Butachauques,3,421702.6,731506.7,TEMPERATURA,11.5,25/10/2021 08:25:00,X
36,ESTUDIO SEGUIMIENTO DESEMPEÑO AMBIENTAL ACUICULTURA EN CHILE Y SU EFECTO EN LOS ECOSISTEMAS DE EMPLAZAMIENTO 2021-2022,Objetivo 1. Actividad 2. Muestreos y Analisis sedimentos,Gastón Vidal,INSTITUTO DE FOMENTO PESQUERO,Butachauques,10,421645.3,732049.7,TEMPERATURA,11.033333333333333,25/10/2021 09:10:00,X
37,ESTUDIO SEGUIMIENTO DESEMPEÑO AMBIENTAL ACUICULTURA EN CHILE Y SU EFECTO EN LOS ECOSISTEMAS DE EMPLAZAMIENTO 2021-2022,Objetivo 1. Actividad 2. Muestreos y Analisis sedimentos,Gastón Vidal,INSTITUTO DE FOMENTO PESQUERO,Butachauques,12,421224.4,732358.0,TEMPERATURA,12.200000000000001,02/11/2021 16:50:00,X
38,ESTUDIO SEGUIMIENTO DESEMPEÑO AMBIENTAL ACUICULTURA EN CHILE Y SU EFECTO EN LOS ECOSISTEMAS DE EMPLAZAMIENTO 2021-2022,Objetivo 1. Actividad 2. Muestreos y Analisis sedimentos,Gastón Vidal,INSTITUTO DE FOMENTO PESQUERO,Butachauques,13,421021.7,732609.5,TEMPERATURA,12.666666666666666,02/11/2021 15:30:00,X
39,ESTUDIO SEGUIMIENTO DESEMPEÑO AMBIENTAL ACUICULTURA EN CHILE Y SU EFECTO EN LOS ECOSISTEMAS DE EMPLAZAMIENTO 2021-2022,Objetivo 1. Actividad 2. Muestreos y Analisis sedimentos,Gastón Vidal,INSTITUTO DE FOMENTO PESQUERO,Butachauques,14,420929.5,732804.6,TEMPERATURA,12.566666666666668,02/11/2021 15:00:00,X
40,ESTUDIO SEGUIMIENTO DESEMPEÑO AMBIENTAL ACUICULTURA EN CHILE Y SU EFECTO EN LOS ECOSISTEMAS DE EMPLAZAMIENTO 2021-2022,Objetivo 1. Actividad 2. Muestreos y Analisis sedimentos,Gastón Vidal,INSTITUTO DE FOMENTO PESQUERO,Chaulinec,3,423622.9,731526.5,TEMPERATURA,12.200000000000001,25/10/2021 13:30:00,X
41,ESTUDIO SEGUIMIENTO DESEMPEÑO AMBIENTAL ACUICULTURA EN CHILE Y SU EFECTO EN LOS ECOSISTEMAS DE EMPLAZAMIENTO 2021-2022,Objetivo 1. Actividad 2. Muestreos y Analisis sedimentos,Gastón Vidal,INSTITUTO DE FOMENTO PESQUERO,Chaulinec,4,423422.1,731353.2,TEMPERATURA,11.9,25/10/2021 13:15:00,X
42,ESTUDIO SEGUIMIENTO DESEMPEÑO AMBIENTAL ACUICULTURA EN CHILE Y SU EFECTO EN LOS ECOSISTEMAS DE EMPLAZAMIENTO 2021-2022,Objetivo 1. Actividad 2. Muestreos y Analisis sedimentos,Gastón Vidal,INSTITUTO DE FOMENTO PESQUERO,Chaulinec,7,422803.3,732256.7,TEMPERATURA,11.166666666666666,23/10/2021 15:56:00,X
43,ESTUDIO SEGUIMIENTO DESEMPEÑO AMBIENTAL ACUICULTURA EN CHILE Y SU EFECTO EN LOS ECOSISTEMAS DE EMPLAZAMIENTO 2021-2022,Objetivo 1. Actividad 2. Muestreos y Analisis sedimentos,Gastón Vidal,INSTITUTO DE FOMENTO PESQUERO,Chaulinec,10,422429.1,731921.4,TEMPERATURA,10.966666666666667,23/10/2021 16:50:00,X
44,ESTUDIO SEGUIMIENTO DESEMPEÑO AMBIENTAL ACUICULTURA EN CHILE Y SU EFECTO EN LOS ECOSISTEMAS DE EMPLAZAMIENTO 2021-2022,Objetivo 1. Actividad 2. Muestreos y Analisis sedimentos,Gastón Vidal,INSTITUTO DE FOMENTO PESQUERO,Chaulinec,13,422634.7,733044.2,TEMPERATURA,11.233333333333334,23/10/2021 15:25:00,X
45,ESTUDIO SEGUIMIENTO DESEMPEÑO AMBIENTAL ACUICULTURA EN CHILE Y SU EFECTO EN LOS ECOSISTEMAS DE EMPLAZAMIENTO 2021-2022,Objetivo 1. Actividad 2. Muestreos y Analisis sedimentos,Gastón Vidal,INSTITUTO DE FOMENTO PESQUERO,Tenaun,2,422246.5,733559.1,TEMPERATURA,11.4,23/10/2021 11:00:00,X
46,ESTUDIO SEGUIMIENTO DESEMPEÑO AMBIENTAL ACUICULTURA EN CHILE Y SU EFECTO EN LOS ECOSISTEMAS DE EMPLAZAMIENTO 2021-2022,Objetivo 1. Actividad 2. Muestreos y Analisis sedimentos,Gastón Vidal,INSTITUTO DE FOMENTO PESQUERO,Tenaun,3,422307.4,733744.8,TEMPERATURA,11.033333333333333,23/10/2021 00:00:00,X
47,ESTUDIO SEGUIMIENTO DESEMPEÑO AMBIENTAL ACUICULTURA EN CHILE Y SU EFECTO EN LOS ECOSISTEMAS DE EMPLAZAMIENTO 2021-2022,Objetivo 1. Actividad 2. Muestreos y Analisis sedimentos,Gastón Vidal,INSTITUTO DE FOMENTO PESQUERO,Tenaun,6,422215.1,733731.1,TEMPERATURA,11.299999999999999,23/10/2021 10:15:00,X
48,ESTUDIO SEGUIMIENTO DESEMPEÑO AMBIENTAL ACUICULTURA EN CHILE Y SU EFECTO EN LOS ECOSISTEMAS DE EMPLAZAMIENTO 2021-2022,Objetivo 1. Actividad 2. Muestreos y Analisis sedimentos,Gastón Vidal,INSTITUTO DE FOMENTO PESQUERO,Tenaun,9,422139.1,733441.7,TEMPERATURA,11.766666666666666,23/10/2021 12:25:00,X
49,ESTUDIO SEGUIMIENTO DESEMPEÑO AMBIENTAL ACUICULTURA EN CHILE Y SU EFECTO EN LOS ECOSISTEMAS DE EMPLAZAMIENTO 2021-2022,Objetivo 1. Actividad 2. Muestreos y Analisis sedimentos,Gastón Vidal,INSTITUTO DE FOMENTO PESQUERO,Tenaun,14,422026.0,733200.9,TEMPERATURA,12.6,23/10/2021 13:40:00,X
50,ESTUDIO SEGUIMIENTO DESEMPEÑO AMBIENTAL ACUICULTURA EN CHILE Y SU EFECTO EN LOS ECOSISTEMAS DE EMPLAZAMIENTO 2021-2022,Objetivo 1. Actividad 2. Muestreos y Analisis sedimentos,Gastón Vidal,INSTITUTO DE FOMENTO PESQUERO,Chiloe central,1,423046.9,734515.6,TEMPERATURA,11.300000000000002,26/10/2021 10:05:00,X
51,ESTUDIO SEGUIMIENTO DESEMPEÑO AMBIENTAL ACUICULTURA EN CHILE Y SU EFECTO EN LOS ECOSISTEMAS DE EMPLAZAMIENTO 2021-2022,Objetivo 1. Actividad 2. Muestreos y Analisis sedimentos,Gastón Vidal,INSTITUTO DE FOMENTO PESQUERO,Chiloe central,4,423259.2,734015.8,TEMPERATURA,11.766666666666666,26/10/2021 08:20:00,X
52,ESTUDIO SEGUIMIENTO DESEMPEÑO AMBIENTAL ACUICULTURA EN CHILE Y SU EFECTO EN LOS ECOSISTEMAS DE EMPLAZAMIENTO 2021-2022,Objetivo 1. Actividad 2. Muestreos y Analisis sedimentos,Gastón Vidal,INSTITUTO DE FOMENTO PESQUERO,Chiloe central,6,423209.3,733613.2,TEMPERATURA,11.833333333333334,25/10/2021 18:33:00,X
53,ESTUDIO SEGUIMIENTO DESEMPEÑO AMBIENTAL ACUICULTURA EN CHILE Y SU EFECTO EN LOS ECOSISTEMAS DE EMPLAZAMIENTO 2021-2022,Objetivo 1. Actividad 2. Muestreos y Analisis sedimentos,Gastón Vidal,INSTITUTO DE FOMENTO PESQUERO,Chiloe central,7,423029.3,733611.3,TEMPERATURA,11.666666666666666,25/10/2021 17:48:00,X
54,ESTUDIO SEGUIMIENTO DESEMPEÑO AMBIENTAL ACUICULTURA EN CHILE Y SU EFECTO EN LOS ECOSISTEMAS DE EMPLAZAMIENTO 2021-2022,Objetivo 1. Actividad 2. Muestreos y Analisis sedimentos,Gastón Vidal,INSTITUTO DE FOMENTO PESQUERO,Chiloe central,11,422833.3,733241.1,TEMPERATURA,12.366666666666665,25/10/2021 16:40:00,X
55,ESTUDIO SEGUIMIENTO DESEMPEÑO AMBIENTAL ACUICULTURA EN CHILE Y SU EFECTO EN LOS ECOSISTEMAS DE EMPLAZAMIENTO 2021-2022,Objetivo 1. Actividad 2. Muestreos y Analisis sedimentos,Gastón Vidal,INSTITUTO DE FOMENTO PESQUERO,Chiloe central,12,423059.3,732821.5,TEMPERATURA,11.933333333333332,25/10/2021 16:05:00,X
56,ESTUDIO SEGUIMIENTO DESEMPEÑO AMBIENTAL ACUICULTURA EN CHILE Y SU EFECTO EN LOS ECOSISTEMAS DE EMPLAZAMIENTO 2021-2022,Objetivo 1. Actividad 2. Muestreos y Analisis sedimentos,Gastón Vidal,INSTITUTO DE FOMENTO PESQUERO,Chiloe central,16,424213.5,733738.2,TEMPERATURA,11.799999999999999,26/10/2021 11:40:00,X
57,ESTUDIO SEGUIMIENTO DESEMPEÑO AMBIENTAL ACUICULTURA EN CHILE Y SU EFECTO EN LOS ECOSISTEMAS DE EMPLAZAMIENTO 2021-2022,Objetivo 1. Actividad 2. Muestreos y Analisis sedimentos,Gastón Vidal,INSTITUTO DE FOMENTO PESQUERO,Chiloe central,26,423654.6,732710.2,TEMPERATURA,12.566666666666668,25/10/2021 15:00:00,X
58,ESTUDIO SEGUIMIENTO DESEMPEÑO AMBIENTAL ACUICULTURA EN CHILE Y SU EFECTO EN LOS ECOSISTEMAS DE EMPLAZAMIENTO 2021-2022,Objetivo 1. Actividad 2. Muestreos y Analisis sedimentos,Gastón Vidal,INSTITUTO DE FOMENTO PESQUERO,Desertores,1,424703.0,725635.9,TEMPERATURA,11.633333333333333,30/10/2021 08:05:00,X
59,ESTUDIO SEGUIMIENTO DESEMPEÑO AMBIENTAL ACUICULTURA EN CHILE Y SU EFECTO EN LOS ECOSISTEMAS DE EMPLAZAMIENTO 2021-2022,Objetivo 1. Actividad 2. Muestreos y Analisis sedimentos,Gastón Vidal,INSTITUTO DE FOMENTO PESQUERO,Desertores,2,424756.1,725723.7,TEMPERATURA,11.766666666666666,30/10/2021 09:00:00,X
60,ESTUDIO SEGUIMIENTO DESEMPEÑO AMBIENTAL ACUICULTURA EN CHILE Y SU EFECTO EN LOS ECOSISTEMAS DE EMPLAZAMIENTO 2021-2022,Objetivo 1. Actividad 2. Muestreos y Analisis sedimentos,Gastón Vidal,INSTITUTO DE FOMENTO PESQUERO,Desertores,3,424536.0,725951.7,TEMPERATURA,12.4,30/10/2021 09:50:00,X
61,ESTUDIO SEGUIMIENTO DESEMPEÑO AMBIENTAL ACUICULTURA EN CHILE Y SU EFECTO EN LOS ECOSISTEMAS DE EMPLAZAMIENTO 2021-2022,Objetivo 1. Actividad 2. Muestreos y Analisis sedimentos,Gastón Vidal,INSTITUTO DE FOMENTO PESQUERO,Desertores,6,424206.5,730534.1,TEMPERATURA,11.799999999999999,30/10/2021 10:55:00,X
62,ESTUDIO SEGUIMIENTO DESEMPEÑO AMBIENTAL ACUICULTURA EN CHILE Y SU EFECTO EN LOS ECOSISTEMAS DE EMPLAZAMIENTO 2021-2022,Objetivo 1. Actividad 2. Muestreos y Analisis sedimentos,Gastón Vidal,INSTITUTO DE FOMENTO PESQUERO,Quellon,6,431143.2,733811.2,TEMPERATURA,11.700000000000001,27/10/2021 15:10:00,X
63,ESTUDIO SEGUIMIENTO DESEMPEÑO AMBIENTAL ACUICULTURA EN CHILE Y SU EFECTO EN LOS ECOSISTEMAS DE EMPLAZAMIENTO 2021-2022,Objetivo 1. Actividad 2. Muestreos y Analisis sedimentos,Gastón Vidal,INSTITUTO DE FOMENTO PESQUERO,Quellon,8,430739.5,734328.6,TEMPERATURA,11.966666666666669,27/10/2021 16:35:00,X
64,ESTUDIO SEGUIMIENTO DESEMPEÑO AMBIENTAL ACUICULTURA EN CHILE Y SU EFECTO EN LOS ECOSISTEMAS DE EMPLAZAMIENTO 2021-2022,Objetivo 1. Actividad 2. Muestreos y Analisis sedimentos,Gastón Vidal,INSTITUTO DE FOMENTO PESQUERO,Quellon,11,430832.2,734013.7,TEMPERATURA,11.6,27/10/2021 17:00:00,X
65,ESTUDIO SEGUIMIENTO DESEMPEÑO AMBIENTAL ACUICULTURA EN CHILE Y SU EFECTO EN LOS ECOSISTEMAS DE EMPLAZAMIENTO 2021-2022,Objetivo 1. Actividad 2. Muestreos y Analisis sedimentos,Gastón Vidal,INSTITUTO DE FOMENTO PESQUERO,Quellon,12,431133.5,733423.8,TEMPERATURA,11.700000000000001,27/10/2021 14:09:00,X
66,ESTUDIO SEGUIMIENTO DESEMPEÑO AMBIENTAL ACUICULTURA EN CHILE Y SU EFECTO EN LOS ECOSISTEMAS DE EMPLAZAMIENTO 2021-2022,Objetivo 1. Actividad 2. Muestreos y Analisis sedimentos,Gastón Vidal,INSTITUTO DE FOMENTO PESQUERO,Quellon,13,430826.2,733310.7,TEMPERATURA,11.933333333333332,27/10/2021 13:15:00,X
67,ESTUDIO SEGUIMIENTO DESEMPEÑO AMBIENTAL ACUICULTURA EN CHILE Y SU EFECTO EN LOS ECOSISTEMAS DE EMPLAZAMIENTO 2021-2022,Objetivo 1. Actividad 2. Muestreos y Analisis sedimentos,Gastón Vidal,INSTITUTO DE FOMENTO PESQUERO,Quellon,19,430307.5,732746.7,TEMPERATURA,11.133333333333333,27/10/2021 10:45:00,X
68,ESTUDIO SEGUIMIENTO DESEMPEÑO AMBIENTAL ACUICULTURA EN CHILE Y SU EFECTO EN LOS ECOSISTEMAS DE EMPLAZAMIENTO 2021-2022,Objetivo 1. Actividad 2. Muestreos y Analisis sedimentos,Gastón Vidal,INSTITUTO DE FOMENTO PESQUERO,Quellon,21,430206.1,733133.1,TEMPERATURA,10.833333333333334,27/10/2021 10:20:00,X
69,ESTUDIO SEGUIMIENTO DESEMPEÑO AMBIENTAL ACUICULTURA EN CHILE Y SU EFECTO EN LOS ECOSISTEMAS DE EMPLAZAMIENTO 2021-2022,Objetivo 1. Actividad 2. Muestreos y Analisis sedimentos,Gastón Vidal,INSTITUTO DE FOMENTO PESQUERO,Quellon,22,425921.8,732805.5,TEMPERATURA,11,27/10/2021 09:00:00,X
70,ESTUDIO SEGUIMIENTO DESEMPEÑO AMBIENTAL ACUICULTURA EN CHILE Y SU EFECTO EN LOS ECOSISTEMAS DE EMPLAZAMIENTO 2021-2022,Objetivo 1. Actividad 2. Muestreos y Analisis sedimentos,Gastón Vidal,INSTITUTO DE FOMENTO PESQUERO,Quellon,26,425621.2,733649.9,TEMPERATURA,12.066666666666668,27/10/2021 08:00:00,X
71,ESTUDIO SEGUIMIENTO DESEMPEÑO AMBIENTAL ACUICULTURA EN CHILE Y SU EFECTO EN LOS ECOSISTEMAS DE EMPLAZAMIENTO 2021-2022,Objetivo 1. Actividad 2. Muestreos y Analisis sedimentos,Gastón Vidal,INSTITUTO DE FOMENTO PESQUERO,Quellon,28,425525.9,733504.7,TEMPERATURA,11.633333333333333,26/10/2021 15:20:00,X
72,ESTUDIO SEGUIMIENTO DESEMPEÑO AMBIENTAL ACUICULTURA EN CHILE Y SU EFECTO EN LOS ECOSISTEMAS DE EMPLAZAMIENTO 2021-2022,Objetivo 1. Actividad 2. Muestreos y Analisis sedimentos,Gastón Vidal,INSTITUTO DE FOMENTO PESQUERO,Quellon,32,425122.8,734130.9,TEMPERATURA,11.433333333333332,26/10/2021 16:23:00,X
73,ESTUDIO SEGUIMIENTO DESEMPEÑO AMBIENTAL ACUICULTURA EN CHILE Y SU EFECTO EN LOS ECOSISTEMAS DE EMPLAZAMIENTO 2021-2022,Objetivo 1. Actividad 2. Muestreos y Analisis sedimentos,Gastón Vidal,INSTITUTO DE FOMENTO PESQUERO,Quellon,39,425415.3,732927.9,TEMPERATURA,11.799999999999999,26/10/2021 14:00:00,X
74,ESTUDIO SEGUIMIENTO DESEMPEÑO AMBIENTAL ACUICULTURA EN CHILE Y SU EFECTO EN LOS ECOSISTEMAS DE EMPLAZAMIENTO 2021-2022,Objetivo 1. Actividad 2. Muestreos y Analisis sedimentos,Gastón Vidal,INSTITUTO DE FOMENTO PESQUERO,Hornopiren,3,420427.1,722759.7,TEMPERATURA,12.066666666666668,01/11/2021 10:00:00,X
75,ESTUDIO SEGUIMIENTO DESEMPEÑO AMBIENTAL ACUICULTURA EN CHILE Y SU EFECTO EN LOS ECOSISTEMAS DE EMPLAZAMIENTO 2021-2022,Objetivo 1. Actividad 2. Muestreos y Analisis sedimentos,Gastón Vidal,INSTITUTO DE FOMENTO PESQUERO,Hornopiren,6,420209.6,723558.5,TEMPERATURA,12.933333333333332,01/11/2021 12:20:00,X
76,ESTUDIO SEGUIMIENTO DESEMPEÑO AMBIENTAL ACUICULTURA EN CHILE Y SU EFECTO EN LOS ECOSISTEMAS DE EMPLAZAMIENTO 2021-2022,Objetivo 1. Actividad 2. Muestreos y Analisis sedimentos,Gastón Vidal,INSTITUTO DE FOMENTO PESQUERO,Hornopiren,7,420301.3,723537.3,TEMPERATURA,13.966666666666669,01/11/2021 11:05:00,X
77,ESTUDIO SEGUIMIENTO DESEMPEÑO AMBIENTAL ACUICULTURA EN CHILE Y SU EFECTO EN LOS ECOSISTEMAS DE EMPLAZAMIENTO 2021-2022,Objetivo 1. Actividad 2. Muestreos y Analisis sedimentos,Gastón Vidal,INSTITUTO DE FOMENTO PESQUERO,Hornopiren,13,421433.8,722650.7,TEMPERATURA,14.533333333333331,31/10/2021 14:42:00,X
78,ESTUDIO SEGUIMIENTO DESEMPEÑO AMBIENTAL ACUICULTURA EN CHILE Y SU EFECTO EN LOS ECOSISTEMAS DE EMPLAZAMIENTO 2021-2022,Objetivo 1. Actividad 2. Muestreos y Analisis sedimentos,Gastón Vidal,INSTITUTO DE FOMENTO PESQUERO,Hornopiren,14,421524.5,722346.8,TEMPERATURA,13.466666666666667,31/10/2021 16:00:00,X
79,ESTUDIO SEGUIMIENTO DESEMPEÑO AMBIENTAL ACUICULTURA EN CHILE Y SU EFECTO EN LOS ECOSISTEMAS DE EMPLAZAMIENTO 2021-2022,Objetivo 1. Actividad 2. Muestreos y Analisis sedimentos,Gastón Vidal,INSTITUTO DE FOMENTO PESQUERO,Ayacara,1,421853.1,724721.9,TEMPERATURA,13.5,30/11/2021 11:10:00,X
80,ESTUDIO SEGUIMIENTO DESEMPEÑO AMBIENTAL ACUICULTURA EN CHILE Y SU EFECTO EN LOS ECOSISTEMAS DE EMPLAZAMIENTO 2021-2022,Objetivo 1. Actividad 2. Muestreos y Analisis sedimentos,Gastón Vidal,INSTITUTO DE FOMENTO PESQUERO,Ayacara,2,422434.1,724307.0,TEMPERATURA,12.033333333333333,30/11/2021 09:00:00,X
81,ESTUDIO SEGUIMIENTO DESEMPEÑO AMBIENTAL ACUICULTURA EN CHILE Y SU EFECTO EN LOS ECOSISTEMAS DE EMPLAZAMIENTO 2021-2022,Objetivo 1. Actividad 2. Muestreos y Analisis sedimentos,Gastón Vidal,INSTITUTO DE FOMENTO PESQUERO,Ayacara,3,423409.7,723139.7,TEMPERATURA,14.066666666666668,30/10/2021 15:44:00,X
82,ESTUDIO SEGUIMIENTO DESEMPEÑO AMBIENTAL ACUICULTURA EN CHILE Y SU EFECTO EN LOS ECOSISTEMAS DE EMPLAZAMIENTO 2021-2022,Objetivo 1. Actividad 2. Muestreos y Analisis sedimentos,Gastón Vidal,INSTITUTO DE FOMENTO PESQUERO,Ayacara,4,423117.9,724140.8,TEMPERATURA,12.933333333333332,30/10/2021 14:35:00,X
83,ESTUDIO SEGUIMIENTO DESEMPEÑO AMBIENTAL ACUICULTURA EN CHILE Y SU EFECTO EN LOS ECOSISTEMAS DE EMPLAZAMIENTO 2021-2022,Objetivo 1. Actividad 2. Muestreos y Analisis sedimentos,Gastón Vidal,INSTITUTO DE FOMENTO PESQUERO,Ayacara,7,423730.6,725115.4,TEMPERATURA,12.266666666666666,30/10/2021 12:35:00,X
84,ESTUDIO SEGUIMIENTO DESEMPEÑO AMBIENTAL ACUICULTURA EN CHILE Y SU EFECTO EN LOS ECOSISTEMAS DE EMPLAZAMIENTO 2021-2022,Objetivo 1. Actividad 2. Muestreos y Analisis sedimentos,Gastón Vidal,INSTITUTO DE FOMENTO PESQUERO,Ayacara,9,424232.8,725058.9,TEMPERATURA,12.833333333333334,29/10/2021 15:43:00,X
85,ESTUDIO SEGUIMIENTO DESEMPEÑO AMBIENTAL ACUICULTURA EN CHILE Y SU EFECTO EN LOS ECOSISTEMAS DE EMPLAZAMIENTO 2021-2022,Objetivo 1. Actividad 2. Muestreos y Analisis sedimentos,Gastón Vidal,INSTITUTO DE FOMENTO PESQUERO,Chaiten,3,424711.1,725049.9,TEMPERATURA,13.133333333333335,29/10/2021 14:55:00,X
86,ESTUDIO SEGUIMIENTO DESEMPEÑO AMBIENTAL ACUICULTURA EN CHILE Y SU EFECTO EN LOS ECOSISTEMAS DE EMPLAZAMIENTO 2021-2022,Objetivo 1. Actividad 2. Muestreos y Analisis sedimentos,Gastón Vidal,INSTITUTO DE FOMENTO PESQUERO,Chaiten,4,425527.6,724459.6,TEMPERATURA,12.033333333333333,29/10/2021 13:25:00,X
87,ESTUDIO SEGUIMIENTO DESEMPEÑO AMBIENTAL ACUICULTURA EN CHILE Y SU EFECTO EN LOS ECOSISTEMAS DE EMPLAZAMIENTO 2021-2022,Objetivo 1. Actividad 2. Muestreos y Analisis sedimentos,Gastón Vidal,INSTITUTO DE FOMENTO PESQUERO,Chaiten,12,431438.9,725308.2,TEMPERATURA,11.9,29/10/2021 10:10:00,X
88,ESTUDIO SEGUIMIENTO DESEMPEÑO AMBIENTAL ACUICULTURA EN CHILE Y SU EFECTO EN LOS ECOSISTEMAS DE EMPLAZAMIENTO 2021-2022,Objetivo 1. Actividad 2. Muestreos y Analisis sedimentos,Gastón Vidal,INSTITUTO DE FOMENTO PESQUERO,Chaiten,14,431550.9,725835.0,TEMPERATURA,12,29/10/2021 09:30:00,X
89,ESTUDIO SEGUIMIENTO DESEMPEÑO AMBIENTAL ACUICULTURA EN CHILE Y SU EFECTO EN LOS ECOSISTEMAS DE EMPLAZAMIENTO 2021-2022,Objetivo 1. Actividad 2. Muestreos y Analisis sedimentos,Gastón Vidal,INSTITUTO DE FOMENTO PESQUERO,Chaiten,18,433529.8,730022.5,TEMPERATURA,13.933333333333332,19/11/2021 14:42:00,X
90,ESTUDIO SEGUIMIENTO DESEMPEÑO AMBIENTAL ACUICULTURA EN CHILE Y SU EFECTO EN LOS ECOSISTEMAS DE EMPLAZAMIENTO 2021-2022,Objetivo 1. Actividad 2. Muestreos y Analisis sedimentos,Gastón Vidal,INSTITUTO DE FOMENTO PESQUERO,Chaiten,19,433757.9,725704.9,TEMPERATURA,13.266666666666666,19/11/2021 15:13:00,X
92,ESTUDIO SEGUIMIENTO DESEMPEÑO AMBIENTAL ACUICULTURA EN CHILE Y SU EFECTO EN LOS ECOSISTEMAS DE EMPLAZAMIENTO 2021-2022,Objetivo 1. Actividad 2. Muestreos y Analisis sedimentos,Gastón Vidal,INSTITUTO DE FOMENTO PESQUERO,Guaitecas,1,442931.1,740942.8,TEMPERATURA,12.833333333333334,18/12/2021 13:05:00,XI
93,ESTUDIO SEGUIMIENTO DESEMPEÑO AMBIENTAL ACUICULTURA EN CHILE Y SU EFECTO EN LOS ECOSISTEMAS DE EMPLAZAMIENTO 2021-2022,Objetivo 1. Actividad 2. Muestreos y Analisis sedimentos,Gastón Vidal,INSTITUTO DE FOMENTO PESQUERO,Guaitecas,4,441418.4,741320.7,TEMPERATURA,14.6,19/12/2021 08:22:00,XI
94,ESTUDIO SEGUIMIENTO DESEMPEÑO AMBIENTAL ACUICULTURA EN CHILE Y SU EFECTO EN LOS ECOSISTEMAS DE EMPLAZAMIENTO 2021-2022,Objetivo 1. Actividad 2. Muestreos y Analisis sedimentos,Gastón Vidal,INSTITUTO DE FOMENTO PESQUERO,Guaitecas,6,440829.0,740209.0,TEMPERATURA,12.633333333333335,19/12/2021 09:30:00,XI
95,ESTUDIO SEGUIMIENTO DESEMPEÑO AMBIENTAL ACUICULTURA EN CHILE Y SU EFECTO EN LOS ECOSISTEMAS DE EMPLAZAMIENTO 2021-2022,Objetivo 1. Actividad 2. Muestreos y Analisis sedimentos,Gastón Vidal,INSTITUTO DE FOMENTO PESQUERO,Guaitecas,7,440453.4,735253.7,TEMPERATURA,13.266666666666666,19/12/2021 11:00:00,XI
96,ESTUDIO SEGUIMIENTO DESEMPEÑO AMBIENTAL ACUICULTURA EN CHILE Y SU EFECTO EN LOS ECOSISTEMAS DE EMPLAZAMIENTO 2021-2022,Objetivo 1. Actividad 2. Muestreos y Analisis sedimentos,Gastón Vidal,INSTITUTO DE FOMENTO PESQUERO,Guaitecas,8,435456.5,735432.1,TEMPERATURA,13.1,19/12/2021 18:58:00,XI
97,ESTUDIO SEGUIMIENTO DESEMPEÑO AMBIENTAL ACUICULTURA EN CHILE Y SU EFECTO EN LOS ECOSISTEMAS DE EMPLAZAMIENTO 2021-2022,Objetivo 1. Actividad 2. Muestreos y Analisis sedimentos,Gastón Vidal,INSTITUTO DE FOMENTO PESQUERO,Guaitecas,9,435329.1,735219.9,TEMPERATURA,14.366666666666667,19/12/2021 19:42:00,XI
98,ESTUDIO SEGUIMIENTO DESEMPEÑO AMBIENTAL ACUICULTURA EN CHILE Y SU EFECTO EN LOS ECOSISTEMAS DE EMPLAZAMIENTO 2021-2022,Objetivo 1. Actividad 2. Muestreos y Analisis sedimentos,Gastón Vidal,INSTITUTO DE FOMENTO PESQUERO,Guaitecas,10,435638.0,734800.0,TEMPERATURA,13.966666666666669,19/12/2021 18:00:00,XI
99,ESTUDIO SEGUIMIENTO DESEMPEÑO AMBIENTAL ACUICULTURA EN CHILE Y SU EFECTO EN LOS ECOSISTEMAS DE EMPLAZAMIENTO 2021-2022,Objetivo 1. Actividad 2. Muestreos y Analisis sedimentos,Gastón Vidal,INSTITUTO DE FOMENTO PESQUERO,Guaitecas,12,440031.4,734511.0,TEMPERATURA,13.033333333333331,19/12/2021 16:55:00,XI
100,ESTUDIO SEGUIMIENTO DESEMPEÑO AMBIENTAL ACUICULTURA EN CHILE Y SU EFECTO EN LOS ECOSISTEMAS DE EMPLAZAMIENTO 2021-2022,Objetivo 1. Actividad 2. Muestreos y Analisis sedimentos,Gastón Vidal,INSTITUTO DE FOMENTO PESQUERO,Guaitecas,17,441715.5,734639.1,TEMPERATURA,14.733333333333334,19/12/2021 13:21:00,XI
101,ESTUDIO SEGUIMIENTO DESEMPEÑO AMBIENTAL ACUICULTURA EN CHILE Y SU EFECTO EN LOS ECOSISTEMAS DE EMPLAZAMIENTO 2021-2022,Objetivo 1. Actividad 2. Muestreos y Analisis sedimentos,Gastón Vidal,INSTITUTO DE FOMENTO PESQUERO,Moraleda,2,451131.2,735840.6,TEMPERATURA,13.833333333333334,14/12/2021 11:15:00,XI
102,ESTUDIO SEGUIMIENTO DESEMPEÑO AMBIENTAL ACUICULTURA EN CHILE Y SU EFECTO EN LOS ECOSISTEMAS DE EMPLAZAMIENTO 2021-2022,Objetivo 1. Actividad 2. Muestreos y Analisis sedimentos,Gastón Vidal,INSTITUTO DE FOMENTO PESQUERO,Moraleda,4,450957.9,740833.4,TEMPERATURA,12.1,14/12/2021 09:50:00,XI
103,ESTUDIO SEGUIMIENTO DESEMPEÑO AMBIENTAL ACUICULTURA EN CHILE Y SU EFECTO EN LOS ECOSISTEMAS DE EMPLAZAMIENTO 2021-2022,Objetivo 1. Actividad 2. Muestreos y Analisis sedimentos,Gastón Vidal,INSTITUTO DE FOMENTO PESQUERO,Moraleda,5,450801.8,741520.1,TEMPERATURA,13.699999999999998,14/12/2021 08:55:00,XI
104,ESTUDIO SEGUIMIENTO DESEMPEÑO AMBIENTAL ACUICULTURA EN CHILE Y SU EFECTO EN LOS ECOSISTEMAS DE EMPLAZAMIENTO 2021-2022,Objetivo 1. Actividad 2. Muestreos y Analisis sedimentos,Gastón Vidal,INSTITUTO DE FOMENTO PESQUERO,Moraleda,12,444145.4,735257.1,TEMPERATURA,12.933333333333332,18/12/2021 09:25:00,XI
105,ESTUDIO SEGUIMIENTO DESEMPEÑO AMBIENTAL ACUICULTURA EN CHILE Y SU EFECTO EN LOS ECOSISTEMAS DE EMPLAZAMIENTO 2021-2022,Objetivo 1. Actividad 2. Muestreos y Analisis sedimentos,Gastón Vidal,INSTITUTO DE FOMENTO PESQUERO,Moraleda,13,443935.6,735252.9,TEMPERATURA,12.533333333333333,18/12/2021 10:15:00,XI
106,ESTUDIO SEGUIMIENTO DESEMPEÑO AMBIENTAL ACUICULTURA EN CHILE Y SU EFECTO EN LOS ECOSISTEMAS DE EMPLAZAMIENTO 2021-2022,Objetivo 1. Actividad 2. Muestreos y Analisis sedimentos,Gastón Vidal,INSTITUTO DE FOMENTO PESQUERO,Moraleda,14,443608.6,740025.9,TEMPERATURA,12.5,18/12/2021 11:30:00,XI
107,ESTUDIO SEGUIMIENTO DESEMPEÑO AMBIENTAL ACUICULTURA EN CHILE Y SU EFECTO EN LOS ECOSISTEMAS DE EMPLAZAMIENTO 2021-2022,Objetivo 1. Actividad 2. Muestreos y Analisis sedimentos,Gastón Vidal,INSTITUTO DE FOMENTO PESQUERO,Moraleda,16,443308.8,740650.1,TEMPERATURA,13.166666666666666,18/12/2021 13:20:00,XI
108,ESTUDIO SEGUIMIENTO DESEMPEÑO AMBIENTAL ACUICULTURA EN CHILE Y SU EFECTO EN LOS ECOSISTEMAS DE EMPLAZAMIENTO 2021-2022,Objetivo 1. Actividad 2. Muestreos y Analisis sedimentos,Gastón Vidal,INSTITUTO DE FOMENTO PESQUERO,Moraleda,17,440830.9,733501.0,TEMPERATURA,13.5,19/12/2021 15:15:00,XI
109,ESTUDIO SEGUIMIENTO DESEMPEÑO AMBIENTAL ACUICULTURA EN CHILE Y SU EFECTO EN LOS ECOSISTEMAS DE EMPLAZAMIENTO 2021-2022,Objetivo 1. Actividad 2. Muestreos y Analisis sedimentos,Gastón Vidal,INSTITUTO DE FOMENTO PESQUERO,Moraleda,19,434430.9,730056.5,TEMPERATURA,12,20/11/2021 09:25:00,XI
110,ESTUDIO SEGUIMIENTO DESEMPEÑO AMBIENTAL ACUICULTURA EN CHILE Y SU EFECTO EN LOS ECOSISTEMAS DE EMPLAZAMIENTO 2021-2022,Objetivo 1. Actividad 2. Muestreos y Analisis sedimentos,Gastón Vidal,INSTITUTO DE FOMENTO PESQUERO,Moraleda,25,440204.1,731205.2,TEMPERATURA,13.266666666666666,02/12/2021 16:55:00,XI
111,ESTUDIO SEGUIMIENTO DESEMPEÑO AMBIENTAL ACUICULTURA EN CHILE Y SU EFECTO EN LOS ECOSISTEMAS DE EMPLAZAMIENTO 2021-2022,Objetivo 1. Actividad 2. Muestreos y Analisis sedimentos,Gastón Vidal,INSTITUTO DE FOMENTO PESQUERO,Moraleda,31,442248.0,730431.7,TEMPERATURA,12.366666666666665,03/12/2021 14:42:00,XI
112,ESTUDIO SEGUIMIENTO DESEMPEÑO AMBIENTAL ACUICULTURA EN CHILE Y SU EFECTO EN LOS ECOSISTEMAS DE EMPLAZAMIENTO 2021-2022,Objetivo 1. Actividad 2. Muestreos y Analisis sedimentos,Gastón Vidal,INSTITUTO DE FOMENTO PESQUERO,Moraleda,32,450149.0,732702.0,TEMPERATURA,14.966666666666669,05/12/2021 14:30:00,XI
113,ESTUDIO SEGUIMIENTO DESEMPEÑO AMBIENTAL ACUICULTURA EN CHILE Y SU EFECTO EN LOS ECOSISTEMAS DE EMPLAZAMIENTO 2021-2022,Objetivo 1. Actividad 2. Muestreos y Analisis sedimentos,Gastón Vidal,INSTITUTO DE FOMENTO PESQUERO,Puyuhuapi,5,443139.8,724117.0,TEMPERATURA,13.566666666666668,03/12/2021 18:25:00,XI
114,ESTUDIO SEGUIMIENTO DESEMPEÑO AMBIENTAL ACUICULTURA EN CHILE Y SU EFECTO EN LOS ECOSISTEMAS DE EMPLAZAMIENTO 2021-2022,Objetivo 1. Actividad 2. Muestreos y Analisis sedimentos,Gastón Vidal,INSTITUTO DE FOMENTO PESQUERO,Puyuhuapi,7,443955.1,725020.8,TEMPERATURA,12.9,04/12/2021 12:20:00,XI
115,ESTUDIO SEGUIMIENTO DESEMPEÑO AMBIENTAL ACUICULTURA EN CHILE Y SU EFECTO EN LOS ECOSISTEMAS DE EMPLAZAMIENTO 2021-2022,Objetivo 1. Actividad 2. Muestreos y Analisis sedimentos,Gastón Vidal,INSTITUTO DE FOMENTO PESQUERO,Puyuhuapi,8,444209.3,724807.1,TEMPERATURA,17.400000000000002,04/12/2021 15:15:00,XI
116,ESTUDIO SEGUIMIENTO DESEMPEÑO AMBIENTAL ACUICULTURA EN CHILE Y SU EFECTO EN LOS ECOSISTEMAS DE EMPLAZAMIENTO 2021-2022,Objetivo 1. Actividad 2. Muestreos y Analisis sedimentos,Gastón Vidal,INSTITUTO DE FOMENTO PESQUERO,Puyuhuapi,10,444937.8,725757.3,TEMPERATURA,14.300000000000002,04/12/2021 19:40:00,XI
117,ESTUDIO SEGUIMIENTO DESEMPEÑO AMBIENTAL ACUICULTURA EN CHILE Y SU EFECTO EN LOS ECOSISTEMAS DE EMPLAZAMIENTO 2021-2022,Objetivo 1. Actividad 2. Muestreos y Analisis sedimentos,Gastón Vidal,INSTITUTO DE FOMENTO PESQUERO,Puyuhuapi,12,445441.9,730811.9,TEMPERATURA,13.033333333333333,05/12/2021 08:50:00,XI
118,ESTUDIO SEGUIMIENTO DESEMPEÑO AMBIENTAL ACUICULTURA EN CHILE Y SU EFECTO EN LOS ECOSISTEMAS DE EMPLAZAMIENTO 2021-2022,Objetivo 1. Actividad 2. Muestreos y Analisis sedimentos,Gastón Vidal,INSTITUTO DE FOMENTO PESQUERO,Aysen,1,452639.7,730033.3,TEMPERATURA,12.833333333333334,15/12/2021 14:50:00,XI
119,ESTUDIO SEGUIMIENTO DESEMPEÑO AMBIENTAL ACUICULTURA EN CHILE Y SU EFECTO EN LOS ECOSISTEMAS DE EMPLAZAMIENTO 2021-2022,Objetivo 1. Actividad 2. Muestreos y Analisis sedimentos,Gastón Vidal,INSTITUTO DE FOMENTO PESQUERO,Aysen,3,451953.0,732236.0,TEMPERATURA,12.433333333333332,14/12/2021 18:40:00,XI
120,ESTUDIO SEGUIMIENTO DESEMPEÑO AMBIENTAL ACUICULTURA EN CHILE Y SU EFECTO EN LOS ECOSISTEMAS DE EMPLAZAMIENTO 2021-2022,Objetivo 1. Actividad 2. Muestreos y Analisis sedimentos,Gastón Vidal,INSTITUTO DE FOMENTO PESQUERO,Aysen,5,452421.9,733225.0,TEMPERATURA,15.866666666666667,06/12/2021 15:40:00,XI
121,ESTUDIO SEGUIMIENTO DESEMPEÑO AMBIENTAL ACUICULTURA EN CHILE Y SU EFECTO EN LOS ECOSISTEMAS DE EMPLAZAMIENTO 2021-2022,Objetivo 1. Actividad 2. Muestreos y Analisis sedimentos,Gastón Vidal,INSTITUTO DE FOMENTO PESQUERO,Aysen,6,453734.9,733550.9,TEMPERATURA,12.600000000000001,06/12/2021 19:40:00,XI
122,ESTUDIO SEGUIMIENTO DESEMPEÑO AMBIENTAL ACUICULTURA EN CHILE Y SU EFECTO EN LOS ECOSISTEMAS DE EMPLAZAMIENTO 2021-2022,Objetivo 1. Actividad 2. Muestreos y Analisis sedimentos,Gastón Vidal,INSTITUTO DE FOMENTO PESQUERO,Aysen,7,454508.5,733655.3,TEMPERATURA,12.833333333333334,07/12/2021 10:50:00,XI
123,ESTUDIO SEGUIMIENTO DESEMPEÑO AMBIENTAL ACUICULTURA EN CHILE Y SU EFECTO EN LOS ECOSISTEMAS DE EMPLAZAMIENTO 2021-2022,Objetivo 1. Actividad 2. Muestreos y Analisis sedimentos,Gastón Vidal,INSTITUTO DE FOMENTO PESQUERO,Aysen,10,455717.6,733619.7,TEMPERATURA,12.299999999999999,11/12/2021 10:50:00,XI
125,ESTUDIO SEGUIMIENTO DESEMPEÑO AMBIENTAL ACUICULTURA EN CHILE Y SU EFECTO EN LOS ECOSISTEMAS DE EMPLAZAMIENTO 2021-2022,Objetivo 1. Actividad 2. Muestreos y Analisis sedimentos,Gastón Vidal,INSTITUTO DE FOMENTO PESQUERO,Aysen,13,461329.4,734345.5,TEMPERATURA,11.566666666666668,12/12/2021 16:35:00,XI
126,ESTUDIO SEGUIMIENTO DESEMPEÑO AMBIENTAL ACUICULTURA EN CHILE Y SU EFECTO EN LOS ECOSISTEMAS DE EMPLAZAMIENTO 2021-2022,Objetivo 1. Actividad 2. Muestreos y Analisis sedimentos,Gastón Vidal,INSTITUTO DE FOMENTO PESQUERO,Aysen,18,460557.7,735202.9,TEMPERATURA,11.633333333333333,12/12/2021 17:35:00,XI
127,ESTUDIO SEGUIMIENTO DESEMPEÑO AMBIENTAL ACUICULTURA EN CHILE Y SU EFECTO EN LOS ECOSISTEMAS DE EMPLAZAMIENTO 2021-2022,Objetivo 1. Actividad 2. Muestreos y Analisis sedimentos,Gastón Vidal,INSTITUTO DE FOMENTO PESQUERO,Aysen,19,460107.9,735645.7,TEMPERATURA,11.366666666666667,13/12/2021 08:35:00,XI
128,ESTUDIO SEGUIMIENTO DESEMPEÑO AMBIENTAL ACUICULTURA EN CHILE Y SU EFECTO EN LOS ECOSISTEMAS DE EMPLAZAMIENTO 2021-2022,Objetivo 1. Actividad 2. Muestreos y Analisis sedimentos,Gastón Vidal,INSTITUTO DE FOMENTO PESQUERO,Aysen,24,454429.7,740423.3,TEMPERATURA,13.133333333333333,13/12/2021 10:30:00,XI
129,ESTUDIO SEGUIMIENTO DESEMPEÑO AMBIENTAL ACUICULTURA EN CHILE Y SU EFECTO EN LOS ECOSISTEMAS DE EMPLAZAMIENTO 2021-2022,Objetivo 1. Actividad 2. Muestreos y Analisis sedimentos,Gastón Vidal,INSTITUTO DE FOMENTO PESQUERO,Aysen,25,454137.5,741704.6,TEMPERATURA,12.5,13/12/2021 13:00:00,XI
130,ESTUDIO SEGUIMIENTO DESEMPEÑO AMBIENTAL ACUICULTURA EN CHILE Y SU EFECTO EN LOS ECOSISTEMAS DE EMPLAZAMIENTO 2021-2022,Objetivo 1. Actividad 2. Muestreos y Analisis sedimentos,Gastón Vidal,INSTITUTO DE FOMENTO PESQUERO,Aysen,28,453351.4,741310.2,TEMPERATURA,12.133333333333333,13/12/2021 15:00:00,XI
131,ESTUDIO SEGUIMIENTO DESEMPEÑO AMBIENTAL ACUICULTURA EN CHILE Y SU EFECTO EN LOS ECOSISTEMAS DE EMPLAZAMIENTO 2021-2022,Objetivo 1. Actividad 2. Muestreos y Analisis sedimentos,Gastón Vidal,INSTITUTO DE FOMENTO PESQUERO,Aysen,30,452356.0,741521.0,TEMPERATURA,13.033333333333333,13/12/2021 16:45:00,XI
132,ESTUDIO SEGUIMIENTO DESEMPEÑO AMBIENTAL ACUICULTURA EN CHILE Y SU EFECTO EN LOS ECOSISTEMAS DE EMPLAZAMIENTO 2021-2022,Objetivo 1. Actividad 2. Muestreos y Analisis sedimentos,Gastón Vidal,INSTITUTO DE FOMENTO PESQUERO,Aysen,34,451659.5,734350.5,TEMPERATURA,13.333333333333334,14/12/2021 13:52:00,XI
133,ESTUDIO SEGUIMIENTO DESEMPEÑO AMBIENTAL ACUICULTURA EN CHILE Y SU EFECTO EN LOS ECOSISTEMAS DE EMPLAZAMIENTO 2021-2022,Objetivo 1. Actividad 2. Muestreos y Analisis sedimentos,Gastón Vidal,INSTITUTO DE FOMENTO PESQUERO,Natales,2,513604.7,724301.6,TEMPERATURA,10.966666666666667,15/02/2022 08:15:00,XII
134,ESTUDIO SEGUIMIENTO DESEMPEÑO AMBIENTAL ACUICULTURA EN CHILE Y SU EFECTO EN LOS ECOSISTEMAS DE EMPLAZAMIENTO 2021-2022,Objetivo 1. Actividad 2. Muestreos y Analisis sedimentos,Gastón Vidal,INSTITUTO DE FOMENTO PESQUERO,Natales,3,514018.2,723753.1,TEMPERATURA,11.699999999999998,15/02/2022 09:18:00,XII
135,ESTUDIO SEGUIMIENTO DESEMPEÑO AMBIENTAL ACUICULTURA EN CHILE Y SU EFECTO EN LOS ECOSISTEMAS DE EMPLAZAMIENTO 2021-2022,Objetivo 1. Actividad 2. Muestreos y Analisis sedimentos,Gastón Vidal,INSTITUTO DE FOMENTO PESQUERO,Natales,5,514929.7,723739.8,TEMPERATURA,11.833333333333334,12/02/2022 21:13:00,XII
136,ESTUDIO SEGUIMIENTO DESEMPEÑO AMBIENTAL ACUICULTURA EN CHILE Y SU EFECTO EN LOS ECOSISTEMAS DE EMPLAZAMIENTO 2021-2022,Objetivo 1. Actividad 2. Muestreos y Analisis sedimentos,Gastón Vidal,INSTITUTO DE FOMENTO PESQUERO,Natales,9,514601.6,725405.0,TEMPERATURA,12.333333333333334,14/02/2022 17:05:00,XII
137,ESTUDIO SEGUIMIENTO DESEMPEÑO AMBIENTAL ACUICULTURA EN CHILE Y SU EFECTO EN LOS ECOSISTEMAS DE EMPLAZAMIENTO 2021-2022,Objetivo 1. Actividad 2. Muestreos y Analisis sedimentos,Gastón Vidal,INSTITUTO DE FOMENTO PESQUERO,Natales,10,520357.8,725602.0,TEMPERATURA,11.299999999999999,13/02/2022 12:50:00,XII
138,ESTUDIO SEGUIMIENTO DESEMPEÑO AMBIENTAL ACUICULTURA EN CHILE Y SU EFECTO EN LOS ECOSISTEMAS DE EMPLAZAMIENTO 2021-2022,Objetivo 1. Actividad 2. Muestreos y Analisis sedimentos,Gastón Vidal,INSTITUTO DE FOMENTO PESQUERO,Natales,11,521159.7,725703.6,TEMPERATURA,10.566666666666668,13/02/2022 16:10:00,XII
139,ESTUDIO SEGUIMIENTO DESEMPEÑO AMBIENTAL ACUICULTURA EN CHILE Y SU EFECTO EN LOS ECOSISTEMAS DE EMPLAZAMIENTO 2021-2022,Objetivo 1. Actividad 2. Muestreos y Analisis sedimentos,Gastón Vidal,INSTITUTO DE FOMENTO PESQUERO,Natales,13,521310.4,725226.1,TEMPERATURA,13.033333333333333,13/02/2022 17:42:00,XII
140,ESTUDIO SEGUIMIENTO DESEMPEÑO AMBIENTAL ACUICULTURA EN CHILE Y SU EFECTO EN LOS ECOSISTEMAS DE EMPLAZAMIENTO 2021-2022,Objetivo 1. Actividad 2. Muestreos y Analisis sedimentos,Gastón Vidal,INSTITUTO DE FOMENTO PESQUERO,Natales,14,520439.3,723937.6,TEMPERATURA,11.1,12/02/2022 23:55:00,XII
1,ESTUDIO SEGUIMIENTO DESEMPEÑO AMBIENTAL ACUICULTURA EN CHILE Y SU EFECTO EN LOS ECOSISTEMAS DE EMPLAZAMIENTO 2021-2022,Objetivo 1. Actividad 2. Muestreos y Analisis sedimentos,Gastón Vidal,INSTITUTO DE FOMENTO PESQUERO,Estuario,1,412614.9,721747.9,REDOX EHNHE,-70.2,15/11/2021 15:30:00,X
2,ESTUDIO SEGUIMIENTO DESEMPEÑO AMBIENTAL ACUICULTURA EN CHILE Y SU EFECTO EN LOS ECOSISTEMAS DE EMPLAZAMIENTO 2021-2022,Objetivo 1. Actividad 2. Muestreos y Analisis sedimentos,Gastón Vidal,INSTITUTO DE FOMENTO PESQUERO,Estuario,2,412807.3,721843.5,REDOX EHNHE,82.53333333333333,15/11/2021 14:50:00,X
3,ESTUDIO SEGUIMIENTO DESEMPEÑO AMBIENTAL ACUICULTURA EN CHILE Y SU EFECTO EN LOS ECOSISTEMAS DE EMPLAZAMIENTO 2021-2022,Objetivo 1. Actividad 2. Muestreos y Analisis sedimentos,Gastón Vidal,INSTITUTO DE FOMENTO PESQUERO,Estuario,3,412945.4,721845.5,REDOX EHNHE,391.5,15/11/2021 14:10:00,X
4,ESTUDIO SEGUIMIENTO DESEMPEÑO AMBIENTAL ACUICULTURA EN CHILE Y SU EFECTO EN LOS ECOSISTEMAS DE EMPLAZAMIENTO 2021-2022,Objetivo 1. Actividad 2. Muestreos y Analisis sedimentos,Gastón Vidal,INSTITUTO DE FOMENTO PESQUERO,Estuario,5,413039.3,721721.1,REDOX EHNHE,320.7333333333333,15/11/2021 13:45:00,X
5,ESTUDIO SEGUIMIENTO DESEMPEÑO AMBIENTAL ACUICULTURA EN CHILE Y SU EFECTO EN LOS ECOSISTEMAS DE EMPLAZAMIENTO 2021-2022,Objetivo 1. Actividad 2. Muestreos y Analisis sedimentos,Gastón Vidal,INSTITUTO DE FOMENTO PESQUERO,Estuario,6,413132.6,722021.4,REDOX EHNHE,170.29999999999998,15/11/2021 11:25:00,X
6,ESTUDIO SEGUIMIENTO DESEMPEÑO AMBIENTAL ACUICULTURA EN CHILE Y SU EFECTO EN LOS ECOSISTEMAS DE EMPLAZAMIENTO 2021-2022,Objetivo 1. Actividad 2. Muestreos y Analisis sedimentos,Gastón Vidal,INSTITUTO DE FOMENTO PESQUERO,Estuario,7,413157.8,721802.6,REDOX EHNHE,234.4666666666667,15/11/2021 12:05:00,X
7,ESTUDIO SEGUIMIENTO DESEMPEÑO AMBIENTAL ACUICULTURA EN CHILE Y SU EFECTO EN LOS ECOSISTEMAS DE EMPLAZAMIENTO 2021-2022,Objetivo 1. Actividad 2. Muestreos y Analisis sedimentos,Gastón Vidal,INSTITUTO DE FOMENTO PESQUERO,Estuario,8,413533.0,722110.7,REDOX EHNHE,137.79999999999998,15/11/2021 10:40:00,X
8,ESTUDIO SEGUIMIENTO DESEMPEÑO AMBIENTAL ACUICULTURA EN CHILE Y SU EFECTO EN LOS ECOSISTEMAS DE EMPLAZAMIENTO 2021-2022,Objetivo 1. Actividad 2. Muestreos y Analisis sedimentos,Gastón Vidal,INSTITUTO DE FOMENTO PESQUERO,Estuario,12,413938.3,722058.9,REDOX EHNHE,104.13333333333333,15/11/2021 09:55:00,X
9,ESTUDIO SEGUIMIENTO DESEMPEÑO AMBIENTAL ACUICULTURA EN CHILE Y SU EFECTO EN LOS ECOSISTEMAS DE EMPLAZAMIENTO 2021-2022,Objetivo 1. Actividad 2. Muestreos y Analisis sedimentos,Gastón Vidal,INSTITUTO DE FOMENTO PESQUERO,Estuario,17,414052.7,722801.1,REDOX EHNHE,427.23333333333335,15/11/2021 09:00:00,X
10,ESTUDIO SEGUIMIENTO DESEMPEÑO AMBIENTAL ACUICULTURA EN CHILE Y SU EFECTO EN LOS ECOSISTEMAS DE EMPLAZAMIENTO 2021-2022,Objetivo 1. Actividad 2. Muestreos y Analisis sedimentos,Gastón Vidal,INSTITUTO DE FOMENTO PESQUERO,Estuario,21,414330.8,723048.5,REDOX EHNHE,147.96666666666667,15/11/2021 08:20:00,X
11,ESTUDIO SEGUIMIENTO DESEMPEÑO AMBIENTAL ACUICULTURA EN CHILE Y SU EFECTO EN LOS ECOSISTEMAS DE EMPLAZAMIENTO 2021-2022,Objetivo 1. Actividad 2. Muestreos y Analisis sedimentos,Gastón Vidal,INSTITUTO DE FOMENTO PESQUERO,Reloncavi,3,415420.9,725230.7,REDOX EHNHE,369.4666666666667,01/11/2021 15:15:00,X
12,ESTUDIO SEGUIMIENTO DESEMPEÑO AMBIENTAL ACUICULTURA EN CHILE Y SU EFECTO EN LOS ECOSISTEMAS DE EMPLAZAMIENTO 2021-2022,Objetivo 1. Actividad 2. Muestreos y Analisis sedimentos,Gastón Vidal,INSTITUTO DE FOMENTO PESQUERO,Reloncavi,4,415223.0,725351.4,REDOX EHNHE,369.3,01/11/2021 16:08:00,X
13,ESTUDIO SEGUIMIENTO DESEMPEÑO AMBIENTAL ACUICULTURA EN CHILE Y SU EFECTO EN LOS ECOSISTEMAS DE EMPLAZAMIENTO 2021-2022,Objetivo 1. Actividad 2. Muestreos y Analisis sedimentos,Gastón Vidal,INSTITUTO DE FOMENTO PESQUERO,Reloncavi,5,415307.1,725602.6,REDOX EHNHE,338.03333333333336,01/11/2021 20:00:00,X
14,ESTUDIO SEGUIMIENTO DESEMPEÑO AMBIENTAL ACUICULTURA EN CHILE Y SU EFECTO EN LOS ECOSISTEMAS DE EMPLAZAMIENTO 2021-2022,Objetivo 1. Actividad 2. Muestreos y Analisis sedimentos,Gastón Vidal,INSTITUTO DE FOMENTO PESQUERO,Reloncavi,7,414413.7,730243.4,REDOX EHNHE,484,04/11/2021 15:20:00,X
15,ESTUDIO SEGUIMIENTO DESEMPEÑO AMBIENTAL ACUICULTURA EN CHILE Y SU EFECTO EN LOS ECOSISTEMAS DE EMPLAZAMIENTO 2021-2022,Objetivo 1. Actividad 2. Muestreos y Analisis sedimentos,Gastón Vidal,INSTITUTO DE FOMENTO PESQUERO,Reloncavi,13,412948.4,725730.9,REDOX EHNHE,322.1666666666667,04/11/2021 17:00:00,X
16,ESTUDIO SEGUIMIENTO DESEMPEÑO AMBIENTAL ACUICULTURA EN CHILE Y SU EFECTO EN LOS ECOSISTEMAS DE EMPLAZAMIENTO 2021-2022,Objetivo 1. Actividad 2. Muestreos y Analisis sedimentos,Gastón Vidal,INSTITUTO DE FOMENTO PESQUERO,Reloncavi,15,413105.3,724724.2,REDOX EHNHE,451.23333333333335,13/11/2021 12:00:00,X
17,ESTUDIO SEGUIMIENTO DESEMPEÑO AMBIENTAL ACUICULTURA EN CHILE Y SU EFECTO EN LOS ECOSISTEMAS DE EMPLAZAMIENTO 2021-2022,Objetivo 1. Actividad 2. Muestreos y Analisis sedimentos,Gastón Vidal,INSTITUTO DE FOMENTO PESQUERO,Reloncavi,17,413450.6,724336.9,REDOX EHNHE,454.76666666666665,13/11/2021 14:30:00,X
18,ESTUDIO SEGUIMIENTO DESEMPEÑO AMBIENTAL ACUICULTURA EN CHILE Y SU EFECTO EN LOS ECOSISTEMAS DE EMPLAZAMIENTO 2021-2022,Objetivo 1. Actividad 2. Muestreos y Analisis sedimentos,Gastón Vidal,INSTITUTO DE FOMENTO PESQUERO,Reloncavi,19,413707.8,724152.2,REDOX EHNHE,460.6333333333334,13/11/2021 13:10:00,X
19,ESTUDIO SEGUIMIENTO DESEMPEÑO AMBIENTAL ACUICULTURA EN CHILE Y SU EFECTO EN LOS ECOSISTEMAS DE EMPLAZAMIENTO 2021-2022,Objetivo 1. Actividad 2. Muestreos y Analisis sedimentos,Gastón Vidal,INSTITUTO DE FOMENTO PESQUERO,Reloncavi,21,413751.5,724023.2,REDOX EHNHE,472.1666666666667,13/11/2021 13:44:00,X
20,ESTUDIO SEGUIMIENTO DESEMPEÑO AMBIENTAL ACUICULTURA EN CHILE Y SU EFECTO EN LOS ECOSISTEMAS DE EMPLAZAMIENTO 2021-2022,Objetivo 1. Actividad 2. Muestreos y Analisis sedimentos,Gastón Vidal,INSTITUTO DE FOMENTO PESQUERO,Reloncavi,25,414943.9,724718.2,REDOX EHNHE,549.6999999999999,16/11/2021 17:55:00,X
21,ESTUDIO SEGUIMIENTO DESEMPEÑO AMBIENTAL ACUICULTURA EN CHILE Y SU EFECTO EN LOS ECOSISTEMAS DE EMPLAZAMIENTO 2021-2022,Objetivo 1. Actividad 2. Muestreos y Analisis sedimentos,Gastón Vidal,INSTITUTO DE FOMENTO PESQUERO,Calbuco,1,414442.2,730610.3,REDOX EHNHE,487.3666666666666,04/11/2021 13:30:00,X
22,ESTUDIO SEGUIMIENTO DESEMPEÑO AMBIENTAL ACUICULTURA EN CHILE Y SU EFECTO EN LOS ECOSISTEMAS DE EMPLAZAMIENTO 2021-2022,Objetivo 1. Actividad 2. Muestreos y Analisis sedimentos,Gastón Vidal,INSTITUTO DE FOMENTO PESQUERO,Calbuco,2,414630.1,730505.2,REDOX EHNHE,254.5,04/11/2021 10:50:00,X
23,ESTUDIO SEGUIMIENTO DESEMPEÑO AMBIENTAL ACUICULTURA EN CHILE Y SU EFECTO EN LOS ECOSISTEMAS DE EMPLAZAMIENTO 2021-2022,Objetivo 1. Actividad 2. Muestreos y Analisis sedimentos,Gastón Vidal,INSTITUTO DE FOMENTO PESQUERO,Calbuco,8,414314.7,730933.2,REDOX EHNHE,315.56666666666666,04/11/2021 11:49:00,X
24,ESTUDIO SEGUIMIENTO DESEMPEÑO AMBIENTAL ACUICULTURA EN CHILE Y SU EFECTO EN LOS ECOSISTEMAS DE EMPLAZAMIENTO 2021-2022,Objetivo 1. Actividad 2. Muestreos y Analisis sedimentos,Gastón Vidal,INSTITUTO DE FOMENTO PESQUERO,Calbuco,16,414822.6,731018.3,REDOX EHNHE,405.23333333333335,04/11/2021 10:00:00,X
25,ESTUDIO SEGUIMIENTO DESEMPEÑO AMBIENTAL ACUICULTURA EN CHILE Y SU EFECTO EN LOS ECOSISTEMAS DE EMPLAZAMIENTO 2021-2022,Objetivo 1. Actividad 2. Muestreos y Analisis sedimentos,Gastón Vidal,INSTITUTO DE FOMENTO PESQUERO,Calbuco,22,414705.8,730505.2,REDOX EHNHE,497.2,04/11/2021 10:42:00,X
26,ESTUDIO SEGUIMIENTO DESEMPEÑO AMBIENTAL ACUICULTURA EN CHILE Y SU EFECTO EN LOS ECOSISTEMAS DE EMPLAZAMIENTO 2021-2022,Objetivo 1. Actividad 2. Muestreos y Analisis sedimentos,Gastón Vidal,INSTITUTO DE FOMENTO PESQUERO,Calbuco,26,415016.4,730447.2,REDOX EHNHE,572.3666666666667,02/11/2021 08:15:00,X
27,ESTUDIO SEGUIMIENTO DESEMPEÑO AMBIENTAL ACUICULTURA EN CHILE Y SU EFECTO EN LOS ECOSISTEMAS DE EMPLAZAMIENTO 2021-2022,Objetivo 1. Actividad 2. Muestreos y Analisis sedimentos,Gastón Vidal,INSTITUTO DE FOMENTO PESQUERO,Calbuco,27,414959.8,730629.1,REDOX EHNHE,378.0333333333333,02/11/2021 08:50:00,X
28,ESTUDIO SEGUIMIENTO DESEMPEÑO AMBIENTAL ACUICULTURA EN CHILE Y SU EFECTO EN LOS ECOSISTEMAS DE EMPLAZAMIENTO 2021-2022,Objetivo 1. Actividad 2. Muestreos y Analisis sedimentos,Gastón Vidal,INSTITUTO DE FOMENTO PESQUERO,Calbuco,30,415019.0,730822.5,REDOX EHNHE,376.5666666666666,02/11/2021 09:10:00,X
29,ESTUDIO SEGUIMIENTO DESEMPEÑO AMBIENTAL ACUICULTURA EN CHILE Y SU EFECTO EN LOS ECOSISTEMAS DE EMPLAZAMIENTO 2021-2022,Objetivo 1. Actividad 2. Muestreos y Analisis sedimentos,Gastón Vidal,INSTITUTO DE FOMENTO PESQUERO,Chacao,2,415659.3,733134.3,REDOX EHNHE,336.03333333333336,02/11/2021 13:15:00,X
30,ESTUDIO SEGUIMIENTO DESEMPEÑO AMBIENTAL ACUICULTURA EN CHILE Y SU EFECTO EN LOS ECOSISTEMAS DE EMPLAZAMIENTO 2021-2022,Objetivo 1. Actividad 2. Muestreos y Analisis sedimentos,Gastón Vidal,INSTITUTO DE FOMENTO PESQUERO,Chacao,6,415415.1,732906.8,REDOX EHNHE,274.59999999999997,02/11/2021 12:45:00,X
31,ESTUDIO SEGUIMIENTO DESEMPEÑO AMBIENTAL ACUICULTURA EN CHILE Y SU EFECTO EN LOS ECOSISTEMAS DE EMPLAZAMIENTO 2021-2022,Objetivo 1. Actividad 2. Muestreos y Analisis sedimentos,Gastón Vidal,INSTITUTO DE FOMENTO PESQUERO,Chacao,12,415217.3,733107.9,REDOX EHNHE,281.76666666666665,02/11/2021 11:55:00,X
32,ESTUDIO SEGUIMIENTO DESEMPEÑO AMBIENTAL ACUICULTURA EN CHILE Y SU EFECTO EN LOS ECOSISTEMAS DE EMPLAZAMIENTO 2021-2022,Objetivo 1. Actividad 2. Muestreos y Analisis sedimentos,Gastón Vidal,INSTITUTO DE FOMENTO PESQUERO,Chacao,14,415115.7,732851.2,REDOX EHNHE,175.23333333333335,02/11/2021 11:25:00,X
33,ESTUDIO SEGUIMIENTO DESEMPEÑO AMBIENTAL ACUICULTURA EN CHILE Y SU EFECTO EN LOS ECOSISTEMAS DE EMPLAZAMIENTO 2021-2022,Objetivo 1. Actividad 2. Muestreos y Analisis sedimentos,Gastón Vidal,INSTITUTO DE FOMENTO PESQUERO,Butachauques,1,421917.6,731519.1,REDOX EHNHE,360.8999999999999,22/10/2021 17:50:00,X
34,ESTUDIO SEGUIMIENTO DESEMPEÑO AMBIENTAL ACUICULTURA EN CHILE Y SU EFECTO EN LOS ECOSISTEMAS DE EMPLAZAMIENTO 2021-2022,Objetivo 1. Actividad 2. Muestreos y Analisis sedimentos,Gastón Vidal,INSTITUTO DE FOMENTO PESQUERO,Butachauques,3,421702.6,731506.7,REDOX EHNHE,617.1999999999999,25/10/2021 08:25:00,X
36,ESTUDIO SEGUIMIENTO DESEMPEÑO AMBIENTAL ACUICULTURA EN CHILE Y SU EFECTO EN LOS ECOSISTEMAS DE EMPLAZAMIENTO 2021-2022,Objetivo 1. Actividad 2. Muestreos y Analisis sedimentos,Gastón Vidal,INSTITUTO DE FOMENTO PESQUERO,Butachauques,10,421645.3,732049.7,REDOX EHNHE,515.6666666666666,25/10/2021 09:10:00,X
37,ESTUDIO SEGUIMIENTO DESEMPEÑO AMBIENTAL ACUICULTURA EN CHILE Y SU EFECTO EN LOS ECOSISTEMAS DE EMPLAZAMIENTO 2021-2022,Objetivo 1. Actividad 2. Muestreos y Analisis sedimentos,Gastón Vidal,INSTITUTO DE FOMENTO PESQUERO,Butachauques,12,421224.4,732358.0,REDOX EHNHE,320.7,02/11/2021 16:50:00,X
38,ESTUDIO SEGUIMIENTO DESEMPEÑO AMBIENTAL ACUICULTURA EN CHILE Y SU EFECTO EN LOS ECOSISTEMAS DE EMPLAZAMIENTO 2021-2022,Objetivo 1. Actividad 2. Muestreos y Analisis sedimentos,Gastón Vidal,INSTITUTO DE FOMENTO PESQUERO,Butachauques,13,421021.7,732609.5,REDOX EHNHE,308.26666666666665,02/11/2021 15:30:00,X
39,ESTUDIO SEGUIMIENTO DESEMPEÑO AMBIENTAL ACUICULTURA EN CHILE Y SU EFECTO EN LOS ECOSISTEMAS DE EMPLAZAMIENTO 2021-2022,Objetivo 1. Actividad 2. Muestreos y Analisis sedimentos,Gastón Vidal,INSTITUTO DE FOMENTO PESQUERO,Butachauques,14,420929.5,732804.6,REDOX EHNHE,361.93333333333334,02/11/2021 15:00:00,X
40,ESTUDIO SEGUIMIENTO DESEMPEÑO AMBIENTAL ACUICULTURA EN CHILE Y SU EFECTO EN LOS ECOSISTEMAS DE EMPLAZAMIENTO 2021-2022,Objetivo 1. Actividad 2. Muestreos y Analisis sedimentos,Gastón Vidal,INSTITUTO DE FOMENTO PESQUERO,Chaulinec,3,423622.9,731526.5,REDOX EHNHE,466.1333333333334,25/10/2021 13:30:00,X
41,ESTUDIO SEGUIMIENTO DESEMPEÑO AMBIENTAL ACUICULTURA EN CHILE Y SU EFECTO EN LOS ECOSISTEMAS DE EMPLAZAMIENTO 2021-2022,Objetivo 1. Actividad 2. Muestreos y Analisis sedimentos,Gastón Vidal,INSTITUTO DE FOMENTO PESQUERO,Chaulinec,4,423422.1,731353.2,REDOX EHNHE,446.1333333333334,25/10/2021 13:15:00,X
42,ESTUDIO SEGUIMIENTO DESEMPEÑO AMBIENTAL ACUICULTURA EN CHILE Y SU EFECTO EN LOS ECOSISTEMAS DE EMPLAZAMIENTO 2021-2022,Objetivo 1. Actividad 2. Muestreos y Analisis sedimentos,Gastón Vidal,INSTITUTO DE FOMENTO PESQUERO,Chaulinec,7,422803.3,732256.7,REDOX EHNHE,401.6666666666667,23/10/2021 15:56:00,X
43,ESTUDIO SEGUIMIENTO DESEMPEÑO AMBIENTAL ACUICULTURA EN CHILE Y SU EFECTO EN LOS ECOSISTEMAS DE EMPLAZAMIENTO 2021-2022,Objetivo 1. Actividad 2. Muestreos y Analisis sedimentos,Gastón Vidal,INSTITUTO DE FOMENTO PESQUERO,Chaulinec,10,422429.1,731921.4,REDOX EHNHE,405.40000000000003,23/10/2021 16:50:00,X
44,ESTUDIO SEGUIMIENTO DESEMPEÑO AMBIENTAL ACUICULTURA EN CHILE Y SU EFECTO EN LOS ECOSISTEMAS DE EMPLAZAMIENTO 2021-2022,Objetivo 1. Actividad 2. Muestreos y Analisis sedimentos,Gastón Vidal,INSTITUTO DE FOMENTO PESQUERO,Chaulinec,13,422634.7,733044.2,REDOX EHNHE,289.50000000000006,23/10/2021 15:25:00,X
45,ESTUDIO SEGUIMIENTO DESEMPEÑO AMBIENTAL ACUICULTURA EN CHILE Y SU EFECTO EN LOS ECOSISTEMAS DE EMPLAZAMIENTO 2021-2022,Objetivo 1. Actividad 2. Muestreos y Analisis sedimentos,Gastón Vidal,INSTITUTO DE FOMENTO PESQUERO,Tenaun,2,422246.5,733559.1,REDOX EHNHE,407.76666666666665,23/10/2021 11:00:00,X
46,ESTUDIO SEGUIMIENTO DESEMPEÑO AMBIENTAL ACUICULTURA EN CHILE Y SU EFECTO EN LOS ECOSISTEMAS DE EMPLAZAMIENTO 2021-2022,Objetivo 1. Actividad 2. Muestreos y Analisis sedimentos,Gastón Vidal,INSTITUTO DE FOMENTO PESQUERO,Tenaun,3,422307.4,733744.8,REDOX EHNHE,445.93333333333334,23/10/2021 00:00:00,X
47,ESTUDIO SEGUIMIENTO DESEMPEÑO AMBIENTAL ACUICULTURA EN CHILE Y SU EFECTO EN LOS ECOSISTEMAS DE EMPLAZAMIENTO 2021-2022,Objetivo 1. Actividad 2. Muestreos y Analisis sedimentos,Gastón Vidal,INSTITUTO DE FOMENTO PESQUERO,Tenaun,6,422215.1,733731.1,REDOX EHNHE,382.7333333333333,23/10/2021 10:15:00,X
48,ESTUDIO SEGUIMIENTO DESEMPEÑO AMBIENTAL ACUICULTURA EN CHILE Y SU EFECTO EN LOS ECOSISTEMAS DE EMPLAZAMIENTO 2021-2022,Objetivo 1. Actividad 2. Muestreos y Analisis sedimentos,Gastón Vidal,INSTITUTO DE FOMENTO PESQUERO,Tenaun,9,422139.1,733441.7,REDOX EHNHE,323.3,23/10/2021 12:25:00,X
49,ESTUDIO SEGUIMIENTO DESEMPEÑO AMBIENTAL ACUICULTURA EN CHILE Y SU EFECTO EN LOS ECOSISTEMAS DE EMPLAZAMIENTO 2021-2022,Objetivo 1. Actividad 2. Muestreos y Analisis sedimentos,Gastón Vidal,INSTITUTO DE FOMENTO PESQUERO,Tenaun,14,422026.0,733200.9,REDOX EHNHE,322.40000000000003,23/10/2021 13:40:00,X
50,ESTUDIO SEGUIMIENTO DESEMPEÑO AMBIENTAL ACUICULTURA EN CHILE Y SU EFECTO EN LOS ECOSISTEMAS DE EMPLAZAMIENTO 2021-2022,Objetivo 1. Actividad 2. Muestreos y Analisis sedimentos,Gastón Vidal,INSTITUTO DE FOMENTO PESQUERO,Chiloe central,1,423046.9,734515.6,REDOX EHNHE,362.6333333333334,26/10/2021 10:05:00,X
51,ESTUDIO SEGUIMIENTO DESEMPEÑO AMBIENTAL ACUICULTURA EN CHILE Y SU EFECTO EN LOS ECOSISTEMAS DE EMPLAZAMIENTO 2021-2022,Objetivo 1. Actividad 2. Muestreos y Analisis sedimentos,Gastón Vidal,INSTITUTO DE FOMENTO PESQUERO,Chiloe central,4,423259.2,734015.8,REDOX EHNHE,263.7,26/10/2021 08:20:00,X
52,ESTUDIO SEGUIMIENTO DESEMPEÑO AMBIENTAL ACUICULTURA EN CHILE Y SU EFECTO EN LOS ECOSISTEMAS DE EMPLAZAMIENTO 2021-2022,Objetivo 1. Actividad 2. Muestreos y Analisis sedimentos,Gastón Vidal,INSTITUTO DE FOMENTO PESQUERO,Chiloe central,6,423209.3,733613.2,REDOX EHNHE,215.73333333333335,25/10/2021 18:33:00,X
53,ESTUDIO SEGUIMIENTO DESEMPEÑO AMBIENTAL ACUICULTURA EN CHILE Y SU EFECTO EN LOS ECOSISTEMAS DE EMPLAZAMIENTO 2021-2022,Objetivo 1. Actividad 2. Muestreos y Analisis sedimentos,Gastón Vidal,INSTITUTO DE FOMENTO PESQUERO,Chiloe central,7,423029.3,733611.3,REDOX EHNHE,303.40000000000003,25/10/2021 17:48:00,X
54,ESTUDIO SEGUIMIENTO DESEMPEÑO AMBIENTAL ACUICULTURA EN CHILE Y SU EFECTO EN LOS ECOSISTEMAS DE EMPLAZAMIENTO 2021-2022,Objetivo 1. Actividad 2. Muestreos y Analisis sedimentos,Gastón Vidal,INSTITUTO DE FOMENTO PESQUERO,Chiloe central,11,422833.3,733241.1,REDOX EHNHE,246.5666666666667,25/10/2021 16:40:00,X
55,ESTUDIO SEGUIMIENTO DESEMPEÑO AMBIENTAL ACUICULTURA EN CHILE Y SU EFECTO EN LOS ECOSISTEMAS DE EMPLAZAMIENTO 2021-2022,Objetivo 1. Actividad 2. Muestreos y Analisis sedimentos,Gastón Vidal,INSTITUTO DE FOMENTO PESQUERO,Chiloe central,12,423059.3,732821.5,REDOX EHNHE,302.5,25/10/2021 16:05:00,X
56,ESTUDIO SEGUIMIENTO DESEMPEÑO AMBIENTAL ACUICULTURA EN CHILE Y SU EFECTO EN LOS ECOSISTEMAS DE EMPLAZAMIENTO 2021-2022,Objetivo 1. Actividad 2. Muestreos y Analisis sedimentos,Gastón Vidal,INSTITUTO DE FOMENTO PESQUERO,Chiloe central,16,424213.5,733738.2,REDOX EHNHE,282.93333333333334,26/10/2021 11:40:00,X
57,ESTUDIO SEGUIMIENTO DESEMPEÑO AMBIENTAL ACUICULTURA EN CHILE Y SU EFECTO EN LOS ECOSISTEMAS DE EMPLAZAMIENTO 2021-2022,Objetivo 1. Actividad 2. Muestreos y Analisis sedimentos,Gastón Vidal,INSTITUTO DE FOMENTO PESQUERO,Chiloe central,26,423654.6,732710.2,REDOX EHNHE,325.3666666666667,25/10/2021 15:00:00,X
58,ESTUDIO SEGUIMIENTO DESEMPEÑO AMBIENTAL ACUICULTURA EN CHILE Y SU EFECTO EN LOS ECOSISTEMAS DE EMPLAZAMIENTO 2021-2022,Objetivo 1. Actividad 2. Muestreos y Analisis sedimentos,Gastón Vidal,INSTITUTO DE FOMENTO PESQUERO,Desertores,1,424703.0,725635.9,REDOX EHNHE,617.1666666666666,30/10/2021 08:05:00,X
59,ESTUDIO SEGUIMIENTO DESEMPEÑO AMBIENTAL ACUICULTURA EN CHILE Y SU EFECTO EN LOS ECOSISTEMAS DE EMPLAZAMIENTO 2021-2022,Objetivo 1. Actividad 2. Muestreos y Analisis sedimentos,Gastón Vidal,INSTITUTO DE FOMENTO PESQUERO,Desertores,2,424756.1,725723.7,REDOX EHNHE,458.3,30/10/2021 09:00:00,X
60,ESTUDIO SEGUIMIENTO DESEMPEÑO AMBIENTAL ACUICULTURA EN CHILE Y SU EFECTO EN LOS ECOSISTEMAS DE EMPLAZAMIENTO 2021-2022,Objetivo 1. Actividad 2. Muestreos y Analisis sedimentos,Gastón Vidal,INSTITUTO DE FOMENTO PESQUERO,Desertores,3,424536.0,725951.7,REDOX EHNHE,431.09999999999997,30/10/2021 09:50:00,X
61,ESTUDIO SEGUIMIENTO DESEMPEÑO AMBIENTAL ACUICULTURA EN CHILE Y SU EFECTO EN LOS ECOSISTEMAS DE EMPLAZAMIENTO 2021-2022,Objetivo 1. Actividad 2. Muestreos y Analisis sedimentos,Gastón Vidal,INSTITUTO DE FOMENTO PESQUERO,Desertores,6,424206.5,730534.1,REDOX EHNHE,242.36666666666665,30/10/2021 10:55:00,X
62,ESTUDIO SEGUIMIENTO DESEMPEÑO AMBIENTAL ACUICULTURA EN CHILE Y SU EFECTO EN LOS ECOSISTEMAS DE EMPLAZAMIENTO 2021-2022,Objetivo 1. Actividad 2. Muestreos y Analisis sedimentos,Gastón Vidal,INSTITUTO DE FOMENTO PESQUERO,Quellon,6,431143.2,733811.2,REDOX EHNHE,331.3333333333333,27/10/2021 15:10:00,X
63,ESTUDIO SEGUIMIENTO DESEMPEÑO AMBIENTAL ACUICULTURA EN CHILE Y SU EFECTO EN LOS ECOSISTEMAS DE EMPLAZAMIENTO 2021-2022,Objetivo 1. Actividad 2. Muestreos y Analisis sedimentos,Gastón Vidal,INSTITUTO DE FOMENTO PESQUERO,Quellon,8,430739.5,734328.6,REDOX EHNHE,174.70000000000002,27/10/2021 16:35:00,X
64,ESTUDIO SEGUIMIENTO DESEMPEÑO AMBIENTAL ACUICULTURA EN CHILE Y SU EFECTO EN LOS ECOSISTEMAS DE EMPLAZAMIENTO 2021-2022,Objetivo 1. Actividad 2. Muestreos y Analisis sedimentos,Gastón Vidal,INSTITUTO DE FOMENTO PESQUERO,Quellon,11,430832.2,734013.7,REDOX EHNHE,248,27/10/2021 17:00:00,X
65,ESTUDIO SEGUIMIENTO DESEMPEÑO AMBIENTAL ACUICULTURA EN CHILE Y SU EFECTO EN LOS ECOSISTEMAS DE EMPLAZAMIENTO 2021-2022,Objetivo 1. Actividad 2. Muestreos y Analisis sedimentos,Gastón Vidal,INSTITUTO DE FOMENTO PESQUERO,Quellon,12,431133.5,733423.8,REDOX EHNHE,317.8,27/10/2021 14:09:00,X
66,ESTUDIO SEGUIMIENTO DESEMPEÑO AMBIENTAL ACUICULTURA EN CHILE Y SU EFECTO EN LOS ECOSISTEMAS DE EMPLAZAMIENTO 2021-2022,Objetivo 1. Actividad 2. Muestreos y Analisis sedimentos,Gastón Vidal,INSTITUTO DE FOMENTO PESQUERO,Quellon,13,430826.2,733310.7,REDOX EHNHE,402.1666666666667,27/10/2021 13:15:00,X
67,ESTUDIO SEGUIMIENTO DESEMPEÑO AMBIENTAL ACUICULTURA EN CHILE Y SU EFECTO EN LOS ECOSISTEMAS DE EMPLAZAMIENTO 2021-2022,Objetivo 1. Actividad 2. Muestreos y Analisis sedimentos,Gastón Vidal,INSTITUTO DE FOMENTO PESQUERO,Quellon,19,430307.5,732746.7,REDOX EHNHE,355.6666666666667,27/10/2021 10:45:00,X
68,ESTUDIO SEGUIMIENTO DESEMPEÑO AMBIENTAL ACUICULTURA EN CHILE Y SU EFECTO EN LOS ECOSISTEMAS DE EMPLAZAMIENTO 2021-2022,Objetivo 1. Actividad 2. Muestreos y Analisis sedimentos,Gastón Vidal,INSTITUTO DE FOMENTO PESQUERO,Quellon,21,430206.1,733133.1,REDOX EHNHE,304.8333333333333,27/10/2021 10:20:00,X
69,ESTUDIO SEGUIMIENTO DESEMPEÑO AMBIENTAL ACUICULTURA EN CHILE Y SU EFECTO EN LOS ECOSISTEMAS DE EMPLAZAMIENTO 2021-2022,Objetivo 1. Actividad 2. Muestreos y Analisis sedimentos,Gastón Vidal,INSTITUTO DE FOMENTO PESQUERO,Quellon,22,425921.8,732805.5,REDOX EHNHE,255.79999999999998,27/10/2021 09:00:00,X
70,ESTUDIO SEGUIMIENTO DESEMPEÑO AMBIENTAL ACUICULTURA EN CHILE Y SU EFECTO EN LOS ECOSISTEMAS DE EMPLAZAMIENTO 2021-2022,Objetivo 1. Actividad 2. Muestreos y Analisis sedimentos,Gastón Vidal,INSTITUTO DE FOMENTO PESQUERO,Quellon,26,425621.2,733649.9,REDOX EHNHE,306.6666666666667,27/10/2021 08:00:00,X
71,ESTUDIO SEGUIMIENTO DESEMPEÑO AMBIENTAL ACUICULTURA EN CHILE Y SU EFECTO EN LOS ECOSISTEMAS DE EMPLAZAMIENTO 2021-2022,Objetivo 1. Actividad 2. Muestreos y Analisis sedimentos,Gastón Vidal,INSTITUTO DE FOMENTO PESQUERO,Quellon,28,425525.9,733504.7,REDOX EHNHE,279.59999999999997,26/10/2021 15:20:00,X
72,ESTUDIO SEGUIMIENTO DESEMPEÑO AMBIENTAL ACUICULTURA EN CHILE Y SU EFECTO EN LOS ECOSISTEMAS DE EMPLAZAMIENTO 2021-2022,Objetivo 1. Actividad 2. Muestreos y Analisis sedimentos,Gastón Vidal,INSTITUTO DE FOMENTO PESQUERO,Quellon,32,425122.8,734130.9,REDOX EHNHE,271.3333333333333,26/10/2021 16:23:00,X
73,ESTUDIO SEGUIMIENTO DESEMPEÑO AMBIENTAL ACUICULTURA EN CHILE Y SU EFECTO EN LOS ECOSISTEMAS DE EMPLAZAMIENTO 2021-2022,Objetivo 1. Actividad 2. Muestreos y Analisis sedimentos,Gastón Vidal,INSTITUTO DE FOMENTO PESQUERO,Quellon,39,425415.3,732927.9,REDOX EHNHE,282.93333333333334,26/10/2021 14:00:00,X
74,ESTUDIO SEGUIMIENTO DESEMPEÑO AMBIENTAL ACUICULTURA EN CHILE Y SU EFECTO EN LOS ECOSISTEMAS DE EMPLAZAMIENTO 2021-2022,Objetivo 1. Actividad 2. Muestreos y Analisis sedimentos,Gastón Vidal,INSTITUTO DE FOMENTO PESQUERO,Hornopiren,3,420427.1,722759.7,REDOX EHNHE,547.8333333333334,01/11/2021 10:00:00,X
75,ESTUDIO SEGUIMIENTO DESEMPEÑO AMBIENTAL ACUICULTURA EN CHILE Y SU EFECTO EN LOS ECOSISTEMAS DE EMPLAZAMIENTO 2021-2022,Objetivo 1. Actividad 2. Muestreos y Analisis sedimentos,Gastón Vidal,INSTITUTO DE FOMENTO PESQUERO,Hornopiren,6,420209.6,723558.5,REDOX EHNHE,367.6333333333334,01/11/2021 12:20:00,X
76,ESTUDIO SEGUIMIENTO DESEMPEÑO AMBIENTAL ACUICULTURA EN CHILE Y SU EFECTO EN LOS ECOSISTEMAS DE EMPLAZAMIENTO 2021-2022,Objetivo 1. Actividad 2. Muestreos y Analisis sedimentos,Gastón Vidal,INSTITUTO DE FOMENTO PESQUERO,Hornopiren,7,420301.3,723537.3,REDOX EHNHE,328.26666666666665,01/11/2021 11:05:00,X
77,ESTUDIO SEGUIMIENTO DESEMPEÑO AMBIENTAL ACUICULTURA EN CHILE Y SU EFECTO EN LOS ECOSISTEMAS DE EMPLAZAMIENTO 2021-2022,Objetivo 1. Actividad 2. Muestreos y Analisis sedimentos,Gastón Vidal,INSTITUTO DE FOMENTO PESQUERO,Hornopiren,13,421433.8,722650.7,REDOX EHNHE,524.1,31/10/2021 14:42:00,X
78,ESTUDIO SEGUIMIENTO DESEMPEÑO AMBIENTAL ACUICULTURA EN CHILE Y SU EFECTO EN LOS ECOSISTEMAS DE EMPLAZAMIENTO 2021-2022,Objetivo 1. Actividad 2. Muestreos y Analisis sedimentos,Gastón Vidal,INSTITUTO DE FOMENTO PESQUERO,Hornopiren,14,421524.5,722346.8,REDOX EHNHE,236.6,31/10/2021 16:00:00,X
79,ESTUDIO SEGUIMIENTO DESEMPEÑO AMBIENTAL ACUICULTURA EN CHILE Y SU EFECTO EN LOS ECOSISTEMAS DE EMPLAZAMIENTO 2021-2022,Objetivo 1. Actividad 2. Muestreos y Analisis sedimentos,Gastón Vidal,INSTITUTO DE FOMENTO PESQUERO,Ayacara,1,421853.1,724721.9,REDOX EHNHE,439.5333333333333,30/11/2021 11:10:00,X
80,ESTUDIO SEGUIMIENTO DESEMPEÑO AMBIENTAL ACUICULTURA EN CHILE Y SU EFECTO EN LOS ECOSISTEMAS DE EMPLAZAMIENTO 2021-2022,Objetivo 1. Actividad 2. Muestreos y Analisis sedimentos,Gastón Vidal,INSTITUTO DE FOMENTO PESQUERO,Ayacara,2,422434.1,724307.0,REDOX EHNHE,552.2333333333332,30/11/2021 09:00:00,X
81,ESTUDIO SEGUIMIENTO DESEMPEÑO AMBIENTAL ACUICULTURA EN CHILE Y SU EFECTO EN LOS ECOSISTEMAS DE EMPLAZAMIENTO 2021-2022,Objetivo 1. Actividad 2. Muestreos y Analisis sedimentos,Gastón Vidal,INSTITUTO DE FOMENTO PESQUERO,Ayacara,3,423409.7,723139.7,REDOX EHNHE,282.2333333333333,30/10/2021 15:44:00,X
82,ESTUDIO SEGUIMIENTO DESEMPEÑO AMBIENTAL ACUICULTURA EN CHILE Y SU EFECTO EN LOS ECOSISTEMAS DE EMPLAZAMIENTO 2021-2022,Objetivo 1. Actividad 2. Muestreos y Analisis sedimentos,Gastón Vidal,INSTITUTO DE FOMENTO PESQUERO,Ayacara,4,423117.9,724140.8,REDOX EHNHE,311.50000000000006,30/10/2021 14:35:00,X
83,ESTUDIO SEGUIMIENTO DESEMPEÑO AMBIENTAL ACUICULTURA EN CHILE Y SU EFECTO EN LOS ECOSISTEMAS DE EMPLAZAMIENTO 2021-2022,Objetivo 1. Actividad 2. Muestreos y Analisis sedimentos,Gastón Vidal,INSTITUTO DE FOMENTO PESQUERO,Ayacara,7,423730.6,725115.4,REDOX EHNHE,357.43333333333334,30/10/2021 12:35:00,X
84,ESTUDIO SEGUIMIENTO DESEMPEÑO AMBIENTAL ACUICULTURA EN CHILE Y SU EFECTO EN LOS ECOSISTEMAS DE EMPLAZAMIENTO 2021-2022,Objetivo 1. Actividad 2. Muestreos y Analisis sedimentos,Gastón Vidal,INSTITUTO DE FOMENTO PESQUERO,Ayacara,9,424232.8,725058.9,REDOX EHNHE,346.4666666666667,29/10/2021 15:43:00,X
85,ESTUDIO SEGUIMIENTO DESEMPEÑO AMBIENTAL ACUICULTURA EN CHILE Y SU EFECTO EN LOS ECOSISTEMAS DE EMPLAZAMIENTO 2021-2022,Objetivo 1. Actividad 2. Muestreos y Analisis sedimentos,Gastón Vidal,INSTITUTO DE FOMENTO PESQUERO,Chaiten,3,424711.1,725049.9,REDOX EHNHE,400.5333333333333,29/10/2021 14:55:00,X
86,ESTUDIO SEGUIMIENTO DESEMPEÑO AMBIENTAL ACUICULTURA EN CHILE Y SU EFECTO EN LOS ECOSISTEMAS DE EMPLAZAMIENTO 2021-2022,Objetivo 1. Actividad 2. Muestreos y Analisis sedimentos,Gastón Vidal,INSTITUTO DE FOMENTO PESQUERO,Chaiten,4,425527.6,724459.6,REDOX EHNHE,321.06666666666666,29/10/2021 13:25:00,X
87,ESTUDIO SEGUIMIENTO DESEMPEÑO AMBIENTAL ACUICULTURA EN CHILE Y SU EFECTO EN LOS ECOSISTEMAS DE EMPLAZAMIENTO 2021-2022,Objetivo 1. Actividad 2. Muestreos y Analisis sedimentos,Gastón Vidal,INSTITUTO DE FOMENTO PESQUERO,Chaiten,12,431438.9,725308.2,REDOX EHNHE,585.9333333333334,29/10/2021 10:10:00,X
88,ESTUDIO SEGUIMIENTO DESEMPEÑO AMBIENTAL ACUICULTURA EN CHILE Y SU EFECTO EN LOS ECOSISTEMAS DE EMPLAZAMIENTO 2021-2022,Objetivo 1. Actividad 2. Muestreos y Analisis sedimentos,Gastón Vidal,INSTITUTO DE FOMENTO PESQUERO,Chaiten,14,431550.9,725835.0,REDOX EHNHE,437.8666666666666,29/10/2021 09:30:00,X
89,ESTUDIO SEGUIMIENTO DESEMPEÑO AMBIENTAL ACUICULTURA EN CHILE Y SU EFECTO EN LOS ECOSISTEMAS DE EMPLAZAMIENTO 2021-2022,Objetivo 1. Actividad 2. Muestreos y Analisis sedimentos,Gastón Vidal,INSTITUTO DE FOMENTO PESQUERO,Chaiten,18,433529.8,730022.5,REDOX EHNHE,531.3000000000001,19/11/2021 14:42:00,X
90,ESTUDIO SEGUIMIENTO DESEMPEÑO AMBIENTAL ACUICULTURA EN CHILE Y SU EFECTO EN LOS ECOSISTEMAS DE EMPLAZAMIENTO 2021-2022,Objetivo 1. Actividad 2. Muestreos y Analisis sedimentos,Gastón Vidal,INSTITUTO DE FOMENTO PESQUERO,Chaiten,19,433757.9,725704.9,REDOX EHNHE,511.4333333333334,19/11/2021 15:13:00,X
92,ESTUDIO SEGUIMIENTO DESEMPEÑO AMBIENTAL ACUICULTURA EN CHILE Y SU EFECTO EN LOS ECOSISTEMAS DE EMPLAZAMIENTO 2021-2022,Objetivo 1. Actividad 2. Muestreos y Analisis sedimentos,Gastón Vidal,INSTITUTO DE FOMENTO PESQUERO,Guaitecas,1,442931.1,740942.8,REDOX EHNHE,349.3666666666666,18/12/2021 13:05:00,XI
93,ESTUDIO SEGUIMIENTO DESEMPEÑO AMBIENTAL ACUICULTURA EN CHILE Y SU EFECTO EN LOS ECOSISTEMAS DE EMPLAZAMIENTO 2021-2022,Objetivo 1. Actividad 2. Muestreos y Analisis sedimentos,Gastón Vidal,INSTITUTO DE FOMENTO PESQUERO,Guaitecas,4,441418.4,741320.7,REDOX EHNHE,489.26666666666665,19/12/2021 08:22:00,XI
94,ESTUDIO SEGUIMIENTO DESEMPEÑO AMBIENTAL ACUICULTURA EN CHILE Y SU EFECTO EN LOS ECOSISTEMAS DE EMPLAZAMIENTO 2021-2022,Objetivo 1. Actividad 2. Muestreos y Analisis sedimentos,Gastón Vidal,INSTITUTO DE FOMENTO PESQUERO,Guaitecas,6,440829.0,740209.0,REDOX EHNHE,282.76666666666665,19/12/2021 09:30:00,XI
95,ESTUDIO SEGUIMIENTO DESEMPEÑO AMBIENTAL ACUICULTURA EN CHILE Y SU EFECTO EN LOS ECOSISTEMAS DE EMPLAZAMIENTO 2021-2022,Objetivo 1. Actividad 2. Muestreos y Analisis sedimentos,Gastón Vidal,INSTITUTO DE FOMENTO PESQUERO,Guaitecas,7,440453.4,735253.7,REDOX EHNHE,501.23333333333335,19/12/2021 11:00:00,XI
96,ESTUDIO SEGUIMIENTO DESEMPEÑO AMBIENTAL ACUICULTURA EN CHILE Y SU EFECTO EN LOS ECOSISTEMAS DE EMPLAZAMIENTO 2021-2022,Objetivo 1. Actividad 2. Muestreos y Analisis sedimentos,Gastón Vidal,INSTITUTO DE FOMENTO PESQUERO,Guaitecas,8,435456.5,735432.1,REDOX EHNHE,320.93333333333334,19/12/2021 18:58:00,XI
97,ESTUDIO SEGUIMIENTO DESEMPEÑO AMBIENTAL ACUICULTURA EN CHILE Y SU EFECTO EN LOS ECOSISTEMAS DE EMPLAZAMIENTO 2021-2022,Objetivo 1. Actividad 2. Muestreos y Analisis sedimentos,Gastón Vidal,INSTITUTO DE FOMENTO PESQUERO,Guaitecas,9,435329.1,735219.9,REDOX EHNHE,281.8,19/12/2021 19:42:00,XI
98,ESTUDIO SEGUIMIENTO DESEMPEÑO AMBIENTAL ACUICULTURA EN CHILE Y SU EFECTO EN LOS ECOSISTEMAS DE EMPLAZAMIENTO 2021-2022,Objetivo 1. Actividad 2. Muestreos y Analisis sedimentos,Gastón Vidal,INSTITUTO DE FOMENTO PESQUERO,Guaitecas,10,435638.0,734800.0,REDOX EHNHE,359.2666666666667,19/12/2021 18:00:00,XI
99,ESTUDIO SEGUIMIENTO DESEMPEÑO AMBIENTAL ACUICULTURA EN CHILE Y SU EFECTO EN LOS ECOSISTEMAS DE EMPLAZAMIENTO 2021-2022,Objetivo 1. Actividad 2. Muestreos y Analisis sedimentos,Gastón Vidal,INSTITUTO DE FOMENTO PESQUERO,Guaitecas,12,440031.4,734511.0,REDOX EHNHE,317.1,19/12/2021 16:55:00,XI
100,ESTUDIO SEGUIMIENTO DESEMPEÑO AMBIENTAL ACUICULTURA EN CHILE Y SU EFECTO EN LOS ECOSISTEMAS DE EMPLAZAMIENTO 2021-2022,Objetivo 1. Actividad 2. Muestreos y Analisis sedimentos,Gastón Vidal,INSTITUTO DE FOMENTO PESQUERO,Guaitecas,17,441715.5,734639.1,REDOX EHNHE,421.1333333333334,19/12/2021 13:21:00,XI
101,ESTUDIO SEGUIMIENTO DESEMPEÑO AMBIENTAL ACUICULTURA EN CHILE Y SU EFECTO EN LOS ECOSISTEMAS DE EMPLAZAMIENTO 2021-2022,Objetivo 1. Actividad 2. Muestreos y Analisis sedimentos,Gastón Vidal,INSTITUTO DE FOMENTO PESQUERO,Moraleda,2,451131.2,735840.6,REDOX EHNHE,466.5666666666666,14/12/2021 11:15:00,XI
102,ESTUDIO SEGUIMIENTO DESEMPEÑO AMBIENTAL ACUICULTURA EN CHILE Y SU EFECTO EN LOS ECOSISTEMAS DE EMPLAZAMIENTO 2021-2022,Objetivo 1. Actividad 2. Muestreos y Analisis sedimentos,Gastón Vidal,INSTITUTO DE FOMENTO PESQUERO,Moraleda,4,450957.9,740833.4,REDOX EHNHE,597.8666666666667,14/12/2021 09:50:00,XI
103,ESTUDIO SEGUIMIENTO DESEMPEÑO AMBIENTAL ACUICULTURA EN CHILE Y SU EFECTO EN LOS ECOSISTEMAS DE EMPLAZAMIENTO 2021-2022,Objetivo 1. Actividad 2. Muestreos y Analisis sedimentos,Gastón Vidal,INSTITUTO DE FOMENTO PESQUERO,Moraleda,5,450801.8,741520.1,REDOX EHNHE,538.8666666666667,14/12/2021 08:55:00,XI
104,ESTUDIO SEGUIMIENTO DESEMPEÑO AMBIENTAL ACUICULTURA EN CHILE Y SU EFECTO EN LOS ECOSISTEMAS DE EMPLAZAMIENTO 2021-2022,Objetivo 1. Actividad 2. Muestreos y Analisis sedimentos,Gastón Vidal,INSTITUTO DE FOMENTO PESQUERO,Moraleda,12,444145.4,735257.1,REDOX EHNHE,233.5666666666667,18/12/2021 09:25:00,XI
105,ESTUDIO SEGUIMIENTO DESEMPEÑO AMBIENTAL ACUICULTURA EN CHILE Y SU EFECTO EN LOS ECOSISTEMAS DE EMPLAZAMIENTO 2021-2022,Objetivo 1. Actividad 2. Muestreos y Analisis sedimentos,Gastón Vidal,INSTITUTO DE FOMENTO PESQUERO,Moraleda,13,443935.6,735252.9,REDOX EHNHE,432.3666666666666,18/12/2021 10:15:00,XI
106,ESTUDIO SEGUIMIENTO DESEMPEÑO AMBIENTAL ACUICULTURA EN CHILE Y SU EFECTO EN LOS ECOSISTEMAS DE EMPLAZAMIENTO 2021-2022,Objetivo 1. Actividad 2. Muestreos y Analisis sedimentos,Gastón Vidal,INSTITUTO DE FOMENTO PESQUERO,Moraleda,14,443608.6,740025.9,REDOX EHNHE,328.73333333333335,18/12/2021 11:30:00,XI
107,ESTUDIO SEGUIMIENTO DESEMPEÑO AMBIENTAL ACUICULTURA EN CHILE Y SU EFECTO EN LOS ECOSISTEMAS DE EMPLAZAMIENTO 2021-2022,Objetivo 1. Actividad 2. Muestreos y Analisis sedimentos,Gastón Vidal,INSTITUTO DE FOMENTO PESQUERO,Moraleda,16,443308.8,740650.1,REDOX EHNHE,49.43333333333334,18/12/2021 13:20:00,XI
108,ESTUDIO SEGUIMIENTO DESEMPEÑO AMBIENTAL ACUICULTURA EN CHILE Y SU EFECTO EN LOS ECOSISTEMAS DE EMPLAZAMIENTO 2021-2022,Objetivo 1. Actividad 2. Muestreos y Analisis sedimentos,Gastón Vidal,INSTITUTO DE FOMENTO PESQUERO,Moraleda,17,440830.9,733501.0,REDOX EHNHE,306.26666666666665,19/12/2021 15:15:00,XI
109,ESTUDIO SEGUIMIENTO DESEMPEÑO AMBIENTAL ACUICULTURA EN CHILE Y SU EFECTO EN LOS ECOSISTEMAS DE EMPLAZAMIENTO 2021-2022,Objetivo 1. Actividad 2. Muestreos y Analisis sedimentos,Gastón Vidal,INSTITUTO DE FOMENTO PESQUERO,Moraleda,19,434430.9,730056.5,REDOX EHNHE,516.2333333333332,20/11/2021 09:25:00,XI
110,ESTUDIO SEGUIMIENTO DESEMPEÑO AMBIENTAL ACUICULTURA EN CHILE Y SU EFECTO EN LOS ECOSISTEMAS DE EMPLAZAMIENTO 2021-2022,Objetivo 1. Actividad 2. Muestreos y Analisis sedimentos,Gastón Vidal,INSTITUTO DE FOMENTO PESQUERO,Moraleda,25,440204.1,731205.2,REDOX EHNHE,571.8000000000001,02/12/2021 16:55:00,XI
111,ESTUDIO SEGUIMIENTO DESEMPEÑO AMBIENTAL ACUICULTURA EN CHILE Y SU EFECTO EN LOS ECOSISTEMAS DE EMPLAZAMIENTO 2021-2022,Objetivo 1. Actividad 2. Muestreos y Analisis sedimentos,Gastón Vidal,INSTITUTO DE FOMENTO PESQUERO,Moraleda,31,442248.0,730431.7,REDOX EHNHE,557.3666666666667,03/12/2021 14:42:00,XI
112,ESTUDIO SEGUIMIENTO DESEMPEÑO AMBIENTAL ACUICULTURA EN CHILE Y SU EFECTO EN LOS ECOSISTEMAS DE EMPLAZAMIENTO 2021-2022,Objetivo 1. Actividad 2. Muestreos y Analisis sedimentos,Gastón Vidal,INSTITUTO DE FOMENTO PESQUERO,Moraleda,32,450149.0,732702.0,REDOX EHNHE,429.93333333333334,05/12/2021 14:30:00,XI
113,ESTUDIO SEGUIMIENTO DESEMPEÑO AMBIENTAL ACUICULTURA EN CHILE Y SU EFECTO EN LOS ECOSISTEMAS DE EMPLAZAMIENTO 2021-2022,Objetivo 1. Actividad 2. Muestreos y Analisis sedimentos,Gastón Vidal,INSTITUTO DE FOMENTO PESQUERO,Puyuhuapi,5,443139.8,724117.0,REDOX EHNHE,504.56666666666666,03/12/2021 18:25:00,XI
114,ESTUDIO SEGUIMIENTO DESEMPEÑO AMBIENTAL ACUICULTURA EN CHILE Y SU EFECTO EN LOS ECOSISTEMAS DE EMPLAZAMIENTO 2021-2022,Objetivo 1. Actividad 2. Muestreos y Analisis sedimentos,Gastón Vidal,INSTITUTO DE FOMENTO PESQUERO,Puyuhuapi,7,443955.1,725020.8,REDOX EHNHE,462.7333333333333,04/12/2021 12:20:00,XI
115,ESTUDIO SEGUIMIENTO DESEMPEÑO AMBIENTAL ACUICULTURA EN CHILE Y SU EFECTO EN LOS ECOSISTEMAS DE EMPLAZAMIENTO 2021-2022,Objetivo 1. Actividad 2. Muestreos y Analisis sedimentos,Gastón Vidal,INSTITUTO DE FOMENTO PESQUERO,Puyuhuapi,8,444209.3,724807.1,REDOX EHNHE,408.59999999999997,04/12/2021 15:15:00,XI
116,ESTUDIO SEGUIMIENTO DESEMPEÑO AMBIENTAL ACUICULTURA EN CHILE Y SU EFECTO EN LOS ECOSISTEMAS DE EMPLAZAMIENTO 2021-2022,Objetivo 1. Actividad 2. Muestreos y Analisis sedimentos,Gastón Vidal,INSTITUTO DE FOMENTO PESQUERO,Puyuhuapi,10,444937.8,725757.3,REDOX EHNHE,222.4,04/12/2021 19:40:00,XI
117,ESTUDIO SEGUIMIENTO DESEMPEÑO AMBIENTAL ACUICULTURA EN CHILE Y SU EFECTO EN LOS ECOSISTEMAS DE EMPLAZAMIENTO 2021-2022,Objetivo 1. Actividad 2. Muestreos y Analisis sedimentos,Gastón Vidal,INSTITUTO DE FOMENTO PESQUERO,Puyuhuapi,12,445441.9,730811.9,REDOX EHNHE,409.4666666666667,05/12/2021 08:50:00,XI
118,ESTUDIO SEGUIMIENTO DESEMPEÑO AMBIENTAL ACUICULTURA EN CHILE Y SU EFECTO EN LOS ECOSISTEMAS DE EMPLAZAMIENTO 2021-2022,Objetivo 1. Actividad 2. Muestreos y Analisis sedimentos,Gastón Vidal,INSTITUTO DE FOMENTO PESQUERO,Aysen,1,452639.7,730033.3,REDOX EHNHE,104.76666666666665,15/12/2021 14:50:00,XI
119,ESTUDIO SEGUIMIENTO DESEMPEÑO AMBIENTAL ACUICULTURA EN CHILE Y SU EFECTO EN LOS ECOSISTEMAS DE EMPLAZAMIENTO 2021-2022,Objetivo 1. Actividad 2. Muestreos y Analisis sedimentos,Gastón Vidal,INSTITUTO DE FOMENTO PESQUERO,Aysen,3,451953.0,732236.0,REDOX EHNHE,416.8333333333333,14/12/2021 18:40:00,XI
120,ESTUDIO SEGUIMIENTO DESEMPEÑO AMBIENTAL ACUICULTURA EN CHILE Y SU EFECTO EN LOS ECOSISTEMAS DE EMPLAZAMIENTO 2021-2022,Objetivo 1. Actividad 2. Muestreos y Analisis sedimentos,Gastón Vidal,INSTITUTO DE FOMENTO PESQUERO,Aysen,5,452421.9,733225.0,REDOX EHNHE,491.23333333333335,06/12/2021 15:40:00,XI
121,ESTUDIO SEGUIMIENTO DESEMPEÑO AMBIENTAL ACUICULTURA EN CHILE Y SU EFECTO EN LOS ECOSISTEMAS DE EMPLAZAMIENTO 2021-2022,Objetivo 1. Actividad 2. Muestreos y Analisis sedimentos,Gastón Vidal,INSTITUTO DE FOMENTO PESQUERO,Aysen,6,453734.9,733550.9,REDOX EHNHE,499.1666666666667,06/12/2021 19:40:00,XI
122,ESTUDIO SEGUIMIENTO DESEMPEÑO AMBIENTAL ACUICULTURA EN CHILE Y SU EFECTO EN LOS ECOSISTEMAS DE EMPLAZAMIENTO 2021-2022,Objetivo 1. Actividad 2. Muestreos y Analisis sedimentos,Gastón Vidal,INSTITUTO DE FOMENTO PESQUERO,Aysen,7,454508.5,733655.3,REDOX EHNHE,511.59999999999997,07/12/2021 10:50:00,XI
123,ESTUDIO SEGUIMIENTO DESEMPEÑO AMBIENTAL ACUICULTURA EN CHILE Y SU EFECTO EN LOS ECOSISTEMAS DE EMPLAZAMIENTO 2021-2022,Objetivo 1. Actividad 2. Muestreos y Analisis sedimentos,Gastón Vidal,INSTITUTO DE FOMENTO PESQUERO,Aysen,10,455717.6,733619.7,REDOX EHNHE,478.76666666666665,11/12/2021 10:50:00,XI
125,ESTUDIO SEGUIMIENTO DESEMPEÑO AMBIENTAL ACUICULTURA EN CHILE Y SU EFECTO EN LOS ECOSISTEMAS DE EMPLAZAMIENTO 2021-2022,Objetivo 1. Actividad 2. Muestreos y Analisis sedimentos,Gastón Vidal,INSTITUTO DE FOMENTO PESQUERO,Aysen,13,461329.4,734345.5,REDOX EHNHE,302.2333333333333,12/12/2021 16:35:00,XI
126,ESTUDIO SEGUIMIENTO DESEMPEÑO AMBIENTAL ACUICULTURA EN CHILE Y SU EFECTO EN LOS ECOSISTEMAS DE EMPLAZAMIENTO 2021-2022,Objetivo 1. Actividad 2. Muestreos y Analisis sedimentos,Gastón Vidal,INSTITUTO DE FOMENTO PESQUERO,Aysen,18,460557.7,735202.9,REDOX EHNHE,268.56666666666666,12/12/2021 17:35:00,XI
127,ESTUDIO SEGUIMIENTO DESEMPEÑO AMBIENTAL ACUICULTURA EN CHILE Y SU EFECTO EN LOS ECOSISTEMAS DE EMPLAZAMIENTO 2021-2022,Objetivo 1. Actividad 2. Muestreos y Analisis sedimentos,Gastón Vidal,INSTITUTO DE FOMENTO PESQUERO,Aysen,19,460107.9,735645.7,REDOX EHNHE,588.3000000000001,13/12/2021 08:35:00,XI
128,ESTUDIO SEGUIMIENTO DESEMPEÑO AMBIENTAL ACUICULTURA EN CHILE Y SU EFECTO EN LOS ECOSISTEMAS DE EMPLAZAMIENTO 2021-2022,Objetivo 1. Actividad 2. Muestreos y Analisis sedimentos,Gastón Vidal,INSTITUTO DE FOMENTO PESQUERO,Aysen,24,454429.7,740423.3,REDOX EHNHE,460.4333333333334,13/12/2021 10:30:00,XI
129,ESTUDIO SEGUIMIENTO DESEMPEÑO AMBIENTAL ACUICULTURA EN CHILE Y SU EFECTO EN LOS ECOSISTEMAS DE EMPLAZAMIENTO 2021-2022,Objetivo 1. Actividad 2. Muestreos y Analisis sedimentos,Gastón Vidal,INSTITUTO DE FOMENTO PESQUERO,Aysen,25,454137.5,741704.6,REDOX EHNHE,563.3666666666667,13/12/2021 13:00:00,XI
130,ESTUDIO SEGUIMIENTO DESEMPEÑO AMBIENTAL ACUICULTURA EN CHILE Y SU EFECTO EN LOS ECOSISTEMAS DE EMPLAZAMIENTO 2021-2022,Objetivo 1. Actividad 2. Muestreos y Analisis sedimentos,Gastón Vidal,INSTITUTO DE FOMENTO PESQUERO,Aysen,28,453351.4,741310.2,REDOX EHNHE,266.9,13/12/2021 15:00:00,XI
131,ESTUDIO SEGUIMIENTO DESEMPEÑO AMBIENTAL ACUICULTURA EN CHILE Y SU EFECTO EN LOS ECOSISTEMAS DE EMPLAZAMIENTO 2021-2022,Objetivo 1. Actividad 2. Muestreos y Analisis sedimentos,Gastón Vidal,INSTITUTO DE FOMENTO PESQUERO,Aysen,30,452356.0,741521.0,REDOX EHNHE,302.2,13/12/2021 16:45:00,XI
132,ESTUDIO SEGUIMIENTO DESEMPEÑO AMBIENTAL ACUICULTURA EN CHILE Y SU EFECTO EN LOS ECOSISTEMAS DE EMPLAZAMIENTO 2021-2022,Objetivo 1. Actividad 2. Muestreos y Analisis sedimentos,Gastón Vidal,INSTITUTO DE FOMENTO PESQUERO,Aysen,34,451659.5,734350.5,REDOX EHNHE,337.03333333333336,14/12/2021 13:52:00,XI
133,ESTUDIO SEGUIMIENTO DESEMPEÑO AMBIENTAL ACUICULTURA EN CHILE Y SU EFECTO EN LOS ECOSISTEMAS DE EMPLAZAMIENTO 2021-2022,Objetivo 1. Actividad 2. Muestreos y Analisis sedimentos,Gastón Vidal,INSTITUTO DE FOMENTO PESQUERO,Natales,2,513604.7,724301.6,REDOX EHNHE,139.79999999999998,15/02/2022 08:15:00,XII
134,ESTUDIO SEGUIMIENTO DESEMPEÑO AMBIENTAL ACUICULTURA EN CHILE Y SU EFECTO EN LOS ECOSISTEMAS DE EMPLAZAMIENTO 2021-2022,Objetivo 1. Actividad 2. Muestreos y Analisis sedimentos,Gastón Vidal,INSTITUTO DE FOMENTO PESQUERO,Natales,3,514018.2,723753.1,REDOX EHNHE,83.53333333333333,15/02/2022 09:18:00,XII
135,ESTUDIO SEGUIMIENTO DESEMPEÑO AMBIENTAL ACUICULTURA EN CHILE Y SU EFECTO EN LOS ECOSISTEMAS DE EMPLAZAMIENTO 2021-2022,Objetivo 1. Actividad 2. Muestreos y Analisis sedimentos,Gastón Vidal,INSTITUTO DE FOMENTO PESQUERO,Natales,5,514929.7,723739.8,REDOX EHNHE,141.16666666666666,12/02/2022 21:13:00,XII
136,ESTUDIO SEGUIMIENTO DESEMPEÑO AMBIENTAL ACUICULTURA EN CHILE Y SU EFECTO EN LOS ECOSISTEMAS DE EMPLAZAMIENTO 2021-2022,Objetivo 1. Actividad 2. Muestreos y Analisis sedimentos,Gastón Vidal,INSTITUTO DE FOMENTO PESQUERO,Natales,9,514601.6,725405.0,REDOX EHNHE,541.8000000000001,14/02/2022 17:05:00,XII
137,ESTUDIO SEGUIMIENTO DESEMPEÑO AMBIENTAL ACUICULTURA EN CHILE Y SU EFECTO EN LOS ECOSISTEMAS DE EMPLAZAMIENTO 2021-2022,Objetivo 1. Actividad 2. Muestreos y Analisis sedimentos,Gastón Vidal,INSTITUTO DE FOMENTO PESQUERO,Natales,10,520357.8,725602.0,REDOX EHNHE,320.46666666666664,13/02/2022 12:50:00,XII
138,ESTUDIO SEGUIMIENTO DESEMPEÑO AMBIENTAL ACUICULTURA EN CHILE Y SU EFECTO EN LOS ECOSISTEMAS DE EMPLAZAMIENTO 2021-2022,Objetivo 1. Actividad 2. Muestreos y Analisis sedimentos,Gastón Vidal,INSTITUTO DE FOMENTO PESQUERO,Natales,11,521159.7,725703.6,REDOX EHNHE,100.93333333333332,13/02/2022 16:10:00,XII
139,ESTUDIO SEGUIMIENTO DESEMPEÑO AMBIENTAL ACUICULTURA EN CHILE Y SU EFECTO EN LOS ECOSISTEMAS DE EMPLAZAMIENTO 2021-2022,Objetivo 1. Actividad 2. Muestreos y Analisis sedimentos,Gastón Vidal,INSTITUTO DE FOMENTO PESQUERO,Natales,13,521310.4,725226.1,REDOX EHNHE,381.76666666666665,13/02/2022 17:42:00,XII
140,ESTUDIO SEGUIMIENTO DESEMPEÑO AMBIENTAL ACUICULTURA EN CHILE Y SU EFECTO EN LOS ECOSISTEMAS DE EMPLAZAMIENTO 2021-2022,Objetivo 1. Actividad 2. Muestreos y Analisis sedimentos,Gastón Vidal,INSTITUTO DE FOMENTO PESQUERO,Natales,14,520439.3,723937.6,REDOX EHNHE,143.36666666666665,12/02/2022 23:55:00,XII
1,ESTUDIO SEGUIMIENTO DESEMPEÑO AMBIENTAL ACUICULTURA EN CHILE Y SU EFECTO EN LOS ECOSISTEMAS DE EMPLAZAMIENTO 2021-2022,Objetivo 1. Actividad 2. Muestreos y Analisis sedimentos,Gastón Vidal,INSTITUTO DE FOMENTO PESQUERO,Estuario,1,412614.9,721747.9,SULFUROS,2011.0306235245644,15/11/2021 15:30:00,X
2,ESTUDIO SEGUIMIENTO DESEMPEÑO AMBIENTAL ACUICULTURA EN CHILE Y SU EFECTO EN LOS ECOSISTEMAS DE EMPLAZAMIENTO 2021-2022,Objetivo 1. Actividad 2. Muestreos y Analisis sedimentos,Gastón Vidal,INSTITUTO DE FOMENTO PESQUERO,Estuario,2,412807.3,721843.5,SULFUROS,199.2302566256291,15/11/2021 14:50:00,X
4,ESTUDIO SEGUIMIENTO DESEMPEÑO AMBIENTAL ACUICULTURA EN CHILE Y SU EFECTO EN LOS ECOSISTEMAS DE EMPLAZAMIENTO 2021-2022,Objetivo 1. Actividad 2. Muestreos y Analisis sedimentos,Gastón Vidal,INSTITUTO DE FOMENTO PESQUERO,Estuario,5,413039.3,721721.1,SULFUROS,40.28348300110229,15/11/2021 13:45:00,X
5,ESTUDIO SEGUIMIENTO DESEMPEÑO AMBIENTAL ACUICULTURA EN CHILE Y SU EFECTO EN LOS ECOSISTEMAS DE EMPLAZAMIENTO 2021-2022,Objetivo 1. Actividad 2. Muestreos y Analisis sedimentos,Gastón Vidal,INSTITUTO DE FOMENTO PESQUERO,Estuario,6,413132.6,722021.4,SULFUROS,233.63811455129294,15/11/2021 11:25:00,X
7,ESTUDIO SEGUIMIENTO DESEMPEÑO AMBIENTAL ACUICULTURA EN CHILE Y SU EFECTO EN LOS ECOSISTEMAS DE EMPLAZAMIENTO 2021-2022,Objetivo 1. Actividad 2. Muestreos y Analisis sedimentos,Gastón Vidal,INSTITUTO DE FOMENTO PESQUERO,Estuario,8,413533.0,722110.7,SULFUROS,372.2525625654186,15/11/2021 10:40:00,X
8,ESTUDIO SEGUIMIENTO DESEMPEÑO AMBIENTAL ACUICULTURA EN CHILE Y SU EFECTO EN LOS ECOSISTEMAS DE EMPLAZAMIENTO 2021-2022,Objetivo 1. Actividad 2. Muestreos y Analisis sedimentos,Gastón Vidal,INSTITUTO DE FOMENTO PESQUERO,Estuario,12,413938.3,722058.9,SULFUROS,104.63497572173611,15/11/2021 09:55:00,X
9,ESTUDIO SEGUIMIENTO DESEMPEÑO AMBIENTAL ACUICULTURA EN CHILE Y SU EFECTO EN LOS ECOSISTEMAS DE EMPLAZAMIENTO 2021-2022,Objetivo 1. Actividad 2. Muestreos y Analisis sedimentos,Gastón Vidal,INSTITUTO DE FOMENTO PESQUERO,Estuario,17,414052.7,722801.1,SULFUROS,57.08983239097913,15/11/2021 09:00:00,X
10,ESTUDIO SEGUIMIENTO DESEMPEÑO AMBIENTAL ACUICULTURA EN CHILE Y SU EFECTO EN LOS ECOSISTEMAS DE EMPLAZAMIENTO 2021-2022,Objetivo 1. Actividad 2. Muestreos y Analisis sedimentos,Gastón Vidal,INSTITUTO DE FOMENTO PESQUERO,Estuario,21,414330.8,723048.5,SULFUROS,428.17864059950017,15/11/2021 08:20:00,X
13,ESTUDIO SEGUIMIENTO DESEMPEÑO AMBIENTAL ACUICULTURA EN CHILE Y SU EFECTO EN LOS ECOSISTEMAS DE EMPLAZAMIENTO 2021-2022,Objetivo 1. Actividad 2. Muestreos y Analisis sedimentos,Gastón Vidal,INSTITUTO DE FOMENTO PESQUERO,Reloncavi,5,415307.1,725602.6,SULFUROS,0.05,01/11/2021 20:00:00,X
15,ESTUDIO SEGUIMIENTO DESEMPEÑO AMBIENTAL ACUICULTURA EN CHILE Y SU EFECTO EN LOS ECOSISTEMAS DE EMPLAZAMIENTO 2021-2022,Objetivo 1. Actividad 2. Muestreos y Analisis sedimentos,Gastón Vidal,INSTITUTO DE FOMENTO PESQUERO,Reloncavi,13,412948.4,725730.9,SULFUROS,296.96049711059914,04/11/2021 17:00:00,X
16,ESTUDIO SEGUIMIENTO DESEMPEÑO AMBIENTAL ACUICULTURA EN CHILE Y SU EFECTO EN LOS ECOSISTEMAS DE EMPLAZAMIENTO 2021-2022,Objetivo 1. Actividad 2. Muestreos y Analisis sedimentos,Gastón Vidal,INSTITUTO DE FOMENTO PESQUERO,Reloncavi,15,413105.3,724724.2,SULFUROS,164.00600906689613,13/11/2021 12:00:00,X
17,ESTUDIO SEGUIMIENTO DESEMPEÑO AMBIENTAL ACUICULTURA EN CHILE Y SU EFECTO EN LOS ECOSISTEMAS DE EMPLAZAMIENTO 2021-2022,Objetivo 1. Actividad 2. Muestreos y Analisis sedimentos,Gastón Vidal,INSTITUTO DE FOMENTO PESQUERO,Reloncavi,17,413450.6,724336.9,SULFUROS,134.26957773775553,13/11/2021 14:30:00,X
18,ESTUDIO SEGUIMIENTO DESEMPEÑO AMBIENTAL ACUICULTURA EN CHILE Y SU EFECTO EN LOS ECOSISTEMAS DE EMPLAZAMIENTO 2021-2022,Objetivo 1. Actividad 2. Muestreos y Analisis sedimentos,Gastón Vidal,INSTITUTO DE FOMENTO PESQUERO,Reloncavi,19,413707.8,724152.2,SULFUROS,556.7097538410911,13/11/2021 13:10:00,X
19,ESTUDIO SEGUIMIENTO DESEMPEÑO AMBIENTAL ACUICULTURA EN CHILE Y SU EFECTO EN LOS ECOSISTEMAS DE EMPLAZAMIENTO 2021-2022,Objetivo 1. Actividad 2. Muestreos y Analisis sedimentos,Gastón Vidal,INSTITUTO DE FOMENTO PESQUERO,Reloncavi,21,413751.5,724023.2,SULFUROS,90.37431332670953,13/11/2021 13:44:00,X
21,ESTUDIO SEGUIMIENTO DESEMPEÑO AMBIENTAL ACUICULTURA EN CHILE Y SU EFECTO EN LOS ECOSISTEMAS DE EMPLAZAMIENTO 2021-2022,Objetivo 1. Actividad 2. Muestreos y Analisis sedimentos,Gastón Vidal,INSTITUTO DE FOMENTO PESQUERO,Calbuco,1,414442.2,730610.3,SULFUROS,1934.6762529999276,04/11/2021 13:30:00,X
22,ESTUDIO SEGUIMIENTO DESEMPEÑO AMBIENTAL ACUICULTURA EN CHILE Y SU EFECTO EN LOS ECOSISTEMAS DE EMPLAZAMIENTO 2021-2022,Objetivo 1. Actividad 2. Muestreos y Analisis sedimentos,Gastón Vidal,INSTITUTO DE FOMENTO PESQUERO,Calbuco,2,414630.1,730505.2,SULFUROS,599.5154207887894,04/11/2021 10:50:00,X
23,ESTUDIO SEGUIMIENTO DESEMPEÑO AMBIENTAL ACUICULTURA EN CHILE Y SU EFECTO EN LOS ECOSISTEMAS DE EMPLAZAMIENTO 2021-2022,Objetivo 1. Actividad 2. Muestreos y Analisis sedimentos,Gastón Vidal,INSTITUTO DE FOMENTO PESQUERO,Calbuco,8,414314.7,730933.2,SULFUROS,770.5119574587512,04/11/2021 11:49:00,X
24,ESTUDIO SEGUIMIENTO DESEMPEÑO AMBIENTAL ACUICULTURA EN CHILE Y SU EFECTO EN LOS ECOSISTEMAS DE EMPLAZAMIENTO 2021-2022,Objetivo 1. Actividad 2. Muestreos y Analisis sedimentos,Gastón Vidal,INSTITUTO DE FOMENTO PESQUERO,Calbuco,16,414822.6,731018.3,SULFUROS,346.80305985544487,04/11/2021 10:00:00,X
28,ESTUDIO SEGUIMIENTO DESEMPEÑO AMBIENTAL ACUICULTURA EN CHILE Y SU EFECTO EN LOS ECOSISTEMAS DE EMPLAZAMIENTO 2021-2022,Objetivo 1. Actividad 2. Muestreos y Analisis sedimentos,Gastón Vidal,INSTITUTO DE FOMENTO PESQUERO,Calbuco,30,415019.0,730822.5,SULFUROS,340.6127062608836,02/11/2021 09:10:00,X
29,ESTUDIO SEGUIMIENTO DESEMPEÑO AMBIENTAL ACUICULTURA EN CHILE Y SU EFECTO EN LOS ECOSISTEMAS DE EMPLAZAMIENTO 2021-2022,Objetivo 1. Actividad 2. Muestreos y Analisis sedimentos,Gastón Vidal,INSTITUTO DE FOMENTO PESQUERO,Chacao,2,415659.3,733134.3,SULFUROS,65.5071123271758,02/11/2021 13:15:00,X
30,ESTUDIO SEGUIMIENTO DESEMPEÑO AMBIENTAL ACUICULTURA EN CHILE Y SU EFECTO EN LOS ECOSISTEMAS DE EMPLAZAMIENTO 2021-2022,Objetivo 1. Actividad 2. Muestreos y Analisis sedimentos,Gastón Vidal,INSTITUTO DE FOMENTO PESQUERO,Chacao,6,415415.1,732906.8,SULFUROS,81.89439865103783,02/11/2021 12:45:00,X
31,ESTUDIO SEGUIMIENTO DESEMPEÑO AMBIENTAL ACUICULTURA EN CHILE Y SU EFECTO EN LOS ECOSISTEMAS DE EMPLAZAMIENTO 2021-2022,Objetivo 1. Actividad 2. Muestreos y Analisis sedimentos,Gastón Vidal,INSTITUTO DE FOMENTO PESQUERO,Chacao,12,415217.3,733107.9,SULFUROS,137.87298688438727,02/11/2021 11:55:00,X
33,ESTUDIO SEGUIMIENTO DESEMPEÑO AMBIENTAL ACUICULTURA EN CHILE Y SU EFECTO EN LOS ECOSISTEMAS DE EMPLAZAMIENTO 2021-2022,Objetivo 1. Actividad 2. Muestreos y Analisis sedimentos,Gastón Vidal,INSTITUTO DE FOMENTO PESQUERO,Butachauques,1,421917.6,731519.1,SULFUROS,44.269752136009295,22/10/2021 17:50:00,X
34,ESTUDIO SEGUIMIENTO DESEMPEÑO AMBIENTAL ACUICULTURA EN CHILE Y SU EFECTO EN LOS ECOSISTEMAS DE EMPLAZAMIENTO 2021-2022,Objetivo 1. Actividad 2. Muestreos y Analisis sedimentos,Gastón Vidal,INSTITUTO DE FOMENTO PESQUERO,Butachauques,3,421702.6,731506.7,SULFUROS,123.51828056851491,25/10/2021 08:25:00,X
36,ESTUDIO SEGUIMIENTO DESEMPEÑO AMBIENTAL ACUICULTURA EN CHILE Y SU EFECTO EN LOS ECOSISTEMAS DE EMPLAZAMIENTO 2021-2022,Objetivo 1. Actividad 2. Muestreos y Analisis sedimentos,Gastón Vidal,INSTITUTO DE FOMENTO PESQUERO,Butachauques,10,421645.3,732049.7,SULFUROS,0.05,25/10/2021 09:10:00,X
37,ESTUDIO SEGUIMIENTO DESEMPEÑO AMBIENTAL ACUICULTURA EN CHILE Y SU EFECTO EN LOS ECOSISTEMAS DE EMPLAZAMIENTO 2021-2022,Objetivo 1. Actividad 2. Muestreos y Analisis sedimentos,Gastón Vidal,INSTITUTO DE FOMENTO PESQUERO,Butachauques,12,421224.4,732358.0,SULFUROS,162.49345094839643,02/11/2021 16:50:00,X
38,ESTUDIO SEGUIMIENTO DESEMPEÑO AMBIENTAL ACUICULTURA EN CHILE Y SU EFECTO EN LOS ECOSISTEMAS DE EMPLAZAMIENTO 2021-2022,Objetivo 1. Actividad 2. Muestreos y Analisis sedimentos,Gastón Vidal,INSTITUTO DE FOMENTO PESQUERO,Butachauques,13,421021.7,732609.5,SULFUROS,13.790827501131531,02/11/2021 15:30:00,X
39,ESTUDIO SEGUIMIENTO DESEMPEÑO AMBIENTAL ACUICULTURA EN CHILE Y SU EFECTO EN LOS ECOSISTEMAS DE EMPLAZAMIENTO 2021-2022,Objetivo 1. Actividad 2. Muestreos y Analisis sedimentos,Gastón Vidal,INSTITUTO DE FOMENTO PESQUERO,Butachauques,14,420929.5,732804.6,SULFUROS,93.24698989064507,02/11/2021 15:00:00,X
41,ESTUDIO SEGUIMIENTO DESEMPEÑO AMBIENTAL ACUICULTURA EN CHILE Y SU EFECTO EN LOS ECOSISTEMAS DE EMPLAZAMIENTO 2021-2022,Objetivo 1. Actividad 2. Muestreos y Analisis sedimentos,Gastón Vidal,INSTITUTO DE FOMENTO PESQUERO,Chaulinec,4,423422.1,731353.2,SULFUROS,0.05,25/10/2021 13:15:00,X
42,ESTUDIO SEGUIMIENTO DESEMPEÑO AMBIENTAL ACUICULTURA EN CHILE Y SU EFECTO EN LOS ECOSISTEMAS DE EMPLAZAMIENTO 2021-2022,Objetivo 1. Actividad 2. Muestreos y Analisis sedimentos,Gastón Vidal,INSTITUTO DE FOMENTO PESQUERO,Chaulinec,7,422803.3,732256.7,SULFUROS,12.595708973236405,23/10/2021 15:56:00,X
43,ESTUDIO SEGUIMIENTO DESEMPEÑO AMBIENTAL ACUICULTURA EN CHILE Y SU EFECTO EN LOS ECOSISTEMAS DE EMPLAZAMIENTO 2021-2022,Objetivo 1. Actividad 2. Muestreos y Analisis sedimentos,Gastón Vidal,INSTITUTO DE FOMENTO PESQUERO,Chaulinec,10,422429.1,731921.4,SULFUROS,21.783176913515458,23/10/2021 16:50:00,X
44,ESTUDIO SEGUIMIENTO DESEMPEÑO AMBIENTAL ACUICULTURA EN CHILE Y SU EFECTO EN LOS ECOSISTEMAS DE EMPLAZAMIENTO 2021-2022,Objetivo 1. Actividad 2. Muestreos y Analisis sedimentos,Gastón Vidal,INSTITUTO DE FOMENTO PESQUERO,Chaulinec,13,422634.7,733044.2,SULFUROS,801.4641160113665,23/10/2021 15:25:00,X
45,ESTUDIO SEGUIMIENTO DESEMPEÑO AMBIENTAL ACUICULTURA EN CHILE Y SU EFECTO EN LOS ECOSISTEMAS DE EMPLAZAMIENTO 2021-2022,Objetivo 1. Actividad 2. Muestreos y Analisis sedimentos,Gastón Vidal,INSTITUTO DE FOMENTO PESQUERO,Tenaun,2,422246.5,733559.1,SULFUROS,0.05,23/10/2021 11:00:00,X
46,ESTUDIO SEGUIMIENTO DESEMPEÑO AMBIENTAL ACUICULTURA EN CHILE Y SU EFECTO EN LOS ECOSISTEMAS DE EMPLAZAMIENTO 2021-2022,Objetivo 1. Actividad 2. Muestreos y Analisis sedimentos,Gastón Vidal,INSTITUTO DE FOMENTO PESQUERO,Tenaun,3,422307.4,733744.8,SULFUROS,0.05,23/10/2021 00:00:00,X
47,ESTUDIO SEGUIMIENTO DESEMPEÑO AMBIENTAL ACUICULTURA EN CHILE Y SU EFECTO EN LOS ECOSISTEMAS DE EMPLAZAMIENTO 2021-2022,Objetivo 1. Actividad 2. Muestreos y Analisis sedimentos,Gastón Vidal,INSTITUTO DE FOMENTO PESQUERO,Tenaun,6,422215.1,733731.1,SULFUROS,12.99323874408197,23/10/2021 10:15:00,X
48,ESTUDIO SEGUIMIENTO DESEMPEÑO AMBIENTAL ACUICULTURA EN CHILE Y SU EFECTO EN LOS ECOSISTEMAS DE EMPLAZAMIENTO 2021-2022,Objetivo 1. Actividad 2. Muestreos y Analisis sedimentos,Gastón Vidal,INSTITUTO DE FOMENTO PESQUERO,Tenaun,9,422139.1,733441.7,SULFUROS,72.39128390906065,23/10/2021 12:25:00,X
49,ESTUDIO SEGUIMIENTO DESEMPEÑO AMBIENTAL ACUICULTURA EN CHILE Y SU EFECTO EN LOS ECOSISTEMAS DE EMPLAZAMIENTO 2021-2022,Objetivo 1. Actividad 2. Muestreos y Analisis sedimentos,Gastón Vidal,INSTITUTO DE FOMENTO PESQUERO,Tenaun,14,422026.0,733200.9,SULFUROS,188.93758898507372,23/10/2021 13:40:00,X
50,ESTUDIO SEGUIMIENTO DESEMPEÑO AMBIENTAL ACUICULTURA EN CHILE Y SU EFECTO EN LOS ECOSISTEMAS DE EMPLAZAMIENTO 2021-2022,Objetivo 1. Actividad 2. Muestreos y Analisis sedimentos,Gastón Vidal,INSTITUTO DE FOMENTO PESQUERO,Chiloe central,1,423046.9,734515.6,SULFUROS,140.75216408634697,26/10/2021 10:05:00,X
51,ESTUDIO SEGUIMIENTO DESEMPEÑO AMBIENTAL ACUICULTURA EN CHILE Y SU EFECTO EN LOS ECOSISTEMAS DE EMPLAZAMIENTO 2021-2022,Objetivo 1. Actividad 2. Muestreos y Analisis sedimentos,Gastón Vidal,INSTITUTO DE FOMENTO PESQUERO,Chiloe central,4,423259.2,734015.8,SULFUROS,1248.7880892416197,26/10/2021 08:20:00,X
52,ESTUDIO SEGUIMIENTO DESEMPEÑO AMBIENTAL ACUICULTURA EN CHILE Y SU EFECTO EN LOS ECOSISTEMAS DE EMPLAZAMIENTO 2021-2022,Objetivo 1. Actividad 2. Muestreos y Analisis sedimentos,Gastón Vidal,INSTITUTO DE FOMENTO PESQUERO,Chiloe central,6,423209.3,733613.2,SULFUROS,849.3551929674503,25/10/2021 18:33:00,X
53,ESTUDIO SEGUIMIENTO DESEMPEÑO AMBIENTAL ACUICULTURA EN CHILE Y SU EFECTO EN LOS ECOSISTEMAS DE EMPLAZAMIENTO 2021-2022,Objetivo 1. Actividad 2. Muestreos y Analisis sedimentos,Gastón Vidal,INSTITUTO DE FOMENTO PESQUERO,Chiloe central,7,423029.3,733611.3,SULFUROS,1609.9859921593727,25/10/2021 17:48:00,X
54,ESTUDIO SEGUIMIENTO DESEMPEÑO AMBIENTAL ACUICULTURA EN CHILE Y SU EFECTO EN LOS ECOSISTEMAS DE EMPLAZAMIENTO 2021-2022,Objetivo 1. Actividad 2. Muestreos y Analisis sedimentos,Gastón Vidal,INSTITUTO DE FOMENTO PESQUERO,Chiloe central,11,422833.3,733241.1,SULFUROS,35.51124547262433,25/10/2021 16:40:00,X
55,ESTUDIO SEGUIMIENTO DESEMPEÑO AMBIENTAL ACUICULTURA EN CHILE Y SU EFECTO EN LOS ECOSISTEMAS DE EMPLAZAMIENTO 2021-2022,Objetivo 1. Actividad 2. Muestreos y Analisis sedimentos,Gastón Vidal,INSTITUTO DE FOMENTO PESQUERO,Chiloe central,12,423059.3,732821.5,SULFUROS,68.93119046049617,25/10/2021 16:05:00,X
57,ESTUDIO SEGUIMIENTO DESEMPEÑO AMBIENTAL ACUICULTURA EN CHILE Y SU EFECTO EN LOS ECOSISTEMAS DE EMPLAZAMIENTO 2021-2022,Objetivo 1. Actividad 2. Muestreos y Analisis sedimentos,Gastón Vidal,INSTITUTO DE FOMENTO PESQUERO,Chiloe central,26,423654.6,732710.2,SULFUROS,301.95718963045414,25/10/2021 15:00:00,X
58,ESTUDIO SEGUIMIENTO DESEMPEÑO AMBIENTAL ACUICULTURA EN CHILE Y SU EFECTO EN LOS ECOSISTEMAS DE EMPLAZAMIENTO 2021-2022,Objetivo 1. Actividad 2. Muestreos y Analisis sedimentos,Gastón Vidal,INSTITUTO DE FOMENTO PESQUERO,Desertores,1,424703.0,725635.9,SULFUROS,588.0653857328323,30/10/2021 08:05:00,X
62,ESTUDIO SEGUIMIENTO DESEMPEÑO AMBIENTAL ACUICULTURA EN CHILE Y SU EFECTO EN LOS ECOSISTEMAS DE EMPLAZAMIENTO 2021-2022,Objetivo 1. Actividad 2. Muestreos y Analisis sedimentos,Gastón Vidal,INSTITUTO DE FOMENTO PESQUERO,Quellon,6,431143.2,733811.2,SULFUROS,0.05,27/10/2021 15:10:00,X
64,ESTUDIO SEGUIMIENTO DESEMPEÑO AMBIENTAL ACUICULTURA EN CHILE Y SU EFECTO EN LOS ECOSISTEMAS DE EMPLAZAMIENTO 2021-2022,Objetivo 1. Actividad 2. Muestreos y Analisis sedimentos,Gastón Vidal,INSTITUTO DE FOMENTO PESQUERO,Quellon,11,430832.2,734013.7,SULFUROS,620.9909766805446,27/10/2021 17:00:00,X
65,ESTUDIO SEGUIMIENTO DESEMPEÑO AMBIENTAL ACUICULTURA EN CHILE Y SU EFECTO EN LOS ECOSISTEMAS DE EMPLAZAMIENTO 2021-2022,Objetivo 1. Actividad 2. Muestreos y Analisis sedimentos,Gastón Vidal,INSTITUTO DE FOMENTO PESQUERO,Quellon,12,431133.5,733423.8,SULFUROS,94.87877643060222,27/10/2021 14:09:00,X
66,ESTUDIO SEGUIMIENTO DESEMPEÑO AMBIENTAL ACUICULTURA EN CHILE Y SU EFECTO EN LOS ECOSISTEMAS DE EMPLAZAMIENTO 2021-2022,Objetivo 1. Actividad 2. Muestreos y Analisis sedimentos,Gastón Vidal,INSTITUTO DE FOMENTO PESQUERO,Quellon,13,430826.2,733310.7,SULFUROS,689.7068092179525,27/10/2021 13:15:00,X
68,ESTUDIO SEGUIMIENTO DESEMPEÑO AMBIENTAL ACUICULTURA EN CHILE Y SU EFECTO EN LOS ECOSISTEMAS DE EMPLAZAMIENTO 2021-2022,Objetivo 1. Actividad 2. Muestreos y Analisis sedimentos,Gastón Vidal,INSTITUTO DE FOMENTO PESQUERO,Quellon,21,430206.1,733133.1,SULFUROS,0.05,27/10/2021 10:20:00,X
70,ESTUDIO SEGUIMIENTO DESEMPEÑO AMBIENTAL ACUICULTURA EN CHILE Y SU EFECTO EN LOS ECOSISTEMAS DE EMPLAZAMIENTO 2021-2022,Objetivo 1. Actividad 2. Muestreos y Analisis sedimentos,Gastón Vidal,INSTITUTO DE FOMENTO PESQUERO,Quellon,26,425621.2,733649.9,SULFUROS,979.7061300288973,27/10/2021 08:00:00,X
71,ESTUDIO SEGUIMIENTO DESEMPEÑO AMBIENTAL ACUICULTURA EN CHILE Y SU EFECTO EN LOS ECOSISTEMAS DE EMPLAZAMIENTO 2021-2022,Objetivo 1. Actividad 2. Muestreos y Analisis sedimentos,Gastón Vidal,INSTITUTO DE FOMENTO PESQUERO,Quellon,28,425525.9,733504.7,SULFUROS,129.40175630128022,26/10/2021 15:20:00,X
72,ESTUDIO SEGUIMIENTO DESEMPEÑO AMBIENTAL ACUICULTURA EN CHILE Y SU EFECTO EN LOS ECOSISTEMAS DE EMPLAZAMIENTO 2021-2022,Objetivo 1. Actividad 2. Muestreos y Analisis sedimentos,Gastón Vidal,INSTITUTO DE FOMENTO PESQUERO,Quellon,32,425122.8,734130.9,SULFUROS,270.0613678287724,26/10/2021 16:23:00,X
74,ESTUDIO SEGUIMIENTO DESEMPEÑO AMBIENTAL ACUICULTURA EN CHILE Y SU EFECTO EN LOS ECOSISTEMAS DE EMPLAZAMIENTO 2021-2022,Objetivo 1. Actividad 2. Muestreos y Analisis sedimentos,Gastón Vidal,INSTITUTO DE FOMENTO PESQUERO,Hornopiren,3,420427.1,722759.7,SULFUROS,528.3188286634863,01/11/2021 10:00:00,X
78,ESTUDIO SEGUIMIENTO DESEMPEÑO AMBIENTAL ACUICULTURA EN CHILE Y SU EFECTO EN LOS ECOSISTEMAS DE EMPLAZAMIENTO 2021-2022,Objetivo 1. Actividad 2. Muestreos y Analisis sedimentos,Gastón Vidal,INSTITUTO DE FOMENTO PESQUERO,Hornopiren,14,421524.5,722346.8,SULFUROS,1364.4230004273545,31/10/2021 16:00:00,X
80,ESTUDIO SEGUIMIENTO DESEMPEÑO AMBIENTAL ACUICULTURA EN CHILE Y SU EFECTO EN LOS ECOSISTEMAS DE EMPLAZAMIENTO 2021-2022,Objetivo 1. Actividad 2. Muestreos y Analisis sedimentos,Gastón Vidal,INSTITUTO DE FOMENTO PESQUERO,Ayacara,2,422434.1,724307.0,SULFUROS,104.83001158302136,30/11/2021 09:00:00,X
82,ESTUDIO SEGUIMIENTO DESEMPEÑO AMBIENTAL ACUICULTURA EN CHILE Y SU EFECTO EN LOS ECOSISTEMAS DE EMPLAZAMIENTO 2021-2022,Objetivo 1. Actividad 2. Muestreos y Analisis sedimentos,Gastón Vidal,INSTITUTO DE FOMENTO PESQUERO,Ayacara,4,423117.9,724140.8,SULFUROS,801.9872515124176,30/10/2021 14:35:00,X
83,ESTUDIO SEGUIMIENTO DESEMPEÑO AMBIENTAL ACUICULTURA EN CHILE Y SU EFECTO EN LOS ECOSISTEMAS DE EMPLAZAMIENTO 2021-2022,Objetivo 1. Actividad 2. Muestreos y Analisis sedimentos,Gastón Vidal,INSTITUTO DE FOMENTO PESQUERO,Ayacara,7,423730.6,725115.4,SULFUROS,0.05,30/10/2021 12:35:00,X
86,ESTUDIO SEGUIMIENTO DESEMPEÑO AMBIENTAL ACUICULTURA EN CHILE Y SU EFECTO EN LOS ECOSISTEMAS DE EMPLAZAMIENTO 2021-2022,Objetivo 1. Actividad 2. Muestreos y Analisis sedimentos,Gastón Vidal,INSTITUTO DE FOMENTO PESQUERO,Chaiten,4,425527.6,724459.6,SULFUROS,122.51713374727986,29/10/2021 13:25:00,X
88,ESTUDIO SEGUIMIENTO DESEMPEÑO AMBIENTAL ACUICULTURA EN CHILE Y SU EFECTO EN LOS ECOSISTEMAS DE EMPLAZAMIENTO 2021-2022,Objetivo 1. Actividad 2. Muestreos y Analisis sedimentos,Gastón Vidal,INSTITUTO DE FOMENTO PESQUERO,Chaiten,14,431550.9,725835.0,SULFUROS,0.05,29/10/2021 09:30:00,X
89,ESTUDIO SEGUIMIENTO DESEMPEÑO AMBIENTAL ACUICULTURA EN CHILE Y SU EFECTO EN LOS ECOSISTEMAS DE EMPLAZAMIENTO 2021-2022,Objetivo 1. Actividad 2. Muestreos y Analisis sedimentos,Gastón Vidal,INSTITUTO DE FOMENTO PESQUERO,Chaiten,18,433529.8,730022.5,SULFUROS,0.05,19/11/2021 14:42:00,X
90,ESTUDIO SEGUIMIENTO DESEMPEÑO AMBIENTAL ACUICULTURA EN CHILE Y SU EFECTO EN LOS ECOSISTEMAS DE EMPLAZAMIENTO 2021-2022,Objetivo 1. Actividad 2. Muestreos y Analisis sedimentos,Gastón Vidal,INSTITUTO DE FOMENTO PESQUERO,Chaiten,19,433757.9,725704.9,SULFUROS,0.05,19/11/2021 15:13:00,X
92,ESTUDIO SEGUIMIENTO DESEMPEÑO AMBIENTAL ACUICULTURA EN CHILE Y SU EFECTO EN LOS ECOSISTEMAS DE EMPLAZAMIENTO 2021-2022,Objetivo 1. Actividad 2. Muestreos y Analisis sedimentos,Gastón Vidal,INSTITUTO DE FOMENTO PESQUERO,Guaitecas,1,442931.1,740942.8,SULFUROS,17.883840368643643,18/12/2021 13:05:00,XI
94,ESTUDIO SEGUIMIENTO DESEMPEÑO AMBIENTAL ACUICULTURA EN CHILE Y SU EFECTO EN LOS ECOSISTEMAS DE EMPLAZAMIENTO 2021-2022,Objetivo 1. Actividad 2. Muestreos y Analisis sedimentos,Gastón Vidal,INSTITUTO DE FOMENTO PESQUERO,Guaitecas,6,440829.0,740209.0,SULFUROS,218.15344546811025,19/12/2021 09:30:00,XI
95,ESTUDIO SEGUIMIENTO DESEMPEÑO AMBIENTAL ACUICULTURA EN CHILE Y SU EFECTO EN LOS ECOSISTEMAS DE EMPLAZAMIENTO 2021-2022,Objetivo 1. Actividad 2. Muestreos y Analisis sedimentos,Gastón Vidal,INSTITUTO DE FOMENTO PESQUERO,Guaitecas,7,440453.4,735253.7,SULFUROS,64.45569397111649,19/12/2021 11:00:00,XI
96,ESTUDIO SEGUIMIENTO DESEMPEÑO AMBIENTAL ACUICULTURA EN CHILE Y SU EFECTO EN LOS ECOSISTEMAS DE EMPLAZAMIENTO 2021-2022,Objetivo 1. Actividad 2. Muestreos y Analisis sedimentos,Gastón Vidal,INSTITUTO DE FOMENTO PESQUERO,Guaitecas,8,435456.5,735432.1,SULFUROS,65.04547396700146,19/12/2021 18:58:00,XI
98,ESTUDIO SEGUIMIENTO DESEMPEÑO AMBIENTAL ACUICULTURA EN CHILE Y SU EFECTO EN LOS ECOSISTEMAS DE EMPLAZAMIENTO 2021-2022,Objetivo 1. Actividad 2. Muestreos y Analisis sedimentos,Gastón Vidal,INSTITUTO DE FOMENTO PESQUERO,Guaitecas,10,435638.0,734800.0,SULFUROS,0.05,19/12/2021 18:00:00,XI
100,ESTUDIO SEGUIMIENTO DESEMPEÑO AMBIENTAL ACUICULTURA EN CHILE Y SU EFECTO EN LOS ECOSISTEMAS DE EMPLAZAMIENTO 2021-2022,Objetivo 1. Actividad 2. Muestreos y Analisis sedimentos,Gastón Vidal,INSTITUTO DE FOMENTO PESQUERO,Guaitecas,17,441715.5,734639.1,SULFUROS,68.04249692931029,19/12/2021 13:21:00,XI
102,ESTUDIO SEGUIMIENTO DESEMPEÑO AMBIENTAL ACUICULTURA EN CHILE Y SU EFECTO EN LOS ECOSISTEMAS DE EMPLAZAMIENTO 2021-2022,Objetivo 1. Actividad 2. Muestreos y Analisis sedimentos,Gastón Vidal,INSTITUTO DE FOMENTO PESQUERO,Moraleda,4,450957.9,740833.4,SULFUROS,60.29543533625783,14/12/2021 09:50:00,XI
104,ESTUDIO SEGUIMIENTO DESEMPEÑO AMBIENTAL ACUICULTURA EN CHILE Y SU EFECTO EN LOS ECOSISTEMAS DE EMPLAZAMIENTO 2021-2022,Objetivo 1. Actividad 2. Muestreos y Analisis sedimentos,Gastón Vidal,INSTITUTO DE FOMENTO PESQUERO,Moraleda,12,444145.4,735257.1,SULFUROS,246.30253512020022,18/12/2021 09:25:00,XI
105,ESTUDIO SEGUIMIENTO DESEMPEÑO AMBIENTAL ACUICULTURA EN CHILE Y SU EFECTO EN LOS ECOSISTEMAS DE EMPLAZAMIENTO 2021-2022,Objetivo 1. Actividad 2. Muestreos y Analisis sedimentos,Gastón Vidal,INSTITUTO DE FOMENTO PESQUERO,Moraleda,13,443935.6,735252.9,SULFUROS,117.98901989612466,18/12/2021 10:15:00,XI
106,ESTUDIO SEGUIMIENTO DESEMPEÑO AMBIENTAL ACUICULTURA EN CHILE Y SU EFECTO EN LOS ECOSISTEMAS DE EMPLAZAMIENTO 2021-2022,Objetivo 1. Actividad 2. Muestreos y Analisis sedimentos,Gastón Vidal,INSTITUTO DE FOMENTO PESQUERO,Moraleda,14,443608.6,740025.9,SULFUROS,148.40588695361296,18/12/2021 11:30:00,XI
107,ESTUDIO SEGUIMIENTO DESEMPEÑO AMBIENTAL ACUICULTURA EN CHILE Y SU EFECTO EN LOS ECOSISTEMAS DE EMPLAZAMIENTO 2021-2022,Objetivo 1. Actividad 2. Muestreos y Analisis sedimentos,Gastón Vidal,INSTITUTO DE FOMENTO PESQUERO,Moraleda,16,443308.8,740650.1,SULFUROS,261.79546792723585,18/12/2021 13:20:00,XI
108,ESTUDIO SEGUIMIENTO DESEMPEÑO AMBIENTAL ACUICULTURA EN CHILE Y SU EFECTO EN LOS ECOSISTEMAS DE EMPLAZAMIENTO 2021-2022,Objetivo 1. Actividad 2. Muestreos y Analisis sedimentos,Gastón Vidal,INSTITUTO DE FOMENTO PESQUERO,Moraleda,17,440830.9,733501.0,SULFUROS,68.04249692931029,19/12/2021 15:15:00,XI
109,ESTUDIO SEGUIMIENTO DESEMPEÑO AMBIENTAL ACUICULTURA EN CHILE Y SU EFECTO EN LOS ECOSISTEMAS DE EMPLAZAMIENTO 2021-2022,Objetivo 1. Actividad 2. Muestreos y Analisis sedimentos,Gastón Vidal,INSTITUTO DE FOMENTO PESQUERO,Moraleda,19,434430.9,730056.5,SULFUROS,123.03806802496479,20/11/2021 09:25:00,XI
110,ESTUDIO SEGUIMIENTO DESEMPEÑO AMBIENTAL ACUICULTURA EN CHILE Y SU EFECTO EN LOS ECOSISTEMAS DE EMPLAZAMIENTO 2021-2022,Objetivo 1. Actividad 2. Muestreos y Analisis sedimentos,Gastón Vidal,INSTITUTO DE FOMENTO PESQUERO,Moraleda,25,440204.1,731205.2,SULFUROS,433.95290636718727,02/12/2021 16:55:00,XI
111,ESTUDIO SEGUIMIENTO DESEMPEÑO AMBIENTAL ACUICULTURA EN CHILE Y SU EFECTO EN LOS ECOSISTEMAS DE EMPLAZAMIENTO 2021-2022,Objetivo 1. Actividad 2. Muestreos y Analisis sedimentos,Gastón Vidal,INSTITUTO DE FOMENTO PESQUERO,Moraleda,31,442248.0,730431.7,SULFUROS,78.91443641912389,03/12/2021 14:42:00,XI
114,ESTUDIO SEGUIMIENTO DESEMPEÑO AMBIENTAL ACUICULTURA EN CHILE Y SU EFECTO EN LOS ECOSISTEMAS DE EMPLAZAMIENTO 2021-2022,Objetivo 1. Actividad 2. Muestreos y Analisis sedimentos,Gastón Vidal,INSTITUTO DE FOMENTO PESQUERO,Puyuhuapi,7,443955.1,725020.8,SULFUROS,101.90815844857887,04/12/2021 12:20:00,XI
115,ESTUDIO SEGUIMIENTO DESEMPEÑO AMBIENTAL ACUICULTURA EN CHILE Y SU EFECTO EN LOS ECOSISTEMAS DE EMPLAZAMIENTO 2021-2022,Objetivo 1. Actividad 2. Muestreos y Analisis sedimentos,Gastón Vidal,INSTITUTO DE FOMENTO PESQUERO,Puyuhuapi,8,444209.3,724807.1,SULFUROS,319.58264462724475,04/12/2021 15:15:00,XI
117,ESTUDIO SEGUIMIENTO DESEMPEÑO AMBIENTAL ACUICULTURA EN CHILE Y SU EFECTO EN LOS ECOSISTEMAS DE EMPLAZAMIENTO 2021-2022,Objetivo 1. Actividad 2. Muestreos y Analisis sedimentos,Gastón Vidal,INSTITUTO DE FOMENTO PESQUERO,Puyuhuapi,12,445441.9,730811.9,SULFUROS,625.3016433884203,05/12/2021 08:50:00,XI
118,ESTUDIO SEGUIMIENTO DESEMPEÑO AMBIENTAL ACUICULTURA EN CHILE Y SU EFECTO EN LOS ECOSISTEMAS DE EMPLAZAMIENTO 2021-2022,Objetivo 1. Actividad 2. Muestreos y Analisis sedimentos,Gastón Vidal,INSTITUTO DE FOMENTO PESQUERO,Aysen,1,452639.7,730033.3,SULFUROS,582.0011999247007,15/12/2021 14:50:00,XI
121,ESTUDIO SEGUIMIENTO DESEMPEÑO AMBIENTAL ACUICULTURA EN CHILE Y SU EFECTO EN LOS ECOSISTEMAS DE EMPLAZAMIENTO 2021-2022,Objetivo 1. Actividad 2. Muestreos y Analisis sedimentos,Gastón Vidal,INSTITUTO DE FOMENTO PESQUERO,Aysen,6,453734.9,733550.9,SULFUROS,651.440649925269,06/12/2021 19:40:00,XI
123,ESTUDIO SEGUIMIENTO DESEMPEÑO AMBIENTAL ACUICULTURA EN CHILE Y SU EFECTO EN LOS ECOSISTEMAS DE EMPLAZAMIENTO 2021-2022,Objetivo 1. Actividad 2. Muestreos y Analisis sedimentos,Gastón Vidal,INSTITUTO DE FOMENTO PESQUERO,Aysen,10,455717.6,733619.7,SULFUROS,45.25927039498322,11/12/2021 10:50:00,XI
125,ESTUDIO SEGUIMIENTO DESEMPEÑO AMBIENTAL ACUICULTURA EN CHILE Y SU EFECTO EN LOS ECOSISTEMAS DE EMPLAZAMIENTO 2021-2022,Objetivo 1. Actividad 2. Muestreos y Analisis sedimentos,Gastón Vidal,INSTITUTO DE FOMENTO PESQUERO,Aysen,13,461329.4,734345.5,SULFUROS,12.949659383134701,12/12/2021 16:35:00,XI
126,ESTUDIO SEGUIMIENTO DESEMPEÑO AMBIENTAL ACUICULTURA EN CHILE Y SU EFECTO EN LOS ECOSISTEMAS DE EMPLAZAMIENTO 2021-2022,Objetivo 1. Actividad 2. Muestreos y Analisis sedimentos,Gastón Vidal,INSTITUTO DE FOMENTO PESQUERO,Aysen,18,460557.7,735202.9,SULFUROS,0.05,12/12/2021 17:35:00,XI
127,ESTUDIO SEGUIMIENTO DESEMPEÑO AMBIENTAL ACUICULTURA EN CHILE Y SU EFECTO EN LOS ECOSISTEMAS DE EMPLAZAMIENTO 2021-2022,Objetivo 1. Actividad 2. Muestreos y Analisis sedimentos,Gastón Vidal,INSTITUTO DE FOMENTO PESQUERO,Aysen,19,460107.9,735645.7,SULFUROS,0.05,13/12/2021 08:35:00,XI
128,ESTUDIO SEGUIMIENTO DESEMPEÑO AMBIENTAL ACUICULTURA EN CHILE Y SU EFECTO EN LOS ECOSISTEMAS DE EMPLAZAMIENTO 2021-2022,Objetivo 1. Actividad 2. Muestreos y Analisis sedimentos,Gastón Vidal,INSTITUTO DE FOMENTO PESQUERO,Aysen,24,454429.7,740423.3,SULFUROS,0.05,13/12/2021 10:30:00,XI
129,ESTUDIO SEGUIMIENTO DESEMPEÑO AMBIENTAL ACUICULTURA EN CHILE Y SU EFECTO EN LOS ECOSISTEMAS DE EMPLAZAMIENTO 2021-2022,Objetivo 1. Actividad 2. Muestreos y Analisis sedimentos,Gastón Vidal,INSTITUTO DE FOMENTO PESQUERO,Aysen,25,454137.5,741704.6,SULFUROS,0.05,13/12/2021 13:00:00,XI
131,ESTUDIO SEGUIMIENTO DESEMPEÑO AMBIENTAL ACUICULTURA EN CHILE Y SU EFECTO EN LOS ECOSISTEMAS DE EMPLAZAMIENTO 2021-2022,Objetivo 1. Actividad 2. Muestreos y Analisis sedimentos,Gastón Vidal,INSTITUTO DE FOMENTO PESQUERO,Aysen,30,452356.0,741521.0,SULFUROS,32.307956008691214,13/12/2021 16:45:00,XI
132,ESTUDIO SEGUIMIENTO DESEMPEÑO AMBIENTAL ACUICULTURA EN CHILE Y SU EFECTO EN LOS ECOSISTEMAS DE EMPLAZAMIENTO 2021-2022,Objetivo 1. Actividad 2. Muestreos y Analisis sedimentos,Gastón Vidal,INSTITUTO DE FOMENTO PESQUERO,Aysen,34,451659.5,734350.5,SULFUROS,756.3598270958884,14/12/2021 13:52:00,XI
133,ESTUDIO SEGUIMIENTO DESEMPEÑO AMBIENTAL ACUICULTURA EN CHILE Y SU EFECTO EN LOS ECOSISTEMAS DE EMPLAZAMIENTO 2021-2022,Objetivo 1. Actividad 2. Muestreos y Analisis sedimentos,Gastón Vidal,INSTITUTO DE FOMENTO PESQUERO,Natales,2,513604.7,724301.6,SULFUROS,392.82913815431203,15/02/2022 08:15:00,XII
134,ESTUDIO SEGUIMIENTO DESEMPEÑO AMBIENTAL ACUICULTURA EN CHILE Y SU EFECTO EN LOS ECOSISTEMAS DE EMPLAZAMIENTO 2021-2022,Objetivo 1. Actividad 2. Muestreos y Analisis sedimentos,Gastón Vidal,INSTITUTO DE FOMENTO PESQUERO,Natales,3,514018.2,723753.1,SULFUROS,538.8217606627636,15/02/2022 09:18:00,XII
135,ESTUDIO SEGUIMIENTO DESEMPEÑO AMBIENTAL ACUICULTURA EN CHILE Y SU EFECTO EN LOS ECOSISTEMAS DE EMPLAZAMIENTO 2021-2022,Objetivo 1. Actividad 2. Muestreos y Analisis sedimentos,Gastón Vidal,INSTITUTO DE FOMENTO PESQUERO,Natales,5,514929.7,723739.8,SULFUROS,271.98429529122745,12/02/2022 21:13:00,XII
136,ESTUDIO SEGUIMIENTO DESEMPEÑO AMBIENTAL ACUICULTURA EN CHILE Y SU EFECTO EN LOS ECOSISTEMAS DE EMPLAZAMIENTO 2021-2022,Objetivo 1. Actividad 2. Muestreos y Analisis sedimentos,Gastón Vidal,INSTITUTO DE FOMENTO PESQUERO,Natales,9,514601.6,725405.0,SULFUROS,404.69417902406434,14/02/2022 17:05:00,XII
137,ESTUDIO SEGUIMIENTO DESEMPEÑO AMBIENTAL ACUICULTURA EN CHILE Y SU EFECTO EN LOS ECOSISTEMAS DE EMPLAZAMIENTO 2021-2022,Objetivo 1. Actividad 2. Muestreos y Analisis sedimentos,Gastón Vidal,INSTITUTO DE FOMENTO PESQUERO,Natales,10,520357.8,725602.0,SULFUROS,265.4693090288236,13/02/2022 12:50:00,XII
138,ESTUDIO SEGUIMIENTO DESEMPEÑO AMBIENTAL ACUICULTURA EN CHILE Y SU EFECTO EN LOS ECOSISTEMAS DE EMPLAZAMIENTO 2021-2022,Objetivo 1. Actividad 2. Muestreos y Analisis sedimentos,Gastón Vidal,INSTITUTO DE FOMENTO PESQUERO,Natales,11,521159.7,725703.6,SULFUROS,646.6328831924467,13/02/2022 16:10:00,XII
139,ESTUDIO SEGUIMIENTO DESEMPEÑO AMBIENTAL ACUICULTURA EN CHILE Y SU EFECTO EN LOS ECOSISTEMAS DE EMPLAZAMIENTO 2021-2022,Objetivo 1. Actividad 2. Muestreos y Analisis sedimentos,Gastón Vidal,INSTITUTO DE FOMENTO PESQUERO,Natales,13,521310.4,725226.1,SULFUROS,233.73340211731792,13/02/2022 17:42:00,XII
140,ESTUDIO SEGUIMIENTO DESEMPEÑO AMBIENTAL ACUICULTURA EN CHILE Y SU EFECTO EN LOS ECOSISTEMAS DE EMPLAZAMIENTO 2021-2022,Objetivo 1. Actividad 2. Muestreos y Analisis sedimentos,Gastón Vidal,INSTITUTO DE FOMENTO PESQUERO,Natales,14,520439.3,723937.6,SULFUROS,338.7242206145038,12/02/2022 23:55:00,XII
1,ESTUDIO SEGUIMIENTO DESEMPEÑO AMBIENTAL ACUICULTURA EN CHILE Y SU EFECTO EN LOS ECOSISTEMAS DE EMPLAZAMIENTO 2021-2022,Objetivo 1. Actividad 2. Muestreos y Analisis sedimentos,Gastón Vidal,INSTITUTO DE FOMENTO PESQUERO,Estuario,1,412614.9,721747.9,MATERIA ORGANICA,4.595310507210858,15/11/2021 15:30:00,X
2,ESTUDIO SEGUIMIENTO DESEMPEÑO AMBIENTAL ACUICULTURA EN CHILE Y SU EFECTO EN LOS ECOSISTEMAS DE EMPLAZAMIENTO 2021-2022,Objetivo 1. Actividad 2. Muestreos y Analisis sedimentos,Gastón Vidal,INSTITUTO DE FOMENTO PESQUERO,Estuario,2,412807.3,721843.5,MATERIA ORGANICA,2.9548546942588887,15/11/2021 14:50:00,X
3,ESTUDIO SEGUIMIENTO DESEMPEÑO AMBIENTAL ACUICULTURA EN CHILE Y SU EFECTO EN LOS ECOSISTEMAS DE EMPLAZAMIENTO 2021-2022,Objetivo 1. Actividad 2. Muestreos y Analisis sedimentos,Gastón Vidal,INSTITUTO DE FOMENTO PESQUERO,Estuario,3,412945.4,721845.5,MATERIA ORGANICA,1.2332320848922524,15/11/2021 14:10:00,X
4,ESTUDIO SEGUIMIENTO DESEMPEÑO AMBIENTAL ACUICULTURA EN CHILE Y SU EFECTO EN LOS ECOSISTEMAS DE EMPLAZAMIENTO 2021-2022,Objetivo 1. Actividad 2. Muestreos y Analisis sedimentos,Gastón Vidal,INSTITUTO DE FOMENTO PESQUERO,Estuario,5,413039.3,721721.1,MATERIA ORGANICA,0.8151712425700645,15/11/2021 13:45:00,X
5,ESTUDIO SEGUIMIENTO DESEMPEÑO AMBIENTAL ACUICULTURA EN CHILE Y SU EFECTO EN LOS ECOSISTEMAS DE EMPLAZAMIENTO 2021-2022,Objetivo 1. Actividad 2. Muestreos y Analisis sedimentos,Gastón Vidal,INSTITUTO DE FOMENTO PESQUERO,Estuario,6,413132.6,722021.4,MATERIA ORGANICA,1.98983586924813,15/11/2021 11:25:00,X
7,ESTUDIO SEGUIMIENTO DESEMPEÑO AMBIENTAL ACUICULTURA EN CHILE Y SU EFECTO EN LOS ECOSISTEMAS DE EMPLAZAMIENTO 2021-2022,Objetivo 1. Actividad 2. Muestreos y Analisis sedimentos,Gastón Vidal,INSTITUTO DE FOMENTO PESQUERO,Estuario,8,413533.0,722110.7,MATERIA ORGANICA,3.226269771450124,15/11/2021 10:40:00,X
8,ESTUDIO SEGUIMIENTO DESEMPEÑO AMBIENTAL ACUICULTURA EN CHILE Y SU EFECTO EN LOS ECOSISTEMAS DE EMPLAZAMIENTO 2021-2022,Objetivo 1. Actividad 2. Muestreos y Analisis sedimentos,Gastón Vidal,INSTITUTO DE FOMENTO PESQUERO,Estuario,12,413938.3,722058.9,MATERIA ORGANICA,2.6279015604378664,15/11/2021 09:55:00,X
9,ESTUDIO SEGUIMIENTO DESEMPEÑO AMBIENTAL ACUICULTURA EN CHILE Y SU EFECTO EN LOS ECOSISTEMAS DE EMPLAZAMIENTO 2021-2022,Objetivo 1. Actividad 2. Muestreos y Analisis sedimentos,Gastón Vidal,INSTITUTO DE FOMENTO PESQUERO,Estuario,17,414052.7,722801.1,MATERIA ORGANICA,1.3961998170393324,15/11/2021 09:00:00,X
10,ESTUDIO SEGUIMIENTO DESEMPEÑO AMBIENTAL ACUICULTURA EN CHILE Y SU EFECTO EN LOS ECOSISTEMAS DE EMPLAZAMIENTO 2021-2022,Objetivo 1. Actividad 2. Muestreos y Analisis sedimentos,Gastón Vidal,INSTITUTO DE FOMENTO PESQUERO,Estuario,21,414330.8,723048.5,MATERIA ORGANICA,2.3366521970662752,15/11/2021 08:20:00,X
11,ESTUDIO SEGUIMIENTO DESEMPEÑO AMBIENTAL ACUICULTURA EN CHILE Y SU EFECTO EN LOS ECOSISTEMAS DE EMPLAZAMIENTO 2021-2022,Objetivo 1. Actividad 2. Muestreos y Analisis sedimentos,Gastón Vidal,INSTITUTO DE FOMENTO PESQUERO,Reloncavi,3,415420.9,725230.7,MATERIA ORGANICA,1.0070202192832423,01/11/2021 15:15:00,X
12,ESTUDIO SEGUIMIENTO DESEMPEÑO AMBIENTAL ACUICULTURA EN CHILE Y SU EFECTO EN LOS ECOSISTEMAS DE EMPLAZAMIENTO 2021-2022,Objetivo 1. Actividad 2. Muestreos y Analisis sedimentos,Gastón Vidal,INSTITUTO DE FOMENTO PESQUERO,Reloncavi,4,415223.0,725351.4,MATERIA ORGANICA,1.1958126425982878,01/11/2021 16:08:00,X
13,ESTUDIO SEGUIMIENTO DESEMPEÑO AMBIENTAL ACUICULTURA EN CHILE Y SU EFECTO EN LOS ECOSISTEMAS DE EMPLAZAMIENTO 2021-2022,Objetivo 1. Actividad 2. Muestreos y Analisis sedimentos,Gastón Vidal,INSTITUTO DE FOMENTO PESQUERO,Reloncavi,5,415307.1,725602.6,MATERIA ORGANICA,1.0272881715862876,01/11/2021 20:00:00,X
14,ESTUDIO SEGUIMIENTO DESEMPEÑO AMBIENTAL ACUICULTURA EN CHILE Y SU EFECTO EN LOS ECOSISTEMAS DE EMPLAZAMIENTO 2021-2022,Objetivo 1. Actividad 2. Muestreos y Analisis sedimentos,Gastón Vidal,INSTITUTO DE FOMENTO PESQUERO,Reloncavi,7,414413.7,730243.4,MATERIA ORGANICA,0.8373633653527445,04/11/2021 15:20:00,X
15,ESTUDIO SEGUIMIENTO DESEMPEÑO AMBIENTAL ACUICULTURA EN CHILE Y SU EFECTO EN LOS ECOSISTEMAS DE EMPLAZAMIENTO 2021-2022,Objetivo 1. Actividad 2. Muestreos y Analisis sedimentos,Gastón Vidal,INSTITUTO DE FOMENTO PESQUERO,Reloncavi,13,412948.4,725730.9,MATERIA ORGANICA,0.8600585055472495,04/11/2021 17:00:00,X
16,ESTUDIO SEGUIMIENTO DESEMPEÑO AMBIENTAL ACUICULTURA EN CHILE Y SU EFECTO EN LOS ECOSISTEMAS DE EMPLAZAMIENTO 2021-2022,Objetivo 1. Actividad 2. Muestreos y Analisis sedimentos,Gastón Vidal,INSTITUTO DE FOMENTO PESQUERO,Reloncavi,15,413105.3,724724.2,MATERIA ORGANICA,1.4557806623802085,13/11/2021 12:00:00,X
17,ESTUDIO SEGUIMIENTO DESEMPEÑO AMBIENTAL ACUICULTURA EN CHILE Y SU EFECTO EN LOS ECOSISTEMAS DE EMPLAZAMIENTO 2021-2022,Objetivo 1. Actividad 2. Muestreos y Analisis sedimentos,Gastón Vidal,INSTITUTO DE FOMENTO PESQUERO,Reloncavi,17,413450.6,724336.9,MATERIA ORGANICA,0.9495851946394471,13/11/2021 14:30:00,X
18,ESTUDIO SEGUIMIENTO DESEMPEÑO AMBIENTAL ACUICULTURA EN CHILE Y SU EFECTO EN LOS ECOSISTEMAS DE EMPLAZAMIENTO 2021-2022,Objetivo 1. Actividad 2. Muestreos y Analisis sedimentos,Gastón Vidal,INSTITUTO DE FOMENTO PESQUERO,Reloncavi,19,413707.8,724152.2,MATERIA ORGANICA,1.5810276679841928,13/11/2021 13:10:00,X
19,ESTUDIO SEGUIMIENTO DESEMPEÑO AMBIENTAL ACUICULTURA EN CHILE Y SU EFECTO EN LOS ECOSISTEMAS DE EMPLAZAMIENTO 2021-2022,Objetivo 1. Actividad 2. Muestreos y Analisis sedimentos,Gastón Vidal,INSTITUTO DE FOMENTO PESQUERO,Reloncavi,21,413751.5,724023.2,MATERIA ORGANICA,2.246983414107261,13/11/2021 13:44:00,X
20,ESTUDIO SEGUIMIENTO DESEMPEÑO AMBIENTAL ACUICULTURA EN CHILE Y SU EFECTO EN LOS ECOSISTEMAS DE EMPLAZAMIENTO 2021-2022,Objetivo 1. Actividad 2. Muestreos y Analisis sedimentos,Gastón Vidal,INSTITUTO DE FOMENTO PESQUERO,Reloncavi,25,414943.9,724718.2,MATERIA ORGANICA,1.089040933734212,16/11/2021 17:55:00,X
21,ESTUDIO SEGUIMIENTO DESEMPEÑO AMBIENTAL ACUICULTURA EN CHILE Y SU EFECTO EN LOS ECOSISTEMAS DE EMPLAZAMIENTO 2021-2022,Objetivo 1. Actividad 2. Muestreos y Analisis sedimentos,Gastón Vidal,INSTITUTO DE FOMENTO PESQUERO,Calbuco,1,414442.2,730610.3,MATERIA ORGANICA,0.9589455379419881,04/11/2021 13:30:00,X
22,ESTUDIO SEGUIMIENTO DESEMPEÑO AMBIENTAL ACUICULTURA EN CHILE Y SU EFECTO EN LOS ECOSISTEMAS DE EMPLAZAMIENTO 2021-2022,Objetivo 1. Actividad 2. Muestreos y Analisis sedimentos,Gastón Vidal,INSTITUTO DE FOMENTO PESQUERO,Calbuco,2,414630.1,730505.2,MATERIA ORGANICA,2.797871113381373,04/11/2021 10:50:00,X
23,ESTUDIO SEGUIMIENTO DESEMPEÑO AMBIENTAL ACUICULTURA EN CHILE Y SU EFECTO EN LOS ECOSISTEMAS DE EMPLAZAMIENTO 2021-2022,Objetivo 1. Actividad 2. Muestreos y Analisis sedimentos,Gastón Vidal,INSTITUTO DE FOMENTO PESQUERO,Calbuco,8,414314.7,730933.2,MATERIA ORGANICA,1.672987779182463,04/11/2021 11:49:00,X
24,ESTUDIO SEGUIMIENTO DESEMPEÑO AMBIENTAL ACUICULTURA EN CHILE Y SU EFECTO EN LOS ECOSISTEMAS DE EMPLAZAMIENTO 2021-2022,Objetivo 1. Actividad 2. Muestreos y Analisis sedimentos,Gastón Vidal,INSTITUTO DE FOMENTO PESQUERO,Calbuco,16,414822.6,731018.3,MATERIA ORGANICA,0.6429406416417499,04/11/2021 10:00:00,X
25,ESTUDIO SEGUIMIENTO DESEMPEÑO AMBIENTAL ACUICULTURA EN CHILE Y SU EFECTO EN LOS ECOSISTEMAS DE EMPLAZAMIENTO 2021-2022,Objetivo 1. Actividad 2. Muestreos y Analisis sedimentos,Gastón Vidal,INSTITUTO DE FOMENTO PESQUERO,Calbuco,22,414705.8,730505.2,MATERIA ORGANICA,1.6682396047299244,04/11/2021 10:42:00,X
26,ESTUDIO SEGUIMIENTO DESEMPEÑO AMBIENTAL ACUICULTURA EN CHILE Y SU EFECTO EN LOS ECOSISTEMAS DE EMPLAZAMIENTO 2021-2022,Objetivo 1. Actividad 2. Muestreos y Analisis sedimentos,Gastón Vidal,INSTITUTO DE FOMENTO PESQUERO,Calbuco,26,415016.4,730447.2,MATERIA ORGANICA,0.7590779917903636,02/11/2021 08:15:00,X
27,ESTUDIO SEGUIMIENTO DESEMPEÑO AMBIENTAL ACUICULTURA EN CHILE Y SU EFECTO EN LOS ECOSISTEMAS DE EMPLAZAMIENTO 2021-2022,Objetivo 1. Actividad 2. Muestreos y Analisis sedimentos,Gastón Vidal,INSTITUTO DE FOMENTO PESQUERO,Calbuco,27,414959.8,730629.1,MATERIA ORGANICA,0.7795333263576391,02/11/2021 08:50:00,X
28,ESTUDIO SEGUIMIENTO DESEMPEÑO AMBIENTAL ACUICULTURA EN CHILE Y SU EFECTO EN LOS ECOSISTEMAS DE EMPLAZAMIENTO 2021-2022,Objetivo 1. Actividad 2. Muestreos y Analisis sedimentos,Gastón Vidal,INSTITUTO DE FOMENTO PESQUERO,Calbuco,30,415019.0,730822.5,MATERIA ORGANICA,0.8924087309252252,02/11/2021 09:10:00,X
29,ESTUDIO SEGUIMIENTO DESEMPEÑO AMBIENTAL ACUICULTURA EN CHILE Y SU EFECTO EN LOS ECOSISTEMAS DE EMPLAZAMIENTO 2021-2022,Objetivo 1. Actividad 2. Muestreos y Analisis sedimentos,Gastón Vidal,INSTITUTO DE FOMENTO PESQUERO,Chacao,2,415659.3,733134.3,MATERIA ORGANICA,0.8980776796494306,02/11/2021 13:15:00,X
30,ESTUDIO SEGUIMIENTO DESEMPEÑO AMBIENTAL ACUICULTURA EN CHILE Y SU EFECTO EN LOS ECOSISTEMAS DE EMPLAZAMIENTO 2021-2022,Objetivo 1. Actividad 2. Muestreos y Analisis sedimentos,Gastón Vidal,INSTITUTO DE FOMENTO PESQUERO,Chacao,6,415415.1,732906.8,MATERIA ORGANICA,0.942520621723714,02/11/2021 12:45:00,X
31,ESTUDIO SEGUIMIENTO DESEMPEÑO AMBIENTAL ACUICULTURA EN CHILE Y SU EFECTO EN LOS ECOSISTEMAS DE EMPLAZAMIENTO 2021-2022,Objetivo 1. Actividad 2. Muestreos y Analisis sedimentos,Gastón Vidal,INSTITUTO DE FOMENTO PESQUERO,Chacao,12,415217.3,733107.9,MATERIA ORGANICA,1.0279120789826135,02/11/2021 11:55:00,X
32,ESTUDIO SEGUIMIENTO DESEMPEÑO AMBIENTAL ACUICULTURA EN CHILE Y SU EFECTO EN LOS ECOSISTEMAS DE EMPLAZAMIENTO 2021-2022,Objetivo 1. Actividad 2. Muestreos y Analisis sedimentos,Gastón Vidal,INSTITUTO DE FOMENTO PESQUERO,Chacao,14,415115.7,732851.2,MATERIA ORGANICA,3.0827244873910136,02/11/2021 11:25:00,X
33,ESTUDIO SEGUIMIENTO DESEMPEÑO AMBIENTAL ACUICULTURA EN CHILE Y SU EFECTO EN LOS ECOSISTEMAS DE EMPLAZAMIENTO 2021-2022,Objetivo 1. Actividad 2. Muestreos y Analisis sedimentos,Gastón Vidal,INSTITUTO DE FOMENTO PESQUERO,Butachauques,1,421917.6,731519.1,MATERIA ORGANICA,0.8364673842562429,22/10/2021 17:50:00,X
34,ESTUDIO SEGUIMIENTO DESEMPEÑO AMBIENTAL ACUICULTURA EN CHILE Y SU EFECTO EN LOS ECOSISTEMAS DE EMPLAZAMIENTO 2021-2022,Objetivo 1. Actividad 2. Muestreos y Analisis sedimentos,Gastón Vidal,INSTITUTO DE FOMENTO PESQUERO,Butachauques,3,421702.6,731506.7,MATERIA ORGANICA,1.276538201487495,25/10/2021 08:25:00,X
36,ESTUDIO SEGUIMIENTO DESEMPEÑO AMBIENTAL ACUICULTURA EN CHILE Y SU EFECTO EN LOS ECOSISTEMAS DE EMPLAZAMIENTO 2021-2022,Objetivo 1. Actividad 2. Muestreos y Analisis sedimentos,Gastón Vidal,INSTITUTO DE FOMENTO PESQUERO,Butachauques,10,421645.3,732049.7,MATERIA ORGANICA,0.9191965156341702,25/10/2021 09:10:00,X
37,ESTUDIO SEGUIMIENTO DESEMPEÑO AMBIENTAL ACUICULTURA EN CHILE Y SU EFECTO EN LOS ECOSISTEMAS DE EMPLAZAMIENTO 2021-2022,Objetivo 1. Actividad 2. Muestreos y Analisis sedimentos,Gastón Vidal,INSTITUTO DE FOMENTO PESQUERO,Butachauques,12,421224.4,732358.0,MATERIA ORGANICA,1.0682082803064812,02/11/2021 16:50:00,X
38,ESTUDIO SEGUIMIENTO DESEMPEÑO AMBIENTAL ACUICULTURA EN CHILE Y SU EFECTO EN LOS ECOSISTEMAS DE EMPLAZAMIENTO 2021-2022,Objetivo 1. Actividad 2. Muestreos y Analisis sedimentos,Gastón Vidal,INSTITUTO DE FOMENTO PESQUERO,Butachauques,13,421021.7,732609.5,MATERIA ORGANICA,1.0482208907147643,02/11/2021 15:30:00,X
39,ESTUDIO SEGUIMIENTO DESEMPEÑO AMBIENTAL ACUICULTURA EN CHILE Y SU EFECTO EN LOS ECOSISTEMAS DE EMPLAZAMIENTO 2021-2022,Objetivo 1. Actividad 2. Muestreos y Analisis sedimentos,Gastón Vidal,INSTITUTO DE FOMENTO PESQUERO,Butachauques,14,420929.5,732804.6,MATERIA ORGANICA,1.4088438177009013,02/11/2021 15:00:00,X
40,ESTUDIO SEGUIMIENTO DESEMPEÑO AMBIENTAL ACUICULTURA EN CHILE Y SU EFECTO EN LOS ECOSISTEMAS DE EMPLAZAMIENTO 2021-2022,Objetivo 1. Actividad 2. Muestreos y Analisis sedimentos,Gastón Vidal,INSTITUTO DE FOMENTO PESQUERO,Chaulinec,3,423622.9,731526.5,MATERIA ORGANICA,0.6611929609167216,25/10/2021 13:30:00,X
41,ESTUDIO SEGUIMIENTO DESEMPEÑO AMBIENTAL ACUICULTURA EN CHILE Y SU EFECTO EN LOS ECOSISTEMAS DE EMPLAZAMIENTO 2021-2022,Objetivo 1. Actividad 2. Muestreos y Analisis sedimentos,Gastón Vidal,INSTITUTO DE FOMENTO PESQUERO,Chaulinec,4,423422.1,731353.2,MATERIA ORGANICA,0.679706100714275,25/10/2021 13:15:00,X
42,ESTUDIO SEGUIMIENTO DESEMPEÑO AMBIENTAL ACUICULTURA EN CHILE Y SU EFECTO EN LOS ECOSISTEMAS DE EMPLAZAMIENTO 2021-2022,Objetivo 1. Actividad 2. Muestreos y Analisis sedimentos,Gastón Vidal,INSTITUTO DE FOMENTO PESQUERO,Chaulinec,7,422803.3,732256.7,MATERIA ORGANICA,0.6754108640556045,23/10/2021 15:56:00,X
43,ESTUDIO SEGUIMIENTO DESEMPEÑO AMBIENTAL ACUICULTURA EN CHILE Y SU EFECTO EN LOS ECOSISTEMAS DE EMPLAZAMIENTO 2021-2022,Objetivo 1. Actividad 2. Muestreos y Analisis sedimentos,Gastón Vidal,INSTITUTO DE FOMENTO PESQUERO,Chaulinec,10,422429.1,731921.4,MATERIA ORGANICA,1.0255165896145837,23/10/2021 16:50:00,X
44,ESTUDIO SEGUIMIENTO DESEMPEÑO AMBIENTAL ACUICULTURA EN CHILE Y SU EFECTO EN LOS ECOSISTEMAS DE EMPLAZAMIENTO 2021-2022,Objetivo 1. Actividad 2. Muestreos y Analisis sedimentos,Gastón Vidal,INSTITUTO DE FOMENTO PESQUERO,Chaulinec,13,422634.7,733044.2,MATERIA ORGANICA,1.0466146042992102,23/10/2021 15:25:00,X
45,ESTUDIO SEGUIMIENTO DESEMPEÑO AMBIENTAL ACUICULTURA EN CHILE Y SU EFECTO EN LOS ECOSISTEMAS DE EMPLAZAMIENTO 2021-2022,Objetivo 1. Actividad 2. Muestreos y Analisis sedimentos,Gastón Vidal,INSTITUTO DE FOMENTO PESQUERO,Tenaun,2,422246.5,733559.1,MATERIA ORGANICA,0.9277108433734722,23/10/2021 11:00:00,X
46,ESTUDIO SEGUIMIENTO DESEMPEÑO AMBIENTAL ACUICULTURA EN CHILE Y SU EFECTO EN LOS ECOSISTEMAS DE EMPLAZAMIENTO 2021-2022,Objetivo 1. Actividad 2. Muestreos y Analisis sedimentos,Gastón Vidal,INSTITUTO DE FOMENTO PESQUERO,Tenaun,3,422307.4,733744.8,MATERIA ORGANICA,0.8829498431775673,23/10/2021 00:00:00,X
47,ESTUDIO SEGUIMIENTO DESEMPEÑO AMBIENTAL ACUICULTURA EN CHILE Y SU EFECTO EN LOS ECOSISTEMAS DE EMPLAZAMIENTO 2021-2022,Objetivo 1. Actividad 2. Muestreos y Analisis sedimentos,Gastón Vidal,INSTITUTO DE FOMENTO PESQUERO,Tenaun,6,422215.1,733731.1,MATERIA ORGANICA,0.9744419281786106,23/10/2021 10:15:00,X
48,ESTUDIO SEGUIMIENTO DESEMPEÑO AMBIENTAL ACUICULTURA EN CHILE Y SU EFECTO EN LOS ECOSISTEMAS DE EMPLAZAMIENTO 2021-2022,Objetivo 1. Actividad 2. Muestreos y Analisis sedimentos,Gastón Vidal,INSTITUTO DE FOMENTO PESQUERO,Tenaun,9,422139.1,733441.7,MATERIA ORGANICA,0.9797517962116162,23/10/2021 12:25:00,X
49,ESTUDIO SEGUIMIENTO DESEMPEÑO AMBIENTAL ACUICULTURA EN CHILE Y SU EFECTO EN LOS ECOSISTEMAS DE EMPLAZAMIENTO 2021-2022,Objetivo 1. Actividad 2. Muestreos y Analisis sedimentos,Gastón Vidal,INSTITUTO DE FOMENTO PESQUERO,Tenaun,14,422026.0,733200.9,MATERIA ORGANICA,0.8579905380482667,23/10/2021 13:40:00,X
50,ESTUDIO SEGUIMIENTO DESEMPEÑO AMBIENTAL ACUICULTURA EN CHILE Y SU EFECTO EN LOS ECOSISTEMAS DE EMPLAZAMIENTO 2021-2022,Objetivo 1. Actividad 2. Muestreos y Analisis sedimentos,Gastón Vidal,INSTITUTO DE FOMENTO PESQUERO,Chiloe central,1,423046.9,734515.6,MATERIA ORGANICA,1.5150229163130071,26/10/2021 10:05:00,X
51,ESTUDIO SEGUIMIENTO DESEMPEÑO AMBIENTAL ACUICULTURA EN CHILE Y SU EFECTO EN LOS ECOSISTEMAS DE EMPLAZAMIENTO 2021-2022,Objetivo 1. Actividad 2. Muestreos y Analisis sedimentos,Gastón Vidal,INSTITUTO DE FOMENTO PESQUERO,Chiloe central,4,423259.2,734015.8,MATERIA ORGANICA,1.2891318033537407,26/10/2021 08:20:00,X
52,ESTUDIO SEGUIMIENTO DESEMPEÑO AMBIENTAL ACUICULTURA EN CHILE Y SU EFECTO EN LOS ECOSISTEMAS DE EMPLAZAMIENTO 2021-2022,Objetivo 1. Actividad 2. Muestreos y Analisis sedimentos,Gastón Vidal,INSTITUTO DE FOMENTO PESQUERO,Chiloe central,6,423209.3,733613.2,MATERIA ORGANICA,0.7610069517590096,25/10/2021 18:33:00,X
53,ESTUDIO SEGUIMIENTO DESEMPEÑO AMBIENTAL ACUICULTURA EN CHILE Y SU EFECTO EN LOS ECOSISTEMAS DE EMPLAZAMIENTO 2021-2022,Objetivo 1. Actividad 2. Muestreos y Analisis sedimentos,Gastón Vidal,INSTITUTO DE FOMENTO PESQUERO,Chiloe central,7,423029.3,733611.3,MATERIA ORGANICA,1.0585034013605426,25/10/2021 17:48:00,X
54,ESTUDIO SEGUIMIENTO DESEMPEÑO AMBIENTAL ACUICULTURA EN CHILE Y SU EFECTO EN LOS ECOSISTEMAS DE EMPLAZAMIENTO 2021-2022,Objetivo 1. Actividad 2. Muestreos y Analisis sedimentos,Gastón Vidal,INSTITUTO DE FOMENTO PESQUERO,Chiloe central,11,422833.3,733241.1,MATERIA ORGANICA,0.7686950241184469,25/10/2021 16:40:00,X
55,ESTUDIO SEGUIMIENTO DESEMPEÑO AMBIENTAL ACUICULTURA EN CHILE Y SU EFECTO EN LOS ECOSISTEMAS DE EMPLAZAMIENTO 2021-2022,Objetivo 1. Actividad 2. Muestreos y Analisis sedimentos,Gastón Vidal,INSTITUTO DE FOMENTO PESQUERO,Chiloe central,12,423059.3,732821.5,MATERIA ORGANICA,0.8057154197261386,25/10/2021 16:05:00,X
56,ESTUDIO SEGUIMIENTO DESEMPEÑO AMBIENTAL ACUICULTURA EN CHILE Y SU EFECTO EN LOS ECOSISTEMAS DE EMPLAZAMIENTO 2021-2022,Objetivo 1. Actividad 2. Muestreos y Analisis sedimentos,Gastón Vidal,INSTITUTO DE FOMENTO PESQUERO,Chiloe central,16,424213.5,733738.2,MATERIA ORGANICA,0.7223968366622557,26/10/2021 11:40:00,X
57,ESTUDIO SEGUIMIENTO DESEMPEÑO AMBIENTAL ACUICULTURA EN CHILE Y SU EFECTO EN LOS ECOSISTEMAS DE EMPLAZAMIENTO 2021-2022,Objetivo 1. Actividad 2. Muestreos y Analisis sedimentos,Gastón Vidal,INSTITUTO DE FOMENTO PESQUERO,Chiloe central,26,423654.6,732710.2,MATERIA ORGANICA,0.8367314515701739,25/10/2021 15:00:00,X
58,ESTUDIO SEGUIMIENTO DESEMPEÑO AMBIENTAL ACUICULTURA EN CHILE Y SU EFECTO EN LOS ECOSISTEMAS DE EMPLAZAMIENTO 2021-2022,Objetivo 1. Actividad 2. Muestreos y Analisis sedimentos,Gastón Vidal,INSTITUTO DE FOMENTO PESQUERO,Desertores,1,424703.0,725635.9,MATERIA ORGANICA,1.6628014490776548,30/10/2021 08:05:00,X
59,ESTUDIO SEGUIMIENTO DESEMPEÑO AMBIENTAL ACUICULTURA EN CHILE Y SU EFECTO EN LOS ECOSISTEMAS DE EMPLAZAMIENTO 2021-2022,Objetivo 1. Actividad 2. Muestreos y Analisis sedimentos,Gastón Vidal,INSTITUTO DE FOMENTO PESQUERO,Desertores,2,424756.1,725723.7,MATERIA ORGANICA,0.8552278820375404,30/10/2021 09:00:00,X
60,ESTUDIO SEGUIMIENTO DESEMPEÑO AMBIENTAL ACUICULTURA EN CHILE Y SU EFECTO EN LOS ECOSISTEMAS DE EMPLAZAMIENTO 2021-2022,Objetivo 1. Actividad 2. Muestreos y Analisis sedimentos,Gastón Vidal,INSTITUTO DE FOMENTO PESQUERO,Desertores,3,424536.0,725951.7,MATERIA ORGANICA,0.8871898442008329,30/10/2021 09:50:00,X
61,ESTUDIO SEGUIMIENTO DESEMPEÑO AMBIENTAL ACUICULTURA EN CHILE Y SU EFECTO EN LOS ECOSISTEMAS DE EMPLAZAMIENTO 2021-2022,Objetivo 1. Actividad 2. Muestreos y Analisis sedimentos,Gastón Vidal,INSTITUTO DE FOMENTO PESQUERO,Desertores,6,424206.5,730534.1,MATERIA ORGANICA,0.9340306700714239,30/10/2021 10:55:00,X
62,ESTUDIO SEGUIMIENTO DESEMPEÑO AMBIENTAL ACUICULTURA EN CHILE Y SU EFECTO EN LOS ECOSISTEMAS DE EMPLAZAMIENTO 2021-2022,Objetivo 1. Actividad 2. Muestreos y Analisis sedimentos,Gastón Vidal,INSTITUTO DE FOMENTO PESQUERO,Quellon,6,431143.2,733811.2,MATERIA ORGANICA,0.6273237341986343,27/10/2021 15:10:00,X
63,ESTUDIO SEGUIMIENTO DESEMPEÑO AMBIENTAL ACUICULTURA EN CHILE Y SU EFECTO EN LOS ECOSISTEMAS DE EMPLAZAMIENTO 2021-2022,Objetivo 1. Actividad 2. Muestreos y Analisis sedimentos,Gastón Vidal,INSTITUTO DE FOMENTO PESQUERO,Quellon,8,430739.5,734328.6,MATERIA ORGANICA,7.180965384712607,27/10/2021 16:35:00,X
64,ESTUDIO SEGUIMIENTO DESEMPEÑO AMBIENTAL ACUICULTURA EN CHILE Y SU EFECTO EN LOS ECOSISTEMAS DE EMPLAZAMIENTO 2021-2022,Objetivo 1. Actividad 2. Muestreos y Analisis sedimentos,Gastón Vidal,INSTITUTO DE FOMENTO PESQUERO,Quellon,11,430832.2,734013.7,MATERIA ORGANICA,1.1662617146823968,27/10/2021 17:00:00,X
65,ESTUDIO SEGUIMIENTO DESEMPEÑO AMBIENTAL ACUICULTURA EN CHILE Y SU EFECTO EN LOS ECOSISTEMAS DE EMPLAZAMIENTO 2021-2022,Objetivo 1. Actividad 2. Muestreos y Analisis sedimentos,Gastón Vidal,INSTITUTO DE FOMENTO PESQUERO,Quellon,12,431133.5,733423.8,MATERIA ORGANICA,0.862532279418504,27/10/2021 14:09:00,X
66,ESTUDIO SEGUIMIENTO DESEMPEÑO AMBIENTAL ACUICULTURA EN CHILE Y SU EFECTO EN LOS ECOSISTEMAS DE EMPLAZAMIENTO 2021-2022,Objetivo 1. Actividad 2. Muestreos y Analisis sedimentos,Gastón Vidal,INSTITUTO DE FOMENTO PESQUERO,Quellon,13,430826.2,733310.7,MATERIA ORGANICA,1.0263275323516148,27/10/2021 13:15:00,X
67,ESTUDIO SEGUIMIENTO DESEMPEÑO AMBIENTAL ACUICULTURA EN CHILE Y SU EFECTO EN LOS ECOSISTEMAS DE EMPLAZAMIENTO 2021-2022,Objetivo 1. Actividad 2. Muestreos y Analisis sedimentos,Gastón Vidal,INSTITUTO DE FOMENTO PESQUERO,Quellon,19,430307.5,732746.7,MATERIA ORGANICA,0.8421701602959394,27/10/2021 10:45:00,X
68,ESTUDIO SEGUIMIENTO DESEMPEÑO AMBIENTAL ACUICULTURA EN CHILE Y SU EFECTO EN LOS ECOSISTEMAS DE EMPLAZAMIENTO 2021-2022,Objetivo 1. Actividad 2. Muestreos y Analisis sedimentos,Gastón Vidal,INSTITUTO DE FOMENTO PESQUERO,Quellon,21,430206.1,733133.1,MATERIA ORGANICA,1.1108948153915965,27/10/2021 10:20:00,X
69,ESTUDIO SEGUIMIENTO DESEMPEÑO AMBIENTAL ACUICULTURA EN CHILE Y SU EFECTO EN LOS ECOSISTEMAS DE EMPLAZAMIENTO 2021-2022,Objetivo 1. Actividad 2. Muestreos y Analisis sedimentos,Gastón Vidal,INSTITUTO DE FOMENTO PESQUERO,Quellon,22,425921.8,732805.5,MATERIA ORGANICA,0.786175660722094,27/10/2021 09:00:00,X
70,ESTUDIO SEGUIMIENTO DESEMPEÑO AMBIENTAL ACUICULTURA EN CHILE Y SU EFECTO EN LOS ECOSISTEMAS DE EMPLAZAMIENTO 2021-2022,Objetivo 1. Actividad 2. Muestreos y Analisis sedimentos,Gastón Vidal,INSTITUTO DE FOMENTO PESQUERO,Quellon,26,425621.2,733649.9,MATERIA ORGANICA,4.1017888636936135,27/10/2021 08:00:00,X
71,ESTUDIO SEGUIMIENTO DESEMPEÑO AMBIENTAL ACUICULTURA EN CHILE Y SU EFECTO EN LOS ECOSISTEMAS DE EMPLAZAMIENTO 2021-2022,Objetivo 1. Actividad 2. Muestreos y Analisis sedimentos,Gastón Vidal,INSTITUTO DE FOMENTO PESQUERO,Quellon,28,425525.9,733504.7,MATERIA ORGANICA,1.5052638462041688,26/10/2021 15:20:00,X
72,ESTUDIO SEGUIMIENTO DESEMPEÑO AMBIENTAL ACUICULTURA EN CHILE Y SU EFECTO EN LOS ECOSISTEMAS DE EMPLAZAMIENTO 2021-2022,Objetivo 1. Actividad 2. Muestreos y Analisis sedimentos,Gastón Vidal,INSTITUTO DE FOMENTO PESQUERO,Quellon,32,425122.8,734130.9,MATERIA ORGANICA,2.964735552466805,26/10/2021 16:23:00,X
73,ESTUDIO SEGUIMIENTO DESEMPEÑO AMBIENTAL ACUICULTURA EN CHILE Y SU EFECTO EN LOS ECOSISTEMAS DE EMPLAZAMIENTO 2021-2022,Objetivo 1. Actividad 2. Muestreos y Analisis sedimentos,Gastón Vidal,INSTITUTO DE FOMENTO PESQUERO,Quellon,39,425415.3,732927.9,MATERIA ORGANICA,0.6774885145482703,26/10/2021 14:00:00,X
74,ESTUDIO SEGUIMIENTO DESEMPEÑO AMBIENTAL ACUICULTURA EN CHILE Y SU EFECTO EN LOS ECOSISTEMAS DE EMPLAZAMIENTO 2021-2022,Objetivo 1. Actividad 2. Muestreos y Analisis sedimentos,Gastón Vidal,INSTITUTO DE FOMENTO PESQUERO,Hornopiren,3,420427.1,722759.7,MATERIA ORGANICA,1.5602944524550117,01/11/2021 10:00:00,X
75,ESTUDIO SEGUIMIENTO DESEMPEÑO AMBIENTAL ACUICULTURA EN CHILE Y SU EFECTO EN LOS ECOSISTEMAS DE EMPLAZAMIENTO 2021-2022,Objetivo 1. Actividad 2. Muestreos y Analisis sedimentos,Gastón Vidal,INSTITUTO DE FOMENTO PESQUERO,Hornopiren,6,420209.6,723558.5,MATERIA ORGANICA,1.6414383342914027,01/11/2021 12:20:00,X
76,ESTUDIO SEGUIMIENTO DESEMPEÑO AMBIENTAL ACUICULTURA EN CHILE Y SU EFECTO EN LOS ECOSISTEMAS DE EMPLAZAMIENTO 2021-2022,Objetivo 1. Actividad 2. Muestreos y Analisis sedimentos,Gastón Vidal,INSTITUTO DE FOMENTO PESQUERO,Hornopiren,7,420301.3,723537.3,MATERIA ORGANICA,2.900962839677064,01/11/2021 11:05:00,X
77,ESTUDIO SEGUIMIENTO DESEMPEÑO AMBIENTAL ACUICULTURA EN CHILE Y SU EFECTO EN LOS ECOSISTEMAS DE EMPLAZAMIENTO 2021-2022,Objetivo 1. Actividad 2. Muestreos y Analisis sedimentos,Gastón Vidal,INSTITUTO DE FOMENTO PESQUERO,Hornopiren,13,421433.8,722650.7,MATERIA ORGANICA,1.0030360638992453,31/10/2021 14:42:00,X
78,ESTUDIO SEGUIMIENTO DESEMPEÑO AMBIENTAL ACUICULTURA EN CHILE Y SU EFECTO EN LOS ECOSISTEMAS DE EMPLAZAMIENTO 2021-2022,Objetivo 1. Actividad 2. Muestreos y Analisis sedimentos,Gastón Vidal,INSTITUTO DE FOMENTO PESQUERO,Hornopiren,14,421524.5,722346.8,MATERIA ORGANICA,1.6548806871387385,31/10/2021 16:00:00,X
79,ESTUDIO SEGUIMIENTO DESEMPEÑO AMBIENTAL ACUICULTURA EN CHILE Y SU EFECTO EN LOS ECOSISTEMAS DE EMPLAZAMIENTO 2021-2022,Objetivo 1. Actividad 2. Muestreos y Analisis sedimentos,Gastón Vidal,INSTITUTO DE FOMENTO PESQUERO,Ayacara,1,421853.1,724721.9,MATERIA ORGANICA,1.3897074424196978,30/11/2021 11:10:00,X
80,ESTUDIO SEGUIMIENTO DESEMPEÑO AMBIENTAL ACUICULTURA EN CHILE Y SU EFECTO EN LOS ECOSISTEMAS DE EMPLAZAMIENTO 2021-2022,Objetivo 1. Actividad 2. Muestreos y Analisis sedimentos,Gastón Vidal,INSTITUTO DE FOMENTO PESQUERO,Ayacara,2,422434.1,724307.0,MATERIA ORGANICA,2.5858645289401907,30/11/2021 09:00:00,X
81,ESTUDIO SEGUIMIENTO DESEMPEÑO AMBIENTAL ACUICULTURA EN CHILE Y SU EFECTO EN LOS ECOSISTEMAS DE EMPLAZAMIENTO 2021-2022,Objetivo 1. Actividad 2. Muestreos y Analisis sedimentos,Gastón Vidal,INSTITUTO DE FOMENTO PESQUERO,Ayacara,3,423409.7,723139.7,MATERIA ORGANICA,0.6471769694264514,30/10/2021 15:44:00,X
82,ESTUDIO SEGUIMIENTO DESEMPEÑO AMBIENTAL ACUICULTURA EN CHILE Y SU EFECTO EN LOS ECOSISTEMAS DE EMPLAZAMIENTO 2021-2022,Objetivo 1. Actividad 2. Muestreos y Analisis sedimentos,Gastón Vidal,INSTITUTO DE FOMENTO PESQUERO,Ayacara,4,423117.9,724140.8,MATERIA ORGANICA,0.8196616824097716,30/10/2021 14:35:00,X
83,ESTUDIO SEGUIMIENTO DESEMPEÑO AMBIENTAL ACUICULTURA EN CHILE Y SU EFECTO EN LOS ECOSISTEMAS DE EMPLAZAMIENTO 2021-2022,Objetivo 1. Actividad 2. Muestreos y Analisis sedimentos,Gastón Vidal,INSTITUTO DE FOMENTO PESQUERO,Ayacara,7,423730.6,725115.4,MATERIA ORGANICA,0.9596203241326129,30/10/2021 12:35:00,X
84,ESTUDIO SEGUIMIENTO DESEMPEÑO AMBIENTAL ACUICULTURA EN CHILE Y SU EFECTO EN LOS ECOSISTEMAS DE EMPLAZAMIENTO 2021-2022,Objetivo 1. Actividad 2. Muestreos y Analisis sedimentos,Gastón Vidal,INSTITUTO DE FOMENTO PESQUERO,Ayacara,9,424232.8,725058.9,MATERIA ORGANICA,0.6987599873994094,29/10/2021 15:43:00,X
85,ESTUDIO SEGUIMIENTO DESEMPEÑO AMBIENTAL ACUICULTURA EN CHILE Y SU EFECTO EN LOS ECOSISTEMAS DE EMPLAZAMIENTO 2021-2022,Objetivo 1. Actividad 2. Muestreos y Analisis sedimentos,Gastón Vidal,INSTITUTO DE FOMENTO PESQUERO,Chaiten,3,424711.1,725049.9,MATERIA ORGANICA,0.42892472564275014,29/10/2021 14:55:00,X
86,ESTUDIO SEGUIMIENTO DESEMPEÑO AMBIENTAL ACUICULTURA EN CHILE Y SU EFECTO EN LOS ECOSISTEMAS DE EMPLAZAMIENTO 2021-2022,Objetivo 1. Actividad 2. Muestreos y Analisis sedimentos,Gastón Vidal,INSTITUTO DE FOMENTO PESQUERO,Chaiten,4,425527.6,724459.6,MATERIA ORGANICA,1.2519774011299694,29/10/2021 13:25:00,X
87,ESTUDIO SEGUIMIENTO DESEMPEÑO AMBIENTAL ACUICULTURA EN CHILE Y SU EFECTO EN LOS ECOSISTEMAS DE EMPLAZAMIENTO 2021-2022,Objetivo 1. Actividad 2. Muestreos y Analisis sedimentos,Gastón Vidal,INSTITUTO DE FOMENTO PESQUERO,Chaiten,12,431438.9,725308.2,MATERIA ORGANICA,0.39547875117469505,29/10/2021 10:10:00,X
88,ESTUDIO SEGUIMIENTO DESEMPEÑO AMBIENTAL ACUICULTURA EN CHILE Y SU EFECTO EN LOS ECOSISTEMAS DE EMPLAZAMIENTO 2021-2022,Objetivo 1. Actividad 2. Muestreos y Analisis sedimentos,Gastón Vidal,INSTITUTO DE FOMENTO PESQUERO,Chaiten,14,431550.9,725835.0,MATERIA ORGANICA,2.7782650994401843,29/10/2021 09:30:00,X
89,ESTUDIO SEGUIMIENTO DESEMPEÑO AMBIENTAL ACUICULTURA EN CHILE Y SU EFECTO EN LOS ECOSISTEMAS DE EMPLAZAMIENTO 2021-2022,Objetivo 1. Actividad 2. Muestreos y Analisis sedimentos,Gastón Vidal,INSTITUTO DE FOMENTO PESQUERO,Chaiten,18,433529.8,730022.5,MATERIA ORGANICA,0.5448957983627446,19/11/2021 14:42:00,X
90,ESTUDIO SEGUIMIENTO DESEMPEÑO AMBIENTAL ACUICULTURA EN CHILE Y SU EFECTO EN LOS ECOSISTEMAS DE EMPLAZAMIENTO 2021-2022,Objetivo 1. Actividad 2. Muestreos y Analisis sedimentos,Gastón Vidal,INSTITUTO DE FOMENTO PESQUERO,Chaiten,19,433757.9,725704.9,MATERIA ORGANICA,0.342958871115524,19/11/2021 15:13:00,X
92,ESTUDIO SEGUIMIENTO DESEMPEÑO AMBIENTAL ACUICULTURA EN CHILE Y SU EFECTO EN LOS ECOSISTEMAS DE EMPLAZAMIENTO 2021-2022,Objetivo 1. Actividad 2. Muestreos y Analisis sedimentos,Gastón Vidal,INSTITUTO DE FOMENTO PESQUERO,Guaitecas,1,442931.1,740942.8,MATERIA ORGANICA,0.9793502387838954,18/12/2021 13:05:00,XI
93,ESTUDIO SEGUIMIENTO DESEMPEÑO AMBIENTAL ACUICULTURA EN CHILE Y SU EFECTO EN LOS ECOSISTEMAS DE EMPLAZAMIENTO 2021-2022,Objetivo 1. Actividad 2. Muestreos y Analisis sedimentos,Gastón Vidal,INSTITUTO DE FOMENTO PESQUERO,Guaitecas,4,441418.4,741320.7,MATERIA ORGANICA,1.5799478806038088,19/12/2021 08:22:00,XI
94,ESTUDIO SEGUIMIENTO DESEMPEÑO AMBIENTAL ACUICULTURA EN CHILE Y SU EFECTO EN LOS ECOSISTEMAS DE EMPLAZAMIENTO 2021-2022,Objetivo 1. Actividad 2. Muestreos y Analisis sedimentos,Gastón Vidal,INSTITUTO DE FOMENTO PESQUERO,Guaitecas,6,440829.0,740209.0,MATERIA ORGANICA,2.0906650345662383,19/12/2021 09:30:00,XI
95,ESTUDIO SEGUIMIENTO DESEMPEÑO AMBIENTAL ACUICULTURA EN CHILE Y SU EFECTO EN LOS ECOSISTEMAS DE EMPLAZAMIENTO 2021-2022,Objetivo 1. Actividad 2. Muestreos y Analisis sedimentos,Gastón Vidal,INSTITUTO DE FOMENTO PESQUERO,Guaitecas,7,440453.4,735253.7,MATERIA ORGANICA,1.65302872206052,19/12/2021 11:00:00,XI
96,ESTUDIO SEGUIMIENTO DESEMPEÑO AMBIENTAL ACUICULTURA EN CHILE Y SU EFECTO EN LOS ECOSISTEMAS DE EMPLAZAMIENTO 2021-2022,Objetivo 1. Actividad 2. Muestreos y Analisis sedimentos,Gastón Vidal,INSTITUTO DE FOMENTO PESQUERO,Guaitecas,8,435456.5,735432.1,MATERIA ORGANICA,0.7216436495359113,19/12/2021 18:58:00,XI
97,ESTUDIO SEGUIMIENTO DESEMPEÑO AMBIENTAL ACUICULTURA EN CHILE Y SU EFECTO EN LOS ECOSISTEMAS DE EMPLAZAMIENTO 2021-2022,Objetivo 1. Actividad 2. Muestreos y Analisis sedimentos,Gastón Vidal,INSTITUTO DE FOMENTO PESQUERO,Guaitecas,9,435329.1,735219.9,MATERIA ORGANICA,0.973829894313045,19/12/2021 19:42:00,XI
98,ESTUDIO SEGUIMIENTO DESEMPEÑO AMBIENTAL ACUICULTURA EN CHILE Y SU EFECTO EN LOS ECOSISTEMAS DE EMPLAZAMIENTO 2021-2022,Objetivo 1. Actividad 2. Muestreos y Analisis sedimentos,Gastón Vidal,INSTITUTO DE FOMENTO PESQUERO,Guaitecas,10,435638.0,734800.0,MATERIA ORGANICA,0.6492514512679293,19/12/2021 18:00:00,XI
99,ESTUDIO SEGUIMIENTO DESEMPEÑO AMBIENTAL ACUICULTURA EN CHILE Y SU EFECTO EN LOS ECOSISTEMAS DE EMPLAZAMIENTO 2021-2022,Objetivo 1. Actividad 2. Muestreos y Analisis sedimentos,Gastón Vidal,INSTITUTO DE FOMENTO PESQUERO,Guaitecas,12,440031.4,734511.0,MATERIA ORGANICA,0.8616341054411364,19/12/2021 16:55:00,XI
100,ESTUDIO SEGUIMIENTO DESEMPEÑO AMBIENTAL ACUICULTURA EN CHILE Y SU EFECTO EN LOS ECOSISTEMAS DE EMPLAZAMIENTO 2021-2022,Objetivo 1. Actividad 2. Muestreos y Analisis sedimentos,Gastón Vidal,INSTITUTO DE FOMENTO PESQUERO,Guaitecas,17,441715.5,734639.1,MATERIA ORGANICA,0.4675473865594609,19/12/2021 13:21:00,XI
101,ESTUDIO SEGUIMIENTO DESEMPEÑO AMBIENTAL ACUICULTURA EN CHILE Y SU EFECTO EN LOS ECOSISTEMAS DE EMPLAZAMIENTO 2021-2022,Objetivo 1. Actividad 2. Muestreos y Analisis sedimentos,Gastón Vidal,INSTITUTO DE FOMENTO PESQUERO,Moraleda,2,451131.2,735840.6,MATERIA ORGANICA,0.5595278388898403,14/12/2021 11:15:00,XI
102,ESTUDIO SEGUIMIENTO DESEMPEÑO AMBIENTAL ACUICULTURA EN CHILE Y SU EFECTO EN LOS ECOSISTEMAS DE EMPLAZAMIENTO 2021-2022,Objetivo 1. Actividad 2. Muestreos y Analisis sedimentos,Gastón Vidal,INSTITUTO DE FOMENTO PESQUERO,Moraleda,4,450957.9,740833.4,MATERIA ORGANICA,1.3016466448580084,14/12/2021 09:50:00,XI
103,ESTUDIO SEGUIMIENTO DESEMPEÑO AMBIENTAL ACUICULTURA EN CHILE Y SU EFECTO EN LOS ECOSISTEMAS DE EMPLAZAMIENTO 2021-2022,Objetivo 1. Actividad 2. Muestreos y Analisis sedimentos,Gastón Vidal,INSTITUTO DE FOMENTO PESQUERO,Moraleda,5,450801.8,741520.1,MATERIA ORGANICA,1.3606082719333419,14/12/2021 08:55:00,XI
104,ESTUDIO SEGUIMIENTO DESEMPEÑO AMBIENTAL ACUICULTURA EN CHILE Y SU EFECTO EN LOS ECOSISTEMAS DE EMPLAZAMIENTO 2021-2022,Objetivo 1. Actividad 2. Muestreos y Analisis sedimentos,Gastón Vidal,INSTITUTO DE FOMENTO PESQUERO,Moraleda,12,444145.4,735257.1,MATERIA ORGANICA,2.585177702268355,18/12/2021 09:25:00,XI
105,ESTUDIO SEGUIMIENTO DESEMPEÑO AMBIENTAL ACUICULTURA EN CHILE Y SU EFECTO EN LOS ECOSISTEMAS DE EMPLAZAMIENTO 2021-2022,Objetivo 1. Actividad 2. Muestreos y Analisis sedimentos,Gastón Vidal,INSTITUTO DE FOMENTO PESQUERO,Moraleda,13,443935.6,735252.9,MATERIA ORGANICA,1.8951079770824346,18/12/2021 10:15:00,XI
106,ESTUDIO SEGUIMIENTO DESEMPEÑO AMBIENTAL ACUICULTURA EN CHILE Y SU EFECTO EN LOS ECOSISTEMAS DE EMPLAZAMIENTO 2021-2022,Objetivo 1. Actividad 2. Muestreos y Analisis sedimentos,Gastón Vidal,INSTITUTO DE FOMENTO PESQUERO,Moraleda,14,443608.6,740025.9,MATERIA ORGANICA,2.044590865085911,18/12/2021 11:30:00,XI
107,ESTUDIO SEGUIMIENTO DESEMPEÑO AMBIENTAL ACUICULTURA EN CHILE Y SU EFECTO EN LOS ECOSISTEMAS DE EMPLAZAMIENTO 2021-2022,Objetivo 1. Actividad 2. Muestreos y Analisis sedimentos,Gastón Vidal,INSTITUTO DE FOMENTO PESQUERO,Moraleda,16,443308.8,740650.1,MATERIA ORGANICA,7.506957021069799,18/12/2021 13:20:00,XI
108,ESTUDIO SEGUIMIENTO DESEMPEÑO AMBIENTAL ACUICULTURA EN CHILE Y SU EFECTO EN LOS ECOSISTEMAS DE EMPLAZAMIENTO 2021-2022,Objetivo 1. Actividad 2. Muestreos y Analisis sedimentos,Gastón Vidal,INSTITUTO DE FOMENTO PESQUERO,Moraleda,17,440830.9,733501.0,MATERIA ORGANICA,0.8549429608838046,19/12/2021 15:15:00,XI
109,ESTUDIO SEGUIMIENTO DESEMPEÑO AMBIENTAL ACUICULTURA EN CHILE Y SU EFECTO EN LOS ECOSISTEMAS DE EMPLAZAMIENTO 2021-2022,Objetivo 1. Actividad 2. Muestreos y Analisis sedimentos,Gastón Vidal,INSTITUTO DE FOMENTO PESQUERO,Moraleda,19,434430.9,730056.5,MATERIA ORGANICA,1.2649725736034776,20/11/2021 09:25:00,XI
110,ESTUDIO SEGUIMIENTO DESEMPEÑO AMBIENTAL ACUICULTURA EN CHILE Y SU EFECTO EN LOS ECOSISTEMAS DE EMPLAZAMIENTO 2021-2022,Objetivo 1. Actividad 2. Muestreos y Analisis sedimentos,Gastón Vidal,INSTITUTO DE FOMENTO PESQUERO,Moraleda,25,440204.1,731205.2,MATERIA ORGANICA,0.7399954148304709,02/12/2021 16:55:00,XI
111,ESTUDIO SEGUIMIENTO DESEMPEÑO AMBIENTAL ACUICULTURA EN CHILE Y SU EFECTO EN LOS ECOSISTEMAS DE EMPLAZAMIENTO 2021-2022,Objetivo 1. Actividad 2. Muestreos y Analisis sedimentos,Gastón Vidal,INSTITUTO DE FOMENTO PESQUERO,Moraleda,31,442248.0,730431.7,MATERIA ORGANICA,0.9691724965290336,03/12/2021 14:42:00,XI
112,ESTUDIO SEGUIMIENTO DESEMPEÑO AMBIENTAL ACUICULTURA EN CHILE Y SU EFECTO EN LOS ECOSISTEMAS DE EMPLAZAMIENTO 2021-2022,Objetivo 1. Actividad 2. Muestreos y Analisis sedimentos,Gastón Vidal,INSTITUTO DE FOMENTO PESQUERO,Moraleda,32,450149.0,732702.0,MATERIA ORGANICA,1.5555312503797698,05/12/2021 14:30:00,XI
113,ESTUDIO SEGUIMIENTO DESEMPEÑO AMBIENTAL ACUICULTURA EN CHILE Y SU EFECTO EN LOS ECOSISTEMAS DE EMPLAZAMIENTO 2021-2022,Objetivo 1. Actividad 2. Muestreos y Analisis sedimentos,Gastón Vidal,INSTITUTO DE FOMENTO PESQUERO,Puyuhuapi,5,443139.8,724117.0,MATERIA ORGANICA,1.7729393468118446,03/12/2021 18:25:00,XI
114,ESTUDIO SEGUIMIENTO DESEMPEÑO AMBIENTAL ACUICULTURA EN CHILE Y SU EFECTO EN LOS ECOSISTEMAS DE EMPLAZAMIENTO 2021-2022,Objetivo 1. Actividad 2. Muestreos y Analisis sedimentos,Gastón Vidal,INSTITUTO DE FOMENTO PESQUERO,Puyuhuapi,7,443955.1,725020.8,MATERIA ORGANICA,1.5957370409203913,04/12/2021 12:20:00,XI
115,ESTUDIO SEGUIMIENTO DESEMPEÑO AMBIENTAL ACUICULTURA EN CHILE Y SU EFECTO EN LOS ECOSISTEMAS DE EMPLAZAMIENTO 2021-2022,Objetivo 1. Actividad 2. Muestreos y Analisis sedimentos,Gastón Vidal,INSTITUTO DE FOMENTO PESQUERO,Puyuhuapi,8,444209.3,724807.1,MATERIA ORGANICA,1.2048357166248265,04/12/2021 15:15:00,XI
116,ESTUDIO SEGUIMIENTO DESEMPEÑO AMBIENTAL ACUICULTURA EN CHILE Y SU EFECTO EN LOS ECOSISTEMAS DE EMPLAZAMIENTO 2021-2022,Objetivo 1. Actividad 2. Muestreos y Analisis sedimentos,Gastón Vidal,INSTITUTO DE FOMENTO PESQUERO,Puyuhuapi,10,444937.8,725757.3,MATERIA ORGANICA,1.6734394401174044,04/12/2021 19:40:00,XI
117,ESTUDIO SEGUIMIENTO DESEMPEÑO AMBIENTAL ACUICULTURA EN CHILE Y SU EFECTO EN LOS ECOSISTEMAS DE EMPLAZAMIENTO 2021-2022,Objetivo 1. Actividad 2. Muestreos y Analisis sedimentos,Gastón Vidal,INSTITUTO DE FOMENTO PESQUERO,Puyuhuapi,12,445441.9,730811.9,MATERIA ORGANICA,3.278585953386544,05/12/2021 08:50:00,XI
118,ESTUDIO SEGUIMIENTO DESEMPEÑO AMBIENTAL ACUICULTURA EN CHILE Y SU EFECTO EN LOS ECOSISTEMAS DE EMPLAZAMIENTO 2021-2022,Objetivo 1. Actividad 2. Muestreos y Analisis sedimentos,Gastón Vidal,INSTITUTO DE FOMENTO PESQUERO,Aysen,1,452639.7,730033.3,MATERIA ORGANICA,15.990050889130321,15/12/2021 14:50:00,XI
119,ESTUDIO SEGUIMIENTO DESEMPEÑO AMBIENTAL ACUICULTURA EN CHILE Y SU EFECTO EN LOS ECOSISTEMAS DE EMPLAZAMIENTO 2021-2022,Objetivo 1. Actividad 2. Muestreos y Analisis sedimentos,Gastón Vidal,INSTITUTO DE FOMENTO PESQUERO,Aysen,3,451953.0,732236.0,MATERIA ORGANICA,2.3697495816827225,14/12/2021 18:40:00,XI
120,ESTUDIO SEGUIMIENTO DESEMPEÑO AMBIENTAL ACUICULTURA EN CHILE Y SU EFECTO EN LOS ECOSISTEMAS DE EMPLAZAMIENTO 2021-2022,Objetivo 1. Actividad 2. Muestreos y Analisis sedimentos,Gastón Vidal,INSTITUTO DE FOMENTO PESQUERO,Aysen,5,452421.9,733225.0,MATERIA ORGANICA,1.3208598631712458,06/12/2021 15:40:00,XI
121,ESTUDIO SEGUIMIENTO DESEMPEÑO AMBIENTAL ACUICULTURA EN CHILE Y SU EFECTO EN LOS ECOSISTEMAS DE EMPLAZAMIENTO 2021-2022,Objetivo 1. Actividad 2. Muestreos y Analisis sedimentos,Gastón Vidal,INSTITUTO DE FOMENTO PESQUERO,Aysen,6,453734.9,733550.9,MATERIA ORGANICA,1.2947428404829067,06/12/2021 19:40:00,XI
122,ESTUDIO SEGUIMIENTO DESEMPEÑO AMBIENTAL ACUICULTURA EN CHILE Y SU EFECTO EN LOS ECOSISTEMAS DE EMPLAZAMIENTO 2021-2022,Objetivo 1. Actividad 2. Muestreos y Analisis sedimentos,Gastón Vidal,INSTITUTO DE FOMENTO PESQUERO,Aysen,7,454508.5,733655.3,MATERIA ORGANICA,1.6833545242635974,07/12/2021 10:50:00,XI
123,ESTUDIO SEGUIMIENTO DESEMPEÑO AMBIENTAL ACUICULTURA EN CHILE Y SU EFECTO EN LOS ECOSISTEMAS DE EMPLAZAMIENTO 2021-2022,Objetivo 1. Actividad 2. Muestreos y Analisis sedimentos,Gastón Vidal,INSTITUTO DE FOMENTO PESQUERO,Aysen,10,455717.6,733619.7,MATERIA ORGANICA,1.290045151580303,11/12/2021 10:50:00,XI
125,ESTUDIO SEGUIMIENTO DESEMPEÑO AMBIENTAL ACUICULTURA EN CHILE Y SU EFECTO EN LOS ECOSISTEMAS DE EMPLAZAMIENTO 2021-2022,Objetivo 1. Actividad 2. Muestreos y Analisis sedimentos,Gastón Vidal,INSTITUTO DE FOMENTO PESQUERO,Aysen,13,461329.4,734345.5,MATERIA ORGANICA,3.2505198642880018,12/12/2021 16:35:00,XI
126,ESTUDIO SEGUIMIENTO DESEMPEÑO AMBIENTAL ACUICULTURA EN CHILE Y SU EFECTO EN LOS ECOSISTEMAS DE EMPLAZAMIENTO 2021-2022,Objetivo 1. Actividad 2. Muestreos y Analisis sedimentos,Gastón Vidal,INSTITUTO DE FOMENTO PESQUERO,Aysen,18,460557.7,735202.9,MATERIA ORGANICA,1.682651195221749,12/12/2021 17:35:00,XI
127,ESTUDIO SEGUIMIENTO DESEMPEÑO AMBIENTAL ACUICULTURA EN CHILE Y SU EFECTO EN LOS ECOSISTEMAS DE EMPLAZAMIENTO 2021-2022,Objetivo 1. Actividad 2. Muestreos y Analisis sedimentos,Gastón Vidal,INSTITUTO DE FOMENTO PESQUERO,Aysen,19,460107.9,735645.7,MATERIA ORGANICA,1.9887446811755265,13/12/2021 08:35:00,XI
128,ESTUDIO SEGUIMIENTO DESEMPEÑO AMBIENTAL ACUICULTURA EN CHILE Y SU EFECTO EN LOS ECOSISTEMAS DE EMPLAZAMIENTO 2021-2022,Objetivo 1. Actividad 2. Muestreos y Analisis sedimentos,Gastón Vidal,INSTITUTO DE FOMENTO PESQUERO,Aysen,24,454429.7,740423.3,MATERIA ORGANICA,1.1244483175442306,13/12/2021 10:30:00,XI
129,ESTUDIO SEGUIMIENTO DESEMPEÑO AMBIENTAL ACUICULTURA EN CHILE Y SU EFECTO EN LOS ECOSISTEMAS DE EMPLAZAMIENTO 2021-2022,Objetivo 1. Actividad 2. Muestreos y Analisis sedimentos,Gastón Vidal,INSTITUTO DE FOMENTO PESQUERO,Aysen,25,454137.5,741704.6,MATERIA ORGANICA,0.956805194462428,13/12/2021 13:00:00,XI
130,ESTUDIO SEGUIMIENTO DESEMPEÑO AMBIENTAL ACUICULTURA EN CHILE Y SU EFECTO EN LOS ECOSISTEMAS DE EMPLAZAMIENTO 2021-2022,Objetivo 1. Actividad 2. Muestreos y Analisis sedimentos,Gastón Vidal,INSTITUTO DE FOMENTO PESQUERO,Aysen,28,453351.4,741310.2,MATERIA ORGANICA,0.6541511194029934,13/12/2021 15:00:00,XI
131,ESTUDIO SEGUIMIENTO DESEMPEÑO AMBIENTAL ACUICULTURA EN CHILE Y SU EFECTO EN LOS ECOSISTEMAS DE EMPLAZAMIENTO 2021-2022,Objetivo 1. Actividad 2. Muestreos y Analisis sedimentos,Gastón Vidal,INSTITUTO DE FOMENTO PESQUERO,Aysen,30,452356.0,741521.0,MATERIA ORGANICA,0.7525843462456099,13/12/2021 16:45:00,XI
132,ESTUDIO SEGUIMIENTO DESEMPEÑO AMBIENTAL ACUICULTURA EN CHILE Y SU EFECTO EN LOS ECOSISTEMAS DE EMPLAZAMIENTO 2021-2022,Objetivo 1. Actividad 2. Muestreos y Analisis sedimentos,Gastón Vidal,INSTITUTO DE FOMENTO PESQUERO,Aysen,34,451659.5,734350.5,MATERIA ORGANICA,1.2622310628775044,14/12/2021 13:52:00,XI
133,ESTUDIO SEGUIMIENTO DESEMPEÑO AMBIENTAL ACUICULTURA EN CHILE Y SU EFECTO EN LOS ECOSISTEMAS DE EMPLAZAMIENTO 2021-2022,Objetivo 1. Actividad 2. Muestreos y Analisis sedimentos,Gastón Vidal,INSTITUTO DE FOMENTO PESQUERO,Natales,2,513604.7,724301.6,MATERIA ORGANICA,6.004191502680909,15/02/2022 08:15:00,XII
134,ESTUDIO SEGUIMIENTO DESEMPEÑO AMBIENTAL ACUICULTURA EN CHILE Y SU EFECTO EN LOS ECOSISTEMAS DE EMPLAZAMIENTO 2021-2022,Objetivo 1. Actividad 2. Muestreos y Analisis sedimentos,Gastón Vidal,INSTITUTO DE FOMENTO PESQUERO,Natales,3,514018.2,723753.1,MATERIA ORGANICA,12.96859719656633,15/02/2022 09:18:00,XII
135,ESTUDIO SEGUIMIENTO DESEMPEÑO AMBIENTAL ACUICULTURA EN CHILE Y SU EFECTO EN LOS ECOSISTEMAS DE EMPLAZAMIENTO 2021-2022,Objetivo 1. Actividad 2. Muestreos y Analisis sedimentos,Gastón Vidal,INSTITUTO DE FOMENTO PESQUERO,Natales,5,514929.7,723739.8,MATERIA ORGANICA,9.198477209589473,12/02/2022 21:13:00,XII
136,ESTUDIO SEGUIMIENTO DESEMPEÑO AMBIENTAL ACUICULTURA EN CHILE Y SU EFECTO EN LOS ECOSISTEMAS DE EMPLAZAMIENTO 2021-2022,Objetivo 1. Actividad 2. Muestreos y Analisis sedimentos,Gastón Vidal,INSTITUTO DE FOMENTO PESQUERO,Natales,9,514601.6,725405.0,MATERIA ORGANICA,3.5657759985103397,14/02/2022 17:05:00,XII
137,ESTUDIO SEGUIMIENTO DESEMPEÑO AMBIENTAL ACUICULTURA EN CHILE Y SU EFECTO EN LOS ECOSISTEMAS DE EMPLAZAMIENTO 2021-2022,Objetivo 1. Actividad 2. Muestreos y Analisis sedimentos,Gastón Vidal,INSTITUTO DE FOMENTO PESQUERO,Natales,10,520357.8,725602.0,MATERIA ORGANICA,2.4814885739818706,13/02/2022 12:50:00,XII
138,ESTUDIO SEGUIMIENTO DESEMPEÑO AMBIENTAL ACUICULTURA EN CHILE Y SU EFECTO EN LOS ECOSISTEMAS DE EMPLAZAMIENTO 2021-2022,Objetivo 1. Actividad 2. Muestreos y Analisis sedimentos,Gastón Vidal,INSTITUTO DE FOMENTO PESQUERO,Natales,11,521159.7,725703.6,MATERIA ORGANICA,5.962770302222603,13/02/2022 16:10:00,XII
139,ESTUDIO SEGUIMIENTO DESEMPEÑO AMBIENTAL ACUICULTURA EN CHILE Y SU EFECTO EN LOS ECOSISTEMAS DE EMPLAZAMIENTO 2021-2022,Objetivo 1. Actividad 2. Muestreos y Analisis sedimentos,Gastón Vidal,INSTITUTO DE FOMENTO PESQUERO,Natales,13,521310.4,725226.1,MATERIA ORGANICA,7.4178898176792085,13/02/2022 17:42:00,XII
140,ESTUDIO SEGUIMIENTO DESEMPEÑO AMBIENTAL ACUICULTURA EN CHILE Y SU EFECTO EN LOS ECOSISTEMAS DE EMPLAZAMIENTO 2021-2022,Objetivo 1. Actividad 2. Muestreos y Analisis sedimentos,Gastón Vidal,INSTITUTO DE FOMENTO PESQUERO,Natales,14,520439.3,723937.6,MATERIA ORGANICA,9.965439840381947,12/02/2022 23:55:00,XII
1,ESTUDIO SEGUIMIENTO DESEMPEÑO AMBIENTAL ACUICULTURA EN CHILE Y SU EFECTO EN LOS ECOSISTEMAS DE EMPLAZAMIENTO 2021-2022,Objetivo 1. Actividad 2. Muestreos y Analisis sedimentos,Gastón Vidal,INSTITUTO DE FOMENTO PESQUERO,Estuario,1,412614.9,721747.9,DISCO SECCHI,2.5,15/11/2021 15:30:00,X
2,ESTUDIO SEGUIMIENTO DESEMPEÑO AMBIENTAL ACUICULTURA EN CHILE Y SU EFECTO EN LOS ECOSISTEMAS DE EMPLAZAMIENTO 2021-2022,Objetivo 1. Actividad 2. Muestreos y Analisis sedimentos,Gastón Vidal,INSTITUTO DE FOMENTO PESQUERO,Estuario,2,412807.3,721843.5,DISCO SECCHI,1.5,15/11/2021 14:50:00,X
3,ESTUDIO SEGUIMIENTO DESEMPEÑO AMBIENTAL ACUICULTURA EN CHILE Y SU EFECTO EN LOS ECOSISTEMAS DE EMPLAZAMIENTO 2021-2022,Objetivo 1. Actividad 2. Muestreos y Analisis sedimentos,Gastón Vidal,INSTITUTO DE FOMENTO PESQUERO,Estuario,3,412945.4,721845.5,DISCO SECCHI,2.5,15/11/2021 14:10:00,X
4,ESTUDIO SEGUIMIENTO DESEMPEÑO AMBIENTAL ACUICULTURA EN CHILE Y SU EFECTO EN LOS ECOSISTEMAS DE EMPLAZAMIENTO 2021-2022,Objetivo 1. Actividad 2. Muestreos y Analisis sedimentos,Gastón Vidal,INSTITUTO DE FOMENTO PESQUERO,Estuario,5,413039.3,721721.1,DISCO SECCHI,2.5,15/11/2021 13:45:00,X
5,ESTUDIO SEGUIMIENTO DESEMPEÑO AMBIENTAL ACUICULTURA EN CHILE Y SU EFECTO EN LOS ECOSISTEMAS DE EMPLAZAMIENTO 2021-2022,Objetivo 1. Actividad 2. Muestreos y Analisis sedimentos,Gastón Vidal,INSTITUTO DE FOMENTO PESQUERO,Estuario,6,413132.6,722021.4,DISCO SECCHI,2.5,15/11/2021 11:25:00,X
6,ESTUDIO SEGUIMIENTO DESEMPEÑO AMBIENTAL ACUICULTURA EN CHILE Y SU EFECTO EN LOS ECOSISTEMAS DE EMPLAZAMIENTO 2021-2022,Objetivo 1. Actividad 2. Muestreos y Analisis sedimentos,Gastón Vidal,INSTITUTO DE FOMENTO PESQUERO,Estuario,7,413157.8,721802.6,DISCO SECCHI,2,15/11/2021 12:05:00,X
7,ESTUDIO SEGUIMIENTO DESEMPEÑO AMBIENTAL ACUICULTURA EN CHILE Y SU EFECTO EN LOS ECOSISTEMAS DE EMPLAZAMIENTO 2021-2022,Objetivo 1. Actividad 2. Muestreos y Analisis sedimentos,Gastón Vidal,INSTITUTO DE FOMENTO PESQUERO,Estuario,8,413533.0,722110.7,DISCO SECCHI,2,15/11/2021 10:40:00,X
8,ESTUDIO SEGUIMIENTO DESEMPEÑO AMBIENTAL ACUICULTURA EN CHILE Y SU EFECTO EN LOS ECOSISTEMAS DE EMPLAZAMIENTO 2021-2022,Objetivo 1. Actividad 2. Muestreos y Analisis sedimentos,Gastón Vidal,INSTITUTO DE FOMENTO PESQUERO,Estuario,12,413938.3,722058.9,DISCO SECCHI,2.5,15/11/2021 09:55:00,X
9,ESTUDIO SEGUIMIENTO DESEMPEÑO AMBIENTAL ACUICULTURA EN CHILE Y SU EFECTO EN LOS ECOSISTEMAS DE EMPLAZAMIENTO 2021-2022,Objetivo 1. Actividad 2. Muestreos y Analisis sedimentos,Gastón Vidal,INSTITUTO DE FOMENTO PESQUERO,Estuario,17,414052.7,722801.1,DISCO SECCHI,2.5,15/11/2021 09:00:00,X
10,ESTUDIO SEGUIMIENTO DESEMPEÑO AMBIENTAL ACUICULTURA EN CHILE Y SU EFECTO EN LOS ECOSISTEMAS DE EMPLAZAMIENTO 2021-2022,Objetivo 1. Actividad 2. Muestreos y Analisis sedimentos,Gastón Vidal,INSTITUTO DE FOMENTO PESQUERO,Estuario,21,414330.8,723048.5,DISCO SECCHI,2,15/11/2021 08:20:00,X
11,ESTUDIO SEGUIMIENTO DESEMPEÑO AMBIENTAL ACUICULTURA EN CHILE Y SU EFECTO EN LOS ECOSISTEMAS DE EMPLAZAMIENTO 2021-2022,Objetivo 1. Actividad 2. Muestreos y Analisis sedimentos,Gastón Vidal,INSTITUTO DE FOMENTO PESQUERO,Reloncavi,3,415420.9,725230.7,DISCO SECCHI,3.5,01/11/2021 15:15:00,X
12,ESTUDIO SEGUIMIENTO DESEMPEÑO AMBIENTAL ACUICULTURA EN CHILE Y SU EFECTO EN LOS ECOSISTEMAS DE EMPLAZAMIENTO 2021-2022,Objetivo 1. Actividad 2. Muestreos y Analisis sedimentos,Gastón Vidal,INSTITUTO DE FOMENTO PESQUERO,Reloncavi,4,415223.0,725351.4,DISCO SECCHI,3,01/11/2021 16:08:00,X
13,ESTUDIO SEGUIMIENTO DESEMPEÑO AMBIENTAL ACUICULTURA EN CHILE Y SU EFECTO EN LOS ECOSISTEMAS DE EMPLAZAMIENTO 2021-2022,Objetivo 1. Actividad 2. Muestreos y Analisis sedimentos,Gastón Vidal,INSTITUTO DE FOMENTO PESQUERO,Reloncavi,5,415307.1,725602.6,DISCO SECCHI,3.5,01/11/2021 20:00:00,X
14,ESTUDIO SEGUIMIENTO DESEMPEÑO AMBIENTAL ACUICULTURA EN CHILE Y SU EFECTO EN LOS ECOSISTEMAS DE EMPLAZAMIENTO 2021-2022,Objetivo 1. Actividad 2. Muestreos y Analisis sedimentos,Gastón Vidal,INSTITUTO DE FOMENTO PESQUERO,Reloncavi,7,414413.7,730243.4,DISCO SECCHI,8,04/11/2021 15:20:00,X
15,ESTUDIO SEGUIMIENTO DESEMPEÑO AMBIENTAL ACUICULTURA EN CHILE Y SU EFECTO EN LOS ECOSISTEMAS DE EMPLAZAMIENTO 2021-2022,Objetivo 1. Actividad 2. Muestreos y Analisis sedimentos,Gastón Vidal,INSTITUTO DE FOMENTO PESQUERO,Reloncavi,13,412948.4,725730.9,DISCO SECCHI,2,04/11/2021 17:00:00,X
16,ESTUDIO SEGUIMIENTO DESEMPEÑO AMBIENTAL ACUICULTURA EN CHILE Y SU EFECTO EN LOS ECOSISTEMAS DE EMPLAZAMIENTO 2021-2022,Objetivo 1. Actividad 2. Muestreos y Analisis sedimentos,Gastón Vidal,INSTITUTO DE FOMENTO PESQUERO,Reloncavi,15,413105.3,724724.2,DISCO SECCHI,9,13/11/2021 12:00:00,X
17,ESTUDIO SEGUIMIENTO DESEMPEÑO AMBIENTAL ACUICULTURA EN CHILE Y SU EFECTO EN LOS ECOSISTEMAS DE EMPLAZAMIENTO 2021-2022,Objetivo 1. Actividad 2. Muestreos y Analisis sedimentos,Gastón Vidal,INSTITUTO DE FOMENTO PESQUERO,Reloncavi,17,413450.6,724336.9,DISCO SECCHI,11.5,13/11/2021 14:30:00,X
18,ESTUDIO SEGUIMIENTO DESEMPEÑO AMBIENTAL ACUICULTURA EN CHILE Y SU EFECTO EN LOS ECOSISTEMAS DE EMPLAZAMIENTO 2021-2022,Objetivo 1. Actividad 2. Muestreos y Analisis sedimentos,Gastón Vidal,INSTITUTO DE FOMENTO PESQUERO,Reloncavi,19,413707.8,724152.2,DISCO SECCHI,7.5,13/11/2021 13:10:00,X
19,ESTUDIO SEGUIMIENTO DESEMPEÑO AMBIENTAL ACUICULTURA EN CHILE Y SU EFECTO EN LOS ECOSISTEMAS DE EMPLAZAMIENTO 2021-2022,Objetivo 1. Actividad 2. Muestreos y Analisis sedimentos,Gastón Vidal,INSTITUTO DE FOMENTO PESQUERO,Reloncavi,21,413751.5,724023.2,DISCO SECCHI,9,13/11/2021 13:44:00,X
20,ESTUDIO SEGUIMIENTO DESEMPEÑO AMBIENTAL ACUICULTURA EN CHILE Y SU EFECTO EN LOS ECOSISTEMAS DE EMPLAZAMIENTO 2021-2022,Objetivo 1. Actividad 2. Muestreos y Analisis sedimentos,Gastón Vidal,INSTITUTO DE FOMENTO PESQUERO,Reloncavi,25,414943.9,724718.2,DISCO SECCHI,8,16/11/2021 17:55:00,X
21,ESTUDIO SEGUIMIENTO DESEMPEÑO AMBIENTAL ACUICULTURA EN CHILE Y SU EFECTO EN LOS ECOSISTEMAS DE EMPLAZAMIENTO 2021-2022,Objetivo 1. Actividad 2. Muestreos y Analisis sedimentos,Gastón Vidal,INSTITUTO DE FOMENTO PESQUERO,Calbuco,1,414442.2,730610.3,DISCO SECCHI,6,04/11/2021 13:30:00,X
22,ESTUDIO SEGUIMIENTO DESEMPEÑO AMBIENTAL ACUICULTURA EN CHILE Y SU EFECTO EN LOS ECOSISTEMAS DE EMPLAZAMIENTO 2021-2022,Objetivo 1. Actividad 2. Muestreos y Analisis sedimentos,Gastón Vidal,INSTITUTO DE FOMENTO PESQUERO,Calbuco,2,414630.1,730505.2,DISCO SECCHI,7.5,04/11/2021 10:50:00,X
23,ESTUDIO SEGUIMIENTO DESEMPEÑO AMBIENTAL ACUICULTURA EN CHILE Y SU EFECTO EN LOS ECOSISTEMAS DE EMPLAZAMIENTO 2021-2022,Objetivo 1. Actividad 2. Muestreos y Analisis sedimentos,Gastón Vidal,INSTITUTO DE FOMENTO PESQUERO,Calbuco,8,414314.7,730933.2,DISCO SECCHI,5,04/11/2021 11:49:00,X
24,ESTUDIO SEGUIMIENTO DESEMPEÑO AMBIENTAL ACUICULTURA EN CHILE Y SU EFECTO EN LOS ECOSISTEMAS DE EMPLAZAMIENTO 2021-2022,Objetivo 1. Actividad 2. Muestreos y Analisis sedimentos,Gastón Vidal,INSTITUTO DE FOMENTO PESQUERO,Calbuco,16,414822.6,731018.3,DISCO SECCHI,5.5,04/11/2021 10:00:00,X
25,ESTUDIO SEGUIMIENTO DESEMPEÑO AMBIENTAL ACUICULTURA EN CHILE Y SU EFECTO EN LOS ECOSISTEMAS DE EMPLAZAMIENTO 2021-2022,Objetivo 1. Actividad 2. Muestreos y Analisis sedimentos,Gastón Vidal,INSTITUTO DE FOMENTO PESQUERO,Calbuco,22,414705.8,730505.2,DISCO SECCHI,5.5,04/11/2021 10:42:00,X
26,ESTUDIO SEGUIMIENTO DESEMPEÑO AMBIENTAL ACUICULTURA EN CHILE Y SU EFECTO EN LOS ECOSISTEMAS DE EMPLAZAMIENTO 2021-2022,Objetivo 1. Actividad 2. Muestreos y Analisis sedimentos,Gastón Vidal,INSTITUTO DE FOMENTO PESQUERO,Calbuco,26,415016.4,730447.2,DISCO SECCHI,3.5,02/11/2021 08:15:00,X
27,ESTUDIO SEGUIMIENTO DESEMPEÑO AMBIENTAL ACUICULTURA EN CHILE Y SU EFECTO EN LOS ECOSISTEMAS DE EMPLAZAMIENTO 2021-2022,Objetivo 1. Actividad 2. Muestreos y Analisis sedimentos,Gastón Vidal,INSTITUTO DE FOMENTO PESQUERO,Calbuco,27,414959.8,730629.1,DISCO SECCHI,3.5,02/11/2021 08:50:00,X
28,ESTUDIO SEGUIMIENTO DESEMPEÑO AMBIENTAL ACUICULTURA EN CHILE Y SU EFECTO EN LOS ECOSISTEMAS DE EMPLAZAMIENTO 2021-2022,Objetivo 1. Actividad 2. Muestreos y Analisis sedimentos,Gastón Vidal,INSTITUTO DE FOMENTO PESQUERO,Calbuco,30,415019.0,730822.5,DISCO SECCHI,3,02/11/2021 09:10:00,X
29,ESTUDIO SEGUIMIENTO DESEMPEÑO AMBIENTAL ACUICULTURA EN CHILE Y SU EFECTO EN LOS ECOSISTEMAS DE EMPLAZAMIENTO 2021-2022,Objetivo 1. Actividad 2. Muestreos y Analisis sedimentos,Gastón Vidal,INSTITUTO DE FOMENTO PESQUERO,Chacao,2,415659.3,733134.3,DISCO SECCHI,4,02/11/2021 13:15:00,X
30,ESTUDIO SEGUIMIENTO DESEMPEÑO AMBIENTAL ACUICULTURA EN CHILE Y SU EFECTO EN LOS ECOSISTEMAS DE EMPLAZAMIENTO 2021-2022,Objetivo 1. Actividad 2. Muestreos y Analisis sedimentos,Gastón Vidal,INSTITUTO DE FOMENTO PESQUERO,Chacao,6,415415.1,732906.8,DISCO SECCHI,5,02/11/2021 12:45:00,X
31,ESTUDIO SEGUIMIENTO DESEMPEÑO AMBIENTAL ACUICULTURA EN CHILE Y SU EFECTO EN LOS ECOSISTEMAS DE EMPLAZAMIENTO 2021-2022,Objetivo 1. Actividad 2. Muestreos y Analisis sedimentos,Gastón Vidal,INSTITUTO DE FOMENTO PESQUERO,Chacao,12,415217.3,733107.9,DISCO SECCHI,6,02/11/2021 11:55:00,X
32,ESTUDIO SEGUIMIENTO DESEMPEÑO AMBIENTAL ACUICULTURA EN CHILE Y SU EFECTO EN LOS ECOSISTEMAS DE EMPLAZAMIENTO 2021-2022,Objetivo 1. Actividad 2. Muestreos y Analisis sedimentos,Gastón Vidal,INSTITUTO DE FOMENTO PESQUERO,Chacao,14,415115.7,732851.2,DISCO SECCHI,5,02/11/2021 11:25:00,X
33,ESTUDIO SEGUIMIENTO DESEMPEÑO AMBIENTAL ACUICULTURA EN CHILE Y SU EFECTO EN LOS ECOSISTEMAS DE EMPLAZAMIENTO 2021-2022,Objetivo 1. Actividad 2. Muestreos y Analisis sedimentos,Gastón Vidal,INSTITUTO DE FOMENTO PESQUERO,Butachauques,1,421917.6,731519.1,DISCO SECCHI,9,22/10/2021 17:50:00,X
34,ESTUDIO SEGUIMIENTO DESEMPEÑO AMBIENTAL ACUICULTURA EN CHILE Y SU EFECTO EN LOS ECOSISTEMAS DE EMPLAZAMIENTO 2021-2022,Objetivo 1. Actividad 2. Muestreos y Analisis sedimentos,Gastón Vidal,INSTITUTO DE FOMENTO PESQUERO,Butachauques,3,421702.6,731506.7,DISCO SECCHI,6.5,25/10/2021 08:25:00,X
36,ESTUDIO SEGUIMIENTO DESEMPEÑO AMBIENTAL ACUICULTURA EN CHILE Y SU EFECTO EN LOS ECOSISTEMAS DE EMPLAZAMIENTO 2021-2022,Objetivo 1. Actividad 2. Muestreos y Analisis sedimentos,Gastón Vidal,INSTITUTO DE FOMENTO PESQUERO,Butachauques,10,421645.3,732049.7,DISCO SECCHI,7.5,25/10/2021 09:10:00,X
37,ESTUDIO SEGUIMIENTO DESEMPEÑO AMBIENTAL ACUICULTURA EN CHILE Y SU EFECTO EN LOS ECOSISTEMAS DE EMPLAZAMIENTO 2021-2022,Objetivo 1. Actividad 2. Muestreos y Analisis sedimentos,Gastón Vidal,INSTITUTO DE FOMENTO PESQUERO,Butachauques,12,421224.4,732358.0,DISCO SECCHI,4,02/11/2021 16:50:00,X
38,ESTUDIO SEGUIMIENTO DESEMPEÑO AMBIENTAL ACUICULTURA EN CHILE Y SU EFECTO EN LOS ECOSISTEMAS DE EMPLAZAMIENTO 2021-2022,Objetivo 1. Actividad 2. Muestreos y Analisis sedimentos,Gastón Vidal,INSTITUTO DE FOMENTO PESQUERO,Butachauques,13,421021.7,732609.5,DISCO SECCHI,3,02/11/2021 15:30:00,X
39,ESTUDIO SEGUIMIENTO DESEMPEÑO AMBIENTAL ACUICULTURA EN CHILE Y SU EFECTO EN LOS ECOSISTEMAS DE EMPLAZAMIENTO 2021-2022,Objetivo 1. Actividad 2. Muestreos y Analisis sedimentos,Gastón Vidal,INSTITUTO DE FOMENTO PESQUERO,Butachauques,14,420929.5,732804.6,DISCO SECCHI,3.5,02/11/2021 15:00:00,X
40,ESTUDIO SEGUIMIENTO DESEMPEÑO AMBIENTAL ACUICULTURA EN CHILE Y SU EFECTO EN LOS ECOSISTEMAS DE EMPLAZAMIENTO 2021-2022,Objetivo 1. Actividad 2. Muestreos y Analisis sedimentos,Gastón Vidal,INSTITUTO DE FOMENTO PESQUERO,Chaulinec,3,423622.9,731526.5,DISCO SECCHI,9,25/10/2021 13:30:00,X
41,ESTUDIO SEGUIMIENTO DESEMPEÑO AMBIENTAL ACUICULTURA EN CHILE Y SU EFECTO EN LOS ECOSISTEMAS DE EMPLAZAMIENTO 2021-2022,Objetivo 1. Actividad 2. Muestreos y Analisis sedimentos,Gastón Vidal,INSTITUTO DE FOMENTO PESQUERO,Chaulinec,4,423422.1,731353.2,DISCO SECCHI,8.5,25/10/2021 13:15:00,X
42,ESTUDIO SEGUIMIENTO DESEMPEÑO AMBIENTAL ACUICULTURA EN CHILE Y SU EFECTO EN LOS ECOSISTEMAS DE EMPLAZAMIENTO 2021-2022,Objetivo 1. Actividad 2. Muestreos y Analisis sedimentos,Gastón Vidal,INSTITUTO DE FOMENTO PESQUERO,Chaulinec,7,422803.3,732256.7,DISCO SECCHI,8.5,23/10/2021 15:56:00,X
43,ESTUDIO SEGUIMIENTO DESEMPEÑO AMBIENTAL ACUICULTURA EN CHILE Y SU EFECTO EN LOS ECOSISTEMAS DE EMPLAZAMIENTO 2021-2022,Objetivo 1. Actividad 2. Muestreos y Analisis sedimentos,Gastón Vidal,INSTITUTO DE FOMENTO PESQUERO,Chaulinec,10,422429.1,731921.4,DISCO SECCHI,8.5,23/10/2021 16:50:00,X
44,ESTUDIO SEGUIMIENTO DESEMPEÑO AMBIENTAL ACUICULTURA EN CHILE Y SU EFECTO EN LOS ECOSISTEMAS DE EMPLAZAMIENTO 2021-2022,Objetivo 1. Actividad 2. Muestreos y Analisis sedimentos,Gastón Vidal,INSTITUTO DE FOMENTO PESQUERO,Chaulinec,13,422634.7,733044.2,DISCO SECCHI,7.5,23/10/2021 15:25:00,X
45,ESTUDIO SEGUIMIENTO DESEMPEÑO AMBIENTAL ACUICULTURA EN CHILE Y SU EFECTO EN LOS ECOSISTEMAS DE EMPLAZAMIENTO 2021-2022,Objetivo 1. Actividad 2. Muestreos y Analisis sedimentos,Gastón Vidal,INSTITUTO DE FOMENTO PESQUERO,Tenaun,2,422246.5,733559.1,DISCO SECCHI,9,23/10/2021 11:00:00,X
46,ESTUDIO SEGUIMIENTO DESEMPEÑO AMBIENTAL ACUICULTURA EN CHILE Y SU EFECTO EN LOS ECOSISTEMAS DE EMPLAZAMIENTO 2021-2022,Objetivo 1. Actividad 2. Muestreos y Analisis sedimentos,Gastón Vidal,INSTITUTO DE FOMENTO PESQUERO,Tenaun,3,422307.4,733744.8,DISCO SECCHI,9,23/10/2021 00:00:00,X
47,ESTUDIO SEGUIMIENTO DESEMPEÑO AMBIENTAL ACUICULTURA EN CHILE Y SU EFECTO EN LOS ECOSISTEMAS DE EMPLAZAMIENTO 2021-2022,Objetivo 1. Actividad 2. Muestreos y Analisis sedimentos,Gastón Vidal,INSTITUTO DE FOMENTO PESQUERO,Tenaun,6,422215.1,733731.1,DISCO SECCHI,9,23/10/2021 10:15:00,X
48,ESTUDIO SEGUIMIENTO DESEMPEÑO AMBIENTAL ACUICULTURA EN CHILE Y SU EFECTO EN LOS ECOSISTEMAS DE EMPLAZAMIENTO 2021-2022,Objetivo 1. Actividad 2. Muestreos y Analisis sedimentos,Gastón Vidal,INSTITUTO DE FOMENTO PESQUERO,Tenaun,9,422139.1,733441.7,DISCO SECCHI,5,23/10/2021 12:25:00,X
49,ESTUDIO SEGUIMIENTO DESEMPEÑO AMBIENTAL ACUICULTURA EN CHILE Y SU EFECTO EN LOS ECOSISTEMAS DE EMPLAZAMIENTO 2021-2022,Objetivo 1. Actividad 2. Muestreos y Analisis sedimentos,Gastón Vidal,INSTITUTO DE FOMENTO PESQUERO,Tenaun,14,422026.0,733200.9,DISCO SECCHI,6,23/10/2021 13:40:00,X
50,ESTUDIO SEGUIMIENTO DESEMPEÑO AMBIENTAL ACUICULTURA EN CHILE Y SU EFECTO EN LOS ECOSISTEMAS DE EMPLAZAMIENTO 2021-2022,Objetivo 1. Actividad 2. Muestreos y Analisis sedimentos,Gastón Vidal,INSTITUTO DE FOMENTO PESQUERO,Chiloe central,1,423046.9,734515.6,DISCO SECCHI,8,26/10/2021 10:05:00,X
51,ESTUDIO SEGUIMIENTO DESEMPEÑO AMBIENTAL ACUICULTURA EN CHILE Y SU EFECTO EN LOS ECOSISTEMAS DE EMPLAZAMIENTO 2021-2022,Objetivo 1. Actividad 2. Muestreos y Analisis sedimentos,Gastón Vidal,INSTITUTO DE FOMENTO PESQUERO,Chiloe central,4,423259.2,734015.8,DISCO SECCHI,4,26/10/2021 08:20:00,X
52,ESTUDIO SEGUIMIENTO DESEMPEÑO AMBIENTAL ACUICULTURA EN CHILE Y SU EFECTO EN LOS ECOSISTEMAS DE EMPLAZAMIENTO 2021-2022,Objetivo 1. Actividad 2. Muestreos y Analisis sedimentos,Gastón Vidal,INSTITUTO DE FOMENTO PESQUERO,Chiloe central,6,423209.3,733613.2,DISCO SECCHI,8,25/10/2021 18:33:00,X
53,ESTUDIO SEGUIMIENTO DESEMPEÑO AMBIENTAL ACUICULTURA EN CHILE Y SU EFECTO EN LOS ECOSISTEMAS DE EMPLAZAMIENTO 2021-2022,Objetivo 1. Actividad 2. Muestreos y Analisis sedimentos,Gastón Vidal,INSTITUTO DE FOMENTO PESQUERO,Chiloe central,7,423029.3,733611.3,DISCO SECCHI,9,25/10/2021 17:48:00,X
54,ESTUDIO SEGUIMIENTO DESEMPEÑO AMBIENTAL ACUICULTURA EN CHILE Y SU EFECTO EN LOS ECOSISTEMAS DE EMPLAZAMIENTO 2021-2022,Objetivo 1. Actividad 2. Muestreos y Analisis sedimentos,Gastón Vidal,INSTITUTO DE FOMENTO PESQUERO,Chiloe central,11,422833.3,733241.1,DISCO SECCHI,10,25/10/2021 16:40:00,X
55,ESTUDIO SEGUIMIENTO DESEMPEÑO AMBIENTAL ACUICULTURA EN CHILE Y SU EFECTO EN LOS ECOSISTEMAS DE EMPLAZAMIENTO 2021-2022,Objetivo 1. Actividad 2. Muestreos y Analisis sedimentos,Gastón Vidal,INSTITUTO DE FOMENTO PESQUERO,Chiloe central,12,423059.3,732821.5,DISCO SECCHI,9,25/10/2021 16:05:00,X
56,ESTUDIO SEGUIMIENTO DESEMPEÑO AMBIENTAL ACUICULTURA EN CHILE Y SU EFECTO EN LOS ECOSISTEMAS DE EMPLAZAMIENTO 2021-2022,Objetivo 1. Actividad 2. Muestreos y Analisis sedimentos,Gastón Vidal,INSTITUTO DE FOMENTO PESQUERO,Chiloe central,16,424213.5,733738.2,DISCO SECCHI,10,26/10/2021 11:40:00,X
57,ESTUDIO SEGUIMIENTO DESEMPEÑO AMBIENTAL ACUICULTURA EN CHILE Y SU EFECTO EN LOS ECOSISTEMAS DE EMPLAZAMIENTO 2021-2022,Objetivo 1. Actividad 2. Muestreos y Analisis sedimentos,Gastón Vidal,INSTITUTO DE FOMENTO PESQUERO,Chiloe central,26,423654.6,732710.2,DISCO SECCHI,3,25/10/2021 15:00:00,X
58,ESTUDIO SEGUIMIENTO DESEMPEÑO AMBIENTAL ACUICULTURA EN CHILE Y SU EFECTO EN LOS ECOSISTEMAS DE EMPLAZAMIENTO 2021-2022,Objetivo 1. Actividad 2. Muestreos y Analisis sedimentos,Gastón Vidal,INSTITUTO DE FOMENTO PESQUERO,Desertores,1,424703.0,725635.9,DISCO SECCHI,4,30/10/2021 08:05:00,X
59,ESTUDIO SEGUIMIENTO DESEMPEÑO AMBIENTAL ACUICULTURA EN CHILE Y SU EFECTO EN LOS ECOSISTEMAS DE EMPLAZAMIENTO 2021-2022,Objetivo 1. Actividad 2. Muestreos y Analisis sedimentos,Gastón Vidal,INSTITUTO DE FOMENTO PESQUERO,Desertores,2,424756.1,725723.7,DISCO SECCHI,2,30/10/2021 09:00:00,X
60,ESTUDIO SEGUIMIENTO DESEMPEÑO AMBIENTAL ACUICULTURA EN CHILE Y SU EFECTO EN LOS ECOSISTEMAS DE EMPLAZAMIENTO 2021-2022,Objetivo 1. Actividad 2. Muestreos y Analisis sedimentos,Gastón Vidal,INSTITUTO DE FOMENTO PESQUERO,Desertores,3,424536.0,725951.7,DISCO SECCHI,2,30/10/2021 09:50:00,X
61,ESTUDIO SEGUIMIENTO DESEMPEÑO AMBIENTAL ACUICULTURA EN CHILE Y SU EFECTO EN LOS ECOSISTEMAS DE EMPLAZAMIENTO 2021-2022,Objetivo 1. Actividad 2. Muestreos y Analisis sedimentos,Gastón Vidal,INSTITUTO DE FOMENTO PESQUERO,Desertores,6,424206.5,730534.1,DISCO SECCHI,3,30/10/2021 10:55:00,X
62,ESTUDIO SEGUIMIENTO DESEMPEÑO AMBIENTAL ACUICULTURA EN CHILE Y SU EFECTO EN LOS ECOSISTEMAS DE EMPLAZAMIENTO 2021-2022,Objetivo 1. Actividad 2. Muestreos y Analisis sedimentos,Gastón Vidal,INSTITUTO DE FOMENTO PESQUERO,Quellon,6,431143.2,733811.2,DISCO SECCHI,8.5,27/10/2021 15:10:00,X
63,ESTUDIO SEGUIMIENTO DESEMPEÑO AMBIENTAL ACUICULTURA EN CHILE Y SU EFECTO EN LOS ECOSISTEMAS DE EMPLAZAMIENTO 2021-2022,Objetivo 1. Actividad 2. Muestreos y Analisis sedimentos,Gastón Vidal,INSTITUTO DE FOMENTO PESQUERO,Quellon,8,430739.5,734328.6,DISCO SECCHI,11,27/10/2021 16:35:00,X
64,ESTUDIO SEGUIMIENTO DESEMPEÑO AMBIENTAL ACUICULTURA EN CHILE Y SU EFECTO EN LOS ECOSISTEMAS DE EMPLAZAMIENTO 2021-2022,Objetivo 1. Actividad 2. Muestreos y Analisis sedimentos,Gastón Vidal,INSTITUTO DE FOMENTO PESQUERO,Quellon,11,430832.2,734013.7,DISCO SECCHI,11.6,27/10/2021 17:00:00,X
65,ESTUDIO SEGUIMIENTO DESEMPEÑO AMBIENTAL ACUICULTURA EN CHILE Y SU EFECTO EN LOS ECOSISTEMAS DE EMPLAZAMIENTO 2021-2022,Objetivo 1. Actividad 2. Muestreos y Analisis sedimentos,Gastón Vidal,INSTITUTO DE FOMENTO PESQUERO,Quellon,12,431133.5,733423.8,DISCO SECCHI,12,27/10/2021 14:09:00,X
66,ESTUDIO SEGUIMIENTO DESEMPEÑO AMBIENTAL ACUICULTURA EN CHILE Y SU EFECTO EN LOS ECOSISTEMAS DE EMPLAZAMIENTO 2021-2022,Objetivo 1. Actividad 2. Muestreos y Analisis sedimentos,Gastón Vidal,INSTITUTO DE FOMENTO PESQUERO,Quellon,13,430826.2,733310.7,DISCO SECCHI,10,27/10/2021 13:15:00,X
67,ESTUDIO SEGUIMIENTO DESEMPEÑO AMBIENTAL ACUICULTURA EN CHILE Y SU EFECTO EN LOS ECOSISTEMAS DE EMPLAZAMIENTO 2021-2022,Objetivo 1. Actividad 2. Muestreos y Analisis sedimentos,Gastón Vidal,INSTITUTO DE FOMENTO PESQUERO,Quellon,19,430307.5,732746.7,DISCO SECCHI,10,27/10/2021 10:45:00,X
68,ESTUDIO SEGUIMIENTO DESEMPEÑO AMBIENTAL ACUICULTURA EN CHILE Y SU EFECTO EN LOS ECOSISTEMAS DE EMPLAZAMIENTO 2021-2022,Objetivo 1. Actividad 2. Muestreos y Analisis sedimentos,Gastón Vidal,INSTITUTO DE FOMENTO PESQUERO,Quellon,21,430206.1,733133.1,DISCO SECCHI,8,27/10/2021 10:20:00,X
69,ESTUDIO SEGUIMIENTO DESEMPEÑO AMBIENTAL ACUICULTURA EN CHILE Y SU EFECTO EN LOS ECOSISTEMAS DE EMPLAZAMIENTO 2021-2022,Objetivo 1. Actividad 2. Muestreos y Analisis sedimentos,Gastón Vidal,INSTITUTO DE FOMENTO PESQUERO,Quellon,22,425921.8,732805.5,DISCO SECCHI,8,27/10/2021 09:00:00,X
70,ESTUDIO SEGUIMIENTO DESEMPEÑO AMBIENTAL ACUICULTURA EN CHILE Y SU EFECTO EN LOS ECOSISTEMAS DE EMPLAZAMIENTO 2021-2022,Objetivo 1. Actividad 2. Muestreos y Analisis sedimentos,Gastón Vidal,INSTITUTO DE FOMENTO PESQUERO,Quellon,26,425621.2,733649.9,DISCO SECCHI,7.5,27/10/2021 08:00:00,X
71,ESTUDIO SEGUIMIENTO DESEMPEÑO AMBIENTAL ACUICULTURA EN CHILE Y SU EFECTO EN LOS ECOSISTEMAS DE EMPLAZAMIENTO 2021-2022,Objetivo 1. Actividad 2. Muestreos y Analisis sedimentos,Gastón Vidal,INSTITUTO DE FOMENTO PESQUERO,Quellon,28,425525.9,733504.7,DISCO SECCHI,6.5,26/10/2021 15:20:00,X
72,ESTUDIO SEGUIMIENTO DESEMPEÑO AMBIENTAL ACUICULTURA EN CHILE Y SU EFECTO EN LOS ECOSISTEMAS DE EMPLAZAMIENTO 2021-2022,Objetivo 1. Actividad 2. Muestreos y Analisis sedimentos,Gastón Vidal,INSTITUTO DE FOMENTO PESQUERO,Quellon,32,425122.8,734130.9,DISCO SECCHI,6,26/10/2021 16:23:00,X
73,ESTUDIO SEGUIMIENTO DESEMPEÑO AMBIENTAL ACUICULTURA EN CHILE Y SU EFECTO EN LOS ECOSISTEMAS DE EMPLAZAMIENTO 2021-2022,Objetivo 1. Actividad 2. Muestreos y Analisis sedimentos,Gastón Vidal,INSTITUTO DE FOMENTO PESQUERO,Quellon,39,425415.3,732927.9,DISCO SECCHI,9,26/10/2021 14:00:00,X
74,ESTUDIO SEGUIMIENTO DESEMPEÑO AMBIENTAL ACUICULTURA EN CHILE Y SU EFECTO EN LOS ECOSISTEMAS DE EMPLAZAMIENTO 2021-2022,Objetivo 1. Actividad 2. Muestreos y Analisis sedimentos,Gastón Vidal,INSTITUTO DE FOMENTO PESQUERO,Hornopiren,3,420427.1,722759.7,DISCO SECCHI,5,01/11/2021 10:00:00,X
75,ESTUDIO SEGUIMIENTO DESEMPEÑO AMBIENTAL ACUICULTURA EN CHILE Y SU EFECTO EN LOS ECOSISTEMAS DE EMPLAZAMIENTO 2021-2022,Objetivo 1. Actividad 2. Muestreos y Analisis sedimentos,Gastón Vidal,INSTITUTO DE FOMENTO PESQUERO,Hornopiren,6,420209.6,723558.5,DISCO SECCHI,5.5,01/11/2021 12:20:00,X
76,ESTUDIO SEGUIMIENTO DESEMPEÑO AMBIENTAL ACUICULTURA EN CHILE Y SU EFECTO EN LOS ECOSISTEMAS DE EMPLAZAMIENTO 2021-2022,Objetivo 1. Actividad 2. Muestreos y Analisis sedimentos,Gastón Vidal,INSTITUTO DE FOMENTO PESQUERO,Hornopiren,7,420301.3,723537.3,DISCO SECCHI,3.5,01/11/2021 11:05:00,X
77,ESTUDIO SEGUIMIENTO DESEMPEÑO AMBIENTAL ACUICULTURA EN CHILE Y SU EFECTO EN LOS ECOSISTEMAS DE EMPLAZAMIENTO 2021-2022,Objetivo 1. Actividad 2. Muestreos y Analisis sedimentos,Gastón Vidal,INSTITUTO DE FOMENTO PESQUERO,Hornopiren,13,421433.8,722650.7,DISCO SECCHI,5,31/10/2021 14:42:00,X
78,ESTUDIO SEGUIMIENTO DESEMPEÑO AMBIENTAL ACUICULTURA EN CHILE Y SU EFECTO EN LOS ECOSISTEMAS DE EMPLAZAMIENTO 2021-2022,Objetivo 1. Actividad 2. Muestreos y Analisis sedimentos,Gastón Vidal,INSTITUTO DE FOMENTO PESQUERO,Hornopiren,14,421524.5,722346.8,DISCO SECCHI,4.5,31/10/2021 16:00:00,X
79,ESTUDIO SEGUIMIENTO DESEMPEÑO AMBIENTAL ACUICULTURA EN CHILE Y SU EFECTO EN LOS ECOSISTEMAS DE EMPLAZAMIENTO 2021-2022,Objetivo 1. Actividad 2. Muestreos y Analisis sedimentos,Gastón Vidal,INSTITUTO DE FOMENTO PESQUERO,Ayacara,1,421853.1,724721.9,DISCO SECCHI,7,30/11/2021 11:10:00,X
80,ESTUDIO SEGUIMIENTO DESEMPEÑO AMBIENTAL ACUICULTURA EN CHILE Y SU EFECTO EN LOS ECOSISTEMAS DE EMPLAZAMIENTO 2021-2022,Objetivo 1. Actividad 2. Muestreos y Analisis sedimentos,Gastón Vidal,INSTITUTO DE FOMENTO PESQUERO,Ayacara,2,422434.1,724307.0,DISCO SECCHI,4,30/11/2021 09:00:00,X
81,ESTUDIO SEGUIMIENTO DESEMPEÑO AMBIENTAL ACUICULTURA EN CHILE Y SU EFECTO EN LOS ECOSISTEMAS DE EMPLAZAMIENTO 2021-2022,Objetivo 1. Actividad 2. Muestreos y Analisis sedimentos,Gastón Vidal,INSTITUTO DE FOMENTO PESQUERO,Ayacara,3,423409.7,723139.7,DISCO SECCHI,3.5,30/10/2021 15:44:00,X
82,ESTUDIO SEGUIMIENTO DESEMPEÑO AMBIENTAL ACUICULTURA EN CHILE Y SU EFECTO EN LOS ECOSISTEMAS DE EMPLAZAMIENTO 2021-2022,Objetivo 1. Actividad 2. Muestreos y Analisis sedimentos,Gastón Vidal,INSTITUTO DE FOMENTO PESQUERO,Ayacara,4,423117.9,724140.8,DISCO SECCHI,4,30/10/2021 14:35:00,X
83,ESTUDIO SEGUIMIENTO DESEMPEÑO AMBIENTAL ACUICULTURA EN CHILE Y SU EFECTO EN LOS ECOSISTEMAS DE EMPLAZAMIENTO 2021-2022,Objetivo 1. Actividad 2. Muestreos y Analisis sedimentos,Gastón Vidal,INSTITUTO DE FOMENTO PESQUERO,Ayacara,7,423730.6,725115.4,DISCO SECCHI,9,30/10/2021 12:35:00,X
84,ESTUDIO SEGUIMIENTO DESEMPEÑO AMBIENTAL ACUICULTURA EN CHILE Y SU EFECTO EN LOS ECOSISTEMAS DE EMPLAZAMIENTO 2021-2022,Objetivo 1. Actividad 2. Muestreos y Analisis sedimentos,Gastón Vidal,INSTITUTO DE FOMENTO PESQUERO,Ayacara,9,424232.8,725058.9,DISCO SECCHI,3.5,29/10/2021 15:43:00,X
85,ESTUDIO SEGUIMIENTO DESEMPEÑO AMBIENTAL ACUICULTURA EN CHILE Y SU EFECTO EN LOS ECOSISTEMAS DE EMPLAZAMIENTO 2021-2022,Objetivo 1. Actividad 2. Muestreos y Analisis sedimentos,Gastón Vidal,INSTITUTO DE FOMENTO PESQUERO,Chaiten,3,424711.1,725049.9,DISCO SECCHI,3,29/10/2021 14:55:00,X
86,ESTUDIO SEGUIMIENTO DESEMPEÑO AMBIENTAL ACUICULTURA EN CHILE Y SU EFECTO EN LOS ECOSISTEMAS DE EMPLAZAMIENTO 2021-2022,Objetivo 1. Actividad 2. Muestreos y Analisis sedimentos,Gastón Vidal,INSTITUTO DE FOMENTO PESQUERO,Chaiten,4,425527.6,724459.6,DISCO SECCHI,2.5,29/10/2021 13:25:00,X
87,ESTUDIO SEGUIMIENTO DESEMPEÑO AMBIENTAL ACUICULTURA EN CHILE Y SU EFECTO EN LOS ECOSISTEMAS DE EMPLAZAMIENTO 2021-2022,Objetivo 1. Actividad 2. Muestreos y Analisis sedimentos,Gastón Vidal,INSTITUTO DE FOMENTO PESQUERO,Chaiten,12,431438.9,725308.2,DISCO SECCHI,7,29/10/2021 10:10:00,X
88,ESTUDIO SEGUIMIENTO DESEMPEÑO AMBIENTAL ACUICULTURA EN CHILE Y SU EFECTO EN LOS ECOSISTEMAS DE EMPLAZAMIENTO 2021-2022,Objetivo 1. Actividad 2. Muestreos y Analisis sedimentos,Gastón Vidal,INSTITUTO DE FOMENTO PESQUERO,Chaiten,14,431550.9,725835.0,DISCO SECCHI,4,29/10/2021 09:30:00,X
89,ESTUDIO SEGUIMIENTO DESEMPEÑO AMBIENTAL ACUICULTURA EN CHILE Y SU EFECTO EN LOS ECOSISTEMAS DE EMPLAZAMIENTO 2021-2022,Objetivo 1. Actividad 2. Muestreos y Analisis sedimentos,Gastón Vidal,INSTITUTO DE FOMENTO PESQUERO,Chaiten,18,433529.8,730022.5,DISCO SECCHI,7.5,19/11/2021 14:42:00,X
90,ESTUDIO SEGUIMIENTO DESEMPEÑO AMBIENTAL ACUICULTURA EN CHILE Y SU EFECTO EN LOS ECOSISTEMAS DE EMPLAZAMIENTO 2021-2022,Objetivo 1. Actividad 2. Muestreos y Analisis sedimentos,Gastón Vidal,INSTITUTO DE FOMENTO PESQUERO,Chaiten,19,433757.9,725704.9,DISCO SECCHI,7,19/11/2021 15:13:00,X
91,ESTUDIO SEGUIMIENTO DESEMPEÑO AMBIENTAL ACUICULTURA EN CHILE Y SU EFECTO EN LOS ECOSISTEMAS DE EMPLAZAMIENTO 2021-2022,Objetivo 1. Actividad 2. Muestreos y Analisis sedimentos,Gastón Vidal,INSTITUTO DE FOMENTO PESQUERO,Chaiten,20,434146.5,725944.6,DISCO SECCHI,2,19/11/2021 15:50:00,X
92,ESTUDIO SEGUIMIENTO DESEMPEÑO AMBIENTAL ACUICULTURA EN CHILE Y SU EFECTO EN LOS ECOSISTEMAS DE EMPLAZAMIENTO 2021-2022,Objetivo 1. Actividad 2. Muestreos y Analisis sedimentos,Gastón Vidal,INSTITUTO DE FOMENTO PESQUERO,Guaitecas,1,442931.1,740942.8,DISCO SECCHI,5,18/12/2021 13:05:00,XI
93,ESTUDIO SEGUIMIENTO DESEMPEÑO AMBIENTAL ACUICULTURA EN CHILE Y SU EFECTO EN LOS ECOSISTEMAS DE EMPLAZAMIENTO 2021-2022,Objetivo 1. Actividad 2. Muestreos y Analisis sedimentos,Gastón Vidal,INSTITUTO DE FOMENTO PESQUERO,Guaitecas,4,441418.4,741320.7,DISCO SECCHI,3,19/12/2021 08:22:00,XI
94,ESTUDIO SEGUIMIENTO DESEMPEÑO AMBIENTAL ACUICULTURA EN CHILE Y SU EFECTO EN LOS ECOSISTEMAS DE EMPLAZAMIENTO 2021-2022,Objetivo 1. Actividad 2. Muestreos y Analisis sedimentos,Gastón Vidal,INSTITUTO DE FOMENTO PESQUERO,Guaitecas,6,440829.0,740209.0,DISCO SECCHI,6,19/12/2021 09:30:00,XI
95,ESTUDIO SEGUIMIENTO DESEMPEÑO AMBIENTAL ACUICULTURA EN CHILE Y SU EFECTO EN LOS ECOSISTEMAS DE EMPLAZAMIENTO 2021-2022,Objetivo 1. Actividad 2. Muestreos y Analisis sedimentos,Gastón Vidal,INSTITUTO DE FOMENTO PESQUERO,Guaitecas,7,440453.4,735253.7,DISCO SECCHI,5,19/12/2021 11:00:00,XI
96,ESTUDIO SEGUIMIENTO DESEMPEÑO AMBIENTAL ACUICULTURA EN CHILE Y SU EFECTO EN LOS ECOSISTEMAS DE EMPLAZAMIENTO 2021-2022,Objetivo 1. Actividad 2. Muestreos y Analisis sedimentos,Gastón Vidal,INSTITUTO DE FOMENTO PESQUERO,Guaitecas,8,435456.5,735432.1,DISCO SECCHI,3.5,19/12/2021 18:58:00,XI
97,ESTUDIO SEGUIMIENTO DESEMPEÑO AMBIENTAL ACUICULTURA EN CHILE Y SU EFECTO EN LOS ECOSISTEMAS DE EMPLAZAMIENTO 2021-2022,Objetivo 1. Actividad 2. Muestreos y Analisis sedimentos,Gastón Vidal,INSTITUTO DE FOMENTO PESQUERO,Guaitecas,9,435329.1,735219.9,DISCO SECCHI,4.5,19/12/2021 19:42:00,XI
98,ESTUDIO SEGUIMIENTO DESEMPEÑO AMBIENTAL ACUICULTURA EN CHILE Y SU EFECTO EN LOS ECOSISTEMAS DE EMPLAZAMIENTO 2021-2022,Objetivo 1. Actividad 2. Muestreos y Analisis sedimentos,Gastón Vidal,INSTITUTO DE FOMENTO PESQUERO,Guaitecas,10,435638.0,734800.0,DISCO SECCHI,8,19/12/2021 18:00:00,XI
99,ESTUDIO SEGUIMIENTO DESEMPEÑO AMBIENTAL ACUICULTURA EN CHILE Y SU EFECTO EN LOS ECOSISTEMAS DE EMPLAZAMIENTO 2021-2022,Objetivo 1. Actividad 2. Muestreos y Analisis sedimentos,Gastón Vidal,INSTITUTO DE FOMENTO PESQUERO,Guaitecas,12,440031.4,734511.0,DISCO SECCHI,8,19/12/2021 16:55:00,XI
100,ESTUDIO SEGUIMIENTO DESEMPEÑO AMBIENTAL ACUICULTURA EN CHILE Y SU EFECTO EN LOS ECOSISTEMAS DE EMPLAZAMIENTO 2021-2022,Objetivo 1. Actividad 2. Muestreos y Analisis sedimentos,Gastón Vidal,INSTITUTO DE FOMENTO PESQUERO,Guaitecas,17,441715.5,734639.1,DISCO SECCHI,5,19/12/2021 13:21:00,XI
101,ESTUDIO SEGUIMIENTO DESEMPEÑO AMBIENTAL ACUICULTURA EN CHILE Y SU EFECTO EN LOS ECOSISTEMAS DE EMPLAZAMIENTO 2021-2022,Objetivo 1. Actividad 2. Muestreos y Analisis sedimentos,Gastón Vidal,INSTITUTO DE FOMENTO PESQUERO,Moraleda,2,451131.2,735840.6,DISCO SECCHI,3.5,14/12/2021 11:15:00,XI
102,ESTUDIO SEGUIMIENTO DESEMPEÑO AMBIENTAL ACUICULTURA EN CHILE Y SU EFECTO EN LOS ECOSISTEMAS DE EMPLAZAMIENTO 2021-2022,Objetivo 1. Actividad 2. Muestreos y Analisis sedimentos,Gastón Vidal,INSTITUTO DE FOMENTO PESQUERO,Moraleda,4,450957.9,740833.4,DISCO SECCHI,6,14/12/2021 09:50:00,XI
103,ESTUDIO SEGUIMIENTO DESEMPEÑO AMBIENTAL ACUICULTURA EN CHILE Y SU EFECTO EN LOS ECOSISTEMAS DE EMPLAZAMIENTO 2021-2022,Objetivo 1. Actividad 2. Muestreos y Analisis sedimentos,Gastón Vidal,INSTITUTO DE FOMENTO PESQUERO,Moraleda,5,450801.8,741520.1,DISCO SECCHI,3,14/12/2021 08:55:00,XI
104,ESTUDIO SEGUIMIENTO DESEMPEÑO AMBIENTAL ACUICULTURA EN CHILE Y SU EFECTO EN LOS ECOSISTEMAS DE EMPLAZAMIENTO 2021-2022,Objetivo 1. Actividad 2. Muestreos y Analisis sedimentos,Gastón Vidal,INSTITUTO DE FOMENTO PESQUERO,Moraleda,12,444145.4,735257.1,DISCO SECCHI,5,18/12/2021 09:25:00,XI
105,ESTUDIO SEGUIMIENTO DESEMPEÑO AMBIENTAL ACUICULTURA EN CHILE Y SU EFECTO EN LOS ECOSISTEMAS DE EMPLAZAMIENTO 2021-2022,Objetivo 1. Actividad 2. Muestreos y Analisis sedimentos,Gastón Vidal,INSTITUTO DE FOMENTO PESQUERO,Moraleda,13,443935.6,735252.9,DISCO SECCHI,5,18/12/2021 10:15:00,XI
106,ESTUDIO SEGUIMIENTO DESEMPEÑO AMBIENTAL ACUICULTURA EN CHILE Y SU EFECTO EN LOS ECOSISTEMAS DE EMPLAZAMIENTO 2021-2022,Objetivo 1. Actividad 2. Muestreos y Analisis sedimentos,Gastón Vidal,INSTITUTO DE FOMENTO PESQUERO,Moraleda,14,443608.6,740025.9,DISCO SECCHI,5.5,18/12/2021 11:30:00,XI
107,ESTUDIO SEGUIMIENTO DESEMPEÑO AMBIENTAL ACUICULTURA EN CHILE Y SU EFECTO EN LOS ECOSISTEMAS DE EMPLAZAMIENTO 2021-2022,Objetivo 1. Actividad 2. Muestreos y Analisis sedimentos,Gastón Vidal,INSTITUTO DE FOMENTO PESQUERO,Moraleda,16,443308.8,740650.1,DISCO SECCHI,5,18/12/2021 13:20:00,XI
108,ESTUDIO SEGUIMIENTO DESEMPEÑO AMBIENTAL ACUICULTURA EN CHILE Y SU EFECTO EN LOS ECOSISTEMAS DE EMPLAZAMIENTO 2021-2022,Objetivo 1. Actividad 2. Muestreos y Analisis sedimentos,Gastón Vidal,INSTITUTO DE FOMENTO PESQUERO,Moraleda,17,440830.9,733501.0,DISCO SECCHI,5,19/12/2021 15:15:00,XI
109,ESTUDIO SEGUIMIENTO DESEMPEÑO AMBIENTAL ACUICULTURA EN CHILE Y SU EFECTO EN LOS ECOSISTEMAS DE EMPLAZAMIENTO 2021-2022,Objetivo 1. Actividad 2. Muestreos y Analisis sedimentos,Gastón Vidal,INSTITUTO DE FOMENTO PESQUERO,Moraleda,19,434430.9,730056.5,DISCO SECCHI,4,20/11/2021 09:25:00,XI
110,ESTUDIO SEGUIMIENTO DESEMPEÑO AMBIENTAL ACUICULTURA EN CHILE Y SU EFECTO EN LOS ECOSISTEMAS DE EMPLAZAMIENTO 2021-2022,Objetivo 1. Actividad 2. Muestreos y Analisis sedimentos,Gastón Vidal,INSTITUTO DE FOMENTO PESQUERO,Moraleda,25,440204.1,731205.2,DISCO SECCHI,6.5,02/12/2021 16:55:00,XI
111,ESTUDIO SEGUIMIENTO DESEMPEÑO AMBIENTAL ACUICULTURA EN CHILE Y SU EFECTO EN LOS ECOSISTEMAS DE EMPLAZAMIENTO 2021-2022,Objetivo 1. Actividad 2. Muestreos y Analisis sedimentos,Gastón Vidal,INSTITUTO DE FOMENTO PESQUERO,Moraleda,31,442248.0,730431.7,DISCO SECCHI,3,03/12/2021 14:42:00,XI
112,ESTUDIO SEGUIMIENTO DESEMPEÑO AMBIENTAL ACUICULTURA EN CHILE Y SU EFECTO EN LOS ECOSISTEMAS DE EMPLAZAMIENTO 2021-2022,Objetivo 1. Actividad 2. Muestreos y Analisis sedimentos,Gastón Vidal,INSTITUTO DE FOMENTO PESQUERO,Moraleda,32,450149.0,732702.0,DISCO SECCHI,3.5,05/12/2021 14:30:00,XI
113,ESTUDIO SEGUIMIENTO DESEMPEÑO AMBIENTAL ACUICULTURA EN CHILE Y SU EFECTO EN LOS ECOSISTEMAS DE EMPLAZAMIENTO 2021-2022,Objetivo 1. Actividad 2. Muestreos y Analisis sedimentos,Gastón Vidal,INSTITUTO DE FOMENTO PESQUERO,Puyuhuapi,5,443139.8,724117.0,DISCO SECCHI,5.5,03/12/2021 18:25:00,XI
114,ESTUDIO SEGUIMIENTO DESEMPEÑO AMBIENTAL ACUICULTURA EN CHILE Y SU EFECTO EN LOS ECOSISTEMAS DE EMPLAZAMIENTO 2021-2022,Objetivo 1. Actividad 2. Muestreos y Analisis sedimentos,Gastón Vidal,INSTITUTO DE FOMENTO PESQUERO,Puyuhuapi,7,443955.1,725020.8,DISCO SECCHI,3.5,04/12/2021 12:20:00,XI
115,ESTUDIO SEGUIMIENTO DESEMPEÑO AMBIENTAL ACUICULTURA EN CHILE Y SU EFECTO EN LOS ECOSISTEMAS DE EMPLAZAMIENTO 2021-2022,Objetivo 1. Actividad 2. Muestreos y Analisis sedimentos,Gastón Vidal,INSTITUTO DE FOMENTO PESQUERO,Puyuhuapi,8,444209.3,724807.1,DISCO SECCHI,4,04/12/2021 15:15:00,XI
116,ESTUDIO SEGUIMIENTO DESEMPEÑO AMBIENTAL ACUICULTURA EN CHILE Y SU EFECTO EN LOS ECOSISTEMAS DE EMPLAZAMIENTO 2021-2022,Objetivo 1. Actividad 2. Muestreos y Analisis sedimentos,Gastón Vidal,INSTITUTO DE FOMENTO PESQUERO,Puyuhuapi,10,444937.8,725757.3,DISCO SECCHI,0,04/12/2021 19:40:00,XI
117,ESTUDIO SEGUIMIENTO DESEMPEÑO AMBIENTAL ACUICULTURA EN CHILE Y SU EFECTO EN LOS ECOSISTEMAS DE EMPLAZAMIENTO 2021-2022,Objetivo 1. Actividad 2. Muestreos y Analisis sedimentos,Gastón Vidal,INSTITUTO DE FOMENTO PESQUERO,Puyuhuapi,12,445441.9,730811.9,DISCO SECCHI,3.5,05/12/2021 08:50:00,XI
118,ESTUDIO SEGUIMIENTO DESEMPEÑO AMBIENTAL ACUICULTURA EN CHILE Y SU EFECTO EN LOS ECOSISTEMAS DE EMPLAZAMIENTO 2021-2022,Objetivo 1. Actividad 2. Muestreos y Analisis sedimentos,Gastón Vidal,INSTITUTO DE FOMENTO PESQUERO,Aysen,1,452639.7,730033.3,DISCO SECCHI,4,15/12/2021 14:50:00,XI
119,ESTUDIO SEGUIMIENTO DESEMPEÑO AMBIENTAL ACUICULTURA EN CHILE Y SU EFECTO EN LOS ECOSISTEMAS DE EMPLAZAMIENTO 2021-2022,Objetivo 1. Actividad 2. Muestreos y Analisis sedimentos,Gastón Vidal,INSTITUTO DE FOMENTO PESQUERO,Aysen,3,451953.0,732236.0,DISCO SECCHI,3.5,14/12/2021 18:40:00,XI
120,ESTUDIO SEGUIMIENTO DESEMPEÑO AMBIENTAL ACUICULTURA EN CHILE Y SU EFECTO EN LOS ECOSISTEMAS DE EMPLAZAMIENTO 2021-2022,Objetivo 1. Actividad 2. Muestreos y Analisis sedimentos,Gastón Vidal,INSTITUTO DE FOMENTO PESQUERO,Aysen,5,452421.9,733225.0,DISCO SECCHI,4.5,06/12/2021 15:40:00,XI
121,ESTUDIO SEGUIMIENTO DESEMPEÑO AMBIENTAL ACUICULTURA EN CHILE Y SU EFECTO EN LOS ECOSISTEMAS DE EMPLAZAMIENTO 2021-2022,Objetivo 1. Actividad 2. Muestreos y Analisis sedimentos,Gastón Vidal,INSTITUTO DE FOMENTO PESQUERO,Aysen,6,453734.9,733550.9,DISCO SECCHI,4.5,06/12/2021 19:40:00,XI
122,ESTUDIO SEGUIMIENTO DESEMPEÑO AMBIENTAL ACUICULTURA EN CHILE Y SU EFECTO EN LOS ECOSISTEMAS DE EMPLAZAMIENTO 2021-2022,Objetivo 1. Actividad 2. Muestreos y Analisis sedimentos,Gastón Vidal,INSTITUTO DE FOMENTO PESQUERO,Aysen,7,454508.5,733655.3,DISCO SECCHI,4.5,07/12/2021 10:50:00,XI
123,ESTUDIO SEGUIMIENTO DESEMPEÑO AMBIENTAL ACUICULTURA EN CHILE Y SU EFECTO EN LOS ECOSISTEMAS DE EMPLAZAMIENTO 2021-2022,Objetivo 1. Actividad 2. Muestreos y Analisis sedimentos,Gastón Vidal,INSTITUTO DE FOMENTO PESQUERO,Aysen,10,455717.6,733619.7,DISCO SECCHI,5,11/12/2021 10:50:00,XI
125,ESTUDIO SEGUIMIENTO DESEMPEÑO AMBIENTAL ACUICULTURA EN CHILE Y SU EFECTO EN LOS ECOSISTEMAS DE EMPLAZAMIENTO 2021-2022,Objetivo 1. Actividad 2. Muestreos y Analisis sedimentos,Gastón Vidal,INSTITUTO DE FOMENTO PESQUERO,Aysen,13,461329.4,734345.5,DISCO SECCHI,3.5,12/12/2021 16:35:00,XI
126,ESTUDIO SEGUIMIENTO DESEMPEÑO AMBIENTAL ACUICULTURA EN CHILE Y SU EFECTO EN LOS ECOSISTEMAS DE EMPLAZAMIENTO 2021-2022,Objetivo 1. Actividad 2. Muestreos y Analisis sedimentos,Gastón Vidal,INSTITUTO DE FOMENTO PESQUERO,Aysen,18,460557.7,735202.9,DISCO SECCHI,0,12/12/2021 17:35:00,XI
127,ESTUDIO SEGUIMIENTO DESEMPEÑO AMBIENTAL ACUICULTURA EN CHILE Y SU EFECTO EN LOS ECOSISTEMAS DE EMPLAZAMIENTO 2021-2022,Objetivo 1. Actividad 2. Muestreos y Analisis sedimentos,Gastón Vidal,INSTITUTO DE FOMENTO PESQUERO,Aysen,19,460107.9,735645.7,DISCO SECCHI,4,13/12/2021 08:35:00,XI
128,ESTUDIO SEGUIMIENTO DESEMPEÑO AMBIENTAL ACUICULTURA EN CHILE Y SU EFECTO EN LOS ECOSISTEMAS DE EMPLAZAMIENTO 2021-2022,Objetivo 1. Actividad 2. Muestreos y Analisis sedimentos,Gastón Vidal,INSTITUTO DE FOMENTO PESQUERO,Aysen,24,454429.7,740423.3,DISCO SECCHI,5.5,13/12/2021 10:30:00,XI
129,ESTUDIO SEGUIMIENTO DESEMPEÑO AMBIENTAL ACUICULTURA EN CHILE Y SU EFECTO EN LOS ECOSISTEMAS DE EMPLAZAMIENTO 2021-2022,Objetivo 1. Actividad 2. Muestreos y Analisis sedimentos,Gastón Vidal,INSTITUTO DE FOMENTO PESQUERO,Aysen,25,454137.5,741704.6,DISCO SECCHI,6,13/12/2021 13:00:00,XI
130,ESTUDIO SEGUIMIENTO DESEMPEÑO AMBIENTAL ACUICULTURA EN CHILE Y SU EFECTO EN LOS ECOSISTEMAS DE EMPLAZAMIENTO 2021-2022,Objetivo 1. Actividad 2. Muestreos y Analisis sedimentos,Gastón Vidal,INSTITUTO DE FOMENTO PESQUERO,Aysen,28,453351.4,741310.2,DISCO SECCHI,6,13/12/2021 15:00:00,XI
131,ESTUDIO SEGUIMIENTO DESEMPEÑO AMBIENTAL ACUICULTURA EN CHILE Y SU EFECTO EN LOS ECOSISTEMAS DE EMPLAZAMIENTO 2021-2022,Objetivo 1. Actividad 2. Muestreos y Analisis sedimentos,Gastón Vidal,INSTITUTO DE FOMENTO PESQUERO,Aysen,30,452356.0,741521.0,DISCO SECCHI,3,13/12/2021 16:45:00,XI
132,ESTUDIO SEGUIMIENTO DESEMPEÑO AMBIENTAL ACUICULTURA EN CHILE Y SU EFECTO EN LOS ECOSISTEMAS DE EMPLAZAMIENTO 2021-2022,Objetivo 1. Actividad 2. Muestreos y Analisis sedimentos,Gastón Vidal,INSTITUTO DE FOMENTO PESQUERO,Aysen,34,451659.5,734350.5,DISCO SECCHI,4,14/12/2021 13:52:00,XI
133,ESTUDIO SEGUIMIENTO DESEMPEÑO AMBIENTAL ACUICULTURA EN CHILE Y SU EFECTO EN LOS ECOSISTEMAS DE EMPLAZAMIENTO 2021-2022,Objetivo 1. Actividad 2. Muestreos y Analisis sedimentos,Gastón Vidal,INSTITUTO DE FOMENTO PESQUERO,Natales,2,513604.7,724301.6,DISCO SECCHI,3,15/02/2022 08:15:00,XII
134,ESTUDIO SEGUIMIENTO DESEMPEÑO AMBIENTAL ACUICULTURA EN CHILE Y SU EFECTO EN LOS ECOSISTEMAS DE EMPLAZAMIENTO 2021-2022,Objetivo 1. Actividad 2. Muestreos y Analisis sedimentos,Gastón Vidal,INSTITUTO DE FOMENTO PESQUERO,Natales,3,514018.2,723753.1,DISCO SECCHI,3.5,15/02/2022 09:18:00,XII
135,ESTUDIO SEGUIMIENTO DESEMPEÑO AMBIENTAL ACUICULTURA EN CHILE Y SU EFECTO EN LOS ECOSISTEMAS DE EMPLAZAMIENTO 2021-2022,Objetivo 1. Actividad 2. Muestreos y Analisis sedimentos,Gastón Vidal,INSTITUTO DE FOMENTO PESQUERO,Natales,5,514929.7,723739.8,DISCO SECCHI,0,12/02/2022 21:13:00,XII
136,ESTUDIO SEGUIMIENTO DESEMPEÑO AMBIENTAL ACUICULTURA EN CHILE Y SU EFECTO EN LOS ECOSISTEMAS DE EMPLAZAMIENTO 2021-2022,Objetivo 1. Actividad 2. Muestreos y Analisis sedimentos,Gastón Vidal,INSTITUTO DE FOMENTO PESQUERO,Natales,9,514601.6,725405.0,DISCO SECCHI,5,14/02/2022 17:05:00,XII
137,ESTUDIO SEGUIMIENTO DESEMPEÑO AMBIENTAL ACUICULTURA EN CHILE Y SU EFECTO EN LOS ECOSISTEMAS DE EMPLAZAMIENTO 2021-2022,Objetivo 1. Actividad 2. Muestreos y Analisis sedimentos,Gastón Vidal,INSTITUTO DE FOMENTO PESQUERO,Natales,10,520357.8,725602.0,DISCO SECCHI,6,13/02/2022 12:50:00,XII
138,ESTUDIO SEGUIMIENTO DESEMPEÑO AMBIENTAL ACUICULTURA EN CHILE Y SU EFECTO EN LOS ECOSISTEMAS DE EMPLAZAMIENTO 2021-2022,Objetivo 1. Actividad 2. Muestreos y Analisis sedimentos,Gastón Vidal,INSTITUTO DE FOMENTO PESQUERO,Natales,11,521159.7,725703.6,DISCO SECCHI,6,13/02/2022 16:10:00,XII
139,ESTUDIO SEGUIMIENTO DESEMPEÑO AMBIENTAL ACUICULTURA EN CHILE Y SU EFECTO EN LOS ECOSISTEMAS DE EMPLAZAMIENTO 2021-2022,Objetivo 1. Actividad 2. Muestreos y Analisis sedimentos,Gastón Vidal,INSTITUTO DE FOMENTO PESQUERO,Natales,13,521310.4,725226.1,DISCO SECCHI,9,13/02/2022 17:42:00,XII
140,ESTUDIO SEGUIMIENTO DESEMPEÑO AMBIENTAL ACUICULTURA EN CHILE Y SU EFECTO EN LOS ECOSISTEMAS DE EMPLAZAMIENTO 2021-2022,Objetivo 1. Actividad 2. Muestreos y Analisis sedimentos,Gastón Vidal,INSTITUTO DE FOMENTO PESQUERO,Natales,14,520439.3,723937.6,DISCO SECCHI,0,12/02/2022 23:55:00,XII
