ID,NOMB_PROY,ETAP_PROY,JEFE_PROY,INST_PROY,ZONA,ESTACION,LATITUD,LONGITUD,VARIABLE,VALOR,FECHA_MUESTREO,COD_REGION
1,ESTUDIO SEGUIMIENTO DESEMPEÑO AMBIENTAL ACUICULTURA EN CHILE Y SU EFECTO EN LOS ECOSISTEMAS DE EMPLAZAMIENTO 2020-2021,Objetivo 1. Actividad 2. Muestreos y Analisis sedimentos,Gastón Vidal,INSTITUTO DE FOMENTO PESQUERO,Estuario,1,412614.9,721747.9,PH,7.37,08/12/2020 19:48:00,X
2,ESTUDIO SEGUIMIENTO DESEMPEÑO AMBIENTAL ACUICULTURA EN CHILE Y SU EFECTO EN LOS ECOSISTEMAS DE EMPLAZAMIENTO 2020-2021,Objetivo 1. Actividad 2. Muestreos y Analisis sedimentos,Gastón Vidal,INSTITUTO DE FOMENTO PESQUERO,Estuario,2,412807.3,721843.5,PH,7.266666666666667,08/12/2020 19:22:00,X
3,ESTUDIO SEGUIMIENTO DESEMPEÑO AMBIENTAL ACUICULTURA EN CHILE Y SU EFECTO EN LOS ECOSISTEMAS DE EMPLAZAMIENTO 2020-2021,Objetivo 1. Actividad 2. Muestreos y Analisis sedimentos,Gastón Vidal,INSTITUTO DE FOMENTO PESQUERO,Estuario,3,412945.4,721845.5,PH,7.316666666666666,08/12/2020 18:56:00,X
4,ESTUDIO SEGUIMIENTO DESEMPEÑO AMBIENTAL ACUICULTURA EN CHILE Y SU EFECTO EN LOS ECOSISTEMAS DE EMPLAZAMIENTO 2020-2021,Objetivo 1. Actividad 2. Muestreos y Analisis sedimentos,Gastón Vidal,INSTITUTO DE FOMENTO PESQUERO,Estuario,5,413039.3,721721.1,PH,7.273333333333333,09/12/2020 08:50:00,X
5,ESTUDIO SEGUIMIENTO DESEMPEÑO AMBIENTAL ACUICULTURA EN CHILE Y SU EFECTO EN LOS ECOSISTEMAS DE EMPLAZAMIENTO 2020-2021,Objetivo 1. Actividad 2. Muestreos y Analisis sedimentos,Gastón Vidal,INSTITUTO DE FOMENTO PESQUERO,Estuario,6,413132.6,722021.4,PH,7.329999999999999,08/12/2020 18:15:00,X
6,ESTUDIO SEGUIMIENTO DESEMPEÑO AMBIENTAL ACUICULTURA EN CHILE Y SU EFECTO EN LOS ECOSISTEMAS DE EMPLAZAMIENTO 2020-2021,Objetivo 1. Actividad 2. Muestreos y Analisis sedimentos,Gastón Vidal,INSTITUTO DE FOMENTO PESQUERO,Estuario,7,413157.8,721802.6,PH,7.526666666666666,09/12/2020 09:33:00,X
7,ESTUDIO SEGUIMIENTO DESEMPEÑO AMBIENTAL ACUICULTURA EN CHILE Y SU EFECTO EN LOS ECOSISTEMAS DE EMPLAZAMIENTO 2020-2021,Objetivo 1. Actividad 2. Muestreos y Analisis sedimentos,Gastón Vidal,INSTITUTO DE FOMENTO PESQUERO,Estuario,8,413533.0,722110.7,PH,7.266666666666666,08/12/2020 17:17:00,X
8,ESTUDIO SEGUIMIENTO DESEMPEÑO AMBIENTAL ACUICULTURA EN CHILE Y SU EFECTO EN LOS ECOSISTEMAS DE EMPLAZAMIENTO 2020-2021,Objetivo 1. Actividad 2. Muestreos y Analisis sedimentos,Gastón Vidal,INSTITUTO DE FOMENTO PESQUERO,Estuario,12,413938.3,722058.9,PH,7.366666666666666,08/12/2020 16:13:00,X
9,ESTUDIO SEGUIMIENTO DESEMPEÑO AMBIENTAL ACUICULTURA EN CHILE Y SU EFECTO EN LOS ECOSISTEMAS DE EMPLAZAMIENTO 2020-2021,Objetivo 1. Actividad 2. Muestreos y Analisis sedimentos,Gastón Vidal,INSTITUTO DE FOMENTO PESQUERO,Estuario,17,414052.7,722801.1,PH,7.513333333333333,08/12/2020 14:30:00,X
10,ESTUDIO SEGUIMIENTO DESEMPEÑO AMBIENTAL ACUICULTURA EN CHILE Y SU EFECTO EN LOS ECOSISTEMAS DE EMPLAZAMIENTO 2020-2021,Objetivo 1. Actividad 2. Muestreos y Analisis sedimentos,Gastón Vidal,INSTITUTO DE FOMENTO PESQUERO,Estuario,21,414330.8,723048.5,PH,7.426666666666667,08/12/2020 13:40:00,X
11,ESTUDIO SEGUIMIENTO DESEMPEÑO AMBIENTAL ACUICULTURA EN CHILE Y SU EFECTO EN LOS ECOSISTEMAS DE EMPLAZAMIENTO 2020-2021,Objetivo 1. Actividad 2. Muestreos y Analisis sedimentos,Gastón Vidal,INSTITUTO DE FOMENTO PESQUERO,Reloncavi,3,415420.9,725230.7,PH,7.81,21/12/2020 12:48:00,X
12,ESTUDIO SEGUIMIENTO DESEMPEÑO AMBIENTAL ACUICULTURA EN CHILE Y SU EFECTO EN LOS ECOSISTEMAS DE EMPLAZAMIENTO 2020-2021,Objetivo 1. Actividad 2. Muestreos y Analisis sedimentos,Gastón Vidal,INSTITUTO DE FOMENTO PESQUERO,Reloncavi,4,415223.0,725351.4,PH,7.906666666666666,21/12/2020 14:10:00,X
13,ESTUDIO SEGUIMIENTO DESEMPEÑO AMBIENTAL ACUICULTURA EN CHILE Y SU EFECTO EN LOS ECOSISTEMAS DE EMPLAZAMIENTO 2020-2021,Objetivo 1. Actividad 2. Muestreos y Analisis sedimentos,Gastón Vidal,INSTITUTO DE FOMENTO PESQUERO,Reloncavi,5,415307.1,725602.6,PH,7.906666666666666,21/12/2020 13:15:00,X
14,ESTUDIO SEGUIMIENTO DESEMPEÑO AMBIENTAL ACUICULTURA EN CHILE Y SU EFECTO EN LOS ECOSISTEMAS DE EMPLAZAMIENTO 2020-2021,Objetivo 1. Actividad 2. Muestreos y Analisis sedimentos,Gastón Vidal,INSTITUTO DE FOMENTO PESQUERO,Reloncavi,7,414413.7,730243.4,PH,7.656666666666666,13/12/2020 16:50:00,X
15,ESTUDIO SEGUIMIENTO DESEMPEÑO AMBIENTAL ACUICULTURA EN CHILE Y SU EFECTO EN LOS ECOSISTEMAS DE EMPLAZAMIENTO 2020-2021,Objetivo 1. Actividad 2. Muestreos y Analisis sedimentos,Gastón Vidal,INSTITUTO DE FOMENTO PESQUERO,Reloncavi,13,412948.4,725730.9,PH,7.513333333333333,07/12/2020 08:20:00,X
16,ESTUDIO SEGUIMIENTO DESEMPEÑO AMBIENTAL ACUICULTURA EN CHILE Y SU EFECTO EN LOS ECOSISTEMAS DE EMPLAZAMIENTO 2020-2021,Objetivo 1. Actividad 2. Muestreos y Analisis sedimentos,Gastón Vidal,INSTITUTO DE FOMENTO PESQUERO,Reloncavi,15,413105.3,724724.2,PH,7.343333333333334,07/12/2020 09:49:00,X
17,ESTUDIO SEGUIMIENTO DESEMPEÑO AMBIENTAL ACUICULTURA EN CHILE Y SU EFECTO EN LOS ECOSISTEMAS DE EMPLAZAMIENTO 2020-2021,Objetivo 1. Actividad 2. Muestreos y Analisis sedimentos,Gastón Vidal,INSTITUTO DE FOMENTO PESQUERO,Reloncavi,17,413450.6,724336.9,PH,7.176666666666667,07/12/2020 10:47:00,X
18,ESTUDIO SEGUIMIENTO DESEMPEÑO AMBIENTAL ACUICULTURA EN CHILE Y SU EFECTO EN LOS ECOSISTEMAS DE EMPLAZAMIENTO 2020-2021,Objetivo 1. Actividad 2. Muestreos y Analisis sedimentos,Gastón Vidal,INSTITUTO DE FOMENTO PESQUERO,Reloncavi,19,413707.8,724152.2,PH,7.04,07/12/2020 12:47:00,X
19,ESTUDIO SEGUIMIENTO DESEMPEÑO AMBIENTAL ACUICULTURA EN CHILE Y SU EFECTO EN LOS ECOSISTEMAS DE EMPLAZAMIENTO 2020-2021,Objetivo 1. Actividad 2. Muestreos y Analisis sedimentos,Gastón Vidal,INSTITUTO DE FOMENTO PESQUERO,Reloncavi,21,413751.5,724023.2,PH,7.206666666666667,07/12/2020 13:14:00,X
20,ESTUDIO SEGUIMIENTO DESEMPEÑO AMBIENTAL ACUICULTURA EN CHILE Y SU EFECTO EN LOS ECOSISTEMAS DE EMPLAZAMIENTO 2020-2021,Objetivo 1. Actividad 2. Muestreos y Analisis sedimentos,Gastón Vidal,INSTITUTO DE FOMENTO PESQUERO,Reloncavi,25,414943.9,724718.2,PH,7.576666666666667,21/12/2020 15:20:00,X
21,ESTUDIO SEGUIMIENTO DESEMPEÑO AMBIENTAL ACUICULTURA EN CHILE Y SU EFECTO EN LOS ECOSISTEMAS DE EMPLAZAMIENTO 2020-2021,Objetivo 1. Actividad 2. Muestreos y Analisis sedimentos,Gastón Vidal,INSTITUTO DE FOMENTO PESQUERO,Calbuco,1,414442.2,730610.3,PH,7.473333333333333,13/12/2020 17:31:00,X
22,ESTUDIO SEGUIMIENTO DESEMPEÑO AMBIENTAL ACUICULTURA EN CHILE Y SU EFECTO EN LOS ECOSISTEMAS DE EMPLAZAMIENTO 2020-2021,Objetivo 1. Actividad 2. Muestreos y Analisis sedimentos,Gastón Vidal,INSTITUTO DE FOMENTO PESQUERO,Calbuco,2,414630.1,730505.2,PH,7.303333333333334,14/12/2020 08:10:00,X
23,ESTUDIO SEGUIMIENTO DESEMPEÑO AMBIENTAL ACUICULTURA EN CHILE Y SU EFECTO EN LOS ECOSISTEMAS DE EMPLAZAMIENTO 2020-2021,Objetivo 1. Actividad 2. Muestreos y Analisis sedimentos,Gastón Vidal,INSTITUTO DE FOMENTO PESQUERO,Calbuco,8,414314.7,730933.2,PH,7.21,13/12/2020 18:27:00,X
24,ESTUDIO SEGUIMIENTO DESEMPEÑO AMBIENTAL ACUICULTURA EN CHILE Y SU EFECTO EN LOS ECOSISTEMAS DE EMPLAZAMIENTO 2020-2021,Objetivo 1. Actividad 2. Muestreos y Analisis sedimentos,Gastón Vidal,INSTITUTO DE FOMENTO PESQUERO,Calbuco,16,414822.6,731018.3,PH,7.496666666666667,14/12/2020 12:02:00,X
25,ESTUDIO SEGUIMIENTO DESEMPEÑO AMBIENTAL ACUICULTURA EN CHILE Y SU EFECTO EN LOS ECOSISTEMAS DE EMPLAZAMIENTO 2020-2021,Objetivo 1. Actividad 2. Muestreos y Analisis sedimentos,Gastón Vidal,INSTITUTO DE FOMENTO PESQUERO,Calbuco,22,414705.8,730505.2,PH,7.18,14/12/2020 08:46:00,X
26,ESTUDIO SEGUIMIENTO DESEMPEÑO AMBIENTAL ACUICULTURA EN CHILE Y SU EFECTO EN LOS ECOSISTEMAS DE EMPLAZAMIENTO 2020-2021,Objetivo 1. Actividad 2. Muestreos y Analisis sedimentos,Gastón Vidal,INSTITUTO DE FOMENTO PESQUERO,Calbuco,26,415016.4,730447.2,PH,7.37,14/12/2020 09:49:00,X
27,ESTUDIO SEGUIMIENTO DESEMPEÑO AMBIENTAL ACUICULTURA EN CHILE Y SU EFECTO EN LOS ECOSISTEMAS DE EMPLAZAMIENTO 2020-2021,Objetivo 1. Actividad 2. Muestreos y Analisis sedimentos,Gastón Vidal,INSTITUTO DE FOMENTO PESQUERO,Calbuco,27,414959.8,730629.1,PH,7.206666666666666,14/12/2020 10:31:00,X
28,ESTUDIO SEGUIMIENTO DESEMPEÑO AMBIENTAL ACUICULTURA EN CHILE Y SU EFECTO EN LOS ECOSISTEMAS DE EMPLAZAMIENTO 2020-2021,Objetivo 1. Actividad 2. Muestreos y Analisis sedimentos,Gastón Vidal,INSTITUTO DE FOMENTO PESQUERO,Calbuco,30,415019.0,730822.5,PH,7.650000000000001,14/12/2020 11:15:00,X
29,ESTUDIO SEGUIMIENTO DESEMPEÑO AMBIENTAL ACUICULTURA EN CHILE Y SU EFECTO EN LOS ECOSISTEMAS DE EMPLAZAMIENTO 2020-2021,Objetivo 1. Actividad 2. Muestreos y Analisis sedimentos,Gastón Vidal,INSTITUTO DE FOMENTO PESQUERO,Chacao,2,415659.3,733134.3,PH,7.506666666666667,15/12/2020 11:58:00,X
30,ESTUDIO SEGUIMIENTO DESEMPEÑO AMBIENTAL ACUICULTURA EN CHILE Y SU EFECTO EN LOS ECOSISTEMAS DE EMPLAZAMIENTO 2020-2021,Objetivo 1. Actividad 2. Muestreos y Analisis sedimentos,Gastón Vidal,INSTITUTO DE FOMENTO PESQUERO,Chacao,6,415415.1,732906.8,PH,7.503333333333333,15/12/2020 11:20:00,X
31,ESTUDIO SEGUIMIENTO DESEMPEÑO AMBIENTAL ACUICULTURA EN CHILE Y SU EFECTO EN LOS ECOSISTEMAS DE EMPLAZAMIENTO 2020-2021,Objetivo 1. Actividad 2. Muestreos y Analisis sedimentos,Gastón Vidal,INSTITUTO DE FOMENTO PESQUERO,Chacao,12,415217.3,733107.9,PH,7.44,15/12/2020 10:28:00,X
32,ESTUDIO SEGUIMIENTO DESEMPEÑO AMBIENTAL ACUICULTURA EN CHILE Y SU EFECTO EN LOS ECOSISTEMAS DE EMPLAZAMIENTO 2020-2021,Objetivo 1. Actividad 2. Muestreos y Analisis sedimentos,Gastón Vidal,INSTITUTO DE FOMENTO PESQUERO,Chacao,14,415115.7,732851.2,PH,7.883333333333334,15/12/2020 09:50:00,X
33,ESTUDIO SEGUIMIENTO DESEMPEÑO AMBIENTAL ACUICULTURA EN CHILE Y SU EFECTO EN LOS ECOSISTEMAS DE EMPLAZAMIENTO 2020-2021,Objetivo 1. Actividad 2. Muestreos y Analisis sedimentos,Gastón Vidal,INSTITUTO DE FOMENTO PESQUERO,Butachauques,1,421917.6,731519.1,PH,7.5,16/12/2020 08:10:00,X
34,ESTUDIO SEGUIMIENTO DESEMPEÑO AMBIENTAL ACUICULTURA EN CHILE Y SU EFECTO EN LOS ECOSISTEMAS DE EMPLAZAMIENTO 2020-2021,Objetivo 1. Actividad 2. Muestreos y Analisis sedimentos,Gastón Vidal,INSTITUTO DE FOMENTO PESQUERO,Butachauques,3,421702.6,731506.7,PH,7.489999999999999,16/12/2020 08:55:00,X
35,ESTUDIO SEGUIMIENTO DESEMPEÑO AMBIENTAL ACUICULTURA EN CHILE Y SU EFECTO EN LOS ECOSISTEMAS DE EMPLAZAMIENTO 2020-2021,Objetivo 1. Actividad 2. Muestreos y Analisis sedimentos,Gastón Vidal,INSTITUTO DE FOMENTO PESQUERO,Butachauques,7,421556.3,730936.2,PH,7.609999999999999,16/12/2020 10:51:00,X
36,ESTUDIO SEGUIMIENTO DESEMPEÑO AMBIENTAL ACUICULTURA EN CHILE Y SU EFECTO EN LOS ECOSISTEMAS DE EMPLAZAMIENTO 2020-2021,Objetivo 1. Actividad 2. Muestreos y Analisis sedimentos,Gastón Vidal,INSTITUTO DE FOMENTO PESQUERO,Butachauques,10,421645.3,732049.7,PH,7.343333333333334,15/12/2020 16:50:00,X
37,ESTUDIO SEGUIMIENTO DESEMPEÑO AMBIENTAL ACUICULTURA EN CHILE Y SU EFECTO EN LOS ECOSISTEMAS DE EMPLAZAMIENTO 2020-2021,Objetivo 1. Actividad 2. Muestreos y Analisis sedimentos,Gastón Vidal,INSTITUTO DE FOMENTO PESQUERO,Butachauques,12,421224.4,732358.0,PH,7.373333333333334,15/12/2020 15:40:00,X
38,ESTUDIO SEGUIMIENTO DESEMPEÑO AMBIENTAL ACUICULTURA EN CHILE Y SU EFECTO EN LOS ECOSISTEMAS DE EMPLAZAMIENTO 2020-2021,Objetivo 1. Actividad 2. Muestreos y Analisis sedimentos,Gastón Vidal,INSTITUTO DE FOMENTO PESQUERO,Butachauques,13,421021.7,732609.5,PH,7.693333333333334,15/12/2020 15:10:00,X
39,ESTUDIO SEGUIMIENTO DESEMPEÑO AMBIENTAL ACUICULTURA EN CHILE Y SU EFECTO EN LOS ECOSISTEMAS DE EMPLAZAMIENTO 2020-2021,Objetivo 1. Actividad 2. Muestreos y Analisis sedimentos,Gastón Vidal,INSTITUTO DE FOMENTO PESQUERO,Butachauques,14,420929.5,732804.6,PH,7.536666666666666,15/12/2020 14:40:00,X
40,ESTUDIO SEGUIMIENTO DESEMPEÑO AMBIENTAL ACUICULTURA EN CHILE Y SU EFECTO EN LOS ECOSISTEMAS DE EMPLAZAMIENTO 2020-2021,Objetivo 1. Actividad 2. Muestreos y Analisis sedimentos,Gastón Vidal,INSTITUTO DE FOMENTO PESQUERO,Chaulinec,3,423622.9,731526.5,PH,7.726666666666667,14/10/2020 09:00:00,X
41,ESTUDIO SEGUIMIENTO DESEMPEÑO AMBIENTAL ACUICULTURA EN CHILE Y SU EFECTO EN LOS ECOSISTEMAS DE EMPLAZAMIENTO 2020-2021,Objetivo 1. Actividad 2. Muestreos y Analisis sedimentos,Gastón Vidal,INSTITUTO DE FOMENTO PESQUERO,Chaulinec,4,423422.1,731353.2,PH,7.34,14/10/2020 09:25:00,X
42,ESTUDIO SEGUIMIENTO DESEMPEÑO AMBIENTAL ACUICULTURA EN CHILE Y SU EFECTO EN LOS ECOSISTEMAS DE EMPLAZAMIENTO 2020-2021,Objetivo 1. Actividad 2. Muestreos y Analisis sedimentos,Gastón Vidal,INSTITUTO DE FOMENTO PESQUERO,Chaulinec,7,422803.3,732256.7,PH,7.693333333333334,16/12/2020 14:02:00,X
43,ESTUDIO SEGUIMIENTO DESEMPEÑO AMBIENTAL ACUICULTURA EN CHILE Y SU EFECTO EN LOS ECOSISTEMAS DE EMPLAZAMIENTO 2020-2021,Objetivo 1. Actividad 2. Muestreos y Analisis sedimentos,Gastón Vidal,INSTITUTO DE FOMENTO PESQUERO,Chaulinec,10,422429.1,731921.4,PH,7.423333333333333,16/12/2020 13:05:00,X
44,ESTUDIO SEGUIMIENTO DESEMPEÑO AMBIENTAL ACUICULTURA EN CHILE Y SU EFECTO EN LOS ECOSISTEMAS DE EMPLAZAMIENTO 2020-2021,Objetivo 1. Actividad 2. Muestreos y Analisis sedimentos,Gastón Vidal,INSTITUTO DE FOMENTO PESQUERO,Chaulinec,13,422634.7,733044.2,PH,7.726666666666667,16/12/2020 15:05:00,X
45,ESTUDIO SEGUIMIENTO DESEMPEÑO AMBIENTAL ACUICULTURA EN CHILE Y SU EFECTO EN LOS ECOSISTEMAS DE EMPLAZAMIENTO 2020-2021,Objetivo 1. Actividad 2. Muestreos y Analisis sedimentos,Gastón Vidal,INSTITUTO DE FOMENTO PESQUERO,Tenaun,2,422246.5,733559.1,PH,7.5,16/12/2020 17:00:00,X
46,ESTUDIO SEGUIMIENTO DESEMPEÑO AMBIENTAL ACUICULTURA EN CHILE Y SU EFECTO EN LOS ECOSISTEMAS DE EMPLAZAMIENTO 2020-2021,Objetivo 1. Actividad 2. Muestreos y Analisis sedimentos,Gastón Vidal,INSTITUTO DE FOMENTO PESQUERO,Tenaun,3,422307.4,733744.8,PH,7.403333333333333,16/12/2020 18:08:00,X
47,ESTUDIO SEGUIMIENTO DESEMPEÑO AMBIENTAL ACUICULTURA EN CHILE Y SU EFECTO EN LOS ECOSISTEMAS DE EMPLAZAMIENTO 2020-2021,Objetivo 1. Actividad 2. Muestreos y Analisis sedimentos,Gastón Vidal,INSTITUTO DE FOMENTO PESQUERO,Tenaun,6,422215.1,733731.1,PH,7.433333333333334,16/12/2020 17:35:00,X
48,ESTUDIO SEGUIMIENTO DESEMPEÑO AMBIENTAL ACUICULTURA EN CHILE Y SU EFECTO EN LOS ECOSISTEMAS DE EMPLAZAMIENTO 2020-2021,Objetivo 1. Actividad 2. Muestreos y Analisis sedimentos,Gastón Vidal,INSTITUTO DE FOMENTO PESQUERO,Tenaun,9,422139.1,733441.7,PH,7.5200000000000005,16/12/2020 16:36:00,X
49,ESTUDIO SEGUIMIENTO DESEMPEÑO AMBIENTAL ACUICULTURA EN CHILE Y SU EFECTO EN LOS ECOSISTEMAS DE EMPLAZAMIENTO 2020-2021,Objetivo 1. Actividad 2. Muestreos y Analisis sedimentos,Gastón Vidal,INSTITUTO DE FOMENTO PESQUERO,Tenaun,14,422026.0,733200.9,PH,7.453333333333333,16/12/2020 16:06:00,X
50,ESTUDIO SEGUIMIENTO DESEMPEÑO AMBIENTAL ACUICULTURA EN CHILE Y SU EFECTO EN LOS ECOSISTEMAS DE EMPLAZAMIENTO 2020-2021,Objetivo 1. Actividad 2. Muestreos y Analisis sedimentos,Gastón Vidal,INSTITUTO DE FOMENTO PESQUERO,Chiloe central,1,423046.9,734515.6,PH,7.37,17/12/2020 13:15:00,X
51,ESTUDIO SEGUIMIENTO DESEMPEÑO AMBIENTAL ACUICULTURA EN CHILE Y SU EFECTO EN LOS ECOSISTEMAS DE EMPLAZAMIENTO 2020-2021,Objetivo 1. Actividad 2. Muestreos y Analisis sedimentos,Gastón Vidal,INSTITUTO DE FOMENTO PESQUERO,Chiloe central,4,423259.2,734015.8,PH,7.56,17/12/2020 11:42:00,X
52,ESTUDIO SEGUIMIENTO DESEMPEÑO AMBIENTAL ACUICULTURA EN CHILE Y SU EFECTO EN LOS ECOSISTEMAS DE EMPLAZAMIENTO 2020-2021,Objetivo 1. Actividad 2. Muestreos y Analisis sedimentos,Gastón Vidal,INSTITUTO DE FOMENTO PESQUERO,Chiloe central,6,423209.3,733613.2,PH,7.626666666666666,17/12/2020 11:05:00,X
53,ESTUDIO SEGUIMIENTO DESEMPEÑO AMBIENTAL ACUICULTURA EN CHILE Y SU EFECTO EN LOS ECOSISTEMAS DE EMPLAZAMIENTO 2020-2021,Objetivo 1. Actividad 2. Muestreos y Analisis sedimentos,Gastón Vidal,INSTITUTO DE FOMENTO PESQUERO,Chiloe central,7,423029.3,733611.3,PH,7.396666666666666,17/12/2020 08:25:00,X
54,ESTUDIO SEGUIMIENTO DESEMPEÑO AMBIENTAL ACUICULTURA EN CHILE Y SU EFECTO EN LOS ECOSISTEMAS DE EMPLAZAMIENTO 2020-2021,Objetivo 1. Actividad 2. Muestreos y Analisis sedimentos,Gastón Vidal,INSTITUTO DE FOMENTO PESQUERO,Chiloe central,11,422833.3,733241.1,PH,7.516666666666667,17/12/2020 09:09:00,X
55,ESTUDIO SEGUIMIENTO DESEMPEÑO AMBIENTAL ACUICULTURA EN CHILE Y SU EFECTO EN LOS ECOSISTEMAS DE EMPLAZAMIENTO 2020-2021,Objetivo 1. Actividad 2. Muestreos y Analisis sedimentos,Gastón Vidal,INSTITUTO DE FOMENTO PESQUERO,Chiloe central,12,423059.3,732821.5,PH,7.3500000000000005,17/12/2020 09:58:00,X
56,ESTUDIO SEGUIMIENTO DESEMPEÑO AMBIENTAL ACUICULTURA EN CHILE Y SU EFECTO EN LOS ECOSISTEMAS DE EMPLAZAMIENTO 2020-2021,Objetivo 1. Actividad 2. Muestreos y Analisis sedimentos,Gastón Vidal,INSTITUTO DE FOMENTO PESQUERO,Chiloe central,16,424213.5,733738.2,PH,7.296666666666667,13/10/2020 15:30:00,X
57,ESTUDIO SEGUIMIENTO DESEMPEÑO AMBIENTAL ACUICULTURA EN CHILE Y SU EFECTO EN LOS ECOSISTEMAS DE EMPLAZAMIENTO 2020-2021,Objetivo 1. Actividad 2. Muestreos y Analisis sedimentos,Gastón Vidal,INSTITUTO DE FOMENTO PESQUERO,Chiloe central,26,423654.6,732710.2,PH,7.390000000000001,13/10/2020 17:55:00,X
58,ESTUDIO SEGUIMIENTO DESEMPEÑO AMBIENTAL ACUICULTURA EN CHILE Y SU EFECTO EN LOS ECOSISTEMAS DE EMPLAZAMIENTO 2020-2021,Objetivo 1. Actividad 2. Muestreos y Analisis sedimentos,Gastón Vidal,INSTITUTO DE FOMENTO PESQUERO,Desertores,1,424703.0,725635.9,PH,7.663333333333334,18/12/2020 13:10:00,X
59,ESTUDIO SEGUIMIENTO DESEMPEÑO AMBIENTAL ACUICULTURA EN CHILE Y SU EFECTO EN LOS ECOSISTEMAS DE EMPLAZAMIENTO 2020-2021,Objetivo 1. Actividad 2. Muestreos y Analisis sedimentos,Gastón Vidal,INSTITUTO DE FOMENTO PESQUERO,Desertores,2,424756.1,725723.7,PH,7.5633333333333335,18/12/2020 11:25:00,X
60,ESTUDIO SEGUIMIENTO DESEMPEÑO AMBIENTAL ACUICULTURA EN CHILE Y SU EFECTO EN LOS ECOSISTEMAS DE EMPLAZAMIENTO 2020-2021,Objetivo 1. Actividad 2. Muestreos y Analisis sedimentos,Gastón Vidal,INSTITUTO DE FOMENTO PESQUERO,Desertores,3,424536.0,725951.7,PH,7.613333333333333,18/12/2020 11:50:00,X
61,ESTUDIO SEGUIMIENTO DESEMPEÑO AMBIENTAL ACUICULTURA EN CHILE Y SU EFECTO EN LOS ECOSISTEMAS DE EMPLAZAMIENTO 2020-2021,Objetivo 1. Actividad 2. Muestreos y Analisis sedimentos,Gastón Vidal,INSTITUTO DE FOMENTO PESQUERO,Desertores,6,424206.5,730534.1,PH,7.336666666666666,18/12/2020 10:50:00,X
62,ESTUDIO SEGUIMIENTO DESEMPEÑO AMBIENTAL ACUICULTURA EN CHILE Y SU EFECTO EN LOS ECOSISTEMAS DE EMPLAZAMIENTO 2020-2021,Objetivo 1. Actividad 2. Muestreos y Analisis sedimentos,Gastón Vidal,INSTITUTO DE FOMENTO PESQUERO,Quellon,6,431143.2,733811.2,PH,7.383333333333333,11/10/2020 16:05:00,X
63,ESTUDIO SEGUIMIENTO DESEMPEÑO AMBIENTAL ACUICULTURA EN CHILE Y SU EFECTO EN LOS ECOSISTEMAS DE EMPLAZAMIENTO 2020-2021,Objetivo 1. Actividad 2. Muestreos y Analisis sedimentos,Gastón Vidal,INSTITUTO DE FOMENTO PESQUERO,Quellon,8,430739.5,734328.6,PH,7.343333333333333,11/10/2020 13:40:00,X
64,ESTUDIO SEGUIMIENTO DESEMPEÑO AMBIENTAL ACUICULTURA EN CHILE Y SU EFECTO EN LOS ECOSISTEMAS DE EMPLAZAMIENTO 2020-2021,Objetivo 1. Actividad 2. Muestreos y Analisis sedimentos,Gastón Vidal,INSTITUTO DE FOMENTO PESQUERO,Quellon,11,430832.2,734013.7,PH,7.1433333333333335,11/10/2020 15:00:00,X
65,ESTUDIO SEGUIMIENTO DESEMPEÑO AMBIENTAL ACUICULTURA EN CHILE Y SU EFECTO EN LOS ECOSISTEMAS DE EMPLAZAMIENTO 2020-2021,Objetivo 1. Actividad 2. Muestreos y Analisis sedimentos,Gastón Vidal,INSTITUTO DE FOMENTO PESQUERO,Quellon,12,431133.5,733423.8,PH,7.236666666666667,12/10/2020 09:10:00,X
66,ESTUDIO SEGUIMIENTO DESEMPEÑO AMBIENTAL ACUICULTURA EN CHILE Y SU EFECTO EN LOS ECOSISTEMAS DE EMPLAZAMIENTO 2020-2021,Objetivo 1. Actividad 2. Muestreos y Analisis sedimentos,Gastón Vidal,INSTITUTO DE FOMENTO PESQUERO,Quellon,13,430826.2,733310.7,PH,7.16,12/10/2020 13:15:00,X
67,ESTUDIO SEGUIMIENTO DESEMPEÑO AMBIENTAL ACUICULTURA EN CHILE Y SU EFECTO EN LOS ECOSISTEMAS DE EMPLAZAMIENTO 2020-2021,Objetivo 1. Actividad 2. Muestreos y Analisis sedimentos,Gastón Vidal,INSTITUTO DE FOMENTO PESQUERO,Quellon,19,430307.5,732746.7,PH,7.420000000000001,12/10/2020 15:29:00,X
68,ESTUDIO SEGUIMIENTO DESEMPEÑO AMBIENTAL ACUICULTURA EN CHILE Y SU EFECTO EN LOS ECOSISTEMAS DE EMPLAZAMIENTO 2020-2021,Objetivo 1. Actividad 2. Muestreos y Analisis sedimentos,Gastón Vidal,INSTITUTO DE FOMENTO PESQUERO,Quellon,21,430206.1,733133.1,PH,7.333333333333333,12/10/2020 17:05:00,X
69,ESTUDIO SEGUIMIENTO DESEMPEÑO AMBIENTAL ACUICULTURA EN CHILE Y SU EFECTO EN LOS ECOSISTEMAS DE EMPLAZAMIENTO 2020-2021,Objetivo 1. Actividad 2. Muestreos y Analisis sedimentos,Gastón Vidal,INSTITUTO DE FOMENTO PESQUERO,Quellon,22,425921.8,732805.5,PH,7.286666666666666,12/10/2020 18:15:00,X
70,ESTUDIO SEGUIMIENTO DESEMPEÑO AMBIENTAL ACUICULTURA EN CHILE Y SU EFECTO EN LOS ECOSISTEMAS DE EMPLAZAMIENTO 2020-2021,Objetivo 1. Actividad 2. Muestreos y Analisis sedimentos,Gastón Vidal,INSTITUTO DE FOMENTO PESQUERO,Quellon,26,425621.2,733649.9,PH,7.303333333333334,13/10/2020 08:57:00,X
71,ESTUDIO SEGUIMIENTO DESEMPEÑO AMBIENTAL ACUICULTURA EN CHILE Y SU EFECTO EN LOS ECOSISTEMAS DE EMPLAZAMIENTO 2020-2021,Objetivo 1. Actividad 2. Muestreos y Analisis sedimentos,Gastón Vidal,INSTITUTO DE FOMENTO PESQUERO,Quellon,28,425525.9,733504.7,PH,7.516666666666667,13/10/2020 09:50:00,X
72,ESTUDIO SEGUIMIENTO DESEMPEÑO AMBIENTAL ACUICULTURA EN CHILE Y SU EFECTO EN LOS ECOSISTEMAS DE EMPLAZAMIENTO 2020-2021,Objetivo 1. Actividad 2. Muestreos y Analisis sedimentos,Gastón Vidal,INSTITUTO DE FOMENTO PESQUERO,Quellon,32,425122.8,734130.9,PH,7.196666666666666,13/10/2020 11:14:00,X
73,ESTUDIO SEGUIMIENTO DESEMPEÑO AMBIENTAL ACUICULTURA EN CHILE Y SU EFECTO EN LOS ECOSISTEMAS DE EMPLAZAMIENTO 2020-2021,Objetivo 1. Actividad 2. Muestreos y Analisis sedimentos,Gastón Vidal,INSTITUTO DE FOMENTO PESQUERO,Quellon,39,425415.3,732927.9,PH,7.449999999999999,13/10/2020 12:40:00,X
74,ESTUDIO SEGUIMIENTO DESEMPEÑO AMBIENTAL ACUICULTURA EN CHILE Y SU EFECTO EN LOS ECOSISTEMAS DE EMPLAZAMIENTO 2020-2021,Objetivo 1. Actividad 2. Muestreos y Analisis sedimentos,Gastón Vidal,INSTITUTO DE FOMENTO PESQUERO,Hornopiren,3,420427.1,722759.7,PH,7.21,20/12/2020 00:00:00,X
75,ESTUDIO SEGUIMIENTO DESEMPEÑO AMBIENTAL ACUICULTURA EN CHILE Y SU EFECTO EN LOS ECOSISTEMAS DE EMPLAZAMIENTO 2020-2021,Objetivo 1. Actividad 2. Muestreos y Analisis sedimentos,Gastón Vidal,INSTITUTO DE FOMENTO PESQUERO,Hornopiren,6,420209.6,723558.5,PH,7.613333333333333,21/12/2020 09:53:00,X
76,ESTUDIO SEGUIMIENTO DESEMPEÑO AMBIENTAL ACUICULTURA EN CHILE Y SU EFECTO EN LOS ECOSISTEMAS DE EMPLAZAMIENTO 2020-2021,Objetivo 1. Actividad 2. Muestreos y Analisis sedimentos,Gastón Vidal,INSTITUTO DE FOMENTO PESQUERO,Hornopiren,7,420301.3,723537.3,PH,7.3566666666666665,21/12/2020 08:54:00,X
77,ESTUDIO SEGUIMIENTO DESEMPEÑO AMBIENTAL ACUICULTURA EN CHILE Y SU EFECTO EN LOS ECOSISTEMAS DE EMPLAZAMIENTO 2020-2021,Objetivo 1. Actividad 2. Muestreos y Analisis sedimentos,Gastón Vidal,INSTITUTO DE FOMENTO PESQUERO,Hornopiren,13,421433.8,722650.7,PH,7.6933333333333325,20/12/2020 17:20:00,X
78,ESTUDIO SEGUIMIENTO DESEMPEÑO AMBIENTAL ACUICULTURA EN CHILE Y SU EFECTO EN LOS ECOSISTEMAS DE EMPLAZAMIENTO 2020-2021,Objetivo 1. Actividad 2. Muestreos y Analisis sedimentos,Gastón Vidal,INSTITUTO DE FOMENTO PESQUERO,Hornopiren,14,421524.5,722346.8,PH,7.760000000000001,20/12/2020 00:00:00,X
79,ESTUDIO SEGUIMIENTO DESEMPEÑO AMBIENTAL ACUICULTURA EN CHILE Y SU EFECTO EN LOS ECOSISTEMAS DE EMPLAZAMIENTO 2020-2021,Objetivo 1. Actividad 2. Muestreos y Analisis sedimentos,Gastón Vidal,INSTITUTO DE FOMENTO PESQUERO,Ayacara,1,421853.1,724721.9,PH,7.703333333333333,20/12/2020 09:08:00,X
80,ESTUDIO SEGUIMIENTO DESEMPEÑO AMBIENTAL ACUICULTURA EN CHILE Y SU EFECTO EN LOS ECOSISTEMAS DE EMPLAZAMIENTO 2020-2021,Objetivo 1. Actividad 2. Muestreos y Analisis sedimentos,Gastón Vidal,INSTITUTO DE FOMENTO PESQUERO,Ayacara,2,422434.1,724307.0,PH,7.603333333333333,19/12/2020 19:00:00,X
81,ESTUDIO SEGUIMIENTO DESEMPEÑO AMBIENTAL ACUICULTURA EN CHILE Y SU EFECTO EN LOS ECOSISTEMAS DE EMPLAZAMIENTO 2020-2021,Objetivo 1. Actividad 2. Muestreos y Analisis sedimentos,Gastón Vidal,INSTITUTO DE FOMENTO PESQUERO,Ayacara,3,423409.7,723139.7,PH,7.673333333333333,19/12/2020 16:20:00,X
82,ESTUDIO SEGUIMIENTO DESEMPEÑO AMBIENTAL ACUICULTURA EN CHILE Y SU EFECTO EN LOS ECOSISTEMAS DE EMPLAZAMIENTO 2020-2021,Objetivo 1. Actividad 2. Muestreos y Analisis sedimentos,Gastón Vidal,INSTITUTO DE FOMENTO PESQUERO,Ayacara,4,423117.9,724140.8,PH,7.349999999999999,19/12/2020 15:11:00,X
83,ESTUDIO SEGUIMIENTO DESEMPEÑO AMBIENTAL ACUICULTURA EN CHILE Y SU EFECTO EN LOS ECOSISTEMAS DE EMPLAZAMIENTO 2020-2021,Objetivo 1. Actividad 2. Muestreos y Analisis sedimentos,Gastón Vidal,INSTITUTO DE FOMENTO PESQUERO,Ayacara,7,423730.6,725115.4,PH,7.453333333333333,19/12/2020 11:02:00,X
84,ESTUDIO SEGUIMIENTO DESEMPEÑO AMBIENTAL ACUICULTURA EN CHILE Y SU EFECTO EN LOS ECOSISTEMAS DE EMPLAZAMIENTO 2020-2021,Objetivo 1. Actividad 2. Muestreos y Analisis sedimentos,Gastón Vidal,INSTITUTO DE FOMENTO PESQUERO,Ayacara,9,424232.8,725058.9,PH,7.613333333333333,19/12/2020 09:55:00,X
85,ESTUDIO SEGUIMIENTO DESEMPEÑO AMBIENTAL ACUICULTURA EN CHILE Y SU EFECTO EN LOS ECOSISTEMAS DE EMPLAZAMIENTO 2020-2021,Objetivo 1. Actividad 2. Muestreos y Analisis sedimentos,Gastón Vidal,INSTITUTO DE FOMENTO PESQUERO,Chaiten,3,424711.1,725049.9,PH,7.64,19/12/2020 08:48:00,X
86,ESTUDIO SEGUIMIENTO DESEMPEÑO AMBIENTAL ACUICULTURA EN CHILE Y SU EFECTO EN LOS ECOSISTEMAS DE EMPLAZAMIENTO 2020-2021,Objetivo 1. Actividad 2. Muestreos y Analisis sedimentos,Gastón Vidal,INSTITUTO DE FOMENTO PESQUERO,Chaiten,4,425527.6,724459.6,PH,7.289999999999999,18/12/2020 17:56:00,X
87,ESTUDIO SEGUIMIENTO DESEMPEÑO AMBIENTAL ACUICULTURA EN CHILE Y SU EFECTO EN LOS ECOSISTEMAS DE EMPLAZAMIENTO 2020-2021,Objetivo 1. Actividad 2. Muestreos y Analisis sedimentos,Gastón Vidal,INSTITUTO DE FOMENTO PESQUERO,Chaiten,12,431438.9,725308.2,PH,7.873333333333334,02/02/2021 15:26:00,X
88,ESTUDIO SEGUIMIENTO DESEMPEÑO AMBIENTAL ACUICULTURA EN CHILE Y SU EFECTO EN LOS ECOSISTEMAS DE EMPLAZAMIENTO 2020-2021,Objetivo 1. Actividad 2. Muestreos y Analisis sedimentos,Gastón Vidal,INSTITUTO DE FOMENTO PESQUERO,Chaiten,14,431550.9,725835.0,PH,7.153333333333333,02/02/2021 14:40:00,X
89,ESTUDIO SEGUIMIENTO DESEMPEÑO AMBIENTAL ACUICULTURA EN CHILE Y SU EFECTO EN LOS ECOSISTEMAS DE EMPLAZAMIENTO 2020-2021,Objetivo 1. Actividad 2. Muestreos y Analisis sedimentos,Gastón Vidal,INSTITUTO DE FOMENTO PESQUERO,Chaiten,18,433529.8,730022.5,PH,7.473333333333334,02/02/2021 10:20:00,X
90,ESTUDIO SEGUIMIENTO DESEMPEÑO AMBIENTAL ACUICULTURA EN CHILE Y SU EFECTO EN LOS ECOSISTEMAS DE EMPLAZAMIENTO 2020-2021,Objetivo 1. Actividad 2. Muestreos y Analisis sedimentos,Gastón Vidal,INSTITUTO DE FOMENTO PESQUERO,Chaiten,19,433757.9,725704.9,PH,7.436666666666667,02/02/2021 09:45:00,X
91,ESTUDIO SEGUIMIENTO DESEMPEÑO AMBIENTAL ACUICULTURA EN CHILE Y SU EFECTO EN LOS ECOSISTEMAS DE EMPLAZAMIENTO 2020-2021,Objetivo 1. Actividad 2. Muestreos y Analisis sedimentos,Gastón Vidal,INSTITUTO DE FOMENTO PESQUERO,Chaiten,20,434146.5,725944.6,PH,8.056666666666667,02/02/2021 08:45:00,X
92,ESTUDIO SEGUIMIENTO DESEMPEÑO AMBIENTAL ACUICULTURA EN CHILE Y SU EFECTO EN LOS ECOSISTEMAS DE EMPLAZAMIENTO 2020-2021,Objetivo 1. Actividad 2. Muestreos y Analisis sedimentos,Gastón Vidal,INSTITUTO DE FOMENTO PESQUERO,Guaitecas,1,442931.1,740942.8,PH,7.713333333333334,21/01/2021 08:30:00,XI
93,ESTUDIO SEGUIMIENTO DESEMPEÑO AMBIENTAL ACUICULTURA EN CHILE Y SU EFECTO EN LOS ECOSISTEMAS DE EMPLAZAMIENTO 2020-2021,Objetivo 1. Actividad 2. Muestreos y Analisis sedimentos,Gastón Vidal,INSTITUTO DE FOMENTO PESQUERO,Guaitecas,2,442654.0,740814.0,PH,7.573333333333333,20/01/2021 15:51:00,XI
94,ESTUDIO SEGUIMIENTO DESEMPEÑO AMBIENTAL ACUICULTURA EN CHILE Y SU EFECTO EN LOS ECOSISTEMAS DE EMPLAZAMIENTO 2020-2021,Objetivo 1. Actividad 2. Muestreos y Analisis sedimentos,Gastón Vidal,INSTITUTO DE FOMENTO PESQUERO,Guaitecas,4,441418.4,741320.7,PH,7.626666666666666,20/01/2021 13:40:00,XI
95,ESTUDIO SEGUIMIENTO DESEMPEÑO AMBIENTAL ACUICULTURA EN CHILE Y SU EFECTO EN LOS ECOSISTEMAS DE EMPLAZAMIENTO 2020-2021,Objetivo 1. Actividad 2. Muestreos y Analisis sedimentos,Gastón Vidal,INSTITUTO DE FOMENTO PESQUERO,Guaitecas,6,440829.0,740209.0,PH,7.54,20/01/2021 11:25:00,XI
96,ESTUDIO SEGUIMIENTO DESEMPEÑO AMBIENTAL ACUICULTURA EN CHILE Y SU EFECTO EN LOS ECOSISTEMAS DE EMPLAZAMIENTO 2020-2021,Objetivo 1. Actividad 2. Muestreos y Analisis sedimentos,Gastón Vidal,INSTITUTO DE FOMENTO PESQUERO,Guaitecas,7,440453.4,735253.7,PH,7.38,20/01/2021 10:10:00,XI
97,ESTUDIO SEGUIMIENTO DESEMPEÑO AMBIENTAL ACUICULTURA EN CHILE Y SU EFECTO EN LOS ECOSISTEMAS DE EMPLAZAMIENTO 2020-2021,Objetivo 1. Actividad 2. Muestreos y Analisis sedimentos,Gastón Vidal,INSTITUTO DE FOMENTO PESQUERO,Guaitecas,8,435456.5,735432.1,PH,7.526666666666666,19/01/2021 09:15:00,XI
98,ESTUDIO SEGUIMIENTO DESEMPEÑO AMBIENTAL ACUICULTURA EN CHILE Y SU EFECTO EN LOS ECOSISTEMAS DE EMPLAZAMIENTO 2020-2021,Objetivo 1. Actividad 2. Muestreos y Analisis sedimentos,Gastón Vidal,INSTITUTO DE FOMENTO PESQUERO,Guaitecas,9,435329.1,735219.9,PH,7.293333333333333,19/01/2021 08:20:00,XI
99,ESTUDIO SEGUIMIENTO DESEMPEÑO AMBIENTAL ACUICULTURA EN CHILE Y SU EFECTO EN LOS ECOSISTEMAS DE EMPLAZAMIENTO 2020-2021,Objetivo 1. Actividad 2. Muestreos y Analisis sedimentos,Gastón Vidal,INSTITUTO DE FOMENTO PESQUERO,Guaitecas,10,435638.0,734800.0,PH,7.506666666666667,19/01/2021 10:20:00,XI
100,ESTUDIO SEGUIMIENTO DESEMPEÑO AMBIENTAL ACUICULTURA EN CHILE Y SU EFECTO EN LOS ECOSISTEMAS DE EMPLAZAMIENTO 2020-2021,Objetivo 1. Actividad 2. Muestreos y Analisis sedimentos,Gastón Vidal,INSTITUTO DE FOMENTO PESQUERO,Guaitecas,12,440031.4,734511.0,PH,7.716666666666666,19/01/2021 11:30:00,XI
101,ESTUDIO SEGUIMIENTO DESEMPEÑO AMBIENTAL ACUICULTURA EN CHILE Y SU EFECTO EN LOS ECOSISTEMAS DE EMPLAZAMIENTO 2020-2021,Objetivo 1. Actividad 2. Muestreos y Analisis sedimentos,Gastón Vidal,INSTITUTO DE FOMENTO PESQUERO,Guaitecas,17,441715.5,734639.1,PH,7.71,19/01/2021 19:45:00,XI
102,ESTUDIO SEGUIMIENTO DESEMPEÑO AMBIENTAL ACUICULTURA EN CHILE Y SU EFECTO EN LOS ECOSISTEMAS DE EMPLAZAMIENTO 2020-2021,Objetivo 1. Actividad 2. Muestreos y Analisis sedimentos,Gastón Vidal,INSTITUTO DE FOMENTO PESQUERO,Moraleda,2,451131.2,735840.6,PH,7.45,22/01/2021 12:41:00,XI
103,ESTUDIO SEGUIMIENTO DESEMPEÑO AMBIENTAL ACUICULTURA EN CHILE Y SU EFECTO EN LOS ECOSISTEMAS DE EMPLAZAMIENTO 2020-2021,Objetivo 1. Actividad 2. Muestreos y Analisis sedimentos,Gastón Vidal,INSTITUTO DE FOMENTO PESQUERO,Moraleda,4,450957.9,740833.4,PH,7.266666666666667,22/01/2021 11:21:00,XI
104,ESTUDIO SEGUIMIENTO DESEMPEÑO AMBIENTAL ACUICULTURA EN CHILE Y SU EFECTO EN LOS ECOSISTEMAS DE EMPLAZAMIENTO 2020-2021,Objetivo 1. Actividad 2. Muestreos y Analisis sedimentos,Gastón Vidal,INSTITUTO DE FOMENTO PESQUERO,Moraleda,5,450801.8,741520.1,PH,7.3566666666666665,22/01/2021 10:07:00,XI
105,ESTUDIO SEGUIMIENTO DESEMPEÑO AMBIENTAL ACUICULTURA EN CHILE Y SU EFECTO EN LOS ECOSISTEMAS DE EMPLAZAMIENTO 2020-2021,Objetivo 1. Actividad 2. Muestreos y Analisis sedimentos,Gastón Vidal,INSTITUTO DE FOMENTO PESQUERO,Moraleda,12,444145.4,735257.1,PH,7.123333333333334,21/01/2021 13:21:00,XI
106,ESTUDIO SEGUIMIENTO DESEMPEÑO AMBIENTAL ACUICULTURA EN CHILE Y SU EFECTO EN LOS ECOSISTEMAS DE EMPLAZAMIENTO 2020-2021,Objetivo 1. Actividad 2. Muestreos y Analisis sedimentos,Gastón Vidal,INSTITUTO DE FOMENTO PESQUERO,Moraleda,13,443935.6,735252.9,PH,7.146666666666667,21/01/2021 12:30:00,XI
107,ESTUDIO SEGUIMIENTO DESEMPEÑO AMBIENTAL ACUICULTURA EN CHILE Y SU EFECTO EN LOS ECOSISTEMAS DE EMPLAZAMIENTO 2020-2021,Objetivo 1. Actividad 2. Muestreos y Analisis sedimentos,Gastón Vidal,INSTITUTO DE FOMENTO PESQUERO,Moraleda,14,443608.6,740025.9,PH,7.81,21/01/2021 11:08:00,XI
108,ESTUDIO SEGUIMIENTO DESEMPEÑO AMBIENTAL ACUICULTURA EN CHILE Y SU EFECTO EN LOS ECOSISTEMAS DE EMPLAZAMIENTO 2020-2021,Objetivo 1. Actividad 2. Muestreos y Analisis sedimentos,Gastón Vidal,INSTITUTO DE FOMENTO PESQUERO,Moraleda,16,443308.8,740650.1,PH,7.43,21/01/2021 10:17:00,XI
109,ESTUDIO SEGUIMIENTO DESEMPEÑO AMBIENTAL ACUICULTURA EN CHILE Y SU EFECTO EN LOS ECOSISTEMAS DE EMPLAZAMIENTO 2020-2021,Objetivo 1. Actividad 2. Muestreos y Analisis sedimentos,Gastón Vidal,INSTITUTO DE FOMENTO PESQUERO,Moraleda,17,440830.9,733501.0,PH,7.783333333333334,19/01/2021 13:40:00,XI
110,ESTUDIO SEGUIMIENTO DESEMPEÑO AMBIENTAL ACUICULTURA EN CHILE Y SU EFECTO EN LOS ECOSISTEMAS DE EMPLAZAMIENTO 2020-2021,Objetivo 1. Actividad 2. Muestreos y Analisis sedimentos,Gastón Vidal,INSTITUTO DE FOMENTO PESQUERO,Moraleda,19,434430.9,730056.5,PH,7.416666666666667,01/02/2021 17:11:00,XI
111,ESTUDIO SEGUIMIENTO DESEMPEÑO AMBIENTAL ACUICULTURA EN CHILE Y SU EFECTO EN LOS ECOSISTEMAS DE EMPLAZAMIENTO 2020-2021,Objetivo 1. Actividad 2. Muestreos y Analisis sedimentos,Gastón Vidal,INSTITUTO DE FOMENTO PESQUERO,Moraleda,25,440204.1,731205.2,PH,7.703333333333333,01/02/2021 12:07:00,XI
112,ESTUDIO SEGUIMIENTO DESEMPEÑO AMBIENTAL ACUICULTURA EN CHILE Y SU EFECTO EN LOS ECOSISTEMAS DE EMPLAZAMIENTO 2020-2021,Objetivo 1. Actividad 2. Muestreos y Analisis sedimentos,Gastón Vidal,INSTITUTO DE FOMENTO PESQUERO,Moraleda,31,442248.0,730431.7,PH,7.336666666666666,31/01/2021 13:57:00,XI
113,ESTUDIO SEGUIMIENTO DESEMPEÑO AMBIENTAL ACUICULTURA EN CHILE Y SU EFECTO EN LOS ECOSISTEMAS DE EMPLAZAMIENTO 2020-2021,Objetivo 1. Actividad 2. Muestreos y Analisis sedimentos,Gastón Vidal,INSTITUTO DE FOMENTO PESQUERO,Moraleda,32,450149.0,732702.0,PH,7.806666666666666,29/01/2021 15:45:00,XI
114,ESTUDIO SEGUIMIENTO DESEMPEÑO AMBIENTAL ACUICULTURA EN CHILE Y SU EFECTO EN LOS ECOSISTEMAS DE EMPLAZAMIENTO 2020-2021,Objetivo 1. Actividad 2. Muestreos y Analisis sedimentos,Gastón Vidal,INSTITUTO DE FOMENTO PESQUERO,Puyuhuapi,5,443139.8,724117.0,PH,7.43,31/01/2021 10:08:00,XI
115,ESTUDIO SEGUIMIENTO DESEMPEÑO AMBIENTAL ACUICULTURA EN CHILE Y SU EFECTO EN LOS ECOSISTEMAS DE EMPLAZAMIENTO 2020-2021,Objetivo 1. Actividad 2. Muestreos y Analisis sedimentos,Gastón Vidal,INSTITUTO DE FOMENTO PESQUERO,Puyuhuapi,7,443955.1,725020.8,PH,7.316666666666666,30/01/2021 14:05:00,XI
116,ESTUDIO SEGUIMIENTO DESEMPEÑO AMBIENTAL ACUICULTURA EN CHILE Y SU EFECTO EN LOS ECOSISTEMAS DE EMPLAZAMIENTO 2020-2021,Objetivo 1. Actividad 2. Muestreos y Analisis sedimentos,Gastón Vidal,INSTITUTO DE FOMENTO PESQUERO,Puyuhuapi,8,444209.3,724807.1,PH,7.580000000000001,30/01/2021 13:20:00,XI
117,ESTUDIO SEGUIMIENTO DESEMPEÑO AMBIENTAL ACUICULTURA EN CHILE Y SU EFECTO EN LOS ECOSISTEMAS DE EMPLAZAMIENTO 2020-2021,Objetivo 1. Actividad 2. Muestreos y Analisis sedimentos,Gastón Vidal,INSTITUTO DE FOMENTO PESQUERO,Puyuhuapi,10,444937.8,725757.3,PH,7.71,30/01/2021 10:30:00,XI
118,ESTUDIO SEGUIMIENTO DESEMPEÑO AMBIENTAL ACUICULTURA EN CHILE Y SU EFECTO EN LOS ECOSISTEMAS DE EMPLAZAMIENTO 2020-2021,Objetivo 1. Actividad 2. Muestreos y Analisis sedimentos,Gastón Vidal,INSTITUTO DE FOMENTO PESQUERO,Puyuhuapi,12,445441.9,730811.9,PH,7.390000000000001,29/01/2021 18:06:00,XI
119,ESTUDIO SEGUIMIENTO DESEMPEÑO AMBIENTAL ACUICULTURA EN CHILE Y SU EFECTO EN LOS ECOSISTEMAS DE EMPLAZAMIENTO 2020-2021,Objetivo 1. Actividad 2. Muestreos y Analisis sedimentos,Gastón Vidal,INSTITUTO DE FOMENTO PESQUERO,Aysen,1,452639.7,730033.3,PH,7.496666666666667,28/01/2021 15:07:00,XI
120,ESTUDIO SEGUIMIENTO DESEMPEÑO AMBIENTAL ACUICULTURA EN CHILE Y SU EFECTO EN LOS ECOSISTEMAS DE EMPLAZAMIENTO 2020-2021,Objetivo 1. Actividad 2. Muestreos y Analisis sedimentos,Gastón Vidal,INSTITUTO DE FOMENTO PESQUERO,Aysen,3,451953.0,732236.0,PH,7.8566666666666665,28/01/2021 11:07:00,XI
121,ESTUDIO SEGUIMIENTO DESEMPEÑO AMBIENTAL ACUICULTURA EN CHILE Y SU EFECTO EN LOS ECOSISTEMAS DE EMPLAZAMIENTO 2020-2021,Objetivo 1. Actividad 2. Muestreos y Analisis sedimentos,Gastón Vidal,INSTITUTO DE FOMENTO PESQUERO,Aysen,5,452421.9,733225.0,PH,7.6433333333333335,27/01/2021 11:50:00,XI
122,ESTUDIO SEGUIMIENTO DESEMPEÑO AMBIENTAL ACUICULTURA EN CHILE Y SU EFECTO EN LOS ECOSISTEMAS DE EMPLAZAMIENTO 2020-2021,Objetivo 1. Actividad 2. Muestreos y Analisis sedimentos,Gastón Vidal,INSTITUTO DE FOMENTO PESQUERO,Aysen,6,453734.9,733550.9,PH,7.603333333333333,26/01/2021 17:45:00,XI
123,ESTUDIO SEGUIMIENTO DESEMPEÑO AMBIENTAL ACUICULTURA EN CHILE Y SU EFECTO EN LOS ECOSISTEMAS DE EMPLAZAMIENTO 2020-2021,Objetivo 1. Actividad 2. Muestreos y Analisis sedimentos,Gastón Vidal,INSTITUTO DE FOMENTO PESQUERO,Aysen,7,454508.5,733655.3,PH,7.646666666666667,26/01/2021 15:06:00,XI
124,ESTUDIO SEGUIMIENTO DESEMPEÑO AMBIENTAL ACUICULTURA EN CHILE Y SU EFECTO EN LOS ECOSISTEMAS DE EMPLAZAMIENTO 2020-2021,Objetivo 1. Actividad 2. Muestreos y Analisis sedimentos,Gastón Vidal,INSTITUTO DE FOMENTO PESQUERO,Aysen,10,455717.6,733619.7,PH,7.583333333333333,25/01/2021 14:55:00,XI
125,ESTUDIO SEGUIMIENTO DESEMPEÑO AMBIENTAL ACUICULTURA EN CHILE Y SU EFECTO EN LOS ECOSISTEMAS DE EMPLAZAMIENTO 2020-2021,Objetivo 1. Actividad 2. Muestreos y Analisis sedimentos,Gastón Vidal,INSTITUTO DE FOMENTO PESQUERO,Aysen,11,460134.6,733917.0,PH,7.616666666666667,25/01/2021 13:42:00,XI
126,ESTUDIO SEGUIMIENTO DESEMPEÑO AMBIENTAL ACUICULTURA EN CHILE Y SU EFECTO EN LOS ECOSISTEMAS DE EMPLAZAMIENTO 2020-2021,Objetivo 1. Actividad 2. Muestreos y Analisis sedimentos,Gastón Vidal,INSTITUTO DE FOMENTO PESQUERO,Aysen,13,461329.4,734345.5,PH,7.263333333333333,24/01/2021 09:20:00,XI
127,ESTUDIO SEGUIMIENTO DESEMPEÑO AMBIENTAL ACUICULTURA EN CHILE Y SU EFECTO EN LOS ECOSISTEMAS DE EMPLAZAMIENTO 2020-2021,Objetivo 1. Actividad 2. Muestreos y Analisis sedimentos,Gastón Vidal,INSTITUTO DE FOMENTO PESQUERO,Aysen,18,460557.7,735202.9,PH,7.3066666666666675,23/01/2021 18:34:00,XI
128,ESTUDIO SEGUIMIENTO DESEMPEÑO AMBIENTAL ACUICULTURA EN CHILE Y SU EFECTO EN LOS ECOSISTEMAS DE EMPLAZAMIENTO 2020-2021,Objetivo 1. Actividad 2. Muestreos y Analisis sedimentos,Gastón Vidal,INSTITUTO DE FOMENTO PESQUERO,Aysen,19,460107.9,735645.7,PH,7.32,23/01/2021 17:25:00,XI
129,ESTUDIO SEGUIMIENTO DESEMPEÑO AMBIENTAL ACUICULTURA EN CHILE Y SU EFECTO EN LOS ECOSISTEMAS DE EMPLAZAMIENTO 2020-2021,Objetivo 1. Actividad 2. Muestreos y Analisis sedimentos,Gastón Vidal,INSTITUTO DE FOMENTO PESQUERO,Aysen,24,454429.7,740423.3,PH,7.169999999999999,23/01/2021 13:05:00,XI
130,ESTUDIO SEGUIMIENTO DESEMPEÑO AMBIENTAL ACUICULTURA EN CHILE Y SU EFECTO EN LOS ECOSISTEMAS DE EMPLAZAMIENTO 2020-2021,Objetivo 1. Actividad 2. Muestreos y Analisis sedimentos,Gastón Vidal,INSTITUTO DE FOMENTO PESQUERO,Aysen,25,454137.5,741704.6,PH,7.359999999999999,23/01/2021 10:57:00,XI
131,ESTUDIO SEGUIMIENTO DESEMPEÑO AMBIENTAL ACUICULTURA EN CHILE Y SU EFECTO EN LOS ECOSISTEMAS DE EMPLAZAMIENTO 2020-2021,Objetivo 1. Actividad 2. Muestreos y Analisis sedimentos,Gastón Vidal,INSTITUTO DE FOMENTO PESQUERO,Aysen,28,453351.4,741310.2,PH,7.390000000000001,23/01/2021 08:30:00,XI
132,ESTUDIO SEGUIMIENTO DESEMPEÑO AMBIENTAL ACUICULTURA EN CHILE Y SU EFECTO EN LOS ECOSISTEMAS DE EMPLAZAMIENTO 2020-2021,Objetivo 1. Actividad 2. Muestreos y Analisis sedimentos,Gastón Vidal,INSTITUTO DE FOMENTO PESQUERO,Aysen,30,452356.0,741521.0,PH,7.359999999999999,22/01/2021 15:44:00,XI
133,ESTUDIO SEGUIMIENTO DESEMPEÑO AMBIENTAL ACUICULTURA EN CHILE Y SU EFECTO EN LOS ECOSISTEMAS DE EMPLAZAMIENTO 2020-2021,Objetivo 1. Actividad 2. Muestreos y Analisis sedimentos,Gastón Vidal,INSTITUTO DE FOMENTO PESQUERO,Aysen,34,451659.5,734350.5,PH,7.093333333333334,27/01/2021 17:06:00,XI
134,ESTUDIO SEGUIMIENTO DESEMPEÑO AMBIENTAL ACUICULTURA EN CHILE Y SU EFECTO EN LOS ECOSISTEMAS DE EMPLAZAMIENTO 2020-2021,Objetivo 1. Actividad 2. Muestreos y Analisis sedimentos,Gastón Vidal,INSTITUTO DE FOMENTO PESQUERO,Coquimbo,1,300839.9,712256.3,PH,7.539999999999999,08/04/2021 00:00:00,IV
135,ESTUDIO SEGUIMIENTO DESEMPEÑO AMBIENTAL ACUICULTURA EN CHILE Y SU EFECTO EN LOS ECOSISTEMAS DE EMPLAZAMIENTO 2020-2021,Objetivo 1. Actividad 2. Muestreos y Analisis sedimentos,Gastón Vidal,INSTITUTO DE FOMENTO PESQUERO,Coquimbo,4,301121.0,712525.0,PH,7.2700000000000005,08/04/2021 00:00:00,IV
136,ESTUDIO SEGUIMIENTO DESEMPEÑO AMBIENTAL ACUICULTURA EN CHILE Y SU EFECTO EN LOS ECOSISTEMAS DE EMPLAZAMIENTO 2020-2021,Objetivo 1. Actividad 2. Muestreos y Analisis sedimentos,Gastón Vidal,INSTITUTO DE FOMENTO PESQUERO,Coquimbo,5,301046.7,712617.5,PH,7.34,08/04/2021 00:00:00,IV
137,ESTUDIO SEGUIMIENTO DESEMPEÑO AMBIENTAL ACUICULTURA EN CHILE Y SU EFECTO EN LOS ECOSISTEMAS DE EMPLAZAMIENTO 2020-2021,Objetivo 1. Actividad 2. Muestreos y Analisis sedimentos,Gastón Vidal,INSTITUTO DE FOMENTO PESQUERO,Coquimbo,7,301455.9,712925.2,PH,7.653333333333333,08/04/2021 00:00:00,IV
138,ESTUDIO SEGUIMIENTO DESEMPEÑO AMBIENTAL ACUICULTURA EN CHILE Y SU EFECTO EN LOS ECOSISTEMAS DE EMPLAZAMIENTO 2020-2021,Objetivo 1. Actividad 2. Muestreos y Analisis sedimentos,Gastón Vidal,INSTITUTO DE FOMENTO PESQUERO,Coquimbo,9,301620.2,713032.0,PH,7.626666666666668,08/04/2021 00:00:00,IV
139,ESTUDIO SEGUIMIENTO DESEMPEÑO AMBIENTAL ACUICULTURA EN CHILE Y SU EFECTO EN LOS ECOSISTEMAS DE EMPLAZAMIENTO 2020-2021,Objetivo 1. Actividad 2. Muestreos y Analisis sedimentos,Gastón Vidal,INSTITUTO DE FOMENTO PESQUERO,Coquimbo,10,301612.8,713138.8,PH,7.55,08/04/2021 00:00:00,IV
140,ESTUDIO SEGUIMIENTO DESEMPEÑO AMBIENTAL ACUICULTURA EN CHILE Y SU EFECTO EN LOS ECOSISTEMAS DE EMPLAZAMIENTO 2020-2021,Objetivo 1. Actividad 2. Muestreos y Analisis sedimentos,Gastón Vidal,INSTITUTO DE FOMENTO PESQUERO,Coquimbo,13,301637.0,713306.7,PH,7.436666666666667,08/04/2021 00:00:00,IV
141,ESTUDIO SEGUIMIENTO DESEMPEÑO AMBIENTAL ACUICULTURA EN CHILE Y SU EFECTO EN LOS ECOSISTEMAS DE EMPLAZAMIENTO 2020-2021,Objetivo 1. Actividad 2. Muestreos y Analisis sedimentos,Gastón Vidal,INSTITUTO DE FOMENTO PESQUERO,Atacama,2,270625.2,705153.6,PH,7.386666666666667,13/04/2021 00:00:00,III
142,ESTUDIO SEGUIMIENTO DESEMPEÑO AMBIENTAL ACUICULTURA EN CHILE Y SU EFECTO EN LOS ECOSISTEMAS DE EMPLAZAMIENTO 2020-2021,Objetivo 1. Actividad 2. Muestreos y Analisis sedimentos,Gastón Vidal,INSTITUTO DE FOMENTO PESQUERO,Atacama,3,270705.4,705140.1,PH,7.640000000000001,13/04/2021 00:00:00,III
143,ESTUDIO SEGUIMIENTO DESEMPEÑO AMBIENTAL ACUICULTURA EN CHILE Y SU EFECTO EN LOS ECOSISTEMAS DE EMPLAZAMIENTO 2020-2021,Objetivo 1. Actividad 2. Muestreos y Analisis sedimentos,Gastón Vidal,INSTITUTO DE FOMENTO PESQUERO,Atacama,6,270657.6,705223.1,PH,7.550000000000001,13/04/2021 00:00:00,III
144,ESTUDIO SEGUIMIENTO DESEMPEÑO AMBIENTAL ACUICULTURA EN CHILE Y SU EFECTO EN LOS ECOSISTEMAS DE EMPLAZAMIENTO 2020-2021,Objetivo 1. Actividad 2. Muestreos y Analisis sedimentos,Gastón Vidal,INSTITUTO DE FOMENTO PESQUERO,Atacama,7,270740.8,705230.3,PH,7.663333333333334,13/04/2021 00:00:00,III
145,ESTUDIO SEGUIMIENTO DESEMPEÑO AMBIENTAL ACUICULTURA EN CHILE Y SU EFECTO EN LOS ECOSISTEMAS DE EMPLAZAMIENTO 2020-2021,Objetivo 1. Actividad 2. Muestreos y Analisis sedimentos,Gastón Vidal,INSTITUTO DE FOMENTO PESQUERO,Atacama,10,270730.7,705259.8,PH,7.61,13/04/2021 00:00:00,III
146,ESTUDIO SEGUIMIENTO DESEMPEÑO AMBIENTAL ACUICULTURA EN CHILE Y SU EFECTO EN LOS ECOSISTEMAS DE EMPLAZAMIENTO 2020-2021,Objetivo 1. Actividad 2. Muestreos y Analisis sedimentos,Gastón Vidal,INSTITUTO DE FOMENTO PESQUERO,Atacama,14,270756.6,705332.6,PH,7.503333333333334,13/04/2021 00:00:00,III
147,ESTUDIO SEGUIMIENTO DESEMPEÑO AMBIENTAL ACUICULTURA EN CHILE Y SU EFECTO EN LOS ECOSISTEMAS DE EMPLAZAMIENTO 2020-2021,Objetivo 1. Actividad 2. Muestreos y Analisis sedimentos,Gastón Vidal,INSTITUTO DE FOMENTO PESQUERO,Natales,2,513604.7,724301.6,PH,6.996666666666667,21/02/2021 12:32:00,XII
148,ESTUDIO SEGUIMIENTO DESEMPEÑO AMBIENTAL ACUICULTURA EN CHILE Y SU EFECTO EN LOS ECOSISTEMAS DE EMPLAZAMIENTO 2020-2021,Objetivo 1. Actividad 2. Muestreos y Analisis sedimentos,Gastón Vidal,INSTITUTO DE FOMENTO PESQUERO,Natales,3,514018.2,723753.1,PH,7.326666666666667,21/02/2021 11:22:00,XII
149,ESTUDIO SEGUIMIENTO DESEMPEÑO AMBIENTAL ACUICULTURA EN CHILE Y SU EFECTO EN LOS ECOSISTEMAS DE EMPLAZAMIENTO 2020-2021,Objetivo 1. Actividad 2. Muestreos y Analisis sedimentos,Gastón Vidal,INSTITUTO DE FOMENTO PESQUERO,Natales,5,514929.7,723739.8,PH,7.243333333333333,20/02/2021 09:10:00,XII
150,ESTUDIO SEGUIMIENTO DESEMPEÑO AMBIENTAL ACUICULTURA EN CHILE Y SU EFECTO EN LOS ECOSISTEMAS DE EMPLAZAMIENTO 2020-2021,Objetivo 1. Actividad 2. Muestreos y Analisis sedimentos,Gastón Vidal,INSTITUTO DE FOMENTO PESQUERO,Natales,9,514601.6,725405.0,PH,7.07,20/02/2021 12:04:00,XII
151,ESTUDIO SEGUIMIENTO DESEMPEÑO AMBIENTAL ACUICULTURA EN CHILE Y SU EFECTO EN LOS ECOSISTEMAS DE EMPLAZAMIENTO 2020-2021,Objetivo 1. Actividad 2. Muestreos y Analisis sedimentos,Gastón Vidal,INSTITUTO DE FOMENTO PESQUERO,Natales,10,520357.8,725602.0,PH,7.186666666666667,20/02/2021 19:25:00,XII
152,ESTUDIO SEGUIMIENTO DESEMPEÑO AMBIENTAL ACUICULTURA EN CHILE Y SU EFECTO EN LOS ECOSISTEMAS DE EMPLAZAMIENTO 2020-2021,Objetivo 1. Actividad 2. Muestreos y Analisis sedimentos,Gastón Vidal,INSTITUTO DE FOMENTO PESQUERO,Natales,11,521159.7,725703.6,PH,7.236666666666667,20/02/2021 17:05:00,XII
153,ESTUDIO SEGUIMIENTO DESEMPEÑO AMBIENTAL ACUICULTURA EN CHILE Y SU EFECTO EN LOS ECOSISTEMAS DE EMPLAZAMIENTO 2020-2021,Objetivo 1. Actividad 2. Muestreos y Analisis sedimentos,Gastón Vidal,INSTITUTO DE FOMENTO PESQUERO,Natales,13,521310.4,725226.1,PH,7.203333333333333,20/02/2021 16:32:00,XII
154,ESTUDIO SEGUIMIENTO DESEMPEÑO AMBIENTAL ACUICULTURA EN CHILE Y SU EFECTO EN LOS ECOSISTEMAS DE EMPLAZAMIENTO 2020-2021,Objetivo 1. Actividad 2. Muestreos y Analisis sedimentos,Gastón Vidal,INSTITUTO DE FOMENTO PESQUERO,Natales,14,520439.3,723937.6,PH,7.266666666666667,20/02/2021 22:33:00,XII
155,ESTUDIO SEGUIMIENTO DESEMPEÑO AMBIENTAL ACUICULTURA EN CHILE Y SU EFECTO EN LOS ECOSISTEMAS DE EMPLAZAMIENTO 2020-2021,Objetivo 1. Actividad 2. Muestreos y Analisis sedimentos,Gastón Vidal,INSTITUTO DE FOMENTO PESQUERO,Bio-Bio,4,370959.6,733041.5,PH,7.5,10/02/2021 09:30:00,VIII
156,ESTUDIO SEGUIMIENTO DESEMPEÑO AMBIENTAL ACUICULTURA EN CHILE Y SU EFECTO EN LOS ECOSISTEMAS DE EMPLAZAMIENTO 2020-2021,Objetivo 1. Actividad 2. Muestreos y Analisis sedimentos,Gastón Vidal,INSTITUTO DE FOMENTO PESQUERO,Bio-Bio,5,371343.6,732125.3,PH,7.533333333333334,10/02/2021 11:05:00,VIII
157,ESTUDIO SEGUIMIENTO DESEMPEÑO AMBIENTAL ACUICULTURA EN CHILE Y SU EFECTO EN LOS ECOSISTEMAS DE EMPLAZAMIENTO 2020-2021,Objetivo 1. Actividad 2. Muestreos y Analisis sedimentos,Gastón Vidal,INSTITUTO DE FOMENTO PESQUERO,Bio-Bio,8,371341.8,731932.2,PH,7.44,10/02/2021 11:57:00,VIII
158,ESTUDIO SEGUIMIENTO DESEMPEÑO AMBIENTAL ACUICULTURA EN CHILE Y SU EFECTO EN LOS ECOSISTEMAS DE EMPLAZAMIENTO 2020-2021,Objetivo 1. Actividad 2. Muestreos y Analisis sedimentos,Gastón Vidal,INSTITUTO DE FOMENTO PESQUERO,Bio-Bio,9,371000.1,731213.8,PH,6.79,10/02/2021 13:31:00,VIII
159,ESTUDIO SEGUIMIENTO DESEMPEÑO AMBIENTAL ACUICULTURA EN CHILE Y SU EFECTO EN LOS ECOSISTEMAS DE EMPLAZAMIENTO 2020-2021,Objetivo 1. Actividad 2. Muestreos y Analisis sedimentos,Gastón Vidal,INSTITUTO DE FOMENTO PESQUERO,Bio-Bio,11,370916.3,731140.2,PH,7.13,10/02/2021 14:27:00,VIII
160,ESTUDIO SEGUIMIENTO DESEMPEÑO AMBIENTAL ACUICULTURA EN CHILE Y SU EFECTO EN LOS ECOSISTEMAS DE EMPLAZAMIENTO 2020-2021,Objetivo 1. Actividad 2. Muestreos y Analisis sedimentos,Gastón Vidal,INSTITUTO DE FOMENTO PESQUERO,Bio-Bio,14,370638.2,730929.6,PH,7.243333333333333,10/02/2021 15:20:00,VIII
161,ESTUDIO SEGUIMIENTO DESEMPEÑO AMBIENTAL ACUICULTURA EN CHILE Y SU EFECTO EN LOS ECOSISTEMAS DE EMPLAZAMIENTO 2020-2021,Objetivo 1. Actividad 2. Muestreos y Analisis sedimentos,Gastón Vidal,INSTITUTO DE FOMENTO PESQUERO,Bio-Bio,15,370411.4,730956.2,PH,7.096666666666667,10/02/2021 16:56:00,VIII
162,ESTUDIO SEGUIMIENTO DESEMPEÑO AMBIENTAL ACUICULTURA EN CHILE Y SU EFECTO EN LOS ECOSISTEMAS DE EMPLAZAMIENTO 2020-2021,Objetivo 1. Actividad 2. Muestreos y Analisis sedimentos,Gastón Vidal,INSTITUTO DE FOMENTO PESQUERO,Bio-Bio,19,370243.4,730851.0,PH,7.260000000000001,10/02/2021 16:10:00,VIII
163,ESTUDIO SEGUIMIENTO DESEMPEÑO AMBIENTAL ACUICULTURA EN CHILE Y SU EFECTO EN LOS ECOSISTEMAS DE EMPLAZAMIENTO 2020-2021,Objetivo 1. Actividad 2. Muestreos y Analisis sedimentos,Gastón Vidal,INSTITUTO DE FOMENTO PESQUERO,Valdivia,1,395105.7,731901.5,PH,7.53,12/02/2021 14:05:00,XIV
164,ESTUDIO SEGUIMIENTO DESEMPEÑO AMBIENTAL ACUICULTURA EN CHILE Y SU EFECTO EN LOS ECOSISTEMAS DE EMPLAZAMIENTO 2020-2021,Objetivo 1. Actividad 2. Muestreos y Analisis sedimentos,Gastón Vidal,INSTITUTO DE FOMENTO PESQUERO,Valdivia,2,395119.5,731905.4,PH,7.516666666666666,12/02/2021 13:25:00,XIV
165,ESTUDIO SEGUIMIENTO DESEMPEÑO AMBIENTAL ACUICULTURA EN CHILE Y SU EFECTO EN LOS ECOSISTEMAS DE EMPLAZAMIENTO 2020-2021,Objetivo 1. Actividad 2. Muestreos y Analisis sedimentos,Gastón Vidal,INSTITUTO DE FOMENTO PESQUERO,Valdivia,3,395156.9,732058.2,PH,7.69,12/02/2021 12:39:00,XIV
166,ESTUDIO SEGUIMIENTO DESEMPEÑO AMBIENTAL ACUICULTURA EN CHILE Y SU EFECTO EN LOS ECOSISTEMAS DE EMPLAZAMIENTO 2020-2021,Objetivo 1. Actividad 2. Muestreos y Analisis sedimentos,Gastón Vidal,INSTITUTO DE FOMENTO PESQUERO,Valdivia,4,395153.8,732138.8,PH,7.6066666666666665,12/02/2021 11:55:00,XIV
167,ESTUDIO SEGUIMIENTO DESEMPEÑO AMBIENTAL ACUICULTURA EN CHILE Y SU EFECTO EN LOS ECOSISTEMAS DE EMPLAZAMIENTO 2020-2021,Objetivo 1. Actividad 2. Muestreos y Analisis sedimentos,Gastón Vidal,INSTITUTO DE FOMENTO PESQUERO,Valdivia,6,395246.5,732253.5,PH,7.773333333333333,12/02/2021 11:16:00,XIV
168,ESTUDIO SEGUIMIENTO DESEMPEÑO AMBIENTAL ACUICULTURA EN CHILE Y SU EFECTO EN LOS ECOSISTEMAS DE EMPLAZAMIENTO 2020-2021,Objetivo 1. Actividad 2. Muestreos y Analisis sedimentos,Gastón Vidal,INSTITUTO DE FOMENTO PESQUERO,Valdivia,9,395336.9,732146.5,PH,7.423333333333333,12/02/2021 10:30:00,XIV
169,ESTUDIO SEGUIMIENTO DESEMPEÑO AMBIENTAL ACUICULTURA EN CHILE Y SU EFECTO EN LOS ECOSISTEMAS DE EMPLAZAMIENTO 2020-2021,Objetivo 1. Actividad 2. Muestreos y Analisis sedimentos,Gastón Vidal,INSTITUTO DE FOMENTO PESQUERO,Valdivia,11,395335.9,732219.4,PH,7.533333333333334,12/02/2021 09:44:00,XIV
170,ESTUDIO SEGUIMIENTO DESEMPEÑO AMBIENTAL ACUICULTURA EN CHILE Y SU EFECTO EN LOS ECOSISTEMAS DE EMPLAZAMIENTO 2020-2021,Objetivo 1. Actividad 2. Muestreos y Analisis sedimentos,Gastón Vidal,INSTITUTO DE FOMENTO PESQUERO,Valdivia,15,395547.5,732341.2,PH,7.363333333333333,12/02/2021 08:50:00,XIV
1,ESTUDIO SEGUIMIENTO DESEMPEÑO AMBIENTAL ACUICULTURA EN CHILE Y SU EFECTO EN LOS ECOSISTEMAS DE EMPLAZAMIENTO 2020-2021,Objetivo 1. Actividad 2. Muestreos y Analisis sedimentos,Gastón Vidal,INSTITUTO DE FOMENTO PESQUERO,Estuario,1,412614.9,721747.9,TEMPERATURA,12.199999999999998,08/12/2020 19:48:00,X
2,ESTUDIO SEGUIMIENTO DESEMPEÑO AMBIENTAL ACUICULTURA EN CHILE Y SU EFECTO EN LOS ECOSISTEMAS DE EMPLAZAMIENTO 2020-2021,Objetivo 1. Actividad 2. Muestreos y Analisis sedimentos,Gastón Vidal,INSTITUTO DE FOMENTO PESQUERO,Estuario,2,412807.3,721843.5,TEMPERATURA,12.233333333333334,08/12/2020 19:22:00,X
3,ESTUDIO SEGUIMIENTO DESEMPEÑO AMBIENTAL ACUICULTURA EN CHILE Y SU EFECTO EN LOS ECOSISTEMAS DE EMPLAZAMIENTO 2020-2021,Objetivo 1. Actividad 2. Muestreos y Analisis sedimentos,Gastón Vidal,INSTITUTO DE FOMENTO PESQUERO,Estuario,3,412945.4,721845.5,TEMPERATURA,12.299999999999999,08/12/2020 18:56:00,X
4,ESTUDIO SEGUIMIENTO DESEMPEÑO AMBIENTAL ACUICULTURA EN CHILE Y SU EFECTO EN LOS ECOSISTEMAS DE EMPLAZAMIENTO 2020-2021,Objetivo 1. Actividad 2. Muestreos y Analisis sedimentos,Gastón Vidal,INSTITUTO DE FOMENTO PESQUERO,Estuario,5,413039.3,721721.1,TEMPERATURA,12.299999999999999,09/12/2020 08:50:00,X
5,ESTUDIO SEGUIMIENTO DESEMPEÑO AMBIENTAL ACUICULTURA EN CHILE Y SU EFECTO EN LOS ECOSISTEMAS DE EMPLAZAMIENTO 2020-2021,Objetivo 1. Actividad 2. Muestreos y Analisis sedimentos,Gastón Vidal,INSTITUTO DE FOMENTO PESQUERO,Estuario,6,413132.6,722021.4,TEMPERATURA,12.633333333333335,08/12/2020 18:15:00,X
6,ESTUDIO SEGUIMIENTO DESEMPEÑO AMBIENTAL ACUICULTURA EN CHILE Y SU EFECTO EN LOS ECOSISTEMAS DE EMPLAZAMIENTO 2020-2021,Objetivo 1. Actividad 2. Muestreos y Analisis sedimentos,Gastón Vidal,INSTITUTO DE FOMENTO PESQUERO,Estuario,7,413157.8,721802.6,TEMPERATURA,14.433333333333332,09/12/2020 09:33:00,X
7,ESTUDIO SEGUIMIENTO DESEMPEÑO AMBIENTAL ACUICULTURA EN CHILE Y SU EFECTO EN LOS ECOSISTEMAS DE EMPLAZAMIENTO 2020-2021,Objetivo 1. Actividad 2. Muestreos y Analisis sedimentos,Gastón Vidal,INSTITUTO DE FOMENTO PESQUERO,Estuario,8,413533.0,722110.7,TEMPERATURA,12.366666666666665,08/12/2020 17:17:00,X
8,ESTUDIO SEGUIMIENTO DESEMPEÑO AMBIENTAL ACUICULTURA EN CHILE Y SU EFECTO EN LOS ECOSISTEMAS DE EMPLAZAMIENTO 2020-2021,Objetivo 1. Actividad 2. Muestreos y Analisis sedimentos,Gastón Vidal,INSTITUTO DE FOMENTO PESQUERO,Estuario,12,413938.3,722058.9,TEMPERATURA,12.233333333333334,08/12/2020 16:13:00,X
9,ESTUDIO SEGUIMIENTO DESEMPEÑO AMBIENTAL ACUICULTURA EN CHILE Y SU EFECTO EN LOS ECOSISTEMAS DE EMPLAZAMIENTO 2020-2021,Objetivo 1. Actividad 2. Muestreos y Analisis sedimentos,Gastón Vidal,INSTITUTO DE FOMENTO PESQUERO,Estuario,17,414052.7,722801.1,TEMPERATURA,14.833333333333334,08/12/2020 14:30:00,X
10,ESTUDIO SEGUIMIENTO DESEMPEÑO AMBIENTAL ACUICULTURA EN CHILE Y SU EFECTO EN LOS ECOSISTEMAS DE EMPLAZAMIENTO 2020-2021,Objetivo 1. Actividad 2. Muestreos y Analisis sedimentos,Gastón Vidal,INSTITUTO DE FOMENTO PESQUERO,Estuario,21,414330.8,723048.5,TEMPERATURA,12.966666666666669,08/12/2020 13:40:00,X
11,ESTUDIO SEGUIMIENTO DESEMPEÑO AMBIENTAL ACUICULTURA EN CHILE Y SU EFECTO EN LOS ECOSISTEMAS DE EMPLAZAMIENTO 2020-2021,Objetivo 1. Actividad 2. Muestreos y Analisis sedimentos,Gastón Vidal,INSTITUTO DE FOMENTO PESQUERO,Reloncavi,3,415420.9,725230.7,TEMPERATURA,13.733333333333334,21/12/2020 12:48:00,X
12,ESTUDIO SEGUIMIENTO DESEMPEÑO AMBIENTAL ACUICULTURA EN CHILE Y SU EFECTO EN LOS ECOSISTEMAS DE EMPLAZAMIENTO 2020-2021,Objetivo 1. Actividad 2. Muestreos y Analisis sedimentos,Gastón Vidal,INSTITUTO DE FOMENTO PESQUERO,Reloncavi,4,415223.0,725351.4,TEMPERATURA,14.433333333333332,21/12/2020 14:10:00,X
13,ESTUDIO SEGUIMIENTO DESEMPEÑO AMBIENTAL ACUICULTURA EN CHILE Y SU EFECTO EN LOS ECOSISTEMAS DE EMPLAZAMIENTO 2020-2021,Objetivo 1. Actividad 2. Muestreos y Analisis sedimentos,Gastón Vidal,INSTITUTO DE FOMENTO PESQUERO,Reloncavi,5,415307.1,725602.6,TEMPERATURA,14.433333333333332,21/12/2020 13:15:00,X
14,ESTUDIO SEGUIMIENTO DESEMPEÑO AMBIENTAL ACUICULTURA EN CHILE Y SU EFECTO EN LOS ECOSISTEMAS DE EMPLAZAMIENTO 2020-2021,Objetivo 1. Actividad 2. Muestreos y Analisis sedimentos,Gastón Vidal,INSTITUTO DE FOMENTO PESQUERO,Reloncavi,7,414413.7,730243.4,TEMPERATURA,12.566666666666668,13/12/2020 16:50:00,X
15,ESTUDIO SEGUIMIENTO DESEMPEÑO AMBIENTAL ACUICULTURA EN CHILE Y SU EFECTO EN LOS ECOSISTEMAS DE EMPLAZAMIENTO 2020-2021,Objetivo 1. Actividad 2. Muestreos y Analisis sedimentos,Gastón Vidal,INSTITUTO DE FOMENTO PESQUERO,Reloncavi,13,412948.4,725730.9,TEMPERATURA,12.4333333333333,07/12/2020 08:20:00,X
16,ESTUDIO SEGUIMIENTO DESEMPEÑO AMBIENTAL ACUICULTURA EN CHILE Y SU EFECTO EN LOS ECOSISTEMAS DE EMPLAZAMIENTO 2020-2021,Objetivo 1. Actividad 2. Muestreos y Analisis sedimentos,Gastón Vidal,INSTITUTO DE FOMENTO PESQUERO,Reloncavi,15,413105.3,724724.2,TEMPERATURA,12.266666666666666,07/12/2020 09:49:00,X
17,ESTUDIO SEGUIMIENTO DESEMPEÑO AMBIENTAL ACUICULTURA EN CHILE Y SU EFECTO EN LOS ECOSISTEMAS DE EMPLAZAMIENTO 2020-2021,Objetivo 1. Actividad 2. Muestreos y Analisis sedimentos,Gastón Vidal,INSTITUTO DE FOMENTO PESQUERO,Reloncavi,17,413450.6,724336.9,TEMPERATURA,12.333333333333334,07/12/2020 10:47:00,X
18,ESTUDIO SEGUIMIENTO DESEMPEÑO AMBIENTAL ACUICULTURA EN CHILE Y SU EFECTO EN LOS ECOSISTEMAS DE EMPLAZAMIENTO 2020-2021,Objetivo 1. Actividad 2. Muestreos y Analisis sedimentos,Gastón Vidal,INSTITUTO DE FOMENTO PESQUERO,Reloncavi,19,413707.8,724152.2,TEMPERATURA,12.433333333333332,07/12/2020 12:47:00,X
19,ESTUDIO SEGUIMIENTO DESEMPEÑO AMBIENTAL ACUICULTURA EN CHILE Y SU EFECTO EN LOS ECOSISTEMAS DE EMPLAZAMIENTO 2020-2021,Objetivo 1. Actividad 2. Muestreos y Analisis sedimentos,Gastón Vidal,INSTITUTO DE FOMENTO PESQUERO,Reloncavi,21,413751.5,724023.2,TEMPERATURA,13.266666666666666,07/12/2020 13:14:00,X
20,ESTUDIO SEGUIMIENTO DESEMPEÑO AMBIENTAL ACUICULTURA EN CHILE Y SU EFECTO EN LOS ECOSISTEMAS DE EMPLAZAMIENTO 2020-2021,Objetivo 1. Actividad 2. Muestreos y Analisis sedimentos,Gastón Vidal,INSTITUTO DE FOMENTO PESQUERO,Reloncavi,25,414943.9,724718.2,TEMPERATURA,13.266666666666666,21/12/2020 15:20:00,X
21,ESTUDIO SEGUIMIENTO DESEMPEÑO AMBIENTAL ACUICULTURA EN CHILE Y SU EFECTO EN LOS ECOSISTEMAS DE EMPLAZAMIENTO 2020-2021,Objetivo 1. Actividad 2. Muestreos y Analisis sedimentos,Gastón Vidal,INSTITUTO DE FOMENTO PESQUERO,Calbuco,1,414442.2,730610.3,TEMPERATURA,12.633333333333333,13/12/2020 17:31:00,X
22,ESTUDIO SEGUIMIENTO DESEMPEÑO AMBIENTAL ACUICULTURA EN CHILE Y SU EFECTO EN LOS ECOSISTEMAS DE EMPLAZAMIENTO 2020-2021,Objetivo 1. Actividad 2. Muestreos y Analisis sedimentos,Gastón Vidal,INSTITUTO DE FOMENTO PESQUERO,Calbuco,2,414630.1,730505.2,TEMPERATURA,11.933333333333332,14/12/2020 08:10:00,X
23,ESTUDIO SEGUIMIENTO DESEMPEÑO AMBIENTAL ACUICULTURA EN CHILE Y SU EFECTO EN LOS ECOSISTEMAS DE EMPLAZAMIENTO 2020-2021,Objetivo 1. Actividad 2. Muestreos y Analisis sedimentos,Gastón Vidal,INSTITUTO DE FOMENTO PESQUERO,Calbuco,8,414314.7,730933.2,TEMPERATURA,12.966666666666667,13/12/2020 18:27:00,X
24,ESTUDIO SEGUIMIENTO DESEMPEÑO AMBIENTAL ACUICULTURA EN CHILE Y SU EFECTO EN LOS ECOSISTEMAS DE EMPLAZAMIENTO 2020-2021,Objetivo 1. Actividad 2. Muestreos y Analisis sedimentos,Gastón Vidal,INSTITUTO DE FOMENTO PESQUERO,Calbuco,16,414822.6,731018.3,TEMPERATURA,12.300000000000002,14/12/2020 12:02:00,X
25,ESTUDIO SEGUIMIENTO DESEMPEÑO AMBIENTAL ACUICULTURA EN CHILE Y SU EFECTO EN LOS ECOSISTEMAS DE EMPLAZAMIENTO 2020-2021,Objetivo 1. Actividad 2. Muestreos y Analisis sedimentos,Gastón Vidal,INSTITUTO DE FOMENTO PESQUERO,Calbuco,22,414705.8,730505.2,TEMPERATURA,12.633333333333333,14/12/2020 08:46:00,X
26,ESTUDIO SEGUIMIENTO DESEMPEÑO AMBIENTAL ACUICULTURA EN CHILE Y SU EFECTO EN LOS ECOSISTEMAS DE EMPLAZAMIENTO 2020-2021,Objetivo 1. Actividad 2. Muestreos y Analisis sedimentos,Gastón Vidal,INSTITUTO DE FOMENTO PESQUERO,Calbuco,26,415016.4,730447.2,TEMPERATURA,12.433333333333332,14/12/2020 09:49:00,X
27,ESTUDIO SEGUIMIENTO DESEMPEÑO AMBIENTAL ACUICULTURA EN CHILE Y SU EFECTO EN LOS ECOSISTEMAS DE EMPLAZAMIENTO 2020-2021,Objetivo 1. Actividad 2. Muestreos y Analisis sedimentos,Gastón Vidal,INSTITUTO DE FOMENTO PESQUERO,Calbuco,27,414959.8,730629.1,TEMPERATURA,12.6,14/12/2020 10:31:00,X
28,ESTUDIO SEGUIMIENTO DESEMPEÑO AMBIENTAL ACUICULTURA EN CHILE Y SU EFECTO EN LOS ECOSISTEMAS DE EMPLAZAMIENTO 2020-2021,Objetivo 1. Actividad 2. Muestreos y Analisis sedimentos,Gastón Vidal,INSTITUTO DE FOMENTO PESQUERO,Calbuco,30,415019.0,730822.5,TEMPERATURA,11.6,14/12/2020 11:15:00,X
29,ESTUDIO SEGUIMIENTO DESEMPEÑO AMBIENTAL ACUICULTURA EN CHILE Y SU EFECTO EN LOS ECOSISTEMAS DE EMPLAZAMIENTO 2020-2021,Objetivo 1. Actividad 2. Muestreos y Analisis sedimentos,Gastón Vidal,INSTITUTO DE FOMENTO PESQUERO,Chacao,2,415659.3,733134.3,TEMPERATURA,11.733333333333334,15/12/2020 11:58:00,X
30,ESTUDIO SEGUIMIENTO DESEMPEÑO AMBIENTAL ACUICULTURA EN CHILE Y SU EFECTO EN LOS ECOSISTEMAS DE EMPLAZAMIENTO 2020-2021,Objetivo 1. Actividad 2. Muestreos y Analisis sedimentos,Gastón Vidal,INSTITUTO DE FOMENTO PESQUERO,Chacao,6,415415.1,732906.8,TEMPERATURA,12.199999999999998,15/12/2020 11:20:00,X
31,ESTUDIO SEGUIMIENTO DESEMPEÑO AMBIENTAL ACUICULTURA EN CHILE Y SU EFECTO EN LOS ECOSISTEMAS DE EMPLAZAMIENTO 2020-2021,Objetivo 1. Actividad 2. Muestreos y Analisis sedimentos,Gastón Vidal,INSTITUTO DE FOMENTO PESQUERO,Chacao,12,415217.3,733107.9,TEMPERATURA,11.866666666666665,15/12/2020 10:28:00,X
32,ESTUDIO SEGUIMIENTO DESEMPEÑO AMBIENTAL ACUICULTURA EN CHILE Y SU EFECTO EN LOS ECOSISTEMAS DE EMPLAZAMIENTO 2020-2021,Objetivo 1. Actividad 2. Muestreos y Analisis sedimentos,Gastón Vidal,INSTITUTO DE FOMENTO PESQUERO,Chacao,14,415115.7,732851.2,TEMPERATURA,12.333333333333334,15/12/2020 09:50:00,X
33,ESTUDIO SEGUIMIENTO DESEMPEÑO AMBIENTAL ACUICULTURA EN CHILE Y SU EFECTO EN LOS ECOSISTEMAS DE EMPLAZAMIENTO 2020-2021,Objetivo 1. Actividad 2. Muestreos y Analisis sedimentos,Gastón Vidal,INSTITUTO DE FOMENTO PESQUERO,Butachauques,1,421917.6,731519.1,TEMPERATURA,12.366666666666667,16/12/2020 08:10:00,X
34,ESTUDIO SEGUIMIENTO DESEMPEÑO AMBIENTAL ACUICULTURA EN CHILE Y SU EFECTO EN LOS ECOSISTEMAS DE EMPLAZAMIENTO 2020-2021,Objetivo 1. Actividad 2. Muestreos y Analisis sedimentos,Gastón Vidal,INSTITUTO DE FOMENTO PESQUERO,Butachauques,3,421702.6,731506.7,TEMPERATURA,12.133333333333333,16/12/2020 08:55:00,X
35,ESTUDIO SEGUIMIENTO DESEMPEÑO AMBIENTAL ACUICULTURA EN CHILE Y SU EFECTO EN LOS ECOSISTEMAS DE EMPLAZAMIENTO 2020-2021,Objetivo 1. Actividad 2. Muestreos y Analisis sedimentos,Gastón Vidal,INSTITUTO DE FOMENTO PESQUERO,Butachauques,7,421556.3,730936.2,TEMPERATURA,12.833333333333334,16/12/2020 10:51:00,X
36,ESTUDIO SEGUIMIENTO DESEMPEÑO AMBIENTAL ACUICULTURA EN CHILE Y SU EFECTO EN LOS ECOSISTEMAS DE EMPLAZAMIENTO 2020-2021,Objetivo 1. Actividad 2. Muestreos y Analisis sedimentos,Gastón Vidal,INSTITUTO DE FOMENTO PESQUERO,Butachauques,10,421645.3,732049.7,TEMPERATURA,11.6,15/12/2020 16:50:00,X
37,ESTUDIO SEGUIMIENTO DESEMPEÑO AMBIENTAL ACUICULTURA EN CHILE Y SU EFECTO EN LOS ECOSISTEMAS DE EMPLAZAMIENTO 2020-2021,Objetivo 1. Actividad 2. Muestreos y Analisis sedimentos,Gastón Vidal,INSTITUTO DE FOMENTO PESQUERO,Butachauques,12,421224.4,732358.0,TEMPERATURA,11.633333333333333,15/12/2020 15:40:00,X
38,ESTUDIO SEGUIMIENTO DESEMPEÑO AMBIENTAL ACUICULTURA EN CHILE Y SU EFECTO EN LOS ECOSISTEMAS DE EMPLAZAMIENTO 2020-2021,Objetivo 1. Actividad 2. Muestreos y Analisis sedimentos,Gastón Vidal,INSTITUTO DE FOMENTO PESQUERO,Butachauques,13,421021.7,732609.5,TEMPERATURA,12.133333333333333,15/12/2020 15:10:00,X
39,ESTUDIO SEGUIMIENTO DESEMPEÑO AMBIENTAL ACUICULTURA EN CHILE Y SU EFECTO EN LOS ECOSISTEMAS DE EMPLAZAMIENTO 2020-2021,Objetivo 1. Actividad 2. Muestreos y Analisis sedimentos,Gastón Vidal,INSTITUTO DE FOMENTO PESQUERO,Butachauques,14,420929.5,732804.6,TEMPERATURA,11.633333333333333,15/12/2020 14:40:00,X
40,ESTUDIO SEGUIMIENTO DESEMPEÑO AMBIENTAL ACUICULTURA EN CHILE Y SU EFECTO EN LOS ECOSISTEMAS DE EMPLAZAMIENTO 2020-2021,Objetivo 1. Actividad 2. Muestreos y Analisis sedimentos,Gastón Vidal,INSTITUTO DE FOMENTO PESQUERO,Chaulinec,3,423622.9,731526.5,TEMPERATURA,11.1,14/10/2020 09:00:00,X
41,ESTUDIO SEGUIMIENTO DESEMPEÑO AMBIENTAL ACUICULTURA EN CHILE Y SU EFECTO EN LOS ECOSISTEMAS DE EMPLAZAMIENTO 2020-2021,Objetivo 1. Actividad 2. Muestreos y Analisis sedimentos,Gastón Vidal,INSTITUTO DE FOMENTO PESQUERO,Chaulinec,4,423422.1,731353.2,TEMPERATURA,10.933333333333332,14/10/2020 09:25:00,X
42,ESTUDIO SEGUIMIENTO DESEMPEÑO AMBIENTAL ACUICULTURA EN CHILE Y SU EFECTO EN LOS ECOSISTEMAS DE EMPLAZAMIENTO 2020-2021,Objetivo 1. Actividad 2. Muestreos y Analisis sedimentos,Gastón Vidal,INSTITUTO DE FOMENTO PESQUERO,Chaulinec,7,422803.3,732256.7,TEMPERATURA,13.333333333333334,16/12/2020 14:02:00,X
43,ESTUDIO SEGUIMIENTO DESEMPEÑO AMBIENTAL ACUICULTURA EN CHILE Y SU EFECTO EN LOS ECOSISTEMAS DE EMPLAZAMIENTO 2020-2021,Objetivo 1. Actividad 2. Muestreos y Analisis sedimentos,Gastón Vidal,INSTITUTO DE FOMENTO PESQUERO,Chaulinec,10,422429.1,731921.4,TEMPERATURA,12.9,16/12/2020 13:05:00,X
44,ESTUDIO SEGUIMIENTO DESEMPEÑO AMBIENTAL ACUICULTURA EN CHILE Y SU EFECTO EN LOS ECOSISTEMAS DE EMPLAZAMIENTO 2020-2021,Objetivo 1. Actividad 2. Muestreos y Analisis sedimentos,Gastón Vidal,INSTITUTO DE FOMENTO PESQUERO,Chaulinec,13,422634.7,733044.2,TEMPERATURA,12.5,16/12/2020 15:05:00,X
45,ESTUDIO SEGUIMIENTO DESEMPEÑO AMBIENTAL ACUICULTURA EN CHILE Y SU EFECTO EN LOS ECOSISTEMAS DE EMPLAZAMIENTO 2020-2021,Objetivo 1. Actividad 2. Muestreos y Analisis sedimentos,Gastón Vidal,INSTITUTO DE FOMENTO PESQUERO,Tenaun,2,422246.5,733559.1,TEMPERATURA,12.6,16/12/2020 17:00:00,X
46,ESTUDIO SEGUIMIENTO DESEMPEÑO AMBIENTAL ACUICULTURA EN CHILE Y SU EFECTO EN LOS ECOSISTEMAS DE EMPLAZAMIENTO 2020-2021,Objetivo 1. Actividad 2. Muestreos y Analisis sedimentos,Gastón Vidal,INSTITUTO DE FOMENTO PESQUERO,Tenaun,3,422307.4,733744.8,TEMPERATURA,12.366666666666665,16/12/2020 18:08:00,X
47,ESTUDIO SEGUIMIENTO DESEMPEÑO AMBIENTAL ACUICULTURA EN CHILE Y SU EFECTO EN LOS ECOSISTEMAS DE EMPLAZAMIENTO 2020-2021,Objetivo 1. Actividad 2. Muestreos y Analisis sedimentos,Gastón Vidal,INSTITUTO DE FOMENTO PESQUERO,Tenaun,6,422215.1,733731.1,TEMPERATURA,12.266666666666666,16/12/2020 17:35:00,X
48,ESTUDIO SEGUIMIENTO DESEMPEÑO AMBIENTAL ACUICULTURA EN CHILE Y SU EFECTO EN LOS ECOSISTEMAS DE EMPLAZAMIENTO 2020-2021,Objetivo 1. Actividad 2. Muestreos y Analisis sedimentos,Gastón Vidal,INSTITUTO DE FOMENTO PESQUERO,Tenaun,9,422139.1,733441.7,TEMPERATURA,12.9,16/12/2020 16:36:00,X
49,ESTUDIO SEGUIMIENTO DESEMPEÑO AMBIENTAL ACUICULTURA EN CHILE Y SU EFECTO EN LOS ECOSISTEMAS DE EMPLAZAMIENTO 2020-2021,Objetivo 1. Actividad 2. Muestreos y Analisis sedimentos,Gastón Vidal,INSTITUTO DE FOMENTO PESQUERO,Tenaun,14,422026.0,733200.9,TEMPERATURA,12.366666666666667,16/12/2020 16:06:00,X
50,ESTUDIO SEGUIMIENTO DESEMPEÑO AMBIENTAL ACUICULTURA EN CHILE Y SU EFECTO EN LOS ECOSISTEMAS DE EMPLAZAMIENTO 2020-2021,Objetivo 1. Actividad 2. Muestreos y Analisis sedimentos,Gastón Vidal,INSTITUTO DE FOMENTO PESQUERO,Chiloe central,1,423046.9,734515.6,TEMPERATURA,12.433333333333335,17/12/2020 13:15:00,X
51,ESTUDIO SEGUIMIENTO DESEMPEÑO AMBIENTAL ACUICULTURA EN CHILE Y SU EFECTO EN LOS ECOSISTEMAS DE EMPLAZAMIENTO 2020-2021,Objetivo 1. Actividad 2. Muestreos y Analisis sedimentos,Gastón Vidal,INSTITUTO DE FOMENTO PESQUERO,Chiloe central,4,423259.2,734015.8,TEMPERATURA,12.799999999999999,17/12/2020 11:42:00,X
52,ESTUDIO SEGUIMIENTO DESEMPEÑO AMBIENTAL ACUICULTURA EN CHILE Y SU EFECTO EN LOS ECOSISTEMAS DE EMPLAZAMIENTO 2020-2021,Objetivo 1. Actividad 2. Muestreos y Analisis sedimentos,Gastón Vidal,INSTITUTO DE FOMENTO PESQUERO,Chiloe central,6,423209.3,733613.2,TEMPERATURA,12.966666666666667,17/12/2020 11:05:00,X
53,ESTUDIO SEGUIMIENTO DESEMPEÑO AMBIENTAL ACUICULTURA EN CHILE Y SU EFECTO EN LOS ECOSISTEMAS DE EMPLAZAMIENTO 2020-2021,Objetivo 1. Actividad 2. Muestreos y Analisis sedimentos,Gastón Vidal,INSTITUTO DE FOMENTO PESQUERO,Chiloe central,7,423029.3,733611.3,TEMPERATURA,15.133333333333335,17/12/2020 08:25:00,X
54,ESTUDIO SEGUIMIENTO DESEMPEÑO AMBIENTAL ACUICULTURA EN CHILE Y SU EFECTO EN LOS ECOSISTEMAS DE EMPLAZAMIENTO 2020-2021,Objetivo 1. Actividad 2. Muestreos y Analisis sedimentos,Gastón Vidal,INSTITUTO DE FOMENTO PESQUERO,Chiloe central,11,422833.3,733241.1,TEMPERATURA,15.6,17/12/2020 09:09:00,X
55,ESTUDIO SEGUIMIENTO DESEMPEÑO AMBIENTAL ACUICULTURA EN CHILE Y SU EFECTO EN LOS ECOSISTEMAS DE EMPLAZAMIENTO 2020-2021,Objetivo 1. Actividad 2. Muestreos y Analisis sedimentos,Gastón Vidal,INSTITUTO DE FOMENTO PESQUERO,Chiloe central,12,423059.3,732821.5,TEMPERATURA,14.866666666666667,17/12/2020 09:58:00,X
56,ESTUDIO SEGUIMIENTO DESEMPEÑO AMBIENTAL ACUICULTURA EN CHILE Y SU EFECTO EN LOS ECOSISTEMAS DE EMPLAZAMIENTO 2020-2021,Objetivo 1. Actividad 2. Muestreos y Analisis sedimentos,Gastón Vidal,INSTITUTO DE FOMENTO PESQUERO,Chiloe central,16,424213.5,733738.2,TEMPERATURA,11.433333333333332,13/10/2020 15:30:00,X
57,ESTUDIO SEGUIMIENTO DESEMPEÑO AMBIENTAL ACUICULTURA EN CHILE Y SU EFECTO EN LOS ECOSISTEMAS DE EMPLAZAMIENTO 2020-2021,Objetivo 1. Actividad 2. Muestreos y Analisis sedimentos,Gastón Vidal,INSTITUTO DE FOMENTO PESQUERO,Chiloe central,26,423654.6,732710.2,TEMPERATURA,11.5,13/10/2020 17:55:00,X
58,ESTUDIO SEGUIMIENTO DESEMPEÑO AMBIENTAL ACUICULTURA EN CHILE Y SU EFECTO EN LOS ECOSISTEMAS DE EMPLAZAMIENTO 2020-2021,Objetivo 1. Actividad 2. Muestreos y Analisis sedimentos,Gastón Vidal,INSTITUTO DE FOMENTO PESQUERO,Desertores,1,424703.0,725635.9,TEMPERATURA,14.100000000000001,18/12/2020 13:10:00,X
59,ESTUDIO SEGUIMIENTO DESEMPEÑO AMBIENTAL ACUICULTURA EN CHILE Y SU EFECTO EN LOS ECOSISTEMAS DE EMPLAZAMIENTO 2020-2021,Objetivo 1. Actividad 2. Muestreos y Analisis sedimentos,Gastón Vidal,INSTITUTO DE FOMENTO PESQUERO,Desertores,2,424756.1,725723.7,TEMPERATURA,12.766666666666666,18/12/2020 11:25:00,X
60,ESTUDIO SEGUIMIENTO DESEMPEÑO AMBIENTAL ACUICULTURA EN CHILE Y SU EFECTO EN LOS ECOSISTEMAS DE EMPLAZAMIENTO 2020-2021,Objetivo 1. Actividad 2. Muestreos y Analisis sedimentos,Gastón Vidal,INSTITUTO DE FOMENTO PESQUERO,Desertores,3,424536.0,725951.7,TEMPERATURA,11.966666666666667,18/12/2020 11:50:00,X
61,ESTUDIO SEGUIMIENTO DESEMPEÑO AMBIENTAL ACUICULTURA EN CHILE Y SU EFECTO EN LOS ECOSISTEMAS DE EMPLAZAMIENTO 2020-2021,Objetivo 1. Actividad 2. Muestreos y Analisis sedimentos,Gastón Vidal,INSTITUTO DE FOMENTO PESQUERO,Desertores,6,424206.5,730534.1,TEMPERATURA,11.866666666666667,18/12/2020 10:50:00,X
62,ESTUDIO SEGUIMIENTO DESEMPEÑO AMBIENTAL ACUICULTURA EN CHILE Y SU EFECTO EN LOS ECOSISTEMAS DE EMPLAZAMIENTO 2020-2021,Objetivo 1. Actividad 2. Muestreos y Analisis sedimentos,Gastón Vidal,INSTITUTO DE FOMENTO PESQUERO,Quellon,6,431143.2,733811.2,TEMPERATURA,10.299999999999999,11/10/2020 16:05:00,X
63,ESTUDIO SEGUIMIENTO DESEMPEÑO AMBIENTAL ACUICULTURA EN CHILE Y SU EFECTO EN LOS ECOSISTEMAS DE EMPLAZAMIENTO 2020-2021,Objetivo 1. Actividad 2. Muestreos y Analisis sedimentos,Gastón Vidal,INSTITUTO DE FOMENTO PESQUERO,Quellon,8,430739.5,734328.6,TEMPERATURA,11.399999999999999,11/10/2020 13:40:00,X
64,ESTUDIO SEGUIMIENTO DESEMPEÑO AMBIENTAL ACUICULTURA EN CHILE Y SU EFECTO EN LOS ECOSISTEMAS DE EMPLAZAMIENTO 2020-2021,Objetivo 1. Actividad 2. Muestreos y Analisis sedimentos,Gastón Vidal,INSTITUTO DE FOMENTO PESQUERO,Quellon,11,430832.2,734013.7,TEMPERATURA,11.266666666666666,11/10/2020 15:00:00,X
65,ESTUDIO SEGUIMIENTO DESEMPEÑO AMBIENTAL ACUICULTURA EN CHILE Y SU EFECTO EN LOS ECOSISTEMAS DE EMPLAZAMIENTO 2020-2021,Objetivo 1. Actividad 2. Muestreos y Analisis sedimentos,Gastón Vidal,INSTITUTO DE FOMENTO PESQUERO,Quellon,12,431133.5,733423.8,TEMPERATURA,10.466666666666667,12/10/2020 09:10:00,X
66,ESTUDIO SEGUIMIENTO DESEMPEÑO AMBIENTAL ACUICULTURA EN CHILE Y SU EFECTO EN LOS ECOSISTEMAS DE EMPLAZAMIENTO 2020-2021,Objetivo 1. Actividad 2. Muestreos y Analisis sedimentos,Gastón Vidal,INSTITUTO DE FOMENTO PESQUERO,Quellon,13,430826.2,733310.7,TEMPERATURA,10.633333333333333,12/10/2020 13:15:00,X
67,ESTUDIO SEGUIMIENTO DESEMPEÑO AMBIENTAL ACUICULTURA EN CHILE Y SU EFECTO EN LOS ECOSISTEMAS DE EMPLAZAMIENTO 2020-2021,Objetivo 1. Actividad 2. Muestreos y Analisis sedimentos,Gastón Vidal,INSTITUTO DE FOMENTO PESQUERO,Quellon,19,430307.5,732746.7,TEMPERATURA,11.266666666666666,12/10/2020 15:29:00,X
68,ESTUDIO SEGUIMIENTO DESEMPEÑO AMBIENTAL ACUICULTURA EN CHILE Y SU EFECTO EN LOS ECOSISTEMAS DE EMPLAZAMIENTO 2020-2021,Objetivo 1. Actividad 2. Muestreos y Analisis sedimentos,Gastón Vidal,INSTITUTO DE FOMENTO PESQUERO,Quellon,21,430206.1,733133.1,TEMPERATURA,11.133333333333333,12/10/2020 17:05:00,X
69,ESTUDIO SEGUIMIENTO DESEMPEÑO AMBIENTAL ACUICULTURA EN CHILE Y SU EFECTO EN LOS ECOSISTEMAS DE EMPLAZAMIENTO 2020-2021,Objetivo 1. Actividad 2. Muestreos y Analisis sedimentos,Gastón Vidal,INSTITUTO DE FOMENTO PESQUERO,Quellon,22,425921.8,732805.5,TEMPERATURA,10.533333333333333,12/10/2020 18:15:00,X
70,ESTUDIO SEGUIMIENTO DESEMPEÑO AMBIENTAL ACUICULTURA EN CHILE Y SU EFECTO EN LOS ECOSISTEMAS DE EMPLAZAMIENTO 2020-2021,Objetivo 1. Actividad 2. Muestreos y Analisis sedimentos,Gastón Vidal,INSTITUTO DE FOMENTO PESQUERO,Quellon,26,425621.2,733649.9,TEMPERATURA,10.866666666666667,13/10/2020 08:57:00,X
71,ESTUDIO SEGUIMIENTO DESEMPEÑO AMBIENTAL ACUICULTURA EN CHILE Y SU EFECTO EN LOS ECOSISTEMAS DE EMPLAZAMIENTO 2020-2021,Objetivo 1. Actividad 2. Muestreos y Analisis sedimentos,Gastón Vidal,INSTITUTO DE FOMENTO PESQUERO,Quellon,28,425525.9,733504.7,TEMPERATURA,10.766666666666666,13/10/2020 09:50:00,X
72,ESTUDIO SEGUIMIENTO DESEMPEÑO AMBIENTAL ACUICULTURA EN CHILE Y SU EFECTO EN LOS ECOSISTEMAS DE EMPLAZAMIENTO 2020-2021,Objetivo 1. Actividad 2. Muestreos y Analisis sedimentos,Gastón Vidal,INSTITUTO DE FOMENTO PESQUERO,Quellon,32,425122.8,734130.9,TEMPERATURA,10.633333333333333,13/10/2020 11:14:00,X
73,ESTUDIO SEGUIMIENTO DESEMPEÑO AMBIENTAL ACUICULTURA EN CHILE Y SU EFECTO EN LOS ECOSISTEMAS DE EMPLAZAMIENTO 2020-2021,Objetivo 1. Actividad 2. Muestreos y Analisis sedimentos,Gastón Vidal,INSTITUTO DE FOMENTO PESQUERO,Quellon,39,425415.3,732927.9,TEMPERATURA,11,13/10/2020 12:40:00,X
74,ESTUDIO SEGUIMIENTO DESEMPEÑO AMBIENTAL ACUICULTURA EN CHILE Y SU EFECTO EN LOS ECOSISTEMAS DE EMPLAZAMIENTO 2020-2021,Objetivo 1. Actividad 2. Muestreos y Analisis sedimentos,Gastón Vidal,INSTITUTO DE FOMENTO PESQUERO,Hornopiren,3,420427.1,722759.7,TEMPERATURA,12.1,20/12/2020 00:00:00,X
75,ESTUDIO SEGUIMIENTO DESEMPEÑO AMBIENTAL ACUICULTURA EN CHILE Y SU EFECTO EN LOS ECOSISTEMAS DE EMPLAZAMIENTO 2020-2021,Objetivo 1. Actividad 2. Muestreos y Analisis sedimentos,Gastón Vidal,INSTITUTO DE FOMENTO PESQUERO,Hornopiren,6,420209.6,723558.5,TEMPERATURA,13.6,21/12/2020 09:53:00,X
76,ESTUDIO SEGUIMIENTO DESEMPEÑO AMBIENTAL ACUICULTURA EN CHILE Y SU EFECTO EN LOS ECOSISTEMAS DE EMPLAZAMIENTO 2020-2021,Objetivo 1. Actividad 2. Muestreos y Analisis sedimentos,Gastón Vidal,INSTITUTO DE FOMENTO PESQUERO,Hornopiren,7,420301.3,723537.3,TEMPERATURA,12.066666666666665,21/12/2020 08:54:00,X
77,ESTUDIO SEGUIMIENTO DESEMPEÑO AMBIENTAL ACUICULTURA EN CHILE Y SU EFECTO EN LOS ECOSISTEMAS DE EMPLAZAMIENTO 2020-2021,Objetivo 1. Actividad 2. Muestreos y Analisis sedimentos,Gastón Vidal,INSTITUTO DE FOMENTO PESQUERO,Hornopiren,13,421433.8,722650.7,TEMPERATURA,13.166666666666666,20/12/2020 17:20:00,X
78,ESTUDIO SEGUIMIENTO DESEMPEÑO AMBIENTAL ACUICULTURA EN CHILE Y SU EFECTO EN LOS ECOSISTEMAS DE EMPLAZAMIENTO 2020-2021,Objetivo 1. Actividad 2. Muestreos y Analisis sedimentos,Gastón Vidal,INSTITUTO DE FOMENTO PESQUERO,Hornopiren,14,421524.5,722346.8,TEMPERATURA,15.566666666666668,20/12/2020 00:00:00,X
79,ESTUDIO SEGUIMIENTO DESEMPEÑO AMBIENTAL ACUICULTURA EN CHILE Y SU EFECTO EN LOS ECOSISTEMAS DE EMPLAZAMIENTO 2020-2021,Objetivo 1. Actividad 2. Muestreos y Analisis sedimentos,Gastón Vidal,INSTITUTO DE FOMENTO PESQUERO,Ayacara,1,421853.1,724721.9,TEMPERATURA,13.766666666666666,20/12/2020 09:08:00,X
80,ESTUDIO SEGUIMIENTO DESEMPEÑO AMBIENTAL ACUICULTURA EN CHILE Y SU EFECTO EN LOS ECOSISTEMAS DE EMPLAZAMIENTO 2020-2021,Objetivo 1. Actividad 2. Muestreos y Analisis sedimentos,Gastón Vidal,INSTITUTO DE FOMENTO PESQUERO,Ayacara,2,422434.1,724307.0,TEMPERATURA,12.166666666666666,19/12/2020 19:00:00,X
81,ESTUDIO SEGUIMIENTO DESEMPEÑO AMBIENTAL ACUICULTURA EN CHILE Y SU EFECTO EN LOS ECOSISTEMAS DE EMPLAZAMIENTO 2020-2021,Objetivo 1. Actividad 2. Muestreos y Analisis sedimentos,Gastón Vidal,INSTITUTO DE FOMENTO PESQUERO,Ayacara,3,423409.7,723139.7,TEMPERATURA,13.266666666666666,19/12/2020 16:20:00,X
82,ESTUDIO SEGUIMIENTO DESEMPEÑO AMBIENTAL ACUICULTURA EN CHILE Y SU EFECTO EN LOS ECOSISTEMAS DE EMPLAZAMIENTO 2020-2021,Objetivo 1. Actividad 2. Muestreos y Analisis sedimentos,Gastón Vidal,INSTITUTO DE FOMENTO PESQUERO,Ayacara,4,423117.9,724140.8,TEMPERATURA,12.066666666666668,19/12/2020 15:11:00,X
83,ESTUDIO SEGUIMIENTO DESEMPEÑO AMBIENTAL ACUICULTURA EN CHILE Y SU EFECTO EN LOS ECOSISTEMAS DE EMPLAZAMIENTO 2020-2021,Objetivo 1. Actividad 2. Muestreos y Analisis sedimentos,Gastón Vidal,INSTITUTO DE FOMENTO PESQUERO,Ayacara,7,423730.6,725115.4,TEMPERATURA,12,19/12/2020 11:02:00,X
84,ESTUDIO SEGUIMIENTO DESEMPEÑO AMBIENTAL ACUICULTURA EN CHILE Y SU EFECTO EN LOS ECOSISTEMAS DE EMPLAZAMIENTO 2020-2021,Objetivo 1. Actividad 2. Muestreos y Analisis sedimentos,Gastón Vidal,INSTITUTO DE FOMENTO PESQUERO,Ayacara,9,424232.8,725058.9,TEMPERATURA,11.933333333333332,19/12/2020 09:55:00,X
85,ESTUDIO SEGUIMIENTO DESEMPEÑO AMBIENTAL ACUICULTURA EN CHILE Y SU EFECTO EN LOS ECOSISTEMAS DE EMPLAZAMIENTO 2020-2021,Objetivo 1. Actividad 2. Muestreos y Analisis sedimentos,Gastón Vidal,INSTITUTO DE FOMENTO PESQUERO,Chaiten,3,424711.1,725049.9,TEMPERATURA,11.833333333333334,19/12/2020 08:48:00,X
86,ESTUDIO SEGUIMIENTO DESEMPEÑO AMBIENTAL ACUICULTURA EN CHILE Y SU EFECTO EN LOS ECOSISTEMAS DE EMPLAZAMIENTO 2020-2021,Objetivo 1. Actividad 2. Muestreos y Analisis sedimentos,Gastón Vidal,INSTITUTO DE FOMENTO PESQUERO,Chaiten,4,425527.6,724459.6,TEMPERATURA,11.699999999999998,18/12/2020 17:56:00,X
87,ESTUDIO SEGUIMIENTO DESEMPEÑO AMBIENTAL ACUICULTURA EN CHILE Y SU EFECTO EN LOS ECOSISTEMAS DE EMPLAZAMIENTO 2020-2021,Objetivo 1. Actividad 2. Muestreos y Analisis sedimentos,Gastón Vidal,INSTITUTO DE FOMENTO PESQUERO,Chaiten,12,431438.9,725308.2,TEMPERATURA,13,02/02/2021 15:26:00,X
88,ESTUDIO SEGUIMIENTO DESEMPEÑO AMBIENTAL ACUICULTURA EN CHILE Y SU EFECTO EN LOS ECOSISTEMAS DE EMPLAZAMIENTO 2020-2021,Objetivo 1. Actividad 2. Muestreos y Analisis sedimentos,Gastón Vidal,INSTITUTO DE FOMENTO PESQUERO,Chaiten,14,431550.9,725835.0,TEMPERATURA,12.4,02/02/2021 14:40:00,X
89,ESTUDIO SEGUIMIENTO DESEMPEÑO AMBIENTAL ACUICULTURA EN CHILE Y SU EFECTO EN LOS ECOSISTEMAS DE EMPLAZAMIENTO 2020-2021,Objetivo 1. Actividad 2. Muestreos y Analisis sedimentos,Gastón Vidal,INSTITUTO DE FOMENTO PESQUERO,Chaiten,18,433529.8,730022.5,TEMPERATURA,13.466666666666667,02/02/2021 10:20:00,X
90,ESTUDIO SEGUIMIENTO DESEMPEÑO AMBIENTAL ACUICULTURA EN CHILE Y SU EFECTO EN LOS ECOSISTEMAS DE EMPLAZAMIENTO 2020-2021,Objetivo 1. Actividad 2. Muestreos y Analisis sedimentos,Gastón Vidal,INSTITUTO DE FOMENTO PESQUERO,Chaiten,19,433757.9,725704.9,TEMPERATURA,13.5,02/02/2021 09:45:00,X
91,ESTUDIO SEGUIMIENTO DESEMPEÑO AMBIENTAL ACUICULTURA EN CHILE Y SU EFECTO EN LOS ECOSISTEMAS DE EMPLAZAMIENTO 2020-2021,Objetivo 1. Actividad 2. Muestreos y Analisis sedimentos,Gastón Vidal,INSTITUTO DE FOMENTO PESQUERO,Chaiten,20,434146.5,725944.6,TEMPERATURA,14.366666666666665,02/02/2021 08:45:00,X
92,ESTUDIO SEGUIMIENTO DESEMPEÑO AMBIENTAL ACUICULTURA EN CHILE Y SU EFECTO EN LOS ECOSISTEMAS DE EMPLAZAMIENTO 2020-2021,Objetivo 1. Actividad 2. Muestreos y Analisis sedimentos,Gastón Vidal,INSTITUTO DE FOMENTO PESQUERO,Guaitecas,1,442931.1,740942.8,TEMPERATURA,15.066666666666668,21/01/2021 08:30:00,XI
93,ESTUDIO SEGUIMIENTO DESEMPEÑO AMBIENTAL ACUICULTURA EN CHILE Y SU EFECTO EN LOS ECOSISTEMAS DE EMPLAZAMIENTO 2020-2021,Objetivo 1. Actividad 2. Muestreos y Analisis sedimentos,Gastón Vidal,INSTITUTO DE FOMENTO PESQUERO,Guaitecas,2,442654.0,740814.0,TEMPERATURA,14.6,20/01/2021 15:51:00,XI
94,ESTUDIO SEGUIMIENTO DESEMPEÑO AMBIENTAL ACUICULTURA EN CHILE Y SU EFECTO EN LOS ECOSISTEMAS DE EMPLAZAMIENTO 2020-2021,Objetivo 1. Actividad 2. Muestreos y Analisis sedimentos,Gastón Vidal,INSTITUTO DE FOMENTO PESQUERO,Guaitecas,4,441418.4,741320.7,TEMPERATURA,13.766666666666666,20/01/2021 13:40:00,XI
95,ESTUDIO SEGUIMIENTO DESEMPEÑO AMBIENTAL ACUICULTURA EN CHILE Y SU EFECTO EN LOS ECOSISTEMAS DE EMPLAZAMIENTO 2020-2021,Objetivo 1. Actividad 2. Muestreos y Analisis sedimentos,Gastón Vidal,INSTITUTO DE FOMENTO PESQUERO,Guaitecas,6,440829.0,740209.0,TEMPERATURA,12.533333333333333,20/01/2021 11:25:00,XI
96,ESTUDIO SEGUIMIENTO DESEMPEÑO AMBIENTAL ACUICULTURA EN CHILE Y SU EFECTO EN LOS ECOSISTEMAS DE EMPLAZAMIENTO 2020-2021,Objetivo 1. Actividad 2. Muestreos y Analisis sedimentos,Gastón Vidal,INSTITUTO DE FOMENTO PESQUERO,Guaitecas,7,440453.4,735253.7,TEMPERATURA,11.866666666666667,20/01/2021 10:10:00,XI
97,ESTUDIO SEGUIMIENTO DESEMPEÑO AMBIENTAL ACUICULTURA EN CHILE Y SU EFECTO EN LOS ECOSISTEMAS DE EMPLAZAMIENTO 2020-2021,Objetivo 1. Actividad 2. Muestreos y Analisis sedimentos,Gastón Vidal,INSTITUTO DE FOMENTO PESQUERO,Guaitecas,8,435456.5,735432.1,TEMPERATURA,12.200000000000001,19/01/2021 09:15:00,XI
98,ESTUDIO SEGUIMIENTO DESEMPEÑO AMBIENTAL ACUICULTURA EN CHILE Y SU EFECTO EN LOS ECOSISTEMAS DE EMPLAZAMIENTO 2020-2021,Objetivo 1. Actividad 2. Muestreos y Analisis sedimentos,Gastón Vidal,INSTITUTO DE FOMENTO PESQUERO,Guaitecas,9,435329.1,735219.9,TEMPERATURA,13.433333333333332,19/01/2021 08:20:00,XI
99,ESTUDIO SEGUIMIENTO DESEMPEÑO AMBIENTAL ACUICULTURA EN CHILE Y SU EFECTO EN LOS ECOSISTEMAS DE EMPLAZAMIENTO 2020-2021,Objetivo 1. Actividad 2. Muestreos y Analisis sedimentos,Gastón Vidal,INSTITUTO DE FOMENTO PESQUERO,Guaitecas,10,435638.0,734800.0,TEMPERATURA,12.4,19/01/2021 10:20:00,XI
100,ESTUDIO SEGUIMIENTO DESEMPEÑO AMBIENTAL ACUICULTURA EN CHILE Y SU EFECTO EN LOS ECOSISTEMAS DE EMPLAZAMIENTO 2020-2021,Objetivo 1. Actividad 2. Muestreos y Analisis sedimentos,Gastón Vidal,INSTITUTO DE FOMENTO PESQUERO,Guaitecas,12,440031.4,734511.0,TEMPERATURA,12.233333333333334,19/01/2021 11:30:00,XI
101,ESTUDIO SEGUIMIENTO DESEMPEÑO AMBIENTAL ACUICULTURA EN CHILE Y SU EFECTO EN LOS ECOSISTEMAS DE EMPLAZAMIENTO 2020-2021,Objetivo 1. Actividad 2. Muestreos y Analisis sedimentos,Gastón Vidal,INSTITUTO DE FOMENTO PESQUERO,Guaitecas,17,441715.5,734639.1,TEMPERATURA,12.800000000000002,19/01/2021 19:45:00,XI
102,ESTUDIO SEGUIMIENTO DESEMPEÑO AMBIENTAL ACUICULTURA EN CHILE Y SU EFECTO EN LOS ECOSISTEMAS DE EMPLAZAMIENTO 2020-2021,Objetivo 1. Actividad 2. Muestreos y Analisis sedimentos,Gastón Vidal,INSTITUTO DE FOMENTO PESQUERO,Moraleda,2,451131.2,735840.6,TEMPERATURA,13.6,22/01/2021 12:41:00,XI
103,ESTUDIO SEGUIMIENTO DESEMPEÑO AMBIENTAL ACUICULTURA EN CHILE Y SU EFECTO EN LOS ECOSISTEMAS DE EMPLAZAMIENTO 2020-2021,Objetivo 1. Actividad 2. Muestreos y Analisis sedimentos,Gastón Vidal,INSTITUTO DE FOMENTO PESQUERO,Moraleda,4,450957.9,740833.4,TEMPERATURA,12.466666666666667,22/01/2021 11:21:00,XI
104,ESTUDIO SEGUIMIENTO DESEMPEÑO AMBIENTAL ACUICULTURA EN CHILE Y SU EFECTO EN LOS ECOSISTEMAS DE EMPLAZAMIENTO 2020-2021,Objetivo 1. Actividad 2. Muestreos y Analisis sedimentos,Gastón Vidal,INSTITUTO DE FOMENTO PESQUERO,Moraleda,5,450801.8,741520.1,TEMPERATURA,13.300000000000002,22/01/2021 10:07:00,XI
105,ESTUDIO SEGUIMIENTO DESEMPEÑO AMBIENTAL ACUICULTURA EN CHILE Y SU EFECTO EN LOS ECOSISTEMAS DE EMPLAZAMIENTO 2020-2021,Objetivo 1. Actividad 2. Muestreos y Analisis sedimentos,Gastón Vidal,INSTITUTO DE FOMENTO PESQUERO,Moraleda,12,444145.4,735257.1,TEMPERATURA,13.300000000000002,21/01/2021 13:21:00,XI
106,ESTUDIO SEGUIMIENTO DESEMPEÑO AMBIENTAL ACUICULTURA EN CHILE Y SU EFECTO EN LOS ECOSISTEMAS DE EMPLAZAMIENTO 2020-2021,Objetivo 1. Actividad 2. Muestreos y Analisis sedimentos,Gastón Vidal,INSTITUTO DE FOMENTO PESQUERO,Moraleda,13,443935.6,735252.9,TEMPERATURA,13.1,21/01/2021 12:30:00,XI
107,ESTUDIO SEGUIMIENTO DESEMPEÑO AMBIENTAL ACUICULTURA EN CHILE Y SU EFECTO EN LOS ECOSISTEMAS DE EMPLAZAMIENTO 2020-2021,Objetivo 1. Actividad 2. Muestreos y Analisis sedimentos,Gastón Vidal,INSTITUTO DE FOMENTO PESQUERO,Moraleda,14,443608.6,740025.9,TEMPERATURA,12.466666666666667,21/01/2021 11:08:00,XI
108,ESTUDIO SEGUIMIENTO DESEMPEÑO AMBIENTAL ACUICULTURA EN CHILE Y SU EFECTO EN LOS ECOSISTEMAS DE EMPLAZAMIENTO 2020-2021,Objetivo 1. Actividad 2. Muestreos y Analisis sedimentos,Gastón Vidal,INSTITUTO DE FOMENTO PESQUERO,Moraleda,16,443308.8,740650.1,TEMPERATURA,12.966666666666667,21/01/2021 10:17:00,XI
109,ESTUDIO SEGUIMIENTO DESEMPEÑO AMBIENTAL ACUICULTURA EN CHILE Y SU EFECTO EN LOS ECOSISTEMAS DE EMPLAZAMIENTO 2020-2021,Objetivo 1. Actividad 2. Muestreos y Analisis sedimentos,Gastón Vidal,INSTITUTO DE FOMENTO PESQUERO,Moraleda,17,440830.9,733501.0,TEMPERATURA,12.533333333333333,19/01/2021 13:40:00,XI
110,ESTUDIO SEGUIMIENTO DESEMPEÑO AMBIENTAL ACUICULTURA EN CHILE Y SU EFECTO EN LOS ECOSISTEMAS DE EMPLAZAMIENTO 2020-2021,Objetivo 1. Actividad 2. Muestreos y Analisis sedimentos,Gastón Vidal,INSTITUTO DE FOMENTO PESQUERO,Moraleda,19,434430.9,730056.5,TEMPERATURA,14.033333333333333,01/02/2021 17:11:00,XI
111,ESTUDIO SEGUIMIENTO DESEMPEÑO AMBIENTAL ACUICULTURA EN CHILE Y SU EFECTO EN LOS ECOSISTEMAS DE EMPLAZAMIENTO 2020-2021,Objetivo 1. Actividad 2. Muestreos y Analisis sedimentos,Gastón Vidal,INSTITUTO DE FOMENTO PESQUERO,Moraleda,25,440204.1,731205.2,TEMPERATURA,14.933333333333332,01/02/2021 12:07:00,XI
112,ESTUDIO SEGUIMIENTO DESEMPEÑO AMBIENTAL ACUICULTURA EN CHILE Y SU EFECTO EN LOS ECOSISTEMAS DE EMPLAZAMIENTO 2020-2021,Objetivo 1. Actividad 2. Muestreos y Analisis sedimentos,Gastón Vidal,INSTITUTO DE FOMENTO PESQUERO,Moraleda,31,442248.0,730431.7,TEMPERATURA,13.266666666666666,31/01/2021 13:57:00,XI
113,ESTUDIO SEGUIMIENTO DESEMPEÑO AMBIENTAL ACUICULTURA EN CHILE Y SU EFECTO EN LOS ECOSISTEMAS DE EMPLAZAMIENTO 2020-2021,Objetivo 1. Actividad 2. Muestreos y Analisis sedimentos,Gastón Vidal,INSTITUTO DE FOMENTO PESQUERO,Moraleda,32,450149.0,732702.0,TEMPERATURA,14.699999999999998,29/01/2021 15:45:00,XI
114,ESTUDIO SEGUIMIENTO DESEMPEÑO AMBIENTAL ACUICULTURA EN CHILE Y SU EFECTO EN LOS ECOSISTEMAS DE EMPLAZAMIENTO 2020-2021,Objetivo 1. Actividad 2. Muestreos y Analisis sedimentos,Gastón Vidal,INSTITUTO DE FOMENTO PESQUERO,Puyuhuapi,5,443139.8,724117.0,TEMPERATURA,14.766666666666666,31/01/2021 10:08:00,XI
115,ESTUDIO SEGUIMIENTO DESEMPEÑO AMBIENTAL ACUICULTURA EN CHILE Y SU EFECTO EN LOS ECOSISTEMAS DE EMPLAZAMIENTO 2020-2021,Objetivo 1. Actividad 2. Muestreos y Analisis sedimentos,Gastón Vidal,INSTITUTO DE FOMENTO PESQUERO,Puyuhuapi,7,443955.1,725020.8,TEMPERATURA,12.133333333333333,30/01/2021 14:05:00,XI
116,ESTUDIO SEGUIMIENTO DESEMPEÑO AMBIENTAL ACUICULTURA EN CHILE Y SU EFECTO EN LOS ECOSISTEMAS DE EMPLAZAMIENTO 2020-2021,Objetivo 1. Actividad 2. Muestreos y Analisis sedimentos,Gastón Vidal,INSTITUTO DE FOMENTO PESQUERO,Puyuhuapi,8,444209.3,724807.1,TEMPERATURA,14.066666666666668,30/01/2021 13:20:00,XI
117,ESTUDIO SEGUIMIENTO DESEMPEÑO AMBIENTAL ACUICULTURA EN CHILE Y SU EFECTO EN LOS ECOSISTEMAS DE EMPLAZAMIENTO 2020-2021,Objetivo 1. Actividad 2. Muestreos y Analisis sedimentos,Gastón Vidal,INSTITUTO DE FOMENTO PESQUERO,Puyuhuapi,10,444937.8,725757.3,TEMPERATURA,12.299999999999999,30/01/2021 10:30:00,XI
118,ESTUDIO SEGUIMIENTO DESEMPEÑO AMBIENTAL ACUICULTURA EN CHILE Y SU EFECTO EN LOS ECOSISTEMAS DE EMPLAZAMIENTO 2020-2021,Objetivo 1. Actividad 2. Muestreos y Analisis sedimentos,Gastón Vidal,INSTITUTO DE FOMENTO PESQUERO,Puyuhuapi,12,445441.9,730811.9,TEMPERATURA,13,29/01/2021 18:06:00,XI
119,ESTUDIO SEGUIMIENTO DESEMPEÑO AMBIENTAL ACUICULTURA EN CHILE Y SU EFECTO EN LOS ECOSISTEMAS DE EMPLAZAMIENTO 2020-2021,Objetivo 1. Actividad 2. Muestreos y Analisis sedimentos,Gastón Vidal,INSTITUTO DE FOMENTO PESQUERO,Aysen,1,452639.7,730033.3,TEMPERATURA,11.5,28/01/2021 15:07:00,XI
120,ESTUDIO SEGUIMIENTO DESEMPEÑO AMBIENTAL ACUICULTURA EN CHILE Y SU EFECTO EN LOS ECOSISTEMAS DE EMPLAZAMIENTO 2020-2021,Objetivo 1. Actividad 2. Muestreos y Analisis sedimentos,Gastón Vidal,INSTITUTO DE FOMENTO PESQUERO,Aysen,3,451953.0,732236.0,TEMPERATURA,11.966666666666669,28/01/2021 11:07:00,XI
121,ESTUDIO SEGUIMIENTO DESEMPEÑO AMBIENTAL ACUICULTURA EN CHILE Y SU EFECTO EN LOS ECOSISTEMAS DE EMPLAZAMIENTO 2020-2021,Objetivo 1. Actividad 2. Muestreos y Analisis sedimentos,Gastón Vidal,INSTITUTO DE FOMENTO PESQUERO,Aysen,5,452421.9,733225.0,TEMPERATURA,12.799999999999999,27/01/2021 11:50:00,XI
122,ESTUDIO SEGUIMIENTO DESEMPEÑO AMBIENTAL ACUICULTURA EN CHILE Y SU EFECTO EN LOS ECOSISTEMAS DE EMPLAZAMIENTO 2020-2021,Objetivo 1. Actividad 2. Muestreos y Analisis sedimentos,Gastón Vidal,INSTITUTO DE FOMENTO PESQUERO,Aysen,6,453734.9,733550.9,TEMPERATURA,12,26/01/2021 17:45:00,XI
123,ESTUDIO SEGUIMIENTO DESEMPEÑO AMBIENTAL ACUICULTURA EN CHILE Y SU EFECTO EN LOS ECOSISTEMAS DE EMPLAZAMIENTO 2020-2021,Objetivo 1. Actividad 2. Muestreos y Analisis sedimentos,Gastón Vidal,INSTITUTO DE FOMENTO PESQUERO,Aysen,7,454508.5,733655.3,TEMPERATURA,12.433333333333332,26/01/2021 15:06:00,XI
124,ESTUDIO SEGUIMIENTO DESEMPEÑO AMBIENTAL ACUICULTURA EN CHILE Y SU EFECTO EN LOS ECOSISTEMAS DE EMPLAZAMIENTO 2020-2021,Objetivo 1. Actividad 2. Muestreos y Analisis sedimentos,Gastón Vidal,INSTITUTO DE FOMENTO PESQUERO,Aysen,10,455717.6,733619.7,TEMPERATURA,12.299999999999999,25/01/2021 14:55:00,XI
125,ESTUDIO SEGUIMIENTO DESEMPEÑO AMBIENTAL ACUICULTURA EN CHILE Y SU EFECTO EN LOS ECOSISTEMAS DE EMPLAZAMIENTO 2020-2021,Objetivo 1. Actividad 2. Muestreos y Analisis sedimentos,Gastón Vidal,INSTITUTO DE FOMENTO PESQUERO,Aysen,11,460134.6,733917.0,TEMPERATURA,12.633333333333333,25/01/2021 13:42:00,XI
126,ESTUDIO SEGUIMIENTO DESEMPEÑO AMBIENTAL ACUICULTURA EN CHILE Y SU EFECTO EN LOS ECOSISTEMAS DE EMPLAZAMIENTO 2020-2021,Objetivo 1. Actividad 2. Muestreos y Analisis sedimentos,Gastón Vidal,INSTITUTO DE FOMENTO PESQUERO,Aysen,13,461329.4,734345.5,TEMPERATURA,11.700000000000001,24/01/2021 09:20:00,XI
127,ESTUDIO SEGUIMIENTO DESEMPEÑO AMBIENTAL ACUICULTURA EN CHILE Y SU EFECTO EN LOS ECOSISTEMAS DE EMPLAZAMIENTO 2020-2021,Objetivo 1. Actividad 2. Muestreos y Analisis sedimentos,Gastón Vidal,INSTITUTO DE FOMENTO PESQUERO,Aysen,18,460557.7,735202.9,TEMPERATURA,12.366666666666667,23/01/2021 18:34:00,XI
128,ESTUDIO SEGUIMIENTO DESEMPEÑO AMBIENTAL ACUICULTURA EN CHILE Y SU EFECTO EN LOS ECOSISTEMAS DE EMPLAZAMIENTO 2020-2021,Objetivo 1. Actividad 2. Muestreos y Analisis sedimentos,Gastón Vidal,INSTITUTO DE FOMENTO PESQUERO,Aysen,19,460107.9,735645.7,TEMPERATURA,13.199999999999998,23/01/2021 17:25:00,XI
129,ESTUDIO SEGUIMIENTO DESEMPEÑO AMBIENTAL ACUICULTURA EN CHILE Y SU EFECTO EN LOS ECOSISTEMAS DE EMPLAZAMIENTO 2020-2021,Objetivo 1. Actividad 2. Muestreos y Analisis sedimentos,Gastón Vidal,INSTITUTO DE FOMENTO PESQUERO,Aysen,24,454429.7,740423.3,TEMPERATURA,13.566666666666668,23/01/2021 13:05:00,XI
130,ESTUDIO SEGUIMIENTO DESEMPEÑO AMBIENTAL ACUICULTURA EN CHILE Y SU EFECTO EN LOS ECOSISTEMAS DE EMPLAZAMIENTO 2020-2021,Objetivo 1. Actividad 2. Muestreos y Analisis sedimentos,Gastón Vidal,INSTITUTO DE FOMENTO PESQUERO,Aysen,25,454137.5,741704.6,TEMPERATURA,13,23/01/2021 10:57:00,XI
131,ESTUDIO SEGUIMIENTO DESEMPEÑO AMBIENTAL ACUICULTURA EN CHILE Y SU EFECTO EN LOS ECOSISTEMAS DE EMPLAZAMIENTO 2020-2021,Objetivo 1. Actividad 2. Muestreos y Analisis sedimentos,Gastón Vidal,INSTITUTO DE FOMENTO PESQUERO,Aysen,28,453351.4,741310.2,TEMPERATURA,12.466666666666669,23/01/2021 08:30:00,XI
132,ESTUDIO SEGUIMIENTO DESEMPEÑO AMBIENTAL ACUICULTURA EN CHILE Y SU EFECTO EN LOS ECOSISTEMAS DE EMPLAZAMIENTO 2020-2021,Objetivo 1. Actividad 2. Muestreos y Analisis sedimentos,Gastón Vidal,INSTITUTO DE FOMENTO PESQUERO,Aysen,30,452356.0,741521.0,TEMPERATURA,13.866666666666667,22/01/2021 15:44:00,XI
133,ESTUDIO SEGUIMIENTO DESEMPEÑO AMBIENTAL ACUICULTURA EN CHILE Y SU EFECTO EN LOS ECOSISTEMAS DE EMPLAZAMIENTO 2020-2021,Objetivo 1. Actividad 2. Muestreos y Analisis sedimentos,Gastón Vidal,INSTITUTO DE FOMENTO PESQUERO,Aysen,34,451659.5,734350.5,TEMPERATURA,13.4,27/01/2021 17:06:00,XI
134,ESTUDIO SEGUIMIENTO DESEMPEÑO AMBIENTAL ACUICULTURA EN CHILE Y SU EFECTO EN LOS ECOSISTEMAS DE EMPLAZAMIENTO 2020-2021,Objetivo 1. Actividad 2. Muestreos y Analisis sedimentos,Gastón Vidal,INSTITUTO DE FOMENTO PESQUERO,Coquimbo,1,300839.9,712256.3,TEMPERATURA,15.233333333333334,08/04/2021 00:00:00,IV
135,ESTUDIO SEGUIMIENTO DESEMPEÑO AMBIENTAL ACUICULTURA EN CHILE Y SU EFECTO EN LOS ECOSISTEMAS DE EMPLAZAMIENTO 2020-2021,Objetivo 1. Actividad 2. Muestreos y Analisis sedimentos,Gastón Vidal,INSTITUTO DE FOMENTO PESQUERO,Coquimbo,4,301121.0,712525.0,TEMPERATURA,15.6,08/04/2021 00:00:00,IV
136,ESTUDIO SEGUIMIENTO DESEMPEÑO AMBIENTAL ACUICULTURA EN CHILE Y SU EFECTO EN LOS ECOSISTEMAS DE EMPLAZAMIENTO 2020-2021,Objetivo 1. Actividad 2. Muestreos y Analisis sedimentos,Gastón Vidal,INSTITUTO DE FOMENTO PESQUERO,Coquimbo,5,301046.7,712617.5,TEMPERATURA,13.433333333333335,08/04/2021 00:00:00,IV
137,ESTUDIO SEGUIMIENTO DESEMPEÑO AMBIENTAL ACUICULTURA EN CHILE Y SU EFECTO EN LOS ECOSISTEMAS DE EMPLAZAMIENTO 2020-2021,Objetivo 1. Actividad 2. Muestreos y Analisis sedimentos,Gastón Vidal,INSTITUTO DE FOMENTO PESQUERO,Coquimbo,7,301455.9,712925.2,TEMPERATURA,14.566666666666668,08/04/2021 00:00:00,IV
138,ESTUDIO SEGUIMIENTO DESEMPEÑO AMBIENTAL ACUICULTURA EN CHILE Y SU EFECTO EN LOS ECOSISTEMAS DE EMPLAZAMIENTO 2020-2021,Objetivo 1. Actividad 2. Muestreos y Analisis sedimentos,Gastón Vidal,INSTITUTO DE FOMENTO PESQUERO,Coquimbo,9,301620.2,713032.0,TEMPERATURA,13.933333333333332,08/04/2021 00:00:00,IV
139,ESTUDIO SEGUIMIENTO DESEMPEÑO AMBIENTAL ACUICULTURA EN CHILE Y SU EFECTO EN LOS ECOSISTEMAS DE EMPLAZAMIENTO 2020-2021,Objetivo 1. Actividad 2. Muestreos y Analisis sedimentos,Gastón Vidal,INSTITUTO DE FOMENTO PESQUERO,Coquimbo,10,301612.8,713138.8,TEMPERATURA,13.799999999999999,08/04/2021 00:00:00,IV
140,ESTUDIO SEGUIMIENTO DESEMPEÑO AMBIENTAL ACUICULTURA EN CHILE Y SU EFECTO EN LOS ECOSISTEMAS DE EMPLAZAMIENTO 2020-2021,Objetivo 1. Actividad 2. Muestreos y Analisis sedimentos,Gastón Vidal,INSTITUTO DE FOMENTO PESQUERO,Coquimbo,13,301637.0,713306.7,TEMPERATURA,13.9,08/04/2021 00:00:00,IV
141,ESTUDIO SEGUIMIENTO DESEMPEÑO AMBIENTAL ACUICULTURA EN CHILE Y SU EFECTO EN LOS ECOSISTEMAS DE EMPLAZAMIENTO 2020-2021,Objetivo 1. Actividad 2. Muestreos y Analisis sedimentos,Gastón Vidal,INSTITUTO DE FOMENTO PESQUERO,Atacama,2,270625.2,705153.6,TEMPERATURA,15.566666666666668,13/04/2021 00:00:00,III
142,ESTUDIO SEGUIMIENTO DESEMPEÑO AMBIENTAL ACUICULTURA EN CHILE Y SU EFECTO EN LOS ECOSISTEMAS DE EMPLAZAMIENTO 2020-2021,Objetivo 1. Actividad 2. Muestreos y Analisis sedimentos,Gastón Vidal,INSTITUTO DE FOMENTO PESQUERO,Atacama,3,270705.4,705140.1,TEMPERATURA,15.233333333333334,13/04/2021 00:00:00,III
143,ESTUDIO SEGUIMIENTO DESEMPEÑO AMBIENTAL ACUICULTURA EN CHILE Y SU EFECTO EN LOS ECOSISTEMAS DE EMPLAZAMIENTO 2020-2021,Objetivo 1. Actividad 2. Muestreos y Analisis sedimentos,Gastón Vidal,INSTITUTO DE FOMENTO PESQUERO,Atacama,6,270657.6,705223.1,TEMPERATURA,14.966666666666667,13/04/2021 00:00:00,III
144,ESTUDIO SEGUIMIENTO DESEMPEÑO AMBIENTAL ACUICULTURA EN CHILE Y SU EFECTO EN LOS ECOSISTEMAS DE EMPLAZAMIENTO 2020-2021,Objetivo 1. Actividad 2. Muestreos y Analisis sedimentos,Gastón Vidal,INSTITUTO DE FOMENTO PESQUERO,Atacama,7,270740.8,705230.3,TEMPERATURA,15.133333333333333,13/04/2021 00:00:00,III
145,ESTUDIO SEGUIMIENTO DESEMPEÑO AMBIENTAL ACUICULTURA EN CHILE Y SU EFECTO EN LOS ECOSISTEMAS DE EMPLAZAMIENTO 2020-2021,Objetivo 1. Actividad 2. Muestreos y Analisis sedimentos,Gastón Vidal,INSTITUTO DE FOMENTO PESQUERO,Atacama,10,270730.7,705259.8,TEMPERATURA,14.566666666666668,13/04/2021 00:00:00,III
146,ESTUDIO SEGUIMIENTO DESEMPEÑO AMBIENTAL ACUICULTURA EN CHILE Y SU EFECTO EN LOS ECOSISTEMAS DE EMPLAZAMIENTO 2020-2021,Objetivo 1. Actividad 2. Muestreos y Analisis sedimentos,Gastón Vidal,INSTITUTO DE FOMENTO PESQUERO,Atacama,14,270756.6,705332.6,TEMPERATURA,14.800000000000002,13/04/2021 00:00:00,III
147,ESTUDIO SEGUIMIENTO DESEMPEÑO AMBIENTAL ACUICULTURA EN CHILE Y SU EFECTO EN LOS ECOSISTEMAS DE EMPLAZAMIENTO 2020-2021,Objetivo 1. Actividad 2. Muestreos y Analisis sedimentos,Gastón Vidal,INSTITUTO DE FOMENTO PESQUERO,Natales,2,513604.7,724301.6,TEMPERATURA,12.1,21/02/2021 12:32:00,XII
148,ESTUDIO SEGUIMIENTO DESEMPEÑO AMBIENTAL ACUICULTURA EN CHILE Y SU EFECTO EN LOS ECOSISTEMAS DE EMPLAZAMIENTO 2020-2021,Objetivo 1. Actividad 2. Muestreos y Analisis sedimentos,Gastón Vidal,INSTITUTO DE FOMENTO PESQUERO,Natales,3,514018.2,723753.1,TEMPERATURA,12.299999999999999,21/02/2021 11:22:00,XII
149,ESTUDIO SEGUIMIENTO DESEMPEÑO AMBIENTAL ACUICULTURA EN CHILE Y SU EFECTO EN LOS ECOSISTEMAS DE EMPLAZAMIENTO 2020-2021,Objetivo 1. Actividad 2. Muestreos y Analisis sedimentos,Gastón Vidal,INSTITUTO DE FOMENTO PESQUERO,Natales,5,514929.7,723739.8,TEMPERATURA,11.633333333333335,20/02/2021 09:10:00,XII
150,ESTUDIO SEGUIMIENTO DESEMPEÑO AMBIENTAL ACUICULTURA EN CHILE Y SU EFECTO EN LOS ECOSISTEMAS DE EMPLAZAMIENTO 2020-2021,Objetivo 1. Actividad 2. Muestreos y Analisis sedimentos,Gastón Vidal,INSTITUTO DE FOMENTO PESQUERO,Natales,9,514601.6,725405.0,TEMPERATURA,12.666666666666666,20/02/2021 12:04:00,XII
151,ESTUDIO SEGUIMIENTO DESEMPEÑO AMBIENTAL ACUICULTURA EN CHILE Y SU EFECTO EN LOS ECOSISTEMAS DE EMPLAZAMIENTO 2020-2021,Objetivo 1. Actividad 2. Muestreos y Analisis sedimentos,Gastón Vidal,INSTITUTO DE FOMENTO PESQUERO,Natales,10,520357.8,725602.0,TEMPERATURA,13,20/02/2021 19:25:00,XII
152,ESTUDIO SEGUIMIENTO DESEMPEÑO AMBIENTAL ACUICULTURA EN CHILE Y SU EFECTO EN LOS ECOSISTEMAS DE EMPLAZAMIENTO 2020-2021,Objetivo 1. Actividad 2. Muestreos y Analisis sedimentos,Gastón Vidal,INSTITUTO DE FOMENTO PESQUERO,Natales,11,521159.7,725703.6,TEMPERATURA,11.299999999999999,20/02/2021 17:05:00,XII
153,ESTUDIO SEGUIMIENTO DESEMPEÑO AMBIENTAL ACUICULTURA EN CHILE Y SU EFECTO EN LOS ECOSISTEMAS DE EMPLAZAMIENTO 2020-2021,Objetivo 1. Actividad 2. Muestreos y Analisis sedimentos,Gastón Vidal,INSTITUTO DE FOMENTO PESQUERO,Natales,13,521310.4,725226.1,TEMPERATURA,11.666666666666666,20/02/2021 16:32:00,XII
154,ESTUDIO SEGUIMIENTO DESEMPEÑO AMBIENTAL ACUICULTURA EN CHILE Y SU EFECTO EN LOS ECOSISTEMAS DE EMPLAZAMIENTO 2020-2021,Objetivo 1. Actividad 2. Muestreos y Analisis sedimentos,Gastón Vidal,INSTITUTO DE FOMENTO PESQUERO,Natales,14,520439.3,723937.6,TEMPERATURA,11.366666666666667,20/02/2021 22:33:00,XII
155,ESTUDIO SEGUIMIENTO DESEMPEÑO AMBIENTAL ACUICULTURA EN CHILE Y SU EFECTO EN LOS ECOSISTEMAS DE EMPLAZAMIENTO 2020-2021,Objetivo 1. Actividad 2. Muestreos y Analisis sedimentos,Gastón Vidal,INSTITUTO DE FOMENTO PESQUERO,Bio-Bio,4,370959.6,733041.5,TEMPERATURA,15.766666666666666,10/02/2021 09:30:00,VIII
156,ESTUDIO SEGUIMIENTO DESEMPEÑO AMBIENTAL ACUICULTURA EN CHILE Y SU EFECTO EN LOS ECOSISTEMAS DE EMPLAZAMIENTO 2020-2021,Objetivo 1. Actividad 2. Muestreos y Analisis sedimentos,Gastón Vidal,INSTITUTO DE FOMENTO PESQUERO,Bio-Bio,5,371343.6,732125.3,TEMPERATURA,14.299999999999999,10/02/2021 11:05:00,VIII
157,ESTUDIO SEGUIMIENTO DESEMPEÑO AMBIENTAL ACUICULTURA EN CHILE Y SU EFECTO EN LOS ECOSISTEMAS DE EMPLAZAMIENTO 2020-2021,Objetivo 1. Actividad 2. Muestreos y Analisis sedimentos,Gastón Vidal,INSTITUTO DE FOMENTO PESQUERO,Bio-Bio,8,371341.8,731932.2,TEMPERATURA,13.933333333333332,10/02/2021 11:57:00,VIII
158,ESTUDIO SEGUIMIENTO DESEMPEÑO AMBIENTAL ACUICULTURA EN CHILE Y SU EFECTO EN LOS ECOSISTEMAS DE EMPLAZAMIENTO 2020-2021,Objetivo 1. Actividad 2. Muestreos y Analisis sedimentos,Gastón Vidal,INSTITUTO DE FOMENTO PESQUERO,Bio-Bio,9,371000.1,731213.8,TEMPERATURA,14.033333333333333,10/02/2021 13:31:00,VIII
159,ESTUDIO SEGUIMIENTO DESEMPEÑO AMBIENTAL ACUICULTURA EN CHILE Y SU EFECTO EN LOS ECOSISTEMAS DE EMPLAZAMIENTO 2020-2021,Objetivo 1. Actividad 2. Muestreos y Analisis sedimentos,Gastón Vidal,INSTITUTO DE FOMENTO PESQUERO,Bio-Bio,11,370916.3,731140.2,TEMPERATURA,14.966666666666667,10/02/2021 14:27:00,VIII
160,ESTUDIO SEGUIMIENTO DESEMPEÑO AMBIENTAL ACUICULTURA EN CHILE Y SU EFECTO EN LOS ECOSISTEMAS DE EMPLAZAMIENTO 2020-2021,Objetivo 1. Actividad 2. Muestreos y Analisis sedimentos,Gastón Vidal,INSTITUTO DE FOMENTO PESQUERO,Bio-Bio,14,370638.2,730929.6,TEMPERATURA,15.066666666666668,10/02/2021 15:20:00,VIII
161,ESTUDIO SEGUIMIENTO DESEMPEÑO AMBIENTAL ACUICULTURA EN CHILE Y SU EFECTO EN LOS ECOSISTEMAS DE EMPLAZAMIENTO 2020-2021,Objetivo 1. Actividad 2. Muestreos y Analisis sedimentos,Gastón Vidal,INSTITUTO DE FOMENTO PESQUERO,Bio-Bio,15,370411.4,730956.2,TEMPERATURA,14,10/02/2021 16:56:00,VIII
162,ESTUDIO SEGUIMIENTO DESEMPEÑO AMBIENTAL ACUICULTURA EN CHILE Y SU EFECTO EN LOS ECOSISTEMAS DE EMPLAZAMIENTO 2020-2021,Objetivo 1. Actividad 2. Muestreos y Analisis sedimentos,Gastón Vidal,INSTITUTO DE FOMENTO PESQUERO,Bio-Bio,19,370243.4,730851.0,TEMPERATURA,14.233333333333334,10/02/2021 16:10:00,VIII
163,ESTUDIO SEGUIMIENTO DESEMPEÑO AMBIENTAL ACUICULTURA EN CHILE Y SU EFECTO EN LOS ECOSISTEMAS DE EMPLAZAMIENTO 2020-2021,Objetivo 1. Actividad 2. Muestreos y Analisis sedimentos,Gastón Vidal,INSTITUTO DE FOMENTO PESQUERO,Valdivia,1,395105.7,731901.5,TEMPERATURA,21.166666666666664,12/02/2021 14:05:00,XIV
164,ESTUDIO SEGUIMIENTO DESEMPEÑO AMBIENTAL ACUICULTURA EN CHILE Y SU EFECTO EN LOS ECOSISTEMAS DE EMPLAZAMIENTO 2020-2021,Objetivo 1. Actividad 2. Muestreos y Analisis sedimentos,Gastón Vidal,INSTITUTO DE FOMENTO PESQUERO,Valdivia,2,395119.5,731905.4,TEMPERATURA,21.233333333333334,12/02/2021 13:25:00,XIV
165,ESTUDIO SEGUIMIENTO DESEMPEÑO AMBIENTAL ACUICULTURA EN CHILE Y SU EFECTO EN LOS ECOSISTEMAS DE EMPLAZAMIENTO 2020-2021,Objetivo 1. Actividad 2. Muestreos y Analisis sedimentos,Gastón Vidal,INSTITUTO DE FOMENTO PESQUERO,Valdivia,3,395156.9,732058.2,TEMPERATURA,19.133333333333336,12/02/2021 12:39:00,XIV
166,ESTUDIO SEGUIMIENTO DESEMPEÑO AMBIENTAL ACUICULTURA EN CHILE Y SU EFECTO EN LOS ECOSISTEMAS DE EMPLAZAMIENTO 2020-2021,Objetivo 1. Actividad 2. Muestreos y Analisis sedimentos,Gastón Vidal,INSTITUTO DE FOMENTO PESQUERO,Valdivia,4,395153.8,732138.8,TEMPERATURA,20.733333333333334,12/02/2021 11:55:00,XIV
167,ESTUDIO SEGUIMIENTO DESEMPEÑO AMBIENTAL ACUICULTURA EN CHILE Y SU EFECTO EN LOS ECOSISTEMAS DE EMPLAZAMIENTO 2020-2021,Objetivo 1. Actividad 2. Muestreos y Analisis sedimentos,Gastón Vidal,INSTITUTO DE FOMENTO PESQUERO,Valdivia,6,395246.5,732253.5,TEMPERATURA,18.8,12/02/2021 11:16:00,XIV
168,ESTUDIO SEGUIMIENTO DESEMPEÑO AMBIENTAL ACUICULTURA EN CHILE Y SU EFECTO EN LOS ECOSISTEMAS DE EMPLAZAMIENTO 2020-2021,Objetivo 1. Actividad 2. Muestreos y Analisis sedimentos,Gastón Vidal,INSTITUTO DE FOMENTO PESQUERO,Valdivia,9,395336.9,732146.5,TEMPERATURA,17.7,12/02/2021 10:30:00,XIV
169,ESTUDIO SEGUIMIENTO DESEMPEÑO AMBIENTAL ACUICULTURA EN CHILE Y SU EFECTO EN LOS ECOSISTEMAS DE EMPLAZAMIENTO 2020-2021,Objetivo 1. Actividad 2. Muestreos y Analisis sedimentos,Gastón Vidal,INSTITUTO DE FOMENTO PESQUERO,Valdivia,11,395335.9,732219.4,TEMPERATURA,17.8,12/02/2021 09:44:00,XIV
170,ESTUDIO SEGUIMIENTO DESEMPEÑO AMBIENTAL ACUICULTURA EN CHILE Y SU EFECTO EN LOS ECOSISTEMAS DE EMPLAZAMIENTO 2020-2021,Objetivo 1. Actividad 2. Muestreos y Analisis sedimentos,Gastón Vidal,INSTITUTO DE FOMENTO PESQUERO,Valdivia,15,395547.5,732341.2,TEMPERATURA,16.433333333333334,12/02/2021 08:50:00,XIV
1,ESTUDIO SEGUIMIENTO DESEMPEÑO AMBIENTAL ACUICULTURA EN CHILE Y SU EFECTO EN LOS ECOSISTEMAS DE EMPLAZAMIENTO 2020-2021,Objetivo 1. Actividad 2. Muestreos y Analisis sedimentos,Gastón Vidal,INSTITUTO DE FOMENTO PESQUERO,Estuario,1,412614.9,721747.9,REDOX EHNHE,99.53333333333335,08/12/2020 19:48:00,X
2,ESTUDIO SEGUIMIENTO DESEMPEÑO AMBIENTAL ACUICULTURA EN CHILE Y SU EFECTO EN LOS ECOSISTEMAS DE EMPLAZAMIENTO 2020-2021,Objetivo 1. Actividad 2. Muestreos y Analisis sedimentos,Gastón Vidal,INSTITUTO DE FOMENTO PESQUERO,Estuario,2,412807.3,721843.5,REDOX EHNHE,127.46666666666668,08/12/2020 19:22:00,X
3,ESTUDIO SEGUIMIENTO DESEMPEÑO AMBIENTAL ACUICULTURA EN CHILE Y SU EFECTO EN LOS ECOSISTEMAS DE EMPLAZAMIENTO 2020-2021,Objetivo 1. Actividad 2. Muestreos y Analisis sedimentos,Gastón Vidal,INSTITUTO DE FOMENTO PESQUERO,Estuario,3,412945.4,721845.5,REDOX EHNHE,190.96666666666667,08/12/2020 18:56:00,X
4,ESTUDIO SEGUIMIENTO DESEMPEÑO AMBIENTAL ACUICULTURA EN CHILE Y SU EFECTO EN LOS ECOSISTEMAS DE EMPLAZAMIENTO 2020-2021,Objetivo 1. Actividad 2. Muestreos y Analisis sedimentos,Gastón Vidal,INSTITUTO DE FOMENTO PESQUERO,Estuario,5,413039.3,721721.1,REDOX EHNHE,-9.833333333333334,09/12/2020 08:50:00,X
5,ESTUDIO SEGUIMIENTO DESEMPEÑO AMBIENTAL ACUICULTURA EN CHILE Y SU EFECTO EN LOS ECOSISTEMAS DE EMPLAZAMIENTO 2020-2021,Objetivo 1. Actividad 2. Muestreos y Analisis sedimentos,Gastón Vidal,INSTITUTO DE FOMENTO PESQUERO,Estuario,6,413132.6,722021.4,REDOX EHNHE,345,08/12/2020 18:15:00,X
6,ESTUDIO SEGUIMIENTO DESEMPEÑO AMBIENTAL ACUICULTURA EN CHILE Y SU EFECTO EN LOS ECOSISTEMAS DE EMPLAZAMIENTO 2020-2021,Objetivo 1. Actividad 2. Muestreos y Analisis sedimentos,Gastón Vidal,INSTITUTO DE FOMENTO PESQUERO,Estuario,7,413157.8,721802.6,REDOX EHNHE,355.8999999999999,09/12/2020 09:33:00,X
7,ESTUDIO SEGUIMIENTO DESEMPEÑO AMBIENTAL ACUICULTURA EN CHILE Y SU EFECTO EN LOS ECOSISTEMAS DE EMPLAZAMIENTO 2020-2021,Objetivo 1. Actividad 2. Muestreos y Analisis sedimentos,Gastón Vidal,INSTITUTO DE FOMENTO PESQUERO,Estuario,8,413533.0,722110.7,REDOX EHNHE,134.83333333333334,08/12/2020 17:17:00,X
8,ESTUDIO SEGUIMIENTO DESEMPEÑO AMBIENTAL ACUICULTURA EN CHILE Y SU EFECTO EN LOS ECOSISTEMAS DE EMPLAZAMIENTO 2020-2021,Objetivo 1. Actividad 2. Muestreos y Analisis sedimentos,Gastón Vidal,INSTITUTO DE FOMENTO PESQUERO,Estuario,12,413938.3,722058.9,REDOX EHNHE,155.83333333333334,08/12/2020 16:13:00,X
9,ESTUDIO SEGUIMIENTO DESEMPEÑO AMBIENTAL ACUICULTURA EN CHILE Y SU EFECTO EN LOS ECOSISTEMAS DE EMPLAZAMIENTO 2020-2021,Objetivo 1. Actividad 2. Muestreos y Analisis sedimentos,Gastón Vidal,INSTITUTO DE FOMENTO PESQUERO,Estuario,17,414052.7,722801.1,REDOX EHNHE,317.6333333333333,08/12/2020 14:30:00,X
10,ESTUDIO SEGUIMIENTO DESEMPEÑO AMBIENTAL ACUICULTURA EN CHILE Y SU EFECTO EN LOS ECOSISTEMAS DE EMPLAZAMIENTO 2020-2021,Objetivo 1. Actividad 2. Muestreos y Analisis sedimentos,Gastón Vidal,INSTITUTO DE FOMENTO PESQUERO,Estuario,21,414330.8,723048.5,REDOX EHNHE,368.73333333333335,08/12/2020 13:40:00,X
11,ESTUDIO SEGUIMIENTO DESEMPEÑO AMBIENTAL ACUICULTURA EN CHILE Y SU EFECTO EN LOS ECOSISTEMAS DE EMPLAZAMIENTO 2020-2021,Objetivo 1. Actividad 2. Muestreos y Analisis sedimentos,Gastón Vidal,INSTITUTO DE FOMENTO PESQUERO,Reloncavi,3,415420.9,725230.7,REDOX EHNHE,420.76666666666665,21/12/2020 12:48:00,X
12,ESTUDIO SEGUIMIENTO DESEMPEÑO AMBIENTAL ACUICULTURA EN CHILE Y SU EFECTO EN LOS ECOSISTEMAS DE EMPLAZAMIENTO 2020-2021,Objetivo 1. Actividad 2. Muestreos y Analisis sedimentos,Gastón Vidal,INSTITUTO DE FOMENTO PESQUERO,Reloncavi,4,415223.0,725351.4,REDOX EHNHE,407.1333333333334,21/12/2020 14:10:00,X
13,ESTUDIO SEGUIMIENTO DESEMPEÑO AMBIENTAL ACUICULTURA EN CHILE Y SU EFECTO EN LOS ECOSISTEMAS DE EMPLAZAMIENTO 2020-2021,Objetivo 1. Actividad 2. Muestreos y Analisis sedimentos,Gastón Vidal,INSTITUTO DE FOMENTO PESQUERO,Reloncavi,5,415307.1,725602.6,REDOX EHNHE,407.1333333333334,21/12/2020 13:15:00,X
14,ESTUDIO SEGUIMIENTO DESEMPEÑO AMBIENTAL ACUICULTURA EN CHILE Y SU EFECTO EN LOS ECOSISTEMAS DE EMPLAZAMIENTO 2020-2021,Objetivo 1. Actividad 2. Muestreos y Analisis sedimentos,Gastón Vidal,INSTITUTO DE FOMENTO PESQUERO,Reloncavi,7,414413.7,730243.4,REDOX EHNHE,382.1333333333334,13/12/2020 16:50:00,X
15,ESTUDIO SEGUIMIENTO DESEMPEÑO AMBIENTAL ACUICULTURA EN CHILE Y SU EFECTO EN LOS ECOSISTEMAS DE EMPLAZAMIENTO 2020-2021,Objetivo 1. Actividad 2. Muestreos y Analisis sedimentos,Gastón Vidal,INSTITUTO DE FOMENTO PESQUERO,Reloncavi,13,412948.4,725730.9,REDOX EHNHE,405.1333333333334,07/12/2020 08:20:00,X
16,ESTUDIO SEGUIMIENTO DESEMPEÑO AMBIENTAL ACUICULTURA EN CHILE Y SU EFECTO EN LOS ECOSISTEMAS DE EMPLAZAMIENTO 2020-2021,Objetivo 1. Actividad 2. Muestreos y Analisis sedimentos,Gastón Vidal,INSTITUTO DE FOMENTO PESQUERO,Reloncavi,15,413105.3,724724.2,REDOX EHNHE,379.3666666666666,07/12/2020 09:49:00,X
17,ESTUDIO SEGUIMIENTO DESEMPEÑO AMBIENTAL ACUICULTURA EN CHILE Y SU EFECTO EN LOS ECOSISTEMAS DE EMPLAZAMIENTO 2020-2021,Objetivo 1. Actividad 2. Muestreos y Analisis sedimentos,Gastón Vidal,INSTITUTO DE FOMENTO PESQUERO,Reloncavi,17,413450.6,724336.9,REDOX EHNHE,422.0333333333333,07/12/2020 10:47:00,X
18,ESTUDIO SEGUIMIENTO DESEMPEÑO AMBIENTAL ACUICULTURA EN CHILE Y SU EFECTO EN LOS ECOSISTEMAS DE EMPLAZAMIENTO 2020-2021,Objetivo 1. Actividad 2. Muestreos y Analisis sedimentos,Gastón Vidal,INSTITUTO DE FOMENTO PESQUERO,Reloncavi,19,413707.8,724152.2,REDOX EHNHE,442.2,07/12/2020 12:47:00,X
19,ESTUDIO SEGUIMIENTO DESEMPEÑO AMBIENTAL ACUICULTURA EN CHILE Y SU EFECTO EN LOS ECOSISTEMAS DE EMPLAZAMIENTO 2020-2021,Objetivo 1. Actividad 2. Muestreos y Analisis sedimentos,Gastón Vidal,INSTITUTO DE FOMENTO PESQUERO,Reloncavi,21,413751.5,724023.2,REDOX EHNHE,224.66666666666666,07/12/2020 13:14:00,X
20,ESTUDIO SEGUIMIENTO DESEMPEÑO AMBIENTAL ACUICULTURA EN CHILE Y SU EFECTO EN LOS ECOSISTEMAS DE EMPLAZAMIENTO 2020-2021,Objetivo 1. Actividad 2. Muestreos y Analisis sedimentos,Gastón Vidal,INSTITUTO DE FOMENTO PESQUERO,Reloncavi,25,414943.9,724718.2,REDOX EHNHE,342.1333333333334,21/12/2020 15:20:00,X
21,ESTUDIO SEGUIMIENTO DESEMPEÑO AMBIENTAL ACUICULTURA EN CHILE Y SU EFECTO EN LOS ECOSISTEMAS DE EMPLAZAMIENTO 2020-2021,Objetivo 1. Actividad 2. Muestreos y Analisis sedimentos,Gastón Vidal,INSTITUTO DE FOMENTO PESQUERO,Calbuco,1,414442.2,730610.3,REDOX EHNHE,298.93333333333334,13/12/2020 17:31:00,X
22,ESTUDIO SEGUIMIENTO DESEMPEÑO AMBIENTAL ACUICULTURA EN CHILE Y SU EFECTO EN LOS ECOSISTEMAS DE EMPLAZAMIENTO 2020-2021,Objetivo 1. Actividad 2. Muestreos y Analisis sedimentos,Gastón Vidal,INSTITUTO DE FOMENTO PESQUERO,Calbuco,2,414630.1,730505.2,REDOX EHNHE,218.4,14/12/2020 08:10:00,X
23,ESTUDIO SEGUIMIENTO DESEMPEÑO AMBIENTAL ACUICULTURA EN CHILE Y SU EFECTO EN LOS ECOSISTEMAS DE EMPLAZAMIENTO 2020-2021,Objetivo 1. Actividad 2. Muestreos y Analisis sedimentos,Gastón Vidal,INSTITUTO DE FOMENTO PESQUERO,Calbuco,8,414314.7,730933.2,REDOX EHNHE,153.5,13/12/2020 18:27:00,X
24,ESTUDIO SEGUIMIENTO DESEMPEÑO AMBIENTAL ACUICULTURA EN CHILE Y SU EFECTO EN LOS ECOSISTEMAS DE EMPLAZAMIENTO 2020-2021,Objetivo 1. Actividad 2. Muestreos y Analisis sedimentos,Gastón Vidal,INSTITUTO DE FOMENTO PESQUERO,Calbuco,16,414822.6,731018.3,REDOX EHNHE,363.93333333333334,14/12/2020 12:02:00,X
25,ESTUDIO SEGUIMIENTO DESEMPEÑO AMBIENTAL ACUICULTURA EN CHILE Y SU EFECTO EN LOS ECOSISTEMAS DE EMPLAZAMIENTO 2020-2021,Objetivo 1. Actividad 2. Muestreos y Analisis sedimentos,Gastón Vidal,INSTITUTO DE FOMENTO PESQUERO,Calbuco,22,414705.8,730505.2,REDOX EHNHE,474.1333333333334,14/12/2020 08:46:00,X
26,ESTUDIO SEGUIMIENTO DESEMPEÑO AMBIENTAL ACUICULTURA EN CHILE Y SU EFECTO EN LOS ECOSISTEMAS DE EMPLAZAMIENTO 2020-2021,Objetivo 1. Actividad 2. Muestreos y Analisis sedimentos,Gastón Vidal,INSTITUTO DE FOMENTO PESQUERO,Calbuco,26,415016.4,730447.2,REDOX EHNHE,528.1666666666666,14/12/2020 09:49:00,X
27,ESTUDIO SEGUIMIENTO DESEMPEÑO AMBIENTAL ACUICULTURA EN CHILE Y SU EFECTO EN LOS ECOSISTEMAS DE EMPLAZAMIENTO 2020-2021,Objetivo 1. Actividad 2. Muestreos y Analisis sedimentos,Gastón Vidal,INSTITUTO DE FOMENTO PESQUERO,Calbuco,27,414959.8,730629.1,REDOX EHNHE,132.33333333333334,14/12/2020 10:31:00,X
28,ESTUDIO SEGUIMIENTO DESEMPEÑO AMBIENTAL ACUICULTURA EN CHILE Y SU EFECTO EN LOS ECOSISTEMAS DE EMPLAZAMIENTO 2020-2021,Objetivo 1. Actividad 2. Muestreos y Analisis sedimentos,Gastón Vidal,INSTITUTO DE FOMENTO PESQUERO,Calbuco,30,415019.0,730822.5,REDOX EHNHE,388.03333333333336,14/12/2020 11:15:00,X
29,ESTUDIO SEGUIMIENTO DESEMPEÑO AMBIENTAL ACUICULTURA EN CHILE Y SU EFECTO EN LOS ECOSISTEMAS DE EMPLAZAMIENTO 2020-2021,Objetivo 1. Actividad 2. Muestreos y Analisis sedimentos,Gastón Vidal,INSTITUTO DE FOMENTO PESQUERO,Chacao,2,415659.3,733134.3,REDOX EHNHE,339.0333333333333,15/12/2020 11:58:00,X
30,ESTUDIO SEGUIMIENTO DESEMPEÑO AMBIENTAL ACUICULTURA EN CHILE Y SU EFECTO EN LOS ECOSISTEMAS DE EMPLAZAMIENTO 2020-2021,Objetivo 1. Actividad 2. Muestreos y Analisis sedimentos,Gastón Vidal,INSTITUTO DE FOMENTO PESQUERO,Chacao,6,415415.1,732906.8,REDOX EHNHE,406.06666666666666,15/12/2020 11:20:00,X
31,ESTUDIO SEGUIMIENTO DESEMPEÑO AMBIENTAL ACUICULTURA EN CHILE Y SU EFECTO EN LOS ECOSISTEMAS DE EMPLAZAMIENTO 2020-2021,Objetivo 1. Actividad 2. Muestreos y Analisis sedimentos,Gastón Vidal,INSTITUTO DE FOMENTO PESQUERO,Chacao,12,415217.3,733107.9,REDOX EHNHE,367.73333333333335,15/12/2020 10:28:00,X
32,ESTUDIO SEGUIMIENTO DESEMPEÑO AMBIENTAL ACUICULTURA EN CHILE Y SU EFECTO EN LOS ECOSISTEMAS DE EMPLAZAMIENTO 2020-2021,Objetivo 1. Actividad 2. Muestreos y Analisis sedimentos,Gastón Vidal,INSTITUTO DE FOMENTO PESQUERO,Chacao,14,415115.7,732851.2,REDOX EHNHE,412.6666666666667,15/12/2020 09:50:00,X
33,ESTUDIO SEGUIMIENTO DESEMPEÑO AMBIENTAL ACUICULTURA EN CHILE Y SU EFECTO EN LOS ECOSISTEMAS DE EMPLAZAMIENTO 2020-2021,Objetivo 1. Actividad 2. Muestreos y Analisis sedimentos,Gastón Vidal,INSTITUTO DE FOMENTO PESQUERO,Butachauques,1,421917.6,731519.1,REDOX EHNHE,331.8666666666666,16/12/2020 08:10:00,X
34,ESTUDIO SEGUIMIENTO DESEMPEÑO AMBIENTAL ACUICULTURA EN CHILE Y SU EFECTO EN LOS ECOSISTEMAS DE EMPLAZAMIENTO 2020-2021,Objetivo 1. Actividad 2. Muestreos y Analisis sedimentos,Gastón Vidal,INSTITUTO DE FOMENTO PESQUERO,Butachauques,3,421702.6,731506.7,REDOX EHNHE,432.3666666666666,16/12/2020 08:55:00,X
35,ESTUDIO SEGUIMIENTO DESEMPEÑO AMBIENTAL ACUICULTURA EN CHILE Y SU EFECTO EN LOS ECOSISTEMAS DE EMPLAZAMIENTO 2020-2021,Objetivo 1. Actividad 2. Muestreos y Analisis sedimentos,Gastón Vidal,INSTITUTO DE FOMENTO PESQUERO,Butachauques,7,421556.3,730936.2,REDOX EHNHE,396.43333333333334,16/12/2020 10:51:00,X
36,ESTUDIO SEGUIMIENTO DESEMPEÑO AMBIENTAL ACUICULTURA EN CHILE Y SU EFECTO EN LOS ECOSISTEMAS DE EMPLAZAMIENTO 2020-2021,Objetivo 1. Actividad 2. Muestreos y Analisis sedimentos,Gastón Vidal,INSTITUTO DE FOMENTO PESQUERO,Butachauques,10,421645.3,732049.7,REDOX EHNHE,368.43333333333334,15/12/2020 16:50:00,X
37,ESTUDIO SEGUIMIENTO DESEMPEÑO AMBIENTAL ACUICULTURA EN CHILE Y SU EFECTO EN LOS ECOSISTEMAS DE EMPLAZAMIENTO 2020-2021,Objetivo 1. Actividad 2. Muestreos y Analisis sedimentos,Gastón Vidal,INSTITUTO DE FOMENTO PESQUERO,Butachauques,12,421224.4,732358.0,REDOX EHNHE,393.06666666666666,15/12/2020 15:40:00,X
38,ESTUDIO SEGUIMIENTO DESEMPEÑO AMBIENTAL ACUICULTURA EN CHILE Y SU EFECTO EN LOS ECOSISTEMAS DE EMPLAZAMIENTO 2020-2021,Objetivo 1. Actividad 2. Muestreos y Analisis sedimentos,Gastón Vidal,INSTITUTO DE FOMENTO PESQUERO,Butachauques,13,421021.7,732609.5,REDOX EHNHE,400.5666666666666,15/12/2020 15:10:00,X
39,ESTUDIO SEGUIMIENTO DESEMPEÑO AMBIENTAL ACUICULTURA EN CHILE Y SU EFECTO EN LOS ECOSISTEMAS DE EMPLAZAMIENTO 2020-2021,Objetivo 1. Actividad 2. Muestreos y Analisis sedimentos,Gastón Vidal,INSTITUTO DE FOMENTO PESQUERO,Butachauques,14,420929.5,732804.6,REDOX EHNHE,421.5,15/12/2020 14:40:00,X
40,ESTUDIO SEGUIMIENTO DESEMPEÑO AMBIENTAL ACUICULTURA EN CHILE Y SU EFECTO EN LOS ECOSISTEMAS DE EMPLAZAMIENTO 2020-2021,Objetivo 1. Actividad 2. Muestreos y Analisis sedimentos,Gastón Vidal,INSTITUTO DE FOMENTO PESQUERO,Chaulinec,3,423622.9,731526.5,REDOX EHNHE,577.4666666666666,14/10/2020 09:00:00,X
41,ESTUDIO SEGUIMIENTO DESEMPEÑO AMBIENTAL ACUICULTURA EN CHILE Y SU EFECTO EN LOS ECOSISTEMAS DE EMPLAZAMIENTO 2020-2021,Objetivo 1. Actividad 2. Muestreos y Analisis sedimentos,Gastón Vidal,INSTITUTO DE FOMENTO PESQUERO,Chaulinec,4,423422.1,731353.2,REDOX EHNHE,593.1,14/10/2020 09:25:00,X
42,ESTUDIO SEGUIMIENTO DESEMPEÑO AMBIENTAL ACUICULTURA EN CHILE Y SU EFECTO EN LOS ECOSISTEMAS DE EMPLAZAMIENTO 2020-2021,Objetivo 1. Actividad 2. Muestreos y Analisis sedimentos,Gastón Vidal,INSTITUTO DE FOMENTO PESQUERO,Chaulinec,7,422803.3,732256.7,REDOX EHNHE,415.2,16/12/2020 14:02:00,X
43,ESTUDIO SEGUIMIENTO DESEMPEÑO AMBIENTAL ACUICULTURA EN CHILE Y SU EFECTO EN LOS ECOSISTEMAS DE EMPLAZAMIENTO 2020-2021,Objetivo 1. Actividad 2. Muestreos y Analisis sedimentos,Gastón Vidal,INSTITUTO DE FOMENTO PESQUERO,Chaulinec,10,422429.1,731921.4,REDOX EHNHE,354.56666666666666,16/12/2020 13:05:00,X
44,ESTUDIO SEGUIMIENTO DESEMPEÑO AMBIENTAL ACUICULTURA EN CHILE Y SU EFECTO EN LOS ECOSISTEMAS DE EMPLAZAMIENTO 2020-2021,Objetivo 1. Actividad 2. Muestreos y Analisis sedimentos,Gastón Vidal,INSTITUTO DE FOMENTO PESQUERO,Chaulinec,13,422634.7,733044.2,REDOX EHNHE,333.3333333333333,16/12/2020 15:05:00,X
45,ESTUDIO SEGUIMIENTO DESEMPEÑO AMBIENTAL ACUICULTURA EN CHILE Y SU EFECTO EN LOS ECOSISTEMAS DE EMPLAZAMIENTO 2020-2021,Objetivo 1. Actividad 2. Muestreos y Analisis sedimentos,Gastón Vidal,INSTITUTO DE FOMENTO PESQUERO,Tenaun,2,422246.5,733559.1,REDOX EHNHE,230.46666666666667,16/12/2020 17:00:00,X
46,ESTUDIO SEGUIMIENTO DESEMPEÑO AMBIENTAL ACUICULTURA EN CHILE Y SU EFECTO EN LOS ECOSISTEMAS DE EMPLAZAMIENTO 2020-2021,Objetivo 1. Actividad 2. Muestreos y Analisis sedimentos,Gastón Vidal,INSTITUTO DE FOMENTO PESQUERO,Tenaun,3,422307.4,733744.8,REDOX EHNHE,367.3999999999999,16/12/2020 18:08:00,X
47,ESTUDIO SEGUIMIENTO DESEMPEÑO AMBIENTAL ACUICULTURA EN CHILE Y SU EFECTO EN LOS ECOSISTEMAS DE EMPLAZAMIENTO 2020-2021,Objetivo 1. Actividad 2. Muestreos y Analisis sedimentos,Gastón Vidal,INSTITUTO DE FOMENTO PESQUERO,Tenaun,6,422215.1,733731.1,REDOX EHNHE,274.1666666666667,16/12/2020 17:35:00,X
48,ESTUDIO SEGUIMIENTO DESEMPEÑO AMBIENTAL ACUICULTURA EN CHILE Y SU EFECTO EN LOS ECOSISTEMAS DE EMPLAZAMIENTO 2020-2021,Objetivo 1. Actividad 2. Muestreos y Analisis sedimentos,Gastón Vidal,INSTITUTO DE FOMENTO PESQUERO,Tenaun,9,422139.1,733441.7,REDOX EHNHE,342.8666666666666,16/12/2020 16:36:00,X
49,ESTUDIO SEGUIMIENTO DESEMPEÑO AMBIENTAL ACUICULTURA EN CHILE Y SU EFECTO EN LOS ECOSISTEMAS DE EMPLAZAMIENTO 2020-2021,Objetivo 1. Actividad 2. Muestreos y Analisis sedimentos,Gastón Vidal,INSTITUTO DE FOMENTO PESQUERO,Tenaun,14,422026.0,733200.9,REDOX EHNHE,313.93333333333334,16/12/2020 16:06:00,X
50,ESTUDIO SEGUIMIENTO DESEMPEÑO AMBIENTAL ACUICULTURA EN CHILE Y SU EFECTO EN LOS ECOSISTEMAS DE EMPLAZAMIENTO 2020-2021,Objetivo 1. Actividad 2. Muestreos y Analisis sedimentos,Gastón Vidal,INSTITUTO DE FOMENTO PESQUERO,Chiloe central,1,423046.9,734515.6,REDOX EHNHE,144.46666666666667,17/12/2020 13:15:00,X
51,ESTUDIO SEGUIMIENTO DESEMPEÑO AMBIENTAL ACUICULTURA EN CHILE Y SU EFECTO EN LOS ECOSISTEMAS DE EMPLAZAMIENTO 2020-2021,Objetivo 1. Actividad 2. Muestreos y Analisis sedimentos,Gastón Vidal,INSTITUTO DE FOMENTO PESQUERO,Chiloe central,4,423259.2,734015.8,REDOX EHNHE,289.1666666666667,17/12/2020 11:42:00,X
52,ESTUDIO SEGUIMIENTO DESEMPEÑO AMBIENTAL ACUICULTURA EN CHILE Y SU EFECTO EN LOS ECOSISTEMAS DE EMPLAZAMIENTO 2020-2021,Objetivo 1. Actividad 2. Muestreos y Analisis sedimentos,Gastón Vidal,INSTITUTO DE FOMENTO PESQUERO,Chiloe central,6,423209.3,733613.2,REDOX EHNHE,218.96666666666667,17/12/2020 11:05:00,X
53,ESTUDIO SEGUIMIENTO DESEMPEÑO AMBIENTAL ACUICULTURA EN CHILE Y SU EFECTO EN LOS ECOSISTEMAS DE EMPLAZAMIENTO 2020-2021,Objetivo 1. Actividad 2. Muestreos y Analisis sedimentos,Gastón Vidal,INSTITUTO DE FOMENTO PESQUERO,Chiloe central,7,423029.3,733611.3,REDOX EHNHE,561.3666666666667,17/12/2020 08:25:00,X
54,ESTUDIO SEGUIMIENTO DESEMPEÑO AMBIENTAL ACUICULTURA EN CHILE Y SU EFECTO EN LOS ECOSISTEMAS DE EMPLAZAMIENTO 2020-2021,Objetivo 1. Actividad 2. Muestreos y Analisis sedimentos,Gastón Vidal,INSTITUTO DE FOMENTO PESQUERO,Chiloe central,11,422833.3,733241.1,REDOX EHNHE,298.7,17/12/2020 09:09:00,X
55,ESTUDIO SEGUIMIENTO DESEMPEÑO AMBIENTAL ACUICULTURA EN CHILE Y SU EFECTO EN LOS ECOSISTEMAS DE EMPLAZAMIENTO 2020-2021,Objetivo 1. Actividad 2. Muestreos y Analisis sedimentos,Gastón Vidal,INSTITUTO DE FOMENTO PESQUERO,Chiloe central,12,423059.3,732821.5,REDOX EHNHE,285.56666666666666,17/12/2020 09:58:00,X
56,ESTUDIO SEGUIMIENTO DESEMPEÑO AMBIENTAL ACUICULTURA EN CHILE Y SU EFECTO EN LOS ECOSISTEMAS DE EMPLAZAMIENTO 2020-2021,Objetivo 1. Actividad 2. Muestreos y Analisis sedimentos,Gastón Vidal,INSTITUTO DE FOMENTO PESQUERO,Chiloe central,16,424213.5,733738.2,REDOX EHNHE,410.7666666666667,13/10/2020 15:30:00,X
57,ESTUDIO SEGUIMIENTO DESEMPEÑO AMBIENTAL ACUICULTURA EN CHILE Y SU EFECTO EN LOS ECOSISTEMAS DE EMPLAZAMIENTO 2020-2021,Objetivo 1. Actividad 2. Muestreos y Analisis sedimentos,Gastón Vidal,INSTITUTO DE FOMENTO PESQUERO,Chiloe central,26,423654.6,732710.2,REDOX EHNHE,301.43333333333334,13/10/2020 17:55:00,X
58,ESTUDIO SEGUIMIENTO DESEMPEÑO AMBIENTAL ACUICULTURA EN CHILE Y SU EFECTO EN LOS ECOSISTEMAS DE EMPLAZAMIENTO 2020-2021,Objetivo 1. Actividad 2. Muestreos y Analisis sedimentos,Gastón Vidal,INSTITUTO DE FOMENTO PESQUERO,Desertores,1,424703.0,725635.9,REDOX EHNHE,419.5333333333333,18/12/2020 13:10:00,X
59,ESTUDIO SEGUIMIENTO DESEMPEÑO AMBIENTAL ACUICULTURA EN CHILE Y SU EFECTO EN LOS ECOSISTEMAS DE EMPLAZAMIENTO 2020-2021,Objetivo 1. Actividad 2. Muestreos y Analisis sedimentos,Gastón Vidal,INSTITUTO DE FOMENTO PESQUERO,Desertores,2,424756.1,725723.7,REDOX EHNHE,259.43333333333334,18/12/2020 11:25:00,X
60,ESTUDIO SEGUIMIENTO DESEMPEÑO AMBIENTAL ACUICULTURA EN CHILE Y SU EFECTO EN LOS ECOSISTEMAS DE EMPLAZAMIENTO 2020-2021,Objetivo 1. Actividad 2. Muestreos y Analisis sedimentos,Gastón Vidal,INSTITUTO DE FOMENTO PESQUERO,Desertores,3,424536.0,725951.7,REDOX EHNHE,402.9666666666667,18/12/2020 11:50:00,X
61,ESTUDIO SEGUIMIENTO DESEMPEÑO AMBIENTAL ACUICULTURA EN CHILE Y SU EFECTO EN LOS ECOSISTEMAS DE EMPLAZAMIENTO 2020-2021,Objetivo 1. Actividad 2. Muestreos y Analisis sedimentos,Gastón Vidal,INSTITUTO DE FOMENTO PESQUERO,Desertores,6,424206.5,730534.1,REDOX EHNHE,332.0333333333333,18/12/2020 10:50:00,X
62,ESTUDIO SEGUIMIENTO DESEMPEÑO AMBIENTAL ACUICULTURA EN CHILE Y SU EFECTO EN LOS ECOSISTEMAS DE EMPLAZAMIENTO 2020-2021,Objetivo 1. Actividad 2. Muestreos y Analisis sedimentos,Gastón Vidal,INSTITUTO DE FOMENTO PESQUERO,Quellon,6,431143.2,733811.2,REDOX EHNHE,410.7,11/10/2020 16:05:00,X
63,ESTUDIO SEGUIMIENTO DESEMPEÑO AMBIENTAL ACUICULTURA EN CHILE Y SU EFECTO EN LOS ECOSISTEMAS DE EMPLAZAMIENTO 2020-2021,Objetivo 1. Actividad 2. Muestreos y Analisis sedimentos,Gastón Vidal,INSTITUTO DE FOMENTO PESQUERO,Quellon,8,430739.5,734328.6,REDOX EHNHE,59.6,11/10/2020 13:40:00,X
64,ESTUDIO SEGUIMIENTO DESEMPEÑO AMBIENTAL ACUICULTURA EN CHILE Y SU EFECTO EN LOS ECOSISTEMAS DE EMPLAZAMIENTO 2020-2021,Objetivo 1. Actividad 2. Muestreos y Analisis sedimentos,Gastón Vidal,INSTITUTO DE FOMENTO PESQUERO,Quellon,11,430832.2,734013.7,REDOX EHNHE,303.6333333333333,11/10/2020 15:00:00,X
65,ESTUDIO SEGUIMIENTO DESEMPEÑO AMBIENTAL ACUICULTURA EN CHILE Y SU EFECTO EN LOS ECOSISTEMAS DE EMPLAZAMIENTO 2020-2021,Objetivo 1. Actividad 2. Muestreos y Analisis sedimentos,Gastón Vidal,INSTITUTO DE FOMENTO PESQUERO,Quellon,12,431133.5,733423.8,REDOX EHNHE,380.1333333333334,12/10/2020 09:10:00,X
66,ESTUDIO SEGUIMIENTO DESEMPEÑO AMBIENTAL ACUICULTURA EN CHILE Y SU EFECTO EN LOS ECOSISTEMAS DE EMPLAZAMIENTO 2020-2021,Objetivo 1. Actividad 2. Muestreos y Analisis sedimentos,Gastón Vidal,INSTITUTO DE FOMENTO PESQUERO,Quellon,13,430826.2,733310.7,REDOX EHNHE,297.6666666666667,12/10/2020 13:15:00,X
67,ESTUDIO SEGUIMIENTO DESEMPEÑO AMBIENTAL ACUICULTURA EN CHILE Y SU EFECTO EN LOS ECOSISTEMAS DE EMPLAZAMIENTO 2020-2021,Objetivo 1. Actividad 2. Muestreos y Analisis sedimentos,Gastón Vidal,INSTITUTO DE FOMENTO PESQUERO,Quellon,19,430307.5,732746.7,REDOX EHNHE,546.2333333333332,12/10/2020 15:29:00,X
68,ESTUDIO SEGUIMIENTO DESEMPEÑO AMBIENTAL ACUICULTURA EN CHILE Y SU EFECTO EN LOS ECOSISTEMAS DE EMPLAZAMIENTO 2020-2021,Objetivo 1. Actividad 2. Muestreos y Analisis sedimentos,Gastón Vidal,INSTITUTO DE FOMENTO PESQUERO,Quellon,21,430206.1,733133.1,REDOX EHNHE,418.6333333333334,12/10/2020 17:05:00,X
69,ESTUDIO SEGUIMIENTO DESEMPEÑO AMBIENTAL ACUICULTURA EN CHILE Y SU EFECTO EN LOS ECOSISTEMAS DE EMPLAZAMIENTO 2020-2021,Objetivo 1. Actividad 2. Muestreos y Analisis sedimentos,Gastón Vidal,INSTITUTO DE FOMENTO PESQUERO,Quellon,22,425921.8,732805.5,REDOX EHNHE,515.3000000000001,12/10/2020 18:15:00,X
70,ESTUDIO SEGUIMIENTO DESEMPEÑO AMBIENTAL ACUICULTURA EN CHILE Y SU EFECTO EN LOS ECOSISTEMAS DE EMPLAZAMIENTO 2020-2021,Objetivo 1. Actividad 2. Muestreos y Analisis sedimentos,Gastón Vidal,INSTITUTO DE FOMENTO PESQUERO,Quellon,26,425621.2,733649.9,REDOX EHNHE,486,13/10/2020 08:57:00,X
71,ESTUDIO SEGUIMIENTO DESEMPEÑO AMBIENTAL ACUICULTURA EN CHILE Y SU EFECTO EN LOS ECOSISTEMAS DE EMPLAZAMIENTO 2020-2021,Objetivo 1. Actividad 2. Muestreos y Analisis sedimentos,Gastón Vidal,INSTITUTO DE FOMENTO PESQUERO,Quellon,28,425525.9,733504.7,REDOX EHNHE,506.73333333333335,13/10/2020 09:50:00,X
72,ESTUDIO SEGUIMIENTO DESEMPEÑO AMBIENTAL ACUICULTURA EN CHILE Y SU EFECTO EN LOS ECOSISTEMAS DE EMPLAZAMIENTO 2020-2021,Objetivo 1. Actividad 2. Muestreos y Analisis sedimentos,Gastón Vidal,INSTITUTO DE FOMENTO PESQUERO,Quellon,32,425122.8,734130.9,REDOX EHNHE,430.9666666666667,13/10/2020 11:14:00,X
73,ESTUDIO SEGUIMIENTO DESEMPEÑO AMBIENTAL ACUICULTURA EN CHILE Y SU EFECTO EN LOS ECOSISTEMAS DE EMPLAZAMIENTO 2020-2021,Objetivo 1. Actividad 2. Muestreos y Analisis sedimentos,Gastón Vidal,INSTITUTO DE FOMENTO PESQUERO,Quellon,39,425415.3,732927.9,REDOX EHNHE,445,13/10/2020 12:40:00,X
74,ESTUDIO SEGUIMIENTO DESEMPEÑO AMBIENTAL ACUICULTURA EN CHILE Y SU EFECTO EN LOS ECOSISTEMAS DE EMPLAZAMIENTO 2020-2021,Objetivo 1. Actividad 2. Muestreos y Analisis sedimentos,Gastón Vidal,INSTITUTO DE FOMENTO PESQUERO,Hornopiren,3,420427.1,722759.7,REDOX EHNHE,207.23333333333335,20/12/2020 00:00:00,X
75,ESTUDIO SEGUIMIENTO DESEMPEÑO AMBIENTAL ACUICULTURA EN CHILE Y SU EFECTO EN LOS ECOSISTEMAS DE EMPLAZAMIENTO 2020-2021,Objetivo 1. Actividad 2. Muestreos y Analisis sedimentos,Gastón Vidal,INSTITUTO DE FOMENTO PESQUERO,Hornopiren,6,420209.6,723558.5,REDOX EHNHE,409.3333333333333,21/12/2020 09:53:00,X
76,ESTUDIO SEGUIMIENTO DESEMPEÑO AMBIENTAL ACUICULTURA EN CHILE Y SU EFECTO EN LOS ECOSISTEMAS DE EMPLAZAMIENTO 2020-2021,Objetivo 1. Actividad 2. Muestreos y Analisis sedimentos,Gastón Vidal,INSTITUTO DE FOMENTO PESQUERO,Hornopiren,7,420301.3,723537.3,REDOX EHNHE,409.5,21/12/2020 08:54:00,X
77,ESTUDIO SEGUIMIENTO DESEMPEÑO AMBIENTAL ACUICULTURA EN CHILE Y SU EFECTO EN LOS ECOSISTEMAS DE EMPLAZAMIENTO 2020-2021,Objetivo 1. Actividad 2. Muestreos y Analisis sedimentos,Gastón Vidal,INSTITUTO DE FOMENTO PESQUERO,Hornopiren,13,421433.8,722650.7,REDOX EHNHE,448.26666666666665,20/12/2020 17:20:00,X
78,ESTUDIO SEGUIMIENTO DESEMPEÑO AMBIENTAL ACUICULTURA EN CHILE Y SU EFECTO EN LOS ECOSISTEMAS DE EMPLAZAMIENTO 2020-2021,Objetivo 1. Actividad 2. Muestreos y Analisis sedimentos,Gastón Vidal,INSTITUTO DE FOMENTO PESQUERO,Hornopiren,14,421524.5,722346.8,REDOX EHNHE,342.93333333333334,20/12/2020 00:00:00,X
79,ESTUDIO SEGUIMIENTO DESEMPEÑO AMBIENTAL ACUICULTURA EN CHILE Y SU EFECTO EN LOS ECOSISTEMAS DE EMPLAZAMIENTO 2020-2021,Objetivo 1. Actividad 2. Muestreos y Analisis sedimentos,Gastón Vidal,INSTITUTO DE FOMENTO PESQUERO,Ayacara,1,421853.1,724721.9,REDOX EHNHE,438,20/12/2020 09:08:00,X
80,ESTUDIO SEGUIMIENTO DESEMPEÑO AMBIENTAL ACUICULTURA EN CHILE Y SU EFECTO EN LOS ECOSISTEMAS DE EMPLAZAMIENTO 2020-2021,Objetivo 1. Actividad 2. Muestreos y Analisis sedimentos,Gastón Vidal,INSTITUTO DE FOMENTO PESQUERO,Ayacara,2,422434.1,724307.0,REDOX EHNHE,294.59999999999997,19/12/2020 19:00:00,X
81,ESTUDIO SEGUIMIENTO DESEMPEÑO AMBIENTAL ACUICULTURA EN CHILE Y SU EFECTO EN LOS ECOSISTEMAS DE EMPLAZAMIENTO 2020-2021,Objetivo 1. Actividad 2. Muestreos y Analisis sedimentos,Gastón Vidal,INSTITUTO DE FOMENTO PESQUERO,Ayacara,3,423409.7,723139.7,REDOX EHNHE,333.8666666666667,19/12/2020 16:20:00,X
82,ESTUDIO SEGUIMIENTO DESEMPEÑO AMBIENTAL ACUICULTURA EN CHILE Y SU EFECTO EN LOS ECOSISTEMAS DE EMPLAZAMIENTO 2020-2021,Objetivo 1. Actividad 2. Muestreos y Analisis sedimentos,Gastón Vidal,INSTITUTO DE FOMENTO PESQUERO,Ayacara,4,423117.9,724140.8,REDOX EHNHE,265.7,19/12/2020 15:11:00,X
83,ESTUDIO SEGUIMIENTO DESEMPEÑO AMBIENTAL ACUICULTURA EN CHILE Y SU EFECTO EN LOS ECOSISTEMAS DE EMPLAZAMIENTO 2020-2021,Objetivo 1. Actividad 2. Muestreos y Analisis sedimentos,Gastón Vidal,INSTITUTO DE FOMENTO PESQUERO,Ayacara,7,423730.6,725115.4,REDOX EHNHE,434.6333333333334,19/12/2020 11:02:00,X
84,ESTUDIO SEGUIMIENTO DESEMPEÑO AMBIENTAL ACUICULTURA EN CHILE Y SU EFECTO EN LOS ECOSISTEMAS DE EMPLAZAMIENTO 2020-2021,Objetivo 1. Actividad 2. Muestreos y Analisis sedimentos,Gastón Vidal,INSTITUTO DE FOMENTO PESQUERO,Ayacara,9,424232.8,725058.9,REDOX EHNHE,431.59999999999997,19/12/2020 09:55:00,X
85,ESTUDIO SEGUIMIENTO DESEMPEÑO AMBIENTAL ACUICULTURA EN CHILE Y SU EFECTO EN LOS ECOSISTEMAS DE EMPLAZAMIENTO 2020-2021,Objetivo 1. Actividad 2. Muestreos y Analisis sedimentos,Gastón Vidal,INSTITUTO DE FOMENTO PESQUERO,Chaiten,3,424711.1,725049.9,REDOX EHNHE,421.8666666666666,19/12/2020 08:48:00,X
86,ESTUDIO SEGUIMIENTO DESEMPEÑO AMBIENTAL ACUICULTURA EN CHILE Y SU EFECTO EN LOS ECOSISTEMAS DE EMPLAZAMIENTO 2020-2021,Objetivo 1. Actividad 2. Muestreos y Analisis sedimentos,Gastón Vidal,INSTITUTO DE FOMENTO PESQUERO,Chaiten,4,425527.6,724459.6,REDOX EHNHE,348.43333333333334,18/12/2020 17:56:00,X
87,ESTUDIO SEGUIMIENTO DESEMPEÑO AMBIENTAL ACUICULTURA EN CHILE Y SU EFECTO EN LOS ECOSISTEMAS DE EMPLAZAMIENTO 2020-2021,Objetivo 1. Actividad 2. Muestreos y Analisis sedimentos,Gastón Vidal,INSTITUTO DE FOMENTO PESQUERO,Chaiten,12,431438.9,725308.2,REDOX EHNHE,476.4666666666667,02/02/2021 15:26:00,X
88,ESTUDIO SEGUIMIENTO DESEMPEÑO AMBIENTAL ACUICULTURA EN CHILE Y SU EFECTO EN LOS ECOSISTEMAS DE EMPLAZAMIENTO 2020-2021,Objetivo 1. Actividad 2. Muestreos y Analisis sedimentos,Gastón Vidal,INSTITUTO DE FOMENTO PESQUERO,Chaiten,14,431550.9,725835.0,REDOX EHNHE,271.1666666666667,02/02/2021 14:40:00,X
89,ESTUDIO SEGUIMIENTO DESEMPEÑO AMBIENTAL ACUICULTURA EN CHILE Y SU EFECTO EN LOS ECOSISTEMAS DE EMPLAZAMIENTO 2020-2021,Objetivo 1. Actividad 2. Muestreos y Analisis sedimentos,Gastón Vidal,INSTITUTO DE FOMENTO PESQUERO,Chaiten,18,433529.8,730022.5,REDOX EHNHE,374.56666666666666,02/02/2021 10:20:00,X
90,ESTUDIO SEGUIMIENTO DESEMPEÑO AMBIENTAL ACUICULTURA EN CHILE Y SU EFECTO EN LOS ECOSISTEMAS DE EMPLAZAMIENTO 2020-2021,Objetivo 1. Actividad 2. Muestreos y Analisis sedimentos,Gastón Vidal,INSTITUTO DE FOMENTO PESQUERO,Chaiten,19,433757.9,725704.9,REDOX EHNHE,322.3,02/02/2021 09:45:00,X
91,ESTUDIO SEGUIMIENTO DESEMPEÑO AMBIENTAL ACUICULTURA EN CHILE Y SU EFECTO EN LOS ECOSISTEMAS DE EMPLAZAMIENTO 2020-2021,Objetivo 1. Actividad 2. Muestreos y Analisis sedimentos,Gastón Vidal,INSTITUTO DE FOMENTO PESQUERO,Chaiten,20,434146.5,725944.6,REDOX EHNHE,440.3,02/02/2021 08:45:00,X
92,ESTUDIO SEGUIMIENTO DESEMPEÑO AMBIENTAL ACUICULTURA EN CHILE Y SU EFECTO EN LOS ECOSISTEMAS DE EMPLAZAMIENTO 2020-2021,Objetivo 1. Actividad 2. Muestreos y Analisis sedimentos,Gastón Vidal,INSTITUTO DE FOMENTO PESQUERO,Guaitecas,1,442931.1,740942.8,REDOX EHNHE,229.63333333333335,21/01/2021 08:30:00,XI
93,ESTUDIO SEGUIMIENTO DESEMPEÑO AMBIENTAL ACUICULTURA EN CHILE Y SU EFECTO EN LOS ECOSISTEMAS DE EMPLAZAMIENTO 2020-2021,Objetivo 1. Actividad 2. Muestreos y Analisis sedimentos,Gastón Vidal,INSTITUTO DE FOMENTO PESQUERO,Guaitecas,2,442654.0,740814.0,REDOX EHNHE,182.26666666666665,20/01/2021 15:51:00,XI
94,ESTUDIO SEGUIMIENTO DESEMPEÑO AMBIENTAL ACUICULTURA EN CHILE Y SU EFECTO EN LOS ECOSISTEMAS DE EMPLAZAMIENTO 2020-2021,Objetivo 1. Actividad 2. Muestreos y Analisis sedimentos,Gastón Vidal,INSTITUTO DE FOMENTO PESQUERO,Guaitecas,4,441418.4,741320.7,REDOX EHNHE,312.1666666666667,20/01/2021 13:40:00,XI
95,ESTUDIO SEGUIMIENTO DESEMPEÑO AMBIENTAL ACUICULTURA EN CHILE Y SU EFECTO EN LOS ECOSISTEMAS DE EMPLAZAMIENTO 2020-2021,Objetivo 1. Actividad 2. Muestreos y Analisis sedimentos,Gastón Vidal,INSTITUTO DE FOMENTO PESQUERO,Guaitecas,6,440829.0,740209.0,REDOX EHNHE,296.96666666666664,20/01/2021 11:25:00,XI
96,ESTUDIO SEGUIMIENTO DESEMPEÑO AMBIENTAL ACUICULTURA EN CHILE Y SU EFECTO EN LOS ECOSISTEMAS DE EMPLAZAMIENTO 2020-2021,Objetivo 1. Actividad 2. Muestreos y Analisis sedimentos,Gastón Vidal,INSTITUTO DE FOMENTO PESQUERO,Guaitecas,7,440453.4,735253.7,REDOX EHNHE,177.9333333333333,20/01/2021 10:10:00,XI
97,ESTUDIO SEGUIMIENTO DESEMPEÑO AMBIENTAL ACUICULTURA EN CHILE Y SU EFECTO EN LOS ECOSISTEMAS DE EMPLAZAMIENTO 2020-2021,Objetivo 1. Actividad 2. Muestreos y Analisis sedimentos,Gastón Vidal,INSTITUTO DE FOMENTO PESQUERO,Guaitecas,8,435456.5,735432.1,REDOX EHNHE,286.8333333333333,19/01/2021 09:15:00,XI
98,ESTUDIO SEGUIMIENTO DESEMPEÑO AMBIENTAL ACUICULTURA EN CHILE Y SU EFECTO EN LOS ECOSISTEMAS DE EMPLAZAMIENTO 2020-2021,Objetivo 1. Actividad 2. Muestreos y Analisis sedimentos,Gastón Vidal,INSTITUTO DE FOMENTO PESQUERO,Guaitecas,9,435329.1,735219.9,REDOX EHNHE,302.4666666666667,19/01/2021 08:20:00,XI
99,ESTUDIO SEGUIMIENTO DESEMPEÑO AMBIENTAL ACUICULTURA EN CHILE Y SU EFECTO EN LOS ECOSISTEMAS DE EMPLAZAMIENTO 2020-2021,Objetivo 1. Actividad 2. Muestreos y Analisis sedimentos,Gastón Vidal,INSTITUTO DE FOMENTO PESQUERO,Guaitecas,10,435638.0,734800.0,REDOX EHNHE,424.7666666666667,19/01/2021 10:20:00,XI
100,ESTUDIO SEGUIMIENTO DESEMPEÑO AMBIENTAL ACUICULTURA EN CHILE Y SU EFECTO EN LOS ECOSISTEMAS DE EMPLAZAMIENTO 2020-2021,Objetivo 1. Actividad 2. Muestreos y Analisis sedimentos,Gastón Vidal,INSTITUTO DE FOMENTO PESQUERO,Guaitecas,12,440031.4,734511.0,REDOX EHNHE,490.26666666666665,19/01/2021 11:30:00,XI
101,ESTUDIO SEGUIMIENTO DESEMPEÑO AMBIENTAL ACUICULTURA EN CHILE Y SU EFECTO EN LOS ECOSISTEMAS DE EMPLAZAMIENTO 2020-2021,Objetivo 1. Actividad 2. Muestreos y Analisis sedimentos,Gastón Vidal,INSTITUTO DE FOMENTO PESQUERO,Guaitecas,17,441715.5,734639.1,REDOX EHNHE,380,19/01/2021 19:45:00,XI
102,ESTUDIO SEGUIMIENTO DESEMPEÑO AMBIENTAL ACUICULTURA EN CHILE Y SU EFECTO EN LOS ECOSISTEMAS DE EMPLAZAMIENTO 2020-2021,Objetivo 1. Actividad 2. Muestreos y Analisis sedimentos,Gastón Vidal,INSTITUTO DE FOMENTO PESQUERO,Moraleda,2,451131.2,735840.6,REDOX EHNHE,189.23333333333335,22/01/2021 12:41:00,XI
103,ESTUDIO SEGUIMIENTO DESEMPEÑO AMBIENTAL ACUICULTURA EN CHILE Y SU EFECTO EN LOS ECOSISTEMAS DE EMPLAZAMIENTO 2020-2021,Objetivo 1. Actividad 2. Muestreos y Analisis sedimentos,Gastón Vidal,INSTITUTO DE FOMENTO PESQUERO,Moraleda,4,450957.9,740833.4,REDOX EHNHE,214.26666666666665,22/01/2021 11:21:00,XI
104,ESTUDIO SEGUIMIENTO DESEMPEÑO AMBIENTAL ACUICULTURA EN CHILE Y SU EFECTO EN LOS ECOSISTEMAS DE EMPLAZAMIENTO 2020-2021,Objetivo 1. Actividad 2. Muestreos y Analisis sedimentos,Gastón Vidal,INSTITUTO DE FOMENTO PESQUERO,Moraleda,5,450801.8,741520.1,REDOX EHNHE,265.2,22/01/2021 10:07:00,XI
105,ESTUDIO SEGUIMIENTO DESEMPEÑO AMBIENTAL ACUICULTURA EN CHILE Y SU EFECTO EN LOS ECOSISTEMAS DE EMPLAZAMIENTO 2020-2021,Objetivo 1. Actividad 2. Muestreos y Analisis sedimentos,Gastón Vidal,INSTITUTO DE FOMENTO PESQUERO,Moraleda,12,444145.4,735257.1,REDOX EHNHE,153.43333333333334,21/01/2021 13:21:00,XI
106,ESTUDIO SEGUIMIENTO DESEMPEÑO AMBIENTAL ACUICULTURA EN CHILE Y SU EFECTO EN LOS ECOSISTEMAS DE EMPLAZAMIENTO 2020-2021,Objetivo 1. Actividad 2. Muestreos y Analisis sedimentos,Gastón Vidal,INSTITUTO DE FOMENTO PESQUERO,Moraleda,13,443935.6,735252.9,REDOX EHNHE,288.03333333333336,21/01/2021 12:30:00,XI
107,ESTUDIO SEGUIMIENTO DESEMPEÑO AMBIENTAL ACUICULTURA EN CHILE Y SU EFECTO EN LOS ECOSISTEMAS DE EMPLAZAMIENTO 2020-2021,Objetivo 1. Actividad 2. Muestreos y Analisis sedimentos,Gastón Vidal,INSTITUTO DE FOMENTO PESQUERO,Moraleda,14,443608.6,740025.9,REDOX EHNHE,55.46666666666667,21/01/2021 11:08:00,XI
108,ESTUDIO SEGUIMIENTO DESEMPEÑO AMBIENTAL ACUICULTURA EN CHILE Y SU EFECTO EN LOS ECOSISTEMAS DE EMPLAZAMIENTO 2020-2021,Objetivo 1. Actividad 2. Muestreos y Analisis sedimentos,Gastón Vidal,INSTITUTO DE FOMENTO PESQUERO,Moraleda,16,443308.8,740650.1,REDOX EHNHE,83.03333333333335,21/01/2021 10:17:00,XI
109,ESTUDIO SEGUIMIENTO DESEMPEÑO AMBIENTAL ACUICULTURA EN CHILE Y SU EFECTO EN LOS ECOSISTEMAS DE EMPLAZAMIENTO 2020-2021,Objetivo 1. Actividad 2. Muestreos y Analisis sedimentos,Gastón Vidal,INSTITUTO DE FOMENTO PESQUERO,Moraleda,17,440830.9,733501.0,REDOX EHNHE,565.9999999999999,19/01/2021 13:40:00,XI
110,ESTUDIO SEGUIMIENTO DESEMPEÑO AMBIENTAL ACUICULTURA EN CHILE Y SU EFECTO EN LOS ECOSISTEMAS DE EMPLAZAMIENTO 2020-2021,Objetivo 1. Actividad 2. Muestreos y Analisis sedimentos,Gastón Vidal,INSTITUTO DE FOMENTO PESQUERO,Moraleda,19,434430.9,730056.5,REDOX EHNHE,377,01/02/2021 17:11:00,XI
111,ESTUDIO SEGUIMIENTO DESEMPEÑO AMBIENTAL ACUICULTURA EN CHILE Y SU EFECTO EN LOS ECOSISTEMAS DE EMPLAZAMIENTO 2020-2021,Objetivo 1. Actividad 2. Muestreos y Analisis sedimentos,Gastón Vidal,INSTITUTO DE FOMENTO PESQUERO,Moraleda,25,440204.1,731205.2,REDOX EHNHE,417.73333333333335,01/02/2021 12:07:00,XI
112,ESTUDIO SEGUIMIENTO DESEMPEÑO AMBIENTAL ACUICULTURA EN CHILE Y SU EFECTO EN LOS ECOSISTEMAS DE EMPLAZAMIENTO 2020-2021,Objetivo 1. Actividad 2. Muestreos y Analisis sedimentos,Gastón Vidal,INSTITUTO DE FOMENTO PESQUERO,Moraleda,31,442248.0,730431.7,REDOX EHNHE,365.5333333333333,31/01/2021 13:57:00,XI
113,ESTUDIO SEGUIMIENTO DESEMPEÑO AMBIENTAL ACUICULTURA EN CHILE Y SU EFECTO EN LOS ECOSISTEMAS DE EMPLAZAMIENTO 2020-2021,Objetivo 1. Actividad 2. Muestreos y Analisis sedimentos,Gastón Vidal,INSTITUTO DE FOMENTO PESQUERO,Moraleda,32,450149.0,732702.0,REDOX EHNHE,380.2333333333333,29/01/2021 15:45:00,XI
114,ESTUDIO SEGUIMIENTO DESEMPEÑO AMBIENTAL ACUICULTURA EN CHILE Y SU EFECTO EN LOS ECOSISTEMAS DE EMPLAZAMIENTO 2020-2021,Objetivo 1. Actividad 2. Muestreos y Analisis sedimentos,Gastón Vidal,INSTITUTO DE FOMENTO PESQUERO,Puyuhuapi,5,443139.8,724117.0,REDOX EHNHE,509.4333333333334,31/01/2021 10:08:00,XI
115,ESTUDIO SEGUIMIENTO DESEMPEÑO AMBIENTAL ACUICULTURA EN CHILE Y SU EFECTO EN LOS ECOSISTEMAS DE EMPLAZAMIENTO 2020-2021,Objetivo 1. Actividad 2. Muestreos y Analisis sedimentos,Gastón Vidal,INSTITUTO DE FOMENTO PESQUERO,Puyuhuapi,7,443955.1,725020.8,REDOX EHNHE,326.06666666666666,30/01/2021 14:05:00,XI
116,ESTUDIO SEGUIMIENTO DESEMPEÑO AMBIENTAL ACUICULTURA EN CHILE Y SU EFECTO EN LOS ECOSISTEMAS DE EMPLAZAMIENTO 2020-2021,Objetivo 1. Actividad 2. Muestreos y Analisis sedimentos,Gastón Vidal,INSTITUTO DE FOMENTO PESQUERO,Puyuhuapi,8,444209.3,724807.1,REDOX EHNHE,263.5333333333333,30/01/2021 13:20:00,XI
117,ESTUDIO SEGUIMIENTO DESEMPEÑO AMBIENTAL ACUICULTURA EN CHILE Y SU EFECTO EN LOS ECOSISTEMAS DE EMPLAZAMIENTO 2020-2021,Objetivo 1. Actividad 2. Muestreos y Analisis sedimentos,Gastón Vidal,INSTITUTO DE FOMENTO PESQUERO,Puyuhuapi,10,444937.8,725757.3,REDOX EHNHE,535.6333333333333,30/01/2021 10:30:00,XI
118,ESTUDIO SEGUIMIENTO DESEMPEÑO AMBIENTAL ACUICULTURA EN CHILE Y SU EFECTO EN LOS ECOSISTEMAS DE EMPLAZAMIENTO 2020-2021,Objetivo 1. Actividad 2. Muestreos y Analisis sedimentos,Gastón Vidal,INSTITUTO DE FOMENTO PESQUERO,Puyuhuapi,12,445441.9,730811.9,REDOX EHNHE,315.09999999999997,29/01/2021 18:06:00,XI
119,ESTUDIO SEGUIMIENTO DESEMPEÑO AMBIENTAL ACUICULTURA EN CHILE Y SU EFECTO EN LOS ECOSISTEMAS DE EMPLAZAMIENTO 2020-2021,Objetivo 1. Actividad 2. Muestreos y Analisis sedimentos,Gastón Vidal,INSTITUTO DE FOMENTO PESQUERO,Aysen,1,452639.7,730033.3,REDOX EHNHE,157.53333333333333,28/01/2021 15:07:00,XI
120,ESTUDIO SEGUIMIENTO DESEMPEÑO AMBIENTAL ACUICULTURA EN CHILE Y SU EFECTO EN LOS ECOSISTEMAS DE EMPLAZAMIENTO 2020-2021,Objetivo 1. Actividad 2. Muestreos y Analisis sedimentos,Gastón Vidal,INSTITUTO DE FOMENTO PESQUERO,Aysen,3,451953.0,732236.0,REDOX EHNHE,513.8666666666667,28/01/2021 11:07:00,XI
121,ESTUDIO SEGUIMIENTO DESEMPEÑO AMBIENTAL ACUICULTURA EN CHILE Y SU EFECTO EN LOS ECOSISTEMAS DE EMPLAZAMIENTO 2020-2021,Objetivo 1. Actividad 2. Muestreos y Analisis sedimentos,Gastón Vidal,INSTITUTO DE FOMENTO PESQUERO,Aysen,5,452421.9,733225.0,REDOX EHNHE,461.09999999999997,27/01/2021 11:50:00,XI
122,ESTUDIO SEGUIMIENTO DESEMPEÑO AMBIENTAL ACUICULTURA EN CHILE Y SU EFECTO EN LOS ECOSISTEMAS DE EMPLAZAMIENTO 2020-2021,Objetivo 1. Actividad 2. Muestreos y Analisis sedimentos,Gastón Vidal,INSTITUTO DE FOMENTO PESQUERO,Aysen,6,453734.9,733550.9,REDOX EHNHE,477.76666666666665,26/01/2021 17:45:00,XI
123,ESTUDIO SEGUIMIENTO DESEMPEÑO AMBIENTAL ACUICULTURA EN CHILE Y SU EFECTO EN LOS ECOSISTEMAS DE EMPLAZAMIENTO 2020-2021,Objetivo 1. Actividad 2. Muestreos y Analisis sedimentos,Gastón Vidal,INSTITUTO DE FOMENTO PESQUERO,Aysen,7,454508.5,733655.3,REDOX EHNHE,378.3333333333333,26/01/2021 15:06:00,XI
124,ESTUDIO SEGUIMIENTO DESEMPEÑO AMBIENTAL ACUICULTURA EN CHILE Y SU EFECTO EN LOS ECOSISTEMAS DE EMPLAZAMIENTO 2020-2021,Objetivo 1. Actividad 2. Muestreos y Analisis sedimentos,Gastón Vidal,INSTITUTO DE FOMENTO PESQUERO,Aysen,10,455717.6,733619.7,REDOX EHNHE,431.2,25/01/2021 14:55:00,XI
125,ESTUDIO SEGUIMIENTO DESEMPEÑO AMBIENTAL ACUICULTURA EN CHILE Y SU EFECTO EN LOS ECOSISTEMAS DE EMPLAZAMIENTO 2020-2021,Objetivo 1. Actividad 2. Muestreos y Analisis sedimentos,Gastón Vidal,INSTITUTO DE FOMENTO PESQUERO,Aysen,11,460134.6,733917.0,REDOX EHNHE,592.2666666666667,25/01/2021 13:42:00,XI
126,ESTUDIO SEGUIMIENTO DESEMPEÑO AMBIENTAL ACUICULTURA EN CHILE Y SU EFECTO EN LOS ECOSISTEMAS DE EMPLAZAMIENTO 2020-2021,Objetivo 1. Actividad 2. Muestreos y Analisis sedimentos,Gastón Vidal,INSTITUTO DE FOMENTO PESQUERO,Aysen,13,461329.4,734345.5,REDOX EHNHE,596.1666666666666,24/01/2021 09:20:00,XI
127,ESTUDIO SEGUIMIENTO DESEMPEÑO AMBIENTAL ACUICULTURA EN CHILE Y SU EFECTO EN LOS ECOSISTEMAS DE EMPLAZAMIENTO 2020-2021,Objetivo 1. Actividad 2. Muestreos y Analisis sedimentos,Gastón Vidal,INSTITUTO DE FOMENTO PESQUERO,Aysen,18,460557.7,735202.9,REDOX EHNHE,239.73333333333335,23/01/2021 18:34:00,XI
128,ESTUDIO SEGUIMIENTO DESEMPEÑO AMBIENTAL ACUICULTURA EN CHILE Y SU EFECTO EN LOS ECOSISTEMAS DE EMPLAZAMIENTO 2020-2021,Objetivo 1. Actividad 2. Muestreos y Analisis sedimentos,Gastón Vidal,INSTITUTO DE FOMENTO PESQUERO,Aysen,19,460107.9,735645.7,REDOX EHNHE,262.9,23/01/2021 17:25:00,XI
129,ESTUDIO SEGUIMIENTO DESEMPEÑO AMBIENTAL ACUICULTURA EN CHILE Y SU EFECTO EN LOS ECOSISTEMAS DE EMPLAZAMIENTO 2020-2021,Objetivo 1. Actividad 2. Muestreos y Analisis sedimentos,Gastón Vidal,INSTITUTO DE FOMENTO PESQUERO,Aysen,24,454429.7,740423.3,REDOX EHNHE,178.63333333333335,23/01/2021 13:05:00,XI
130,ESTUDIO SEGUIMIENTO DESEMPEÑO AMBIENTAL ACUICULTURA EN CHILE Y SU EFECTO EN LOS ECOSISTEMAS DE EMPLAZAMIENTO 2020-2021,Objetivo 1. Actividad 2. Muestreos y Analisis sedimentos,Gastón Vidal,INSTITUTO DE FOMENTO PESQUERO,Aysen,25,454137.5,741704.6,REDOX EHNHE,253.56666666666663,23/01/2021 10:57:00,XI
131,ESTUDIO SEGUIMIENTO DESEMPEÑO AMBIENTAL ACUICULTURA EN CHILE Y SU EFECTO EN LOS ECOSISTEMAS DE EMPLAZAMIENTO 2020-2021,Objetivo 1. Actividad 2. Muestreos y Analisis sedimentos,Gastón Vidal,INSTITUTO DE FOMENTO PESQUERO,Aysen,28,453351.4,741310.2,REDOX EHNHE,215.73333333333335,23/01/2021 08:30:00,XI
132,ESTUDIO SEGUIMIENTO DESEMPEÑO AMBIENTAL ACUICULTURA EN CHILE Y SU EFECTO EN LOS ECOSISTEMAS DE EMPLAZAMIENTO 2020-2021,Objetivo 1. Actividad 2. Muestreos y Analisis sedimentos,Gastón Vidal,INSTITUTO DE FOMENTO PESQUERO,Aysen,30,452356.0,741521.0,REDOX EHNHE,218.60000000000002,22/01/2021 15:44:00,XI
133,ESTUDIO SEGUIMIENTO DESEMPEÑO AMBIENTAL ACUICULTURA EN CHILE Y SU EFECTO EN LOS ECOSISTEMAS DE EMPLAZAMIENTO 2020-2021,Objetivo 1. Actividad 2. Muestreos y Analisis sedimentos,Gastón Vidal,INSTITUTO DE FOMENTO PESQUERO,Aysen,34,451659.5,734350.5,REDOX EHNHE,296.26666666666665,27/01/2021 17:06:00,XI
134,ESTUDIO SEGUIMIENTO DESEMPEÑO AMBIENTAL ACUICULTURA EN CHILE Y SU EFECTO EN LOS ECOSISTEMAS DE EMPLAZAMIENTO 2020-2021,Objetivo 1. Actividad 2. Muestreos y Analisis sedimentos,Gastón Vidal,INSTITUTO DE FOMENTO PESQUERO,Coquimbo,1,300839.9,712256.3,REDOX EHNHE,353.1666666666667,08/04/2021 00:00:00,IV
135,ESTUDIO SEGUIMIENTO DESEMPEÑO AMBIENTAL ACUICULTURA EN CHILE Y SU EFECTO EN LOS ECOSISTEMAS DE EMPLAZAMIENTO 2020-2021,Objetivo 1. Actividad 2. Muestreos y Analisis sedimentos,Gastón Vidal,INSTITUTO DE FOMENTO PESQUERO,Coquimbo,4,301121.0,712525.0,REDOX EHNHE,219.66666666666666,08/04/2021 00:00:00,IV
136,ESTUDIO SEGUIMIENTO DESEMPEÑO AMBIENTAL ACUICULTURA EN CHILE Y SU EFECTO EN LOS ECOSISTEMAS DE EMPLAZAMIENTO 2020-2021,Objetivo 1. Actividad 2. Muestreos y Analisis sedimentos,Gastón Vidal,INSTITUTO DE FOMENTO PESQUERO,Coquimbo,5,301046.7,712617.5,REDOX EHNHE,518.7333333333333,08/04/2021 00:00:00,IV
137,ESTUDIO SEGUIMIENTO DESEMPEÑO AMBIENTAL ACUICULTURA EN CHILE Y SU EFECTO EN LOS ECOSISTEMAS DE EMPLAZAMIENTO 2020-2021,Objetivo 1. Actividad 2. Muestreos y Analisis sedimentos,Gastón Vidal,INSTITUTO DE FOMENTO PESQUERO,Coquimbo,7,301455.9,712925.2,REDOX EHNHE,396.90000000000003,08/04/2021 00:00:00,IV
138,ESTUDIO SEGUIMIENTO DESEMPEÑO AMBIENTAL ACUICULTURA EN CHILE Y SU EFECTO EN LOS ECOSISTEMAS DE EMPLAZAMIENTO 2020-2021,Objetivo 1. Actividad 2. Muestreos y Analisis sedimentos,Gastón Vidal,INSTITUTO DE FOMENTO PESQUERO,Coquimbo,9,301620.2,713032.0,REDOX EHNHE,361.6666666666667,08/04/2021 00:00:00,IV
139,ESTUDIO SEGUIMIENTO DESEMPEÑO AMBIENTAL ACUICULTURA EN CHILE Y SU EFECTO EN LOS ECOSISTEMAS DE EMPLAZAMIENTO 2020-2021,Objetivo 1. Actividad 2. Muestreos y Analisis sedimentos,Gastón Vidal,INSTITUTO DE FOMENTO PESQUERO,Coquimbo,10,301612.8,713138.8,REDOX EHNHE,390.8,08/04/2021 00:00:00,IV
140,ESTUDIO SEGUIMIENTO DESEMPEÑO AMBIENTAL ACUICULTURA EN CHILE Y SU EFECTO EN LOS ECOSISTEMAS DE EMPLAZAMIENTO 2020-2021,Objetivo 1. Actividad 2. Muestreos y Analisis sedimentos,Gastón Vidal,INSTITUTO DE FOMENTO PESQUERO,Coquimbo,13,301637.0,713306.7,REDOX EHNHE,547.2333333333333,08/04/2021 00:00:00,IV
141,ESTUDIO SEGUIMIENTO DESEMPEÑO AMBIENTAL ACUICULTURA EN CHILE Y SU EFECTO EN LOS ECOSISTEMAS DE EMPLAZAMIENTO 2020-2021,Objetivo 1. Actividad 2. Muestreos y Analisis sedimentos,Gastón Vidal,INSTITUTO DE FOMENTO PESQUERO,Atacama,2,270625.2,705153.6,REDOX EHNHE,431.3666666666666,13/04/2021 00:00:00,III
142,ESTUDIO SEGUIMIENTO DESEMPEÑO AMBIENTAL ACUICULTURA EN CHILE Y SU EFECTO EN LOS ECOSISTEMAS DE EMPLAZAMIENTO 2020-2021,Objetivo 1. Actividad 2. Muestreos y Analisis sedimentos,Gastón Vidal,INSTITUTO DE FOMENTO PESQUERO,Atacama,3,270705.4,705140.1,REDOX EHNHE,465.3333333333333,13/04/2021 00:00:00,III
143,ESTUDIO SEGUIMIENTO DESEMPEÑO AMBIENTAL ACUICULTURA EN CHILE Y SU EFECTO EN LOS ECOSISTEMAS DE EMPLAZAMIENTO 2020-2021,Objetivo 1. Actividad 2. Muestreos y Analisis sedimentos,Gastón Vidal,INSTITUTO DE FOMENTO PESQUERO,Atacama,6,270657.6,705223.1,REDOX EHNHE,482.26666666666665,13/04/2021 00:00:00,III
144,ESTUDIO SEGUIMIENTO DESEMPEÑO AMBIENTAL ACUICULTURA EN CHILE Y SU EFECTO EN LOS ECOSISTEMAS DE EMPLAZAMIENTO 2020-2021,Objetivo 1. Actividad 2. Muestreos y Analisis sedimentos,Gastón Vidal,INSTITUTO DE FOMENTO PESQUERO,Atacama,7,270740.8,705230.3,REDOX EHNHE,286.59999999999997,13/04/2021 00:00:00,III
145,ESTUDIO SEGUIMIENTO DESEMPEÑO AMBIENTAL ACUICULTURA EN CHILE Y SU EFECTO EN LOS ECOSISTEMAS DE EMPLAZAMIENTO 2020-2021,Objetivo 1. Actividad 2. Muestreos y Analisis sedimentos,Gastón Vidal,INSTITUTO DE FOMENTO PESQUERO,Atacama,10,270730.7,705259.8,REDOX EHNHE,459.6000000000001,13/04/2021 00:00:00,III
146,ESTUDIO SEGUIMIENTO DESEMPEÑO AMBIENTAL ACUICULTURA EN CHILE Y SU EFECTO EN LOS ECOSISTEMAS DE EMPLAZAMIENTO 2020-2021,Objetivo 1. Actividad 2. Muestreos y Analisis sedimentos,Gastón Vidal,INSTITUTO DE FOMENTO PESQUERO,Atacama,14,270756.6,705332.6,REDOX EHNHE,529.9,13/04/2021 00:00:00,III
147,ESTUDIO SEGUIMIENTO DESEMPEÑO AMBIENTAL ACUICULTURA EN CHILE Y SU EFECTO EN LOS ECOSISTEMAS DE EMPLAZAMIENTO 2020-2021,Objetivo 1. Actividad 2. Muestreos y Analisis sedimentos,Gastón Vidal,INSTITUTO DE FOMENTO PESQUERO,Natales,2,513604.7,724301.6,REDOX EHNHE,379.3,21/02/2021 12:32:00,XII
148,ESTUDIO SEGUIMIENTO DESEMPEÑO AMBIENTAL ACUICULTURA EN CHILE Y SU EFECTO EN LOS ECOSISTEMAS DE EMPLAZAMIENTO 2020-2021,Objetivo 1. Actividad 2. Muestreos y Analisis sedimentos,Gastón Vidal,INSTITUTO DE FOMENTO PESQUERO,Natales,3,514018.2,723753.1,REDOX EHNHE,193.5333333333333,21/02/2021 11:22:00,XII
149,ESTUDIO SEGUIMIENTO DESEMPEÑO AMBIENTAL ACUICULTURA EN CHILE Y SU EFECTO EN LOS ECOSISTEMAS DE EMPLAZAMIENTO 2020-2021,Objetivo 1. Actividad 2. Muestreos y Analisis sedimentos,Gastón Vidal,INSTITUTO DE FOMENTO PESQUERO,Natales,5,514929.7,723739.8,REDOX EHNHE,138.66666666666666,20/02/2021 09:10:00,XII
150,ESTUDIO SEGUIMIENTO DESEMPEÑO AMBIENTAL ACUICULTURA EN CHILE Y SU EFECTO EN LOS ECOSISTEMAS DE EMPLAZAMIENTO 2020-2021,Objetivo 1. Actividad 2. Muestreos y Analisis sedimentos,Gastón Vidal,INSTITUTO DE FOMENTO PESQUERO,Natales,9,514601.6,725405.0,REDOX EHNHE,165.66666666666666,20/02/2021 12:04:00,XII
151,ESTUDIO SEGUIMIENTO DESEMPEÑO AMBIENTAL ACUICULTURA EN CHILE Y SU EFECTO EN LOS ECOSISTEMAS DE EMPLAZAMIENTO 2020-2021,Objetivo 1. Actividad 2. Muestreos y Analisis sedimentos,Gastón Vidal,INSTITUTO DE FOMENTO PESQUERO,Natales,10,520357.8,725602.0,REDOX EHNHE,272.3333333333333,20/02/2021 19:25:00,XII
152,ESTUDIO SEGUIMIENTO DESEMPEÑO AMBIENTAL ACUICULTURA EN CHILE Y SU EFECTO EN LOS ECOSISTEMAS DE EMPLAZAMIENTO 2020-2021,Objetivo 1. Actividad 2. Muestreos y Analisis sedimentos,Gastón Vidal,INSTITUTO DE FOMENTO PESQUERO,Natales,11,521159.7,725703.6,REDOX EHNHE,128.23333333333335,20/02/2021 17:05:00,XII
153,ESTUDIO SEGUIMIENTO DESEMPEÑO AMBIENTAL ACUICULTURA EN CHILE Y SU EFECTO EN LOS ECOSISTEMAS DE EMPLAZAMIENTO 2020-2021,Objetivo 1. Actividad 2. Muestreos y Analisis sedimentos,Gastón Vidal,INSTITUTO DE FOMENTO PESQUERO,Natales,13,521310.4,725226.1,REDOX EHNHE,202.23333333333332,20/02/2021 16:32:00,XII
154,ESTUDIO SEGUIMIENTO DESEMPEÑO AMBIENTAL ACUICULTURA EN CHILE Y SU EFECTO EN LOS ECOSISTEMAS DE EMPLAZAMIENTO 2020-2021,Objetivo 1. Actividad 2. Muestreos y Analisis sedimentos,Gastón Vidal,INSTITUTO DE FOMENTO PESQUERO,Natales,14,520439.3,723937.6,REDOX EHNHE,52.56666666666666,20/02/2021 22:33:00,XII
155,ESTUDIO SEGUIMIENTO DESEMPEÑO AMBIENTAL ACUICULTURA EN CHILE Y SU EFECTO EN LOS ECOSISTEMAS DE EMPLAZAMIENTO 2020-2021,Objetivo 1. Actividad 2. Muestreos y Analisis sedimentos,Gastón Vidal,INSTITUTO DE FOMENTO PESQUERO,Bio-Bio,4,370959.6,733041.5,REDOX EHNHE,195.96666666666667,10/02/2021 09:30:00,VIII
156,ESTUDIO SEGUIMIENTO DESEMPEÑO AMBIENTAL ACUICULTURA EN CHILE Y SU EFECTO EN LOS ECOSISTEMAS DE EMPLAZAMIENTO 2020-2021,Objetivo 1. Actividad 2. Muestreos y Analisis sedimentos,Gastón Vidal,INSTITUTO DE FOMENTO PESQUERO,Bio-Bio,5,371343.6,732125.3,REDOX EHNHE,201,10/02/2021 11:05:00,VIII
157,ESTUDIO SEGUIMIENTO DESEMPEÑO AMBIENTAL ACUICULTURA EN CHILE Y SU EFECTO EN LOS ECOSISTEMAS DE EMPLAZAMIENTO 2020-2021,Objetivo 1. Actividad 2. Muestreos y Analisis sedimentos,Gastón Vidal,INSTITUTO DE FOMENTO PESQUERO,Bio-Bio,8,371341.8,731932.2,REDOX EHNHE,228.4,10/02/2021 11:57:00,VIII
158,ESTUDIO SEGUIMIENTO DESEMPEÑO AMBIENTAL ACUICULTURA EN CHILE Y SU EFECTO EN LOS ECOSISTEMAS DE EMPLAZAMIENTO 2020-2021,Objetivo 1. Actividad 2. Muestreos y Analisis sedimentos,Gastón Vidal,INSTITUTO DE FOMENTO PESQUERO,Bio-Bio,9,371000.1,731213.8,REDOX EHNHE,-49.633333333333326,10/02/2021 13:31:00,VIII
159,ESTUDIO SEGUIMIENTO DESEMPEÑO AMBIENTAL ACUICULTURA EN CHILE Y SU EFECTO EN LOS ECOSISTEMAS DE EMPLAZAMIENTO 2020-2021,Objetivo 1. Actividad 2. Muestreos y Analisis sedimentos,Gastón Vidal,INSTITUTO DE FOMENTO PESQUERO,Bio-Bio,11,370916.3,731140.2,REDOX EHNHE,169.1,10/02/2021 14:27:00,VIII
160,ESTUDIO SEGUIMIENTO DESEMPEÑO AMBIENTAL ACUICULTURA EN CHILE Y SU EFECTO EN LOS ECOSISTEMAS DE EMPLAZAMIENTO 2020-2021,Objetivo 1. Actividad 2. Muestreos y Analisis sedimentos,Gastón Vidal,INSTITUTO DE FOMENTO PESQUERO,Bio-Bio,14,370638.2,730929.6,REDOX EHNHE,187.13333333333333,10/02/2021 15:20:00,VIII
161,ESTUDIO SEGUIMIENTO DESEMPEÑO AMBIENTAL ACUICULTURA EN CHILE Y SU EFECTO EN LOS ECOSISTEMAS DE EMPLAZAMIENTO 2020-2021,Objetivo 1. Actividad 2. Muestreos y Analisis sedimentos,Gastón Vidal,INSTITUTO DE FOMENTO PESQUERO,Bio-Bio,15,370411.4,730956.2,REDOX EHNHE,274.8666666666666,10/02/2021 16:56:00,VIII
162,ESTUDIO SEGUIMIENTO DESEMPEÑO AMBIENTAL ACUICULTURA EN CHILE Y SU EFECTO EN LOS ECOSISTEMAS DE EMPLAZAMIENTO 2020-2021,Objetivo 1. Actividad 2. Muestreos y Analisis sedimentos,Gastón Vidal,INSTITUTO DE FOMENTO PESQUERO,Bio-Bio,19,370243.4,730851.0,REDOX EHNHE,135.1,10/02/2021 16:10:00,VIII
163,ESTUDIO SEGUIMIENTO DESEMPEÑO AMBIENTAL ACUICULTURA EN CHILE Y SU EFECTO EN LOS ECOSISTEMAS DE EMPLAZAMIENTO 2020-2021,Objetivo 1. Actividad 2. Muestreos y Analisis sedimentos,Gastón Vidal,INSTITUTO DE FOMENTO PESQUERO,Valdivia,1,395105.7,731901.5,REDOX EHNHE,332.73333333333335,12/02/2021 14:05:00,XIV
164,ESTUDIO SEGUIMIENTO DESEMPEÑO AMBIENTAL ACUICULTURA EN CHILE Y SU EFECTO EN LOS ECOSISTEMAS DE EMPLAZAMIENTO 2020-2021,Objetivo 1. Actividad 2. Muestreos y Analisis sedimentos,Gastón Vidal,INSTITUTO DE FOMENTO PESQUERO,Valdivia,2,395119.5,731905.4,REDOX EHNHE,332.9666666666667,12/02/2021 13:25:00,XIV
165,ESTUDIO SEGUIMIENTO DESEMPEÑO AMBIENTAL ACUICULTURA EN CHILE Y SU EFECTO EN LOS ECOSISTEMAS DE EMPLAZAMIENTO 2020-2021,Objetivo 1. Actividad 2. Muestreos y Analisis sedimentos,Gastón Vidal,INSTITUTO DE FOMENTO PESQUERO,Valdivia,3,395156.9,732058.2,REDOX EHNHE,313.40000000000003,12/02/2021 12:39:00,XIV
166,ESTUDIO SEGUIMIENTO DESEMPEÑO AMBIENTAL ACUICULTURA EN CHILE Y SU EFECTO EN LOS ECOSISTEMAS DE EMPLAZAMIENTO 2020-2021,Objetivo 1. Actividad 2. Muestreos y Analisis sedimentos,Gastón Vidal,INSTITUTO DE FOMENTO PESQUERO,Valdivia,4,395153.8,732138.8,REDOX EHNHE,273.2033333333333,12/02/2021 11:55:00,XIV
167,ESTUDIO SEGUIMIENTO DESEMPEÑO AMBIENTAL ACUICULTURA EN CHILE Y SU EFECTO EN LOS ECOSISTEMAS DE EMPLAZAMIENTO 2020-2021,Objetivo 1. Actividad 2. Muestreos y Analisis sedimentos,Gastón Vidal,INSTITUTO DE FOMENTO PESQUERO,Valdivia,6,395246.5,732253.5,REDOX EHNHE,271.73333333333335,12/02/2021 11:16:00,XIV
168,ESTUDIO SEGUIMIENTO DESEMPEÑO AMBIENTAL ACUICULTURA EN CHILE Y SU EFECTO EN LOS ECOSISTEMAS DE EMPLAZAMIENTO 2020-2021,Objetivo 1. Actividad 2. Muestreos y Analisis sedimentos,Gastón Vidal,INSTITUTO DE FOMENTO PESQUERO,Valdivia,9,395336.9,732146.5,REDOX EHNHE,153.66666666666666,12/02/2021 10:30:00,XIV
169,ESTUDIO SEGUIMIENTO DESEMPEÑO AMBIENTAL ACUICULTURA EN CHILE Y SU EFECTO EN LOS ECOSISTEMAS DE EMPLAZAMIENTO 2020-2021,Objetivo 1. Actividad 2. Muestreos y Analisis sedimentos,Gastón Vidal,INSTITUTO DE FOMENTO PESQUERO,Valdivia,11,395335.9,732219.4,REDOX EHNHE,159.33333333333334,12/02/2021 09:44:00,XIV
170,ESTUDIO SEGUIMIENTO DESEMPEÑO AMBIENTAL ACUICULTURA EN CHILE Y SU EFECTO EN LOS ECOSISTEMAS DE EMPLAZAMIENTO 2020-2021,Objetivo 1. Actividad 2. Muestreos y Analisis sedimentos,Gastón Vidal,INSTITUTO DE FOMENTO PESQUERO,Valdivia,15,395547.5,732341.2,REDOX EHNHE,194.33333333333334,12/02/2021 08:50:00,XIV
1,ESTUDIO SEGUIMIENTO DESEMPEÑO AMBIENTAL ACUICULTURA EN CHILE Y SU EFECTO EN LOS ECOSISTEMAS DE EMPLAZAMIENTO 2020-2021,Objetivo 1. Actividad 2. Muestreos y Analisis sedimentos,Gastón Vidal,INSTITUTO DE FOMENTO PESQUERO,Estuario,1,412614.9,721747.9,SULFUROS,220.71575942516725,08/12/2020 19:48:00,X
2,ESTUDIO SEGUIMIENTO DESEMPEÑO AMBIENTAL ACUICULTURA EN CHILE Y SU EFECTO EN LOS ECOSISTEMAS DE EMPLAZAMIENTO 2020-2021,Objetivo 1. Actividad 2. Muestreos y Analisis sedimentos,Gastón Vidal,INSTITUTO DE FOMENTO PESQUERO,Estuario,2,412807.3,721843.5,SULFUROS,0.05,08/12/2020 19:22:00,X
3,ESTUDIO SEGUIMIENTO DESEMPEÑO AMBIENTAL ACUICULTURA EN CHILE Y SU EFECTO EN LOS ECOSISTEMAS DE EMPLAZAMIENTO 2020-2021,Objetivo 1. Actividad 2. Muestreos y Analisis sedimentos,Gastón Vidal,INSTITUTO DE FOMENTO PESQUERO,Estuario,3,412945.4,721845.5,SULFUROS,0.05,08/12/2020 18:56:00,X
4,ESTUDIO SEGUIMIENTO DESEMPEÑO AMBIENTAL ACUICULTURA EN CHILE Y SU EFECTO EN LOS ECOSISTEMAS DE EMPLAZAMIENTO 2020-2021,Objetivo 1. Actividad 2. Muestreos y Analisis sedimentos,Gastón Vidal,INSTITUTO DE FOMENTO PESQUERO,Estuario,5,413039.3,721721.1,SULFUROS,930.5646378320953,09/12/2020 08:50:00,X
5,ESTUDIO SEGUIMIENTO DESEMPEÑO AMBIENTAL ACUICULTURA EN CHILE Y SU EFECTO EN LOS ECOSISTEMAS DE EMPLAZAMIENTO 2020-2021,Objetivo 1. Actividad 2. Muestreos y Analisis sedimentos,Gastón Vidal,INSTITUTO DE FOMENTO PESQUERO,Estuario,6,413132.6,722021.4,SULFUROS,56.765166090909155,08/12/2020 18:15:00,X
7,ESTUDIO SEGUIMIENTO DESEMPEÑO AMBIENTAL ACUICULTURA EN CHILE Y SU EFECTO EN LOS ECOSISTEMAS DE EMPLAZAMIENTO 2020-2021,Objetivo 1. Actividad 2. Muestreos y Analisis sedimentos,Gastón Vidal,INSTITUTO DE FOMENTO PESQUERO,Estuario,8,413533.0,722110.7,SULFUROS,0.05,08/12/2020 17:17:00,X
8,ESTUDIO SEGUIMIENTO DESEMPEÑO AMBIENTAL ACUICULTURA EN CHILE Y SU EFECTO EN LOS ECOSISTEMAS DE EMPLAZAMIENTO 2020-2021,Objetivo 1. Actividad 2. Muestreos y Analisis sedimentos,Gastón Vidal,INSTITUTO DE FOMENTO PESQUERO,Estuario,12,413938.3,722058.9,SULFUROS,0.05,08/12/2020 16:13:00,X
9,ESTUDIO SEGUIMIENTO DESEMPEÑO AMBIENTAL ACUICULTURA EN CHILE Y SU EFECTO EN LOS ECOSISTEMAS DE EMPLAZAMIENTO 2020-2021,Objetivo 1. Actividad 2. Muestreos y Analisis sedimentos,Gastón Vidal,INSTITUTO DE FOMENTO PESQUERO,Estuario,17,414052.7,722801.1,SULFUROS,77.50930747554712,08/12/2020 14:30:00,X
10,ESTUDIO SEGUIMIENTO DESEMPEÑO AMBIENTAL ACUICULTURA EN CHILE Y SU EFECTO EN LOS ECOSISTEMAS DE EMPLAZAMIENTO 2020-2021,Objetivo 1. Actividad 2. Muestreos y Analisis sedimentos,Gastón Vidal,INSTITUTO DE FOMENTO PESQUERO,Estuario,21,414330.8,723048.5,SULFUROS,62.436116331422056,08/12/2020 13:40:00,X
11,ESTUDIO SEGUIMIENTO DESEMPEÑO AMBIENTAL ACUICULTURA EN CHILE Y SU EFECTO EN LOS ECOSISTEMAS DE EMPLAZAMIENTO 2020-2021,Objetivo 1. Actividad 2. Muestreos y Analisis sedimentos,Gastón Vidal,INSTITUTO DE FOMENTO PESQUERO,Reloncavi,3,415420.9,725230.7,SULFUROS,0.05,21/12/2020 12:48:00,X
12,ESTUDIO SEGUIMIENTO DESEMPEÑO AMBIENTAL ACUICULTURA EN CHILE Y SU EFECTO EN LOS ECOSISTEMAS DE EMPLAZAMIENTO 2020-2021,Objetivo 1. Actividad 2. Muestreos y Analisis sedimentos,Gastón Vidal,INSTITUTO DE FOMENTO PESQUERO,Reloncavi,4,415223.0,725351.4,SULFUROS,0.05,21/12/2020 14:10:00,X
13,ESTUDIO SEGUIMIENTO DESEMPEÑO AMBIENTAL ACUICULTURA EN CHILE Y SU EFECTO EN LOS ECOSISTEMAS DE EMPLAZAMIENTO 2020-2021,Objetivo 1. Actividad 2. Muestreos y Analisis sedimentos,Gastón Vidal,INSTITUTO DE FOMENTO PESQUERO,Reloncavi,5,415307.1,725602.6,SULFUROS,0.05,21/12/2020 13:15:00,X
14,ESTUDIO SEGUIMIENTO DESEMPEÑO AMBIENTAL ACUICULTURA EN CHILE Y SU EFECTO EN LOS ECOSISTEMAS DE EMPLAZAMIENTO 2020-2021,Objetivo 1. Actividad 2. Muestreos y Analisis sedimentos,Gastón Vidal,INSTITUTO DE FOMENTO PESQUERO,Reloncavi,7,414413.7,730243.4,SULFUROS,0.05,13/12/2020 16:50:00,X
15,ESTUDIO SEGUIMIENTO DESEMPEÑO AMBIENTAL ACUICULTURA EN CHILE Y SU EFECTO EN LOS ECOSISTEMAS DE EMPLAZAMIENTO 2020-2021,Objetivo 1. Actividad 2. Muestreos y Analisis sedimentos,Gastón Vidal,INSTITUTO DE FOMENTO PESQUERO,Reloncavi,13,412948.4,725730.9,SULFUROS,0.05,07/12/2020 08:20:00,X
16,ESTUDIO SEGUIMIENTO DESEMPEÑO AMBIENTAL ACUICULTURA EN CHILE Y SU EFECTO EN LOS ECOSISTEMAS DE EMPLAZAMIENTO 2020-2021,Objetivo 1. Actividad 2. Muestreos y Analisis sedimentos,Gastón Vidal,INSTITUTO DE FOMENTO PESQUERO,Reloncavi,15,413105.3,724724.2,SULFUROS,0.05,07/12/2020 09:49:00,X
17,ESTUDIO SEGUIMIENTO DESEMPEÑO AMBIENTAL ACUICULTURA EN CHILE Y SU EFECTO EN LOS ECOSISTEMAS DE EMPLAZAMIENTO 2020-2021,Objetivo 1. Actividad 2. Muestreos y Analisis sedimentos,Gastón Vidal,INSTITUTO DE FOMENTO PESQUERO,Reloncavi,17,413450.6,724336.9,SULFUROS,0.05,07/12/2020 10:47:00,X
18,ESTUDIO SEGUIMIENTO DESEMPEÑO AMBIENTAL ACUICULTURA EN CHILE Y SU EFECTO EN LOS ECOSISTEMAS DE EMPLAZAMIENTO 2020-2021,Objetivo 1. Actividad 2. Muestreos y Analisis sedimentos,Gastón Vidal,INSTITUTO DE FOMENTO PESQUERO,Reloncavi,19,413707.8,724152.2,SULFUROS,0.05,07/12/2020 12:47:00,X
19,ESTUDIO SEGUIMIENTO DESEMPEÑO AMBIENTAL ACUICULTURA EN CHILE Y SU EFECTO EN LOS ECOSISTEMAS DE EMPLAZAMIENTO 2020-2021,Objetivo 1. Actividad 2. Muestreos y Analisis sedimentos,Gastón Vidal,INSTITUTO DE FOMENTO PESQUERO,Reloncavi,21,413751.5,724023.2,SULFUROS,0.05,07/12/2020 13:14:00,X
20,ESTUDIO SEGUIMIENTO DESEMPEÑO AMBIENTAL ACUICULTURA EN CHILE Y SU EFECTO EN LOS ECOSISTEMAS DE EMPLAZAMIENTO 2020-2021,Objetivo 1. Actividad 2. Muestreos y Analisis sedimentos,Gastón Vidal,INSTITUTO DE FOMENTO PESQUERO,Reloncavi,25,414943.9,724718.2,SULFUROS,0.05,21/12/2020 15:20:00,X
21,ESTUDIO SEGUIMIENTO DESEMPEÑO AMBIENTAL ACUICULTURA EN CHILE Y SU EFECTO EN LOS ECOSISTEMAS DE EMPLAZAMIENTO 2020-2021,Objetivo 1. Actividad 2. Muestreos y Analisis sedimentos,Gastón Vidal,INSTITUTO DE FOMENTO PESQUERO,Calbuco,1,414442.2,730610.3,SULFUROS,0.05,13/12/2020 17:31:00,X
22,ESTUDIO SEGUIMIENTO DESEMPEÑO AMBIENTAL ACUICULTURA EN CHILE Y SU EFECTO EN LOS ECOSISTEMAS DE EMPLAZAMIENTO 2020-2021,Objetivo 1. Actividad 2. Muestreos y Analisis sedimentos,Gastón Vidal,INSTITUTO DE FOMENTO PESQUERO,Calbuco,2,414630.1,730505.2,SULFUROS,59.54622128117833,14/12/2020 08:10:00,X
23,ESTUDIO SEGUIMIENTO DESEMPEÑO AMBIENTAL ACUICULTURA EN CHILE Y SU EFECTO EN LOS ECOSISTEMAS DE EMPLAZAMIENTO 2020-2021,Objetivo 1. Actividad 2. Muestreos y Analisis sedimentos,Gastón Vidal,INSTITUTO DE FOMENTO PESQUERO,Calbuco,8,414314.7,730933.2,SULFUROS,94.15162939571935,13/12/2020 18:27:00,X
24,ESTUDIO SEGUIMIENTO DESEMPEÑO AMBIENTAL ACUICULTURA EN CHILE Y SU EFECTO EN LOS ECOSISTEMAS DE EMPLAZAMIENTO 2020-2021,Objetivo 1. Actividad 2. Muestreos y Analisis sedimentos,Gastón Vidal,INSTITUTO DE FOMENTO PESQUERO,Calbuco,16,414822.6,731018.3,SULFUROS,107.68262319417836,14/12/2020 12:02:00,X
26,ESTUDIO SEGUIMIENTO DESEMPEÑO AMBIENTAL ACUICULTURA EN CHILE Y SU EFECTO EN LOS ECOSISTEMAS DE EMPLAZAMIENTO 2020-2021,Objetivo 1. Actividad 2. Muestreos y Analisis sedimentos,Gastón Vidal,INSTITUTO DE FOMENTO PESQUERO,Calbuco,26,415016.4,730447.2,SULFUROS,0.05,14/12/2020 09:49:00,X
27,ESTUDIO SEGUIMIENTO DESEMPEÑO AMBIENTAL ACUICULTURA EN CHILE Y SU EFECTO EN LOS ECOSISTEMAS DE EMPLAZAMIENTO 2020-2021,Objetivo 1. Actividad 2. Muestreos y Analisis sedimentos,Gastón Vidal,INSTITUTO DE FOMENTO PESQUERO,Calbuco,27,414959.8,730629.1,SULFUROS,706.6474765693418,14/12/2020 10:31:00,X
28,ESTUDIO SEGUIMIENTO DESEMPEÑO AMBIENTAL ACUICULTURA EN CHILE Y SU EFECTO EN LOS ECOSISTEMAS DE EMPLAZAMIENTO 2020-2021,Objetivo 1. Actividad 2. Muestreos y Analisis sedimentos,Gastón Vidal,INSTITUTO DE FOMENTO PESQUERO,Calbuco,30,415019.0,730822.5,SULFUROS,138.27104881162774,14/12/2020 11:15:00,X
29,ESTUDIO SEGUIMIENTO DESEMPEÑO AMBIENTAL ACUICULTURA EN CHILE Y SU EFECTO EN LOS ECOSISTEMAS DE EMPLAZAMIENTO 2020-2021,Objetivo 1. Actividad 2. Muestreos y Analisis sedimentos,Gastón Vidal,INSTITUTO DE FOMENTO PESQUERO,Chacao,2,415659.3,733134.3,SULFUROS,0.05,15/12/2020 11:58:00,X
30,ESTUDIO SEGUIMIENTO DESEMPEÑO AMBIENTAL ACUICULTURA EN CHILE Y SU EFECTO EN LOS ECOSISTEMAS DE EMPLAZAMIENTO 2020-2021,Objetivo 1. Actividad 2. Muestreos y Analisis sedimentos,Gastón Vidal,INSTITUTO DE FOMENTO PESQUERO,Chacao,6,415415.1,732906.8,SULFUROS,0.05,15/12/2020 11:20:00,X
31,ESTUDIO SEGUIMIENTO DESEMPEÑO AMBIENTAL ACUICULTURA EN CHILE Y SU EFECTO EN LOS ECOSISTEMAS DE EMPLAZAMIENTO 2020-2021,Objetivo 1. Actividad 2. Muestreos y Analisis sedimentos,Gastón Vidal,INSTITUTO DE FOMENTO PESQUERO,Chacao,12,415217.3,733107.9,SULFUROS,661.7571011054423,15/12/2020 10:28:00,X
32,ESTUDIO SEGUIMIENTO DESEMPEÑO AMBIENTAL ACUICULTURA EN CHILE Y SU EFECTO EN LOS ECOSISTEMAS DE EMPLAZAMIENTO 2020-2021,Objetivo 1. Actividad 2. Muestreos y Analisis sedimentos,Gastón Vidal,INSTITUTO DE FOMENTO PESQUERO,Chacao,14,415115.7,732851.2,SULFUROS,0.05,15/12/2020 09:50:00,X
33,ESTUDIO SEGUIMIENTO DESEMPEÑO AMBIENTAL ACUICULTURA EN CHILE Y SU EFECTO EN LOS ECOSISTEMAS DE EMPLAZAMIENTO 2020-2021,Objetivo 1. Actividad 2. Muestreos y Analisis sedimentos,Gastón Vidal,INSTITUTO DE FOMENTO PESQUERO,Butachauques,1,421917.6,731519.1,SULFUROS,0.05,16/12/2020 08:10:00,X
34,ESTUDIO SEGUIMIENTO DESEMPEÑO AMBIENTAL ACUICULTURA EN CHILE Y SU EFECTO EN LOS ECOSISTEMAS DE EMPLAZAMIENTO 2020-2021,Objetivo 1. Actividad 2. Muestreos y Analisis sedimentos,Gastón Vidal,INSTITUTO DE FOMENTO PESQUERO,Butachauques,3,421702.6,731506.7,SULFUROS,0.05,16/12/2020 08:55:00,X
35,ESTUDIO SEGUIMIENTO DESEMPEÑO AMBIENTAL ACUICULTURA EN CHILE Y SU EFECTO EN LOS ECOSISTEMAS DE EMPLAZAMIENTO 2020-2021,Objetivo 1. Actividad 2. Muestreos y Analisis sedimentos,Gastón Vidal,INSTITUTO DE FOMENTO PESQUERO,Butachauques,7,421556.3,730936.2,SULFUROS,0.05,16/12/2020 10:51:00,X
36,ESTUDIO SEGUIMIENTO DESEMPEÑO AMBIENTAL ACUICULTURA EN CHILE Y SU EFECTO EN LOS ECOSISTEMAS DE EMPLAZAMIENTO 2020-2021,Objetivo 1. Actividad 2. Muestreos y Analisis sedimentos,Gastón Vidal,INSTITUTO DE FOMENTO PESQUERO,Butachauques,10,421645.3,732049.7,SULFUROS,0.05,15/12/2020 16:50:00,X
37,ESTUDIO SEGUIMIENTO DESEMPEÑO AMBIENTAL ACUICULTURA EN CHILE Y SU EFECTO EN LOS ECOSISTEMAS DE EMPLAZAMIENTO 2020-2021,Objetivo 1. Actividad 2. Muestreos y Analisis sedimentos,Gastón Vidal,INSTITUTO DE FOMENTO PESQUERO,Butachauques,12,421224.4,732358.0,SULFUROS,0.05,15/12/2020 15:40:00,X
38,ESTUDIO SEGUIMIENTO DESEMPEÑO AMBIENTAL ACUICULTURA EN CHILE Y SU EFECTO EN LOS ECOSISTEMAS DE EMPLAZAMIENTO 2020-2021,Objetivo 1. Actividad 2. Muestreos y Analisis sedimentos,Gastón Vidal,INSTITUTO DE FOMENTO PESQUERO,Butachauques,13,421021.7,732609.5,SULFUROS,0.05,15/12/2020 15:10:00,X
39,ESTUDIO SEGUIMIENTO DESEMPEÑO AMBIENTAL ACUICULTURA EN CHILE Y SU EFECTO EN LOS ECOSISTEMAS DE EMPLAZAMIENTO 2020-2021,Objetivo 1. Actividad 2. Muestreos y Analisis sedimentos,Gastón Vidal,INSTITUTO DE FOMENTO PESQUERO,Butachauques,14,420929.5,732804.6,SULFUROS,0.05,15/12/2020 14:40:00,X
40,ESTUDIO SEGUIMIENTO DESEMPEÑO AMBIENTAL ACUICULTURA EN CHILE Y SU EFECTO EN LOS ECOSISTEMAS DE EMPLAZAMIENTO 2020-2021,Objetivo 1. Actividad 2. Muestreos y Analisis sedimentos,Gastón Vidal,INSTITUTO DE FOMENTO PESQUERO,Chaulinec,3,423622.9,731526.5,SULFUROS,11.416778573674407,14/10/2020 09:00:00,X
41,ESTUDIO SEGUIMIENTO DESEMPEÑO AMBIENTAL ACUICULTURA EN CHILE Y SU EFECTO EN LOS ECOSISTEMAS DE EMPLAZAMIENTO 2020-2021,Objetivo 1. Actividad 2. Muestreos y Analisis sedimentos,Gastón Vidal,INSTITUTO DE FOMENTO PESQUERO,Chaulinec,4,423422.1,731353.2,SULFUROS,0.05,14/10/2020 09:25:00,X
42,ESTUDIO SEGUIMIENTO DESEMPEÑO AMBIENTAL ACUICULTURA EN CHILE Y SU EFECTO EN LOS ECOSISTEMAS DE EMPLAZAMIENTO 2020-2021,Objetivo 1. Actividad 2. Muestreos y Analisis sedimentos,Gastón Vidal,INSTITUTO DE FOMENTO PESQUERO,Chaulinec,7,422803.3,732256.7,SULFUROS,0.05,16/12/2020 14:02:00,X
43,ESTUDIO SEGUIMIENTO DESEMPEÑO AMBIENTAL ACUICULTURA EN CHILE Y SU EFECTO EN LOS ECOSISTEMAS DE EMPLAZAMIENTO 2020-2021,Objetivo 1. Actividad 2. Muestreos y Analisis sedimentos,Gastón Vidal,INSTITUTO DE FOMENTO PESQUERO,Chaulinec,10,422429.1,731921.4,SULFUROS,0.05,16/12/2020 13:05:00,X
44,ESTUDIO SEGUIMIENTO DESEMPEÑO AMBIENTAL ACUICULTURA EN CHILE Y SU EFECTO EN LOS ECOSISTEMAS DE EMPLAZAMIENTO 2020-2021,Objetivo 1. Actividad 2. Muestreos y Analisis sedimentos,Gastón Vidal,INSTITUTO DE FOMENTO PESQUERO,Chaulinec,13,422634.7,733044.2,SULFUROS,0.05,16/12/2020 15:05:00,X
45,ESTUDIO SEGUIMIENTO DESEMPEÑO AMBIENTAL ACUICULTURA EN CHILE Y SU EFECTO EN LOS ECOSISTEMAS DE EMPLAZAMIENTO 2020-2021,Objetivo 1. Actividad 2. Muestreos y Analisis sedimentos,Gastón Vidal,INSTITUTO DE FOMENTO PESQUERO,Tenaun,2,422246.5,733559.1,SULFUROS,41.37680391209652,16/12/2020 17:00:00,X
46,ESTUDIO SEGUIMIENTO DESEMPEÑO AMBIENTAL ACUICULTURA EN CHILE Y SU EFECTO EN LOS ECOSISTEMAS DE EMPLAZAMIENTO 2020-2021,Objetivo 1. Actividad 2. Muestreos y Analisis sedimentos,Gastón Vidal,INSTITUTO DE FOMENTO PESQUERO,Tenaun,3,422307.4,733744.8,SULFUROS,0.05,16/12/2020 18:08:00,X
47,ESTUDIO SEGUIMIENTO DESEMPEÑO AMBIENTAL ACUICULTURA EN CHILE Y SU EFECTO EN LOS ECOSISTEMAS DE EMPLAZAMIENTO 2020-2021,Objetivo 1. Actividad 2. Muestreos y Analisis sedimentos,Gastón Vidal,INSTITUTO DE FOMENTO PESQUERO,Tenaun,6,422215.1,733731.1,SULFUROS,0.05,16/12/2020 17:35:00,X
48,ESTUDIO SEGUIMIENTO DESEMPEÑO AMBIENTAL ACUICULTURA EN CHILE Y SU EFECTO EN LOS ECOSISTEMAS DE EMPLAZAMIENTO 2020-2021,Objetivo 1. Actividad 2. Muestreos y Analisis sedimentos,Gastón Vidal,INSTITUTO DE FOMENTO PESQUERO,Tenaun,9,422139.1,733441.7,SULFUROS,0.05,16/12/2020 16:36:00,X
49,ESTUDIO SEGUIMIENTO DESEMPEÑO AMBIENTAL ACUICULTURA EN CHILE Y SU EFECTO EN LOS ECOSISTEMAS DE EMPLAZAMIENTO 2020-2021,Objetivo 1. Actividad 2. Muestreos y Analisis sedimentos,Gastón Vidal,INSTITUTO DE FOMENTO PESQUERO,Tenaun,14,422026.0,733200.9,SULFUROS,0.05,16/12/2020 16:06:00,X
50,ESTUDIO SEGUIMIENTO DESEMPEÑO AMBIENTAL ACUICULTURA EN CHILE Y SU EFECTO EN LOS ECOSISTEMAS DE EMPLAZAMIENTO 2020-2021,Objetivo 1. Actividad 2. Muestreos y Analisis sedimentos,Gastón Vidal,INSTITUTO DE FOMENTO PESQUERO,Chiloe central,1,423046.9,734515.6,SULFUROS,0.05,17/12/2020 13:15:00,X
51,ESTUDIO SEGUIMIENTO DESEMPEÑO AMBIENTAL ACUICULTURA EN CHILE Y SU EFECTO EN LOS ECOSISTEMAS DE EMPLAZAMIENTO 2020-2021,Objetivo 1. Actividad 2. Muestreos y Analisis sedimentos,Gastón Vidal,INSTITUTO DE FOMENTO PESQUERO,Chiloe central,4,423259.2,734015.8,SULFUROS,338.4445824542512,17/12/2020 11:42:00,X
52,ESTUDIO SEGUIMIENTO DESEMPEÑO AMBIENTAL ACUICULTURA EN CHILE Y SU EFECTO EN LOS ECOSISTEMAS DE EMPLAZAMIENTO 2020-2021,Objetivo 1. Actividad 2. Muestreos y Analisis sedimentos,Gastón Vidal,INSTITUTO DE FOMENTO PESQUERO,Chiloe central,6,423209.3,733613.2,SULFUROS,186.69658429976803,17/12/2020 11:05:00,X
53,ESTUDIO SEGUIMIENTO DESEMPEÑO AMBIENTAL ACUICULTURA EN CHILE Y SU EFECTO EN LOS ECOSISTEMAS DE EMPLAZAMIENTO 2020-2021,Objetivo 1. Actividad 2. Muestreos y Analisis sedimentos,Gastón Vidal,INSTITUTO DE FOMENTO PESQUERO,Chiloe central,7,423029.3,733611.3,SULFUROS,0.05,17/12/2020 08:25:00,X
54,ESTUDIO SEGUIMIENTO DESEMPEÑO AMBIENTAL ACUICULTURA EN CHILE Y SU EFECTO EN LOS ECOSISTEMAS DE EMPLAZAMIENTO 2020-2021,Objetivo 1. Actividad 2. Muestreos y Analisis sedimentos,Gastón Vidal,INSTITUTO DE FOMENTO PESQUERO,Chiloe central,11,422833.3,733241.1,SULFUROS,0.05,17/12/2020 09:09:00,X
55,ESTUDIO SEGUIMIENTO DESEMPEÑO AMBIENTAL ACUICULTURA EN CHILE Y SU EFECTO EN LOS ECOSISTEMAS DE EMPLAZAMIENTO 2020-2021,Objetivo 1. Actividad 2. Muestreos y Analisis sedimentos,Gastón Vidal,INSTITUTO DE FOMENTO PESQUERO,Chiloe central,12,423059.3,732821.5,SULFUROS,41.49571932474277,17/12/2020 09:58:00,X
56,ESTUDIO SEGUIMIENTO DESEMPEÑO AMBIENTAL ACUICULTURA EN CHILE Y SU EFECTO EN LOS ECOSISTEMAS DE EMPLAZAMIENTO 2020-2021,Objetivo 1. Actividad 2. Muestreos y Analisis sedimentos,Gastón Vidal,INSTITUTO DE FOMENTO PESQUERO,Chiloe central,16,424213.5,733738.2,SULFUROS,10.521394444043365,13/10/2020 15:30:00,X
57,ESTUDIO SEGUIMIENTO DESEMPEÑO AMBIENTAL ACUICULTURA EN CHILE Y SU EFECTO EN LOS ECOSISTEMAS DE EMPLAZAMIENTO 2020-2021,Objetivo 1. Actividad 2. Muestreos y Analisis sedimentos,Gastón Vidal,INSTITUTO DE FOMENTO PESQUERO,Chiloe central,26,423654.6,732710.2,SULFUROS,9.99912244466851,13/10/2020 17:55:00,X
58,ESTUDIO SEGUIMIENTO DESEMPEÑO AMBIENTAL ACUICULTURA EN CHILE Y SU EFECTO EN LOS ECOSISTEMAS DE EMPLAZAMIENTO 2020-2021,Objetivo 1. Actividad 2. Muestreos y Analisis sedimentos,Gastón Vidal,INSTITUTO DE FOMENTO PESQUERO,Desertores,1,424703.0,725635.9,SULFUROS,0.05,18/12/2020 13:10:00,X
59,ESTUDIO SEGUIMIENTO DESEMPEÑO AMBIENTAL ACUICULTURA EN CHILE Y SU EFECTO EN LOS ECOSISTEMAS DE EMPLAZAMIENTO 2020-2021,Objetivo 1. Actividad 2. Muestreos y Analisis sedimentos,Gastón Vidal,INSTITUTO DE FOMENTO PESQUERO,Desertores,2,424756.1,725723.7,SULFUROS,102.18861668063846,18/12/2020 11:25:00,X
60,ESTUDIO SEGUIMIENTO DESEMPEÑO AMBIENTAL ACUICULTURA EN CHILE Y SU EFECTO EN LOS ECOSISTEMAS DE EMPLAZAMIENTO 2020-2021,Objetivo 1. Actividad 2. Muestreos y Analisis sedimentos,Gastón Vidal,INSTITUTO DE FOMENTO PESQUERO,Desertores,3,424536.0,725951.7,SULFUROS,0.05,18/12/2020 11:50:00,X
61,ESTUDIO SEGUIMIENTO DESEMPEÑO AMBIENTAL ACUICULTURA EN CHILE Y SU EFECTO EN LOS ECOSISTEMAS DE EMPLAZAMIENTO 2020-2021,Objetivo 1. Actividad 2. Muestreos y Analisis sedimentos,Gastón Vidal,INSTITUTO DE FOMENTO PESQUERO,Desertores,6,424206.5,730534.1,SULFUROS,0.05,18/12/2020 10:50:00,X
62,ESTUDIO SEGUIMIENTO DESEMPEÑO AMBIENTAL ACUICULTURA EN CHILE Y SU EFECTO EN LOS ECOSISTEMAS DE EMPLAZAMIENTO 2020-2021,Objetivo 1. Actividad 2. Muestreos y Analisis sedimentos,Gastón Vidal,INSTITUTO DE FOMENTO PESQUERO,Quellon,6,431143.2,733811.2,SULFUROS,0.05,11/10/2020 16:05:00,X
63,ESTUDIO SEGUIMIENTO DESEMPEÑO AMBIENTAL ACUICULTURA EN CHILE Y SU EFECTO EN LOS ECOSISTEMAS DE EMPLAZAMIENTO 2020-2021,Objetivo 1. Actividad 2. Muestreos y Analisis sedimentos,Gastón Vidal,INSTITUTO DE FOMENTO PESQUERO,Quellon,8,430739.5,734328.6,SULFUROS,376.06624121006007,11/10/2020 13:40:00,X
64,ESTUDIO SEGUIMIENTO DESEMPEÑO AMBIENTAL ACUICULTURA EN CHILE Y SU EFECTO EN LOS ECOSISTEMAS DE EMPLAZAMIENTO 2020-2021,Objetivo 1. Actividad 2. Muestreos y Analisis sedimentos,Gastón Vidal,INSTITUTO DE FOMENTO PESQUERO,Quellon,11,430832.2,734013.7,SULFUROS,19.040232473902144,11/10/2020 15:00:00,X
65,ESTUDIO SEGUIMIENTO DESEMPEÑO AMBIENTAL ACUICULTURA EN CHILE Y SU EFECTO EN LOS ECOSISTEMAS DE EMPLAZAMIENTO 2020-2021,Objetivo 1. Actividad 2. Muestreos y Analisis sedimentos,Gastón Vidal,INSTITUTO DE FOMENTO PESQUERO,Quellon,12,431133.5,733423.8,SULFUROS,15.669780447091455,12/10/2020 09:10:00,X
66,ESTUDIO SEGUIMIENTO DESEMPEÑO AMBIENTAL ACUICULTURA EN CHILE Y SU EFECTO EN LOS ECOSISTEMAS DE EMPLAZAMIENTO 2020-2021,Objetivo 1. Actividad 2. Muestreos y Analisis sedimentos,Gastón Vidal,INSTITUTO DE FOMENTO PESQUERO,Quellon,13,430826.2,733310.7,SULFUROS,197.2488834245395,12/10/2020 13:15:00,X
67,ESTUDIO SEGUIMIENTO DESEMPEÑO AMBIENTAL ACUICULTURA EN CHILE Y SU EFECTO EN LOS ECOSISTEMAS DE EMPLAZAMIENTO 2020-2021,Objetivo 1. Actividad 2. Muestreos y Analisis sedimentos,Gastón Vidal,INSTITUTO DE FOMENTO PESQUERO,Quellon,19,430307.5,732746.7,SULFUROS,0.05,12/10/2020 15:29:00,X
68,ESTUDIO SEGUIMIENTO DESEMPEÑO AMBIENTAL ACUICULTURA EN CHILE Y SU EFECTO EN LOS ECOSISTEMAS DE EMPLAZAMIENTO 2020-2021,Objetivo 1. Actividad 2. Muestreos y Analisis sedimentos,Gastón Vidal,INSTITUTO DE FOMENTO PESQUERO,Quellon,21,430206.1,733133.1,SULFUROS,0.05,12/10/2020 17:05:00,X
69,ESTUDIO SEGUIMIENTO DESEMPEÑO AMBIENTAL ACUICULTURA EN CHILE Y SU EFECTO EN LOS ECOSISTEMAS DE EMPLAZAMIENTO 2020-2021,Objetivo 1. Actividad 2. Muestreos y Analisis sedimentos,Gastón Vidal,INSTITUTO DE FOMENTO PESQUERO,Quellon,22,425921.8,732805.5,SULFUROS,0.05,12/10/2020 18:15:00,X
70,ESTUDIO SEGUIMIENTO DESEMPEÑO AMBIENTAL ACUICULTURA EN CHILE Y SU EFECTO EN LOS ECOSISTEMAS DE EMPLAZAMIENTO 2020-2021,Objetivo 1. Actividad 2. Muestreos y Analisis sedimentos,Gastón Vidal,INSTITUTO DE FOMENTO PESQUERO,Quellon,26,425621.2,733649.9,SULFUROS,63.726023027262094,13/10/2020 08:57:00,X
71,ESTUDIO SEGUIMIENTO DESEMPEÑO AMBIENTAL ACUICULTURA EN CHILE Y SU EFECTO EN LOS ECOSISTEMAS DE EMPLAZAMIENTO 2020-2021,Objetivo 1. Actividad 2. Muestreos y Analisis sedimentos,Gastón Vidal,INSTITUTO DE FOMENTO PESQUERO,Quellon,28,425525.9,733504.7,SULFUROS,0.05,13/10/2020 09:50:00,X
72,ESTUDIO SEGUIMIENTO DESEMPEÑO AMBIENTAL ACUICULTURA EN CHILE Y SU EFECTO EN LOS ECOSISTEMAS DE EMPLAZAMIENTO 2020-2021,Objetivo 1. Actividad 2. Muestreos y Analisis sedimentos,Gastón Vidal,INSTITUTO DE FOMENTO PESQUERO,Quellon,32,425122.8,734130.9,SULFUROS,40.35319714849097,13/10/2020 11:14:00,X
73,ESTUDIO SEGUIMIENTO DESEMPEÑO AMBIENTAL ACUICULTURA EN CHILE Y SU EFECTO EN LOS ECOSISTEMAS DE EMPLAZAMIENTO 2020-2021,Objetivo 1. Actividad 2. Muestreos y Analisis sedimentos,Gastón Vidal,INSTITUTO DE FOMENTO PESQUERO,Quellon,39,425415.3,732927.9,SULFUROS,0.05,13/10/2020 12:40:00,X
74,ESTUDIO SEGUIMIENTO DESEMPEÑO AMBIENTAL ACUICULTURA EN CHILE Y SU EFECTO EN LOS ECOSISTEMAS DE EMPLAZAMIENTO 2020-2021,Objetivo 1. Actividad 2. Muestreos y Analisis sedimentos,Gastón Vidal,INSTITUTO DE FOMENTO PESQUERO,Hornopiren,3,420427.1,722759.7,SULFUROS,216.6074761883567,20/12/2020 00:00:00,X
75,ESTUDIO SEGUIMIENTO DESEMPEÑO AMBIENTAL ACUICULTURA EN CHILE Y SU EFECTO EN LOS ECOSISTEMAS DE EMPLAZAMIENTO 2020-2021,Objetivo 1. Actividad 2. Muestreos y Analisis sedimentos,Gastón Vidal,INSTITUTO DE FOMENTO PESQUERO,Hornopiren,6,420209.6,723558.5,SULFUROS,0.05,21/12/2020 09:53:00,X
76,ESTUDIO SEGUIMIENTO DESEMPEÑO AMBIENTAL ACUICULTURA EN CHILE Y SU EFECTO EN LOS ECOSISTEMAS DE EMPLAZAMIENTO 2020-2021,Objetivo 1. Actividad 2. Muestreos y Analisis sedimentos,Gastón Vidal,INSTITUTO DE FOMENTO PESQUERO,Hornopiren,7,420301.3,723537.3,SULFUROS,0.05,21/12/2020 08:54:00,X
77,ESTUDIO SEGUIMIENTO DESEMPEÑO AMBIENTAL ACUICULTURA EN CHILE Y SU EFECTO EN LOS ECOSISTEMAS DE EMPLAZAMIENTO 2020-2021,Objetivo 1. Actividad 2. Muestreos y Analisis sedimentos,Gastón Vidal,INSTITUTO DE FOMENTO PESQUERO,Hornopiren,13,421433.8,722650.7,SULFUROS,0.05,20/12/2020 17:20:00,X
78,ESTUDIO SEGUIMIENTO DESEMPEÑO AMBIENTAL ACUICULTURA EN CHILE Y SU EFECTO EN LOS ECOSISTEMAS DE EMPLAZAMIENTO 2020-2021,Objetivo 1. Actividad 2. Muestreos y Analisis sedimentos,Gastón Vidal,INSTITUTO DE FOMENTO PESQUERO,Hornopiren,14,421524.5,722346.8,SULFUROS,0.05,20/12/2020 00:00:00,X
79,ESTUDIO SEGUIMIENTO DESEMPEÑO AMBIENTAL ACUICULTURA EN CHILE Y SU EFECTO EN LOS ECOSISTEMAS DE EMPLAZAMIENTO 2020-2021,Objetivo 1. Actividad 2. Muestreos y Analisis sedimentos,Gastón Vidal,INSTITUTO DE FOMENTO PESQUERO,Ayacara,1,421853.1,724721.9,SULFUROS,98.86689962664093,20/12/2020 09:08:00,X
80,ESTUDIO SEGUIMIENTO DESEMPEÑO AMBIENTAL ACUICULTURA EN CHILE Y SU EFECTO EN LOS ECOSISTEMAS DE EMPLAZAMIENTO 2020-2021,Objetivo 1. Actividad 2. Muestreos y Analisis sedimentos,Gastón Vidal,INSTITUTO DE FOMENTO PESQUERO,Ayacara,2,422434.1,724307.0,SULFUROS,0.05,19/12/2020 19:00:00,X
81,ESTUDIO SEGUIMIENTO DESEMPEÑO AMBIENTAL ACUICULTURA EN CHILE Y SU EFECTO EN LOS ECOSISTEMAS DE EMPLAZAMIENTO 2020-2021,Objetivo 1. Actividad 2. Muestreos y Analisis sedimentos,Gastón Vidal,INSTITUTO DE FOMENTO PESQUERO,Ayacara,3,423409.7,723139.7,SULFUROS,0.05,19/12/2020 16:20:00,X
82,ESTUDIO SEGUIMIENTO DESEMPEÑO AMBIENTAL ACUICULTURA EN CHILE Y SU EFECTO EN LOS ECOSISTEMAS DE EMPLAZAMIENTO 2020-2021,Objetivo 1. Actividad 2. Muestreos y Analisis sedimentos,Gastón Vidal,INSTITUTO DE FOMENTO PESQUERO,Ayacara,4,423117.9,724140.8,SULFUROS,45.3362027789747,19/12/2020 15:11:00,X
83,ESTUDIO SEGUIMIENTO DESEMPEÑO AMBIENTAL ACUICULTURA EN CHILE Y SU EFECTO EN LOS ECOSISTEMAS DE EMPLAZAMIENTO 2020-2021,Objetivo 1. Actividad 2. Muestreos y Analisis sedimentos,Gastón Vidal,INSTITUTO DE FOMENTO PESQUERO,Ayacara,7,423730.6,725115.4,SULFUROS,0.05,19/12/2020 11:02:00,X
84,ESTUDIO SEGUIMIENTO DESEMPEÑO AMBIENTAL ACUICULTURA EN CHILE Y SU EFECTO EN LOS ECOSISTEMAS DE EMPLAZAMIENTO 2020-2021,Objetivo 1. Actividad 2. Muestreos y Analisis sedimentos,Gastón Vidal,INSTITUTO DE FOMENTO PESQUERO,Ayacara,9,424232.8,725058.9,SULFUROS,0.05,19/12/2020 09:55:00,X
85,ESTUDIO SEGUIMIENTO DESEMPEÑO AMBIENTAL ACUICULTURA EN CHILE Y SU EFECTO EN LOS ECOSISTEMAS DE EMPLAZAMIENTO 2020-2021,Objetivo 1. Actividad 2. Muestreos y Analisis sedimentos,Gastón Vidal,INSTITUTO DE FOMENTO PESQUERO,Chaiten,3,424711.1,725049.9,SULFUROS,0.05,19/12/2020 08:48:00,X
86,ESTUDIO SEGUIMIENTO DESEMPEÑO AMBIENTAL ACUICULTURA EN CHILE Y SU EFECTO EN LOS ECOSISTEMAS DE EMPLAZAMIENTO 2020-2021,Objetivo 1. Actividad 2. Muestreos y Analisis sedimentos,Gastón Vidal,INSTITUTO DE FOMENTO PESQUERO,Chaiten,4,425527.6,724459.6,SULFUROS,119.25241684848322,18/12/2020 17:56:00,X
87,ESTUDIO SEGUIMIENTO DESEMPEÑO AMBIENTAL ACUICULTURA EN CHILE Y SU EFECTO EN LOS ECOSISTEMAS DE EMPLAZAMIENTO 2020-2021,Objetivo 1. Actividad 2. Muestreos y Analisis sedimentos,Gastón Vidal,INSTITUTO DE FOMENTO PESQUERO,Chaiten,12,431438.9,725308.2,SULFUROS,0.05,02/02/2021 15:26:00,X
88,ESTUDIO SEGUIMIENTO DESEMPEÑO AMBIENTAL ACUICULTURA EN CHILE Y SU EFECTO EN LOS ECOSISTEMAS DE EMPLAZAMIENTO 2020-2021,Objetivo 1. Actividad 2. Muestreos y Analisis sedimentos,Gastón Vidal,INSTITUTO DE FOMENTO PESQUERO,Chaiten,14,431550.9,725835.0,SULFUROS,0.05,02/02/2021 14:40:00,X
89,ESTUDIO SEGUIMIENTO DESEMPEÑO AMBIENTAL ACUICULTURA EN CHILE Y SU EFECTO EN LOS ECOSISTEMAS DE EMPLAZAMIENTO 2020-2021,Objetivo 1. Actividad 2. Muestreos y Analisis sedimentos,Gastón Vidal,INSTITUTO DE FOMENTO PESQUERO,Chaiten,18,433529.8,730022.5,SULFUROS,0.05,02/02/2021 10:20:00,X
90,ESTUDIO SEGUIMIENTO DESEMPEÑO AMBIENTAL ACUICULTURA EN CHILE Y SU EFECTO EN LOS ECOSISTEMAS DE EMPLAZAMIENTO 2020-2021,Objetivo 1. Actividad 2. Muestreos y Analisis sedimentos,Gastón Vidal,INSTITUTO DE FOMENTO PESQUERO,Chaiten,19,433757.9,725704.9,SULFUROS,0.05,02/02/2021 09:45:00,X
92,ESTUDIO SEGUIMIENTO DESEMPEÑO AMBIENTAL ACUICULTURA EN CHILE Y SU EFECTO EN LOS ECOSISTEMAS DE EMPLAZAMIENTO 2020-2021,Objetivo 1. Actividad 2. Muestreos y Analisis sedimentos,Gastón Vidal,INSTITUTO DE FOMENTO PESQUERO,Guaitecas,1,442931.1,740942.8,SULFUROS,38.08821271594713,21/01/2021 08:30:00,XI
93,ESTUDIO SEGUIMIENTO DESEMPEÑO AMBIENTAL ACUICULTURA EN CHILE Y SU EFECTO EN LOS ECOSISTEMAS DE EMPLAZAMIENTO 2020-2021,Objetivo 1. Actividad 2. Muestreos y Analisis sedimentos,Gastón Vidal,INSTITUTO DE FOMENTO PESQUERO,Guaitecas,2,442654.0,740814.0,SULFUROS,23.322462721295096,20/01/2021 15:51:00,XI
94,ESTUDIO SEGUIMIENTO DESEMPEÑO AMBIENTAL ACUICULTURA EN CHILE Y SU EFECTO EN LOS ECOSISTEMAS DE EMPLAZAMIENTO 2020-2021,Objetivo 1. Actividad 2. Muestreos y Analisis sedimentos,Gastón Vidal,INSTITUTO DE FOMENTO PESQUERO,Guaitecas,4,441418.4,741320.7,SULFUROS,13.317897739523202,20/01/2021 13:40:00,XI
95,ESTUDIO SEGUIMIENTO DESEMPEÑO AMBIENTAL ACUICULTURA EN CHILE Y SU EFECTO EN LOS ECOSISTEMAS DE EMPLAZAMIENTO 2020-2021,Objetivo 1. Actividad 2. Muestreos y Analisis sedimentos,Gastón Vidal,INSTITUTO DE FOMENTO PESQUERO,Guaitecas,6,440829.0,740209.0,SULFUROS,0.05,20/01/2021 11:25:00,XI
96,ESTUDIO SEGUIMIENTO DESEMPEÑO AMBIENTAL ACUICULTURA EN CHILE Y SU EFECTO EN LOS ECOSISTEMAS DE EMPLAZAMIENTO 2020-2021,Objetivo 1. Actividad 2. Muestreos y Analisis sedimentos,Gastón Vidal,INSTITUTO DE FOMENTO PESQUERO,Guaitecas,7,440453.4,735253.7,SULFUROS,0.05,20/01/2021 10:10:00,XI
97,ESTUDIO SEGUIMIENTO DESEMPEÑO AMBIENTAL ACUICULTURA EN CHILE Y SU EFECTO EN LOS ECOSISTEMAS DE EMPLAZAMIENTO 2020-2021,Objetivo 1. Actividad 2. Muestreos y Analisis sedimentos,Gastón Vidal,INSTITUTO DE FOMENTO PESQUERO,Guaitecas,8,435456.5,735432.1,SULFUROS,0.05,19/01/2021 09:15:00,XI
98,ESTUDIO SEGUIMIENTO DESEMPEÑO AMBIENTAL ACUICULTURA EN CHILE Y SU EFECTO EN LOS ECOSISTEMAS DE EMPLAZAMIENTO 2020-2021,Objetivo 1. Actividad 2. Muestreos y Analisis sedimentos,Gastón Vidal,INSTITUTO DE FOMENTO PESQUERO,Guaitecas,9,435329.1,735219.9,SULFUROS,12.971818522093521,19/01/2021 08:20:00,XI
99,ESTUDIO SEGUIMIENTO DESEMPEÑO AMBIENTAL ACUICULTURA EN CHILE Y SU EFECTO EN LOS ECOSISTEMAS DE EMPLAZAMIENTO 2020-2021,Objetivo 1. Actividad 2. Muestreos y Analisis sedimentos,Gastón Vidal,INSTITUTO DE FOMENTO PESQUERO,Guaitecas,10,435638.0,734800.0,SULFUROS,0.05,19/01/2021 10:20:00,XI
100,ESTUDIO SEGUIMIENTO DESEMPEÑO AMBIENTAL ACUICULTURA EN CHILE Y SU EFECTO EN LOS ECOSISTEMAS DE EMPLAZAMIENTO 2020-2021,Objetivo 1. Actividad 2. Muestreos y Analisis sedimentos,Gastón Vidal,INSTITUTO DE FOMENTO PESQUERO,Guaitecas,12,440031.4,734511.0,SULFUROS,0.05,19/01/2021 11:30:00,XI
101,ESTUDIO SEGUIMIENTO DESEMPEÑO AMBIENTAL ACUICULTURA EN CHILE Y SU EFECTO EN LOS ECOSISTEMAS DE EMPLAZAMIENTO 2020-2021,Objetivo 1. Actividad 2. Muestreos y Analisis sedimentos,Gastón Vidal,INSTITUTO DE FOMENTO PESQUERO,Guaitecas,17,441715.5,734639.1,SULFUROS,61.498533117687224,19/01/2021 19:45:00,XI
103,ESTUDIO SEGUIMIENTO DESEMPEÑO AMBIENTAL ACUICULTURA EN CHILE Y SU EFECTO EN LOS ECOSISTEMAS DE EMPLAZAMIENTO 2020-2021,Objetivo 1. Actividad 2. Muestreos y Analisis sedimentos,Gastón Vidal,INSTITUTO DE FOMENTO PESQUERO,Moraleda,4,450957.9,740833.4,SULFUROS,0.05,22/01/2021 11:21:00,XI
104,ESTUDIO SEGUIMIENTO DESEMPEÑO AMBIENTAL ACUICULTURA EN CHILE Y SU EFECTO EN LOS ECOSISTEMAS DE EMPLAZAMIENTO 2020-2021,Objetivo 1. Actividad 2. Muestreos y Analisis sedimentos,Gastón Vidal,INSTITUTO DE FOMENTO PESQUERO,Moraleda,5,450801.8,741520.1,SULFUROS,0.05,22/01/2021 10:07:00,XI
105,ESTUDIO SEGUIMIENTO DESEMPEÑO AMBIENTAL ACUICULTURA EN CHILE Y SU EFECTO EN LOS ECOSISTEMAS DE EMPLAZAMIENTO 2020-2021,Objetivo 1. Actividad 2. Muestreos y Analisis sedimentos,Gastón Vidal,INSTITUTO DE FOMENTO PESQUERO,Moraleda,12,444145.4,735257.1,SULFUROS,37.65225557530412,21/01/2021 13:21:00,XI
106,ESTUDIO SEGUIMIENTO DESEMPEÑO AMBIENTAL ACUICULTURA EN CHILE Y SU EFECTO EN LOS ECOSISTEMAS DE EMPLAZAMIENTO 2020-2021,Objetivo 1. Actividad 2. Muestreos y Analisis sedimentos,Gastón Vidal,INSTITUTO DE FOMENTO PESQUERO,Moraleda,13,443935.6,735252.9,SULFUROS,77.10154142069484,21/01/2021 12:30:00,XI
107,ESTUDIO SEGUIMIENTO DESEMPEÑO AMBIENTAL ACUICULTURA EN CHILE Y SU EFECTO EN LOS ECOSISTEMAS DE EMPLAZAMIENTO 2020-2021,Objetivo 1. Actividad 2. Muestreos y Analisis sedimentos,Gastón Vidal,INSTITUTO DE FOMENTO PESQUERO,Moraleda,14,443608.6,740025.9,SULFUROS,0.05,21/01/2021 11:08:00,XI
108,ESTUDIO SEGUIMIENTO DESEMPEÑO AMBIENTAL ACUICULTURA EN CHILE Y SU EFECTO EN LOS ECOSISTEMAS DE EMPLAZAMIENTO 2020-2021,Objetivo 1. Actividad 2. Muestreos y Analisis sedimentos,Gastón Vidal,INSTITUTO DE FOMENTO PESQUERO,Moraleda,16,443308.8,740650.1,SULFUROS,129.84740221565883,21/01/2021 10:17:00,XI
109,ESTUDIO SEGUIMIENTO DESEMPEÑO AMBIENTAL ACUICULTURA EN CHILE Y SU EFECTO EN LOS ECOSISTEMAS DE EMPLAZAMIENTO 2020-2021,Objetivo 1. Actividad 2. Muestreos y Analisis sedimentos,Gastón Vidal,INSTITUTO DE FOMENTO PESQUERO,Moraleda,17,440830.9,733501.0,SULFUROS,0.05,19/01/2021 13:40:00,XI
110,ESTUDIO SEGUIMIENTO DESEMPEÑO AMBIENTAL ACUICULTURA EN CHILE Y SU EFECTO EN LOS ECOSISTEMAS DE EMPLAZAMIENTO 2020-2021,Objetivo 1. Actividad 2. Muestreos y Analisis sedimentos,Gastón Vidal,INSTITUTO DE FOMENTO PESQUERO,Moraleda,19,434430.9,730056.5,SULFUROS,0.05,01/02/2021 17:11:00,XI
111,ESTUDIO SEGUIMIENTO DESEMPEÑO AMBIENTAL ACUICULTURA EN CHILE Y SU EFECTO EN LOS ECOSISTEMAS DE EMPLAZAMIENTO 2020-2021,Objetivo 1. Actividad 2. Muestreos y Analisis sedimentos,Gastón Vidal,INSTITUTO DE FOMENTO PESQUERO,Moraleda,25,440204.1,731205.2,SULFUROS,0.05,01/02/2021 12:07:00,XI
112,ESTUDIO SEGUIMIENTO DESEMPEÑO AMBIENTAL ACUICULTURA EN CHILE Y SU EFECTO EN LOS ECOSISTEMAS DE EMPLAZAMIENTO 2020-2021,Objetivo 1. Actividad 2. Muestreos y Analisis sedimentos,Gastón Vidal,INSTITUTO DE FOMENTO PESQUERO,Moraleda,31,442248.0,730431.7,SULFUROS,0.05,31/01/2021 13:57:00,XI
114,ESTUDIO SEGUIMIENTO DESEMPEÑO AMBIENTAL ACUICULTURA EN CHILE Y SU EFECTO EN LOS ECOSISTEMAS DE EMPLAZAMIENTO 2020-2021,Objetivo 1. Actividad 2. Muestreos y Analisis sedimentos,Gastón Vidal,INSTITUTO DE FOMENTO PESQUERO,Puyuhuapi,5,443139.8,724117.0,SULFUROS,0.05,31/01/2021 10:08:00,XI
115,ESTUDIO SEGUIMIENTO DESEMPEÑO AMBIENTAL ACUICULTURA EN CHILE Y SU EFECTO EN LOS ECOSISTEMAS DE EMPLAZAMIENTO 2020-2021,Objetivo 1. Actividad 2. Muestreos y Analisis sedimentos,Gastón Vidal,INSTITUTO DE FOMENTO PESQUERO,Puyuhuapi,7,443955.1,725020.8,SULFUROS,0.05,30/01/2021 14:05:00,XI
116,ESTUDIO SEGUIMIENTO DESEMPEÑO AMBIENTAL ACUICULTURA EN CHILE Y SU EFECTO EN LOS ECOSISTEMAS DE EMPLAZAMIENTO 2020-2021,Objetivo 1. Actividad 2. Muestreos y Analisis sedimentos,Gastón Vidal,INSTITUTO DE FOMENTO PESQUERO,Puyuhuapi,8,444209.3,724807.1,SULFUROS,136.31641920771915,30/01/2021 13:20:00,XI
117,ESTUDIO SEGUIMIENTO DESEMPEÑO AMBIENTAL ACUICULTURA EN CHILE Y SU EFECTO EN LOS ECOSISTEMAS DE EMPLAZAMIENTO 2020-2021,Objetivo 1. Actividad 2. Muestreos y Analisis sedimentos,Gastón Vidal,INSTITUTO DE FOMENTO PESQUERO,Puyuhuapi,10,444937.8,725757.3,SULFUROS,0.05,30/01/2021 10:30:00,XI
118,ESTUDIO SEGUIMIENTO DESEMPEÑO AMBIENTAL ACUICULTURA EN CHILE Y SU EFECTO EN LOS ECOSISTEMAS DE EMPLAZAMIENTO 2020-2021,Objetivo 1. Actividad 2. Muestreos y Analisis sedimentos,Gastón Vidal,INSTITUTO DE FOMENTO PESQUERO,Puyuhuapi,12,445441.9,730811.9,SULFUROS,0.05,29/01/2021 18:06:00,XI
119,ESTUDIO SEGUIMIENTO DESEMPEÑO AMBIENTAL ACUICULTURA EN CHILE Y SU EFECTO EN LOS ECOSISTEMAS DE EMPLAZAMIENTO 2020-2021,Objetivo 1. Actividad 2. Muestreos y Analisis sedimentos,Gastón Vidal,INSTITUTO DE FOMENTO PESQUERO,Aysen,1,452639.7,730033.3,SULFUROS,80.2131397518467,28/01/2021 15:07:00,XI
122,ESTUDIO SEGUIMIENTO DESEMPEÑO AMBIENTAL ACUICULTURA EN CHILE Y SU EFECTO EN LOS ECOSISTEMAS DE EMPLAZAMIENTO 2020-2021,Objetivo 1. Actividad 2. Muestreos y Analisis sedimentos,Gastón Vidal,INSTITUTO DE FOMENTO PESQUERO,Aysen,6,453734.9,733550.9,SULFUROS,0.05,26/01/2021 17:45:00,XI
123,ESTUDIO SEGUIMIENTO DESEMPEÑO AMBIENTAL ACUICULTURA EN CHILE Y SU EFECTO EN LOS ECOSISTEMAS DE EMPLAZAMIENTO 2020-2021,Objetivo 1. Actividad 2. Muestreos y Analisis sedimentos,Gastón Vidal,INSTITUTO DE FOMENTO PESQUERO,Aysen,7,454508.5,733655.3,SULFUROS,27.80631102442057,26/01/2021 15:06:00,XI
124,ESTUDIO SEGUIMIENTO DESEMPEÑO AMBIENTAL ACUICULTURA EN CHILE Y SU EFECTO EN LOS ECOSISTEMAS DE EMPLAZAMIENTO 2020-2021,Objetivo 1. Actividad 2. Muestreos y Analisis sedimentos,Gastón Vidal,INSTITUTO DE FOMENTO PESQUERO,Aysen,10,455717.6,733619.7,SULFUROS,0.05,25/01/2021 14:55:00,XI
125,ESTUDIO SEGUIMIENTO DESEMPEÑO AMBIENTAL ACUICULTURA EN CHILE Y SU EFECTO EN LOS ECOSISTEMAS DE EMPLAZAMIENTO 2020-2021,Objetivo 1. Actividad 2. Muestreos y Analisis sedimentos,Gastón Vidal,INSTITUTO DE FOMENTO PESQUERO,Aysen,11,460134.6,733917.0,SULFUROS,0.05,25/01/2021 13:42:00,XI
126,ESTUDIO SEGUIMIENTO DESEMPEÑO AMBIENTAL ACUICULTURA EN CHILE Y SU EFECTO EN LOS ECOSISTEMAS DE EMPLAZAMIENTO 2020-2021,Objetivo 1. Actividad 2. Muestreos y Analisis sedimentos,Gastón Vidal,INSTITUTO DE FOMENTO PESQUERO,Aysen,13,461329.4,734345.5,SULFUROS,0.05,24/01/2021 09:20:00,XI
127,ESTUDIO SEGUIMIENTO DESEMPEÑO AMBIENTAL ACUICULTURA EN CHILE Y SU EFECTO EN LOS ECOSISTEMAS DE EMPLAZAMIENTO 2020-2021,Objetivo 1. Actividad 2. Muestreos y Analisis sedimentos,Gastón Vidal,INSTITUTO DE FOMENTO PESQUERO,Aysen,18,460557.7,735202.9,SULFUROS,0.05,23/01/2021 18:34:00,XI
128,ESTUDIO SEGUIMIENTO DESEMPEÑO AMBIENTAL ACUICULTURA EN CHILE Y SU EFECTO EN LOS ECOSISTEMAS DE EMPLAZAMIENTO 2020-2021,Objetivo 1. Actividad 2. Muestreos y Analisis sedimentos,Gastón Vidal,INSTITUTO DE FOMENTO PESQUERO,Aysen,19,460107.9,735645.7,SULFUROS,0.05,23/01/2021 17:25:00,XI
129,ESTUDIO SEGUIMIENTO DESEMPEÑO AMBIENTAL ACUICULTURA EN CHILE Y SU EFECTO EN LOS ECOSISTEMAS DE EMPLAZAMIENTO 2020-2021,Objetivo 1. Actividad 2. Muestreos y Analisis sedimentos,Gastón Vidal,INSTITUTO DE FOMENTO PESQUERO,Aysen,24,454429.7,740423.3,SULFUROS,11.381438938517155,23/01/2021 13:05:00,XI
130,ESTUDIO SEGUIMIENTO DESEMPEÑO AMBIENTAL ACUICULTURA EN CHILE Y SU EFECTO EN LOS ECOSISTEMAS DE EMPLAZAMIENTO 2020-2021,Objetivo 1. Actividad 2. Muestreos y Analisis sedimentos,Gastón Vidal,INSTITUTO DE FOMENTO PESQUERO,Aysen,25,454137.5,741704.6,SULFUROS,0.05,23/01/2021 10:57:00,XI
131,ESTUDIO SEGUIMIENTO DESEMPEÑO AMBIENTAL ACUICULTURA EN CHILE Y SU EFECTO EN LOS ECOSISTEMAS DE EMPLAZAMIENTO 2020-2021,Objetivo 1. Actividad 2. Muestreos y Analisis sedimentos,Gastón Vidal,INSTITUTO DE FOMENTO PESQUERO,Aysen,28,453351.4,741310.2,SULFUROS,0.05,23/01/2021 08:30:00,XI
132,ESTUDIO SEGUIMIENTO DESEMPEÑO AMBIENTAL ACUICULTURA EN CHILE Y SU EFECTO EN LOS ECOSISTEMAS DE EMPLAZAMIENTO 2020-2021,Objetivo 1. Actividad 2. Muestreos y Analisis sedimentos,Gastón Vidal,INSTITUTO DE FOMENTO PESQUERO,Aysen,30,452356.0,741521.0,SULFUROS,0.05,22/01/2021 15:44:00,XI
133,ESTUDIO SEGUIMIENTO DESEMPEÑO AMBIENTAL ACUICULTURA EN CHILE Y SU EFECTO EN LOS ECOSISTEMAS DE EMPLAZAMIENTO 2020-2021,Objetivo 1. Actividad 2. Muestreos y Analisis sedimentos,Gastón Vidal,INSTITUTO DE FOMENTO PESQUERO,Aysen,34,451659.5,734350.5,SULFUROS,234.29787358082095,27/01/2021 17:06:00,XI
135,ESTUDIO SEGUIMIENTO DESEMPEÑO AMBIENTAL ACUICULTURA EN CHILE Y SU EFECTO EN LOS ECOSISTEMAS DE EMPLAZAMIENTO 2020-2021,Objetivo 1. Actividad 2. Muestreos y Analisis sedimentos,Gastón Vidal,INSTITUTO DE FOMENTO PESQUERO,Coquimbo,4,301121.0,712525.0,SULFUROS,0.05,08/04/2021 00:00:00,IV
136,ESTUDIO SEGUIMIENTO DESEMPEÑO AMBIENTAL ACUICULTURA EN CHILE Y SU EFECTO EN LOS ECOSISTEMAS DE EMPLAZAMIENTO 2020-2021,Objetivo 1. Actividad 2. Muestreos y Analisis sedimentos,Gastón Vidal,INSTITUTO DE FOMENTO PESQUERO,Coquimbo,5,301046.7,712617.5,SULFUROS,342.6289687293399,08/04/2021 00:00:00,IV
137,ESTUDIO SEGUIMIENTO DESEMPEÑO AMBIENTAL ACUICULTURA EN CHILE Y SU EFECTO EN LOS ECOSISTEMAS DE EMPLAZAMIENTO 2020-2021,Objetivo 1. Actividad 2. Muestreos y Analisis sedimentos,Gastón Vidal,INSTITUTO DE FOMENTO PESQUERO,Coquimbo,7,301455.9,712925.2,SULFUROS,0.05,08/04/2021 00:00:00,IV
138,ESTUDIO SEGUIMIENTO DESEMPEÑO AMBIENTAL ACUICULTURA EN CHILE Y SU EFECTO EN LOS ECOSISTEMAS DE EMPLAZAMIENTO 2020-2021,Objetivo 1. Actividad 2. Muestreos y Analisis sedimentos,Gastón Vidal,INSTITUTO DE FOMENTO PESQUERO,Coquimbo,9,301620.2,713032.0,SULFUROS,0.05,08/04/2021 00:00:00,IV
139,ESTUDIO SEGUIMIENTO DESEMPEÑO AMBIENTAL ACUICULTURA EN CHILE Y SU EFECTO EN LOS ECOSISTEMAS DE EMPLAZAMIENTO 2020-2021,Objetivo 1. Actividad 2. Muestreos y Analisis sedimentos,Gastón Vidal,INSTITUTO DE FOMENTO PESQUERO,Coquimbo,10,301612.8,713138.8,SULFUROS,0.05,08/04/2021 00:00:00,IV
140,ESTUDIO SEGUIMIENTO DESEMPEÑO AMBIENTAL ACUICULTURA EN CHILE Y SU EFECTO EN LOS ECOSISTEMAS DE EMPLAZAMIENTO 2020-2021,Objetivo 1. Actividad 2. Muestreos y Analisis sedimentos,Gastón Vidal,INSTITUTO DE FOMENTO PESQUERO,Coquimbo,13,301637.0,713306.7,SULFUROS,0.05,08/04/2021 00:00:00,IV
142,ESTUDIO SEGUIMIENTO DESEMPEÑO AMBIENTAL ACUICULTURA EN CHILE Y SU EFECTO EN LOS ECOSISTEMAS DE EMPLAZAMIENTO 2020-2021,Objetivo 1. Actividad 2. Muestreos y Analisis sedimentos,Gastón Vidal,INSTITUTO DE FOMENTO PESQUERO,Atacama,3,270705.4,705140.1,SULFUROS,0.05,13/04/2021 00:00:00,III
143,ESTUDIO SEGUIMIENTO DESEMPEÑO AMBIENTAL ACUICULTURA EN CHILE Y SU EFECTO EN LOS ECOSISTEMAS DE EMPLAZAMIENTO 2020-2021,Objetivo 1. Actividad 2. Muestreos y Analisis sedimentos,Gastón Vidal,INSTITUTO DE FOMENTO PESQUERO,Atacama,6,270657.6,705223.1,SULFUROS,0.05,13/04/2021 00:00:00,III
144,ESTUDIO SEGUIMIENTO DESEMPEÑO AMBIENTAL ACUICULTURA EN CHILE Y SU EFECTO EN LOS ECOSISTEMAS DE EMPLAZAMIENTO 2020-2021,Objetivo 1. Actividad 2. Muestreos y Analisis sedimentos,Gastón Vidal,INSTITUTO DE FOMENTO PESQUERO,Atacama,7,270740.8,705230.3,SULFUROS,0.05,13/04/2021 00:00:00,III
145,ESTUDIO SEGUIMIENTO DESEMPEÑO AMBIENTAL ACUICULTURA EN CHILE Y SU EFECTO EN LOS ECOSISTEMAS DE EMPLAZAMIENTO 2020-2021,Objetivo 1. Actividad 2. Muestreos y Analisis sedimentos,Gastón Vidal,INSTITUTO DE FOMENTO PESQUERO,Atacama,10,270730.7,705259.8,SULFUROS,0.05,13/04/2021 00:00:00,III
146,ESTUDIO SEGUIMIENTO DESEMPEÑO AMBIENTAL ACUICULTURA EN CHILE Y SU EFECTO EN LOS ECOSISTEMAS DE EMPLAZAMIENTO 2020-2021,Objetivo 1. Actividad 2. Muestreos y Analisis sedimentos,Gastón Vidal,INSTITUTO DE FOMENTO PESQUERO,Atacama,14,270756.6,705332.6,SULFUROS,0.05,13/04/2021 00:00:00,III
147,ESTUDIO SEGUIMIENTO DESEMPEÑO AMBIENTAL ACUICULTURA EN CHILE Y SU EFECTO EN LOS ECOSISTEMAS DE EMPLAZAMIENTO 2020-2021,Objetivo 1. Actividad 2. Muestreos y Analisis sedimentos,Gastón Vidal,INSTITUTO DE FOMENTO PESQUERO,Natales,2,513604.7,724301.6,SULFUROS,31.525541817118285,21/02/2021 12:32:00,XII
148,ESTUDIO SEGUIMIENTO DESEMPEÑO AMBIENTAL ACUICULTURA EN CHILE Y SU EFECTO EN LOS ECOSISTEMAS DE EMPLAZAMIENTO 2020-2021,Objetivo 1. Actividad 2. Muestreos y Analisis sedimentos,Gastón Vidal,INSTITUTO DE FOMENTO PESQUERO,Natales,3,514018.2,723753.1,SULFUROS,58.08317705906139,21/02/2021 11:22:00,XII
149,ESTUDIO SEGUIMIENTO DESEMPEÑO AMBIENTAL ACUICULTURA EN CHILE Y SU EFECTO EN LOS ECOSISTEMAS DE EMPLAZAMIENTO 2020-2021,Objetivo 1. Actividad 2. Muestreos y Analisis sedimentos,Gastón Vidal,INSTITUTO DE FOMENTO PESQUERO,Natales,5,514929.7,723739.8,SULFUROS,56.75236396145032,20/02/2021 09:10:00,XII
150,ESTUDIO SEGUIMIENTO DESEMPEÑO AMBIENTAL ACUICULTURA EN CHILE Y SU EFECTO EN LOS ECOSISTEMAS DE EMPLAZAMIENTO 2020-2021,Objetivo 1. Actividad 2. Muestreos y Analisis sedimentos,Gastón Vidal,INSTITUTO DE FOMENTO PESQUERO,Natales,9,514601.6,725405.0,SULFUROS,106.43555967800084,20/02/2021 12:04:00,XII
151,ESTUDIO SEGUIMIENTO DESEMPEÑO AMBIENTAL ACUICULTURA EN CHILE Y SU EFECTO EN LOS ECOSISTEMAS DE EMPLAZAMIENTO 2020-2021,Objetivo 1. Actividad 2. Muestreos y Analisis sedimentos,Gastón Vidal,INSTITUTO DE FOMENTO PESQUERO,Natales,10,520357.8,725602.0,SULFUROS,21.23332301455791,20/02/2021 19:25:00,XII
152,ESTUDIO SEGUIMIENTO DESEMPEÑO AMBIENTAL ACUICULTURA EN CHILE Y SU EFECTO EN LOS ECOSISTEMAS DE EMPLAZAMIENTO 2020-2021,Objetivo 1. Actividad 2. Muestreos y Analisis sedimentos,Gastón Vidal,INSTITUTO DE FOMENTO PESQUERO,Natales,11,521159.7,725703.6,SULFUROS,22.776476078149315,20/02/2021 17:05:00,XII
153,ESTUDIO SEGUIMIENTO DESEMPEÑO AMBIENTAL ACUICULTURA EN CHILE Y SU EFECTO EN LOS ECOSISTEMAS DE EMPLAZAMIENTO 2020-2021,Objetivo 1. Actividad 2. Muestreos y Analisis sedimentos,Gastón Vidal,INSTITUTO DE FOMENTO PESQUERO,Natales,13,521310.4,725226.1,SULFUROS,26.34637107963321,20/02/2021 16:32:00,XII
154,ESTUDIO SEGUIMIENTO DESEMPEÑO AMBIENTAL ACUICULTURA EN CHILE Y SU EFECTO EN LOS ECOSISTEMAS DE EMPLAZAMIENTO 2020-2021,Objetivo 1. Actividad 2. Muestreos y Analisis sedimentos,Gastón Vidal,INSTITUTO DE FOMENTO PESQUERO,Natales,14,520439.3,723937.6,SULFUROS,36.76459266634069,20/02/2021 22:33:00,XII
155,ESTUDIO SEGUIMIENTO DESEMPEÑO AMBIENTAL ACUICULTURA EN CHILE Y SU EFECTO EN LOS ECOSISTEMAS DE EMPLAZAMIENTO 2020-2021,Objetivo 1. Actividad 2. Muestreos y Analisis sedimentos,Gastón Vidal,INSTITUTO DE FOMENTO PESQUERO,Bio-Bio,4,370959.6,733041.5,SULFUROS,0.05,10/02/2021 09:30:00,VIII
156,ESTUDIO SEGUIMIENTO DESEMPEÑO AMBIENTAL ACUICULTURA EN CHILE Y SU EFECTO EN LOS ECOSISTEMAS DE EMPLAZAMIENTO 2020-2021,Objetivo 1. Actividad 2. Muestreos y Analisis sedimentos,Gastón Vidal,INSTITUTO DE FOMENTO PESQUERO,Bio-Bio,5,371343.6,732125.3,SULFUROS,15.764048054387679,10/02/2021 11:05:00,VIII
157,ESTUDIO SEGUIMIENTO DESEMPEÑO AMBIENTAL ACUICULTURA EN CHILE Y SU EFECTO EN LOS ECOSISTEMAS DE EMPLAZAMIENTO 2020-2021,Objetivo 1. Actividad 2. Muestreos y Analisis sedimentos,Gastón Vidal,INSTITUTO DE FOMENTO PESQUERO,Bio-Bio,8,371341.8,731932.2,SULFUROS,696.5035376740943,10/02/2021 11:57:00,VIII
158,ESTUDIO SEGUIMIENTO DESEMPEÑO AMBIENTAL ACUICULTURA EN CHILE Y SU EFECTO EN LOS ECOSISTEMAS DE EMPLAZAMIENTO 2020-2021,Objetivo 1. Actividad 2. Muestreos y Analisis sedimentos,Gastón Vidal,INSTITUTO DE FOMENTO PESQUERO,Bio-Bio,9,371000.1,731213.8,SULFUROS,1064.0464823504026,10/02/2021 13:31:00,VIII
159,ESTUDIO SEGUIMIENTO DESEMPEÑO AMBIENTAL ACUICULTURA EN CHILE Y SU EFECTO EN LOS ECOSISTEMAS DE EMPLAZAMIENTO 2020-2021,Objetivo 1. Actividad 2. Muestreos y Analisis sedimentos,Gastón Vidal,INSTITUTO DE FOMENTO PESQUERO,Bio-Bio,11,370916.3,731140.2,SULFUROS,0.05,10/02/2021 14:27:00,VIII
160,ESTUDIO SEGUIMIENTO DESEMPEÑO AMBIENTAL ACUICULTURA EN CHILE Y SU EFECTO EN LOS ECOSISTEMAS DE EMPLAZAMIENTO 2020-2021,Objetivo 1. Actividad 2. Muestreos y Analisis sedimentos,Gastón Vidal,INSTITUTO DE FOMENTO PESQUERO,Bio-Bio,14,370638.2,730929.6,SULFUROS,0.05,10/02/2021 15:20:00,VIII
161,ESTUDIO SEGUIMIENTO DESEMPEÑO AMBIENTAL ACUICULTURA EN CHILE Y SU EFECTO EN LOS ECOSISTEMAS DE EMPLAZAMIENTO 2020-2021,Objetivo 1. Actividad 2. Muestreos y Analisis sedimentos,Gastón Vidal,INSTITUTO DE FOMENTO PESQUERO,Bio-Bio,15,370411.4,730956.2,SULFUROS,0.05,10/02/2021 16:56:00,VIII
162,ESTUDIO SEGUIMIENTO DESEMPEÑO AMBIENTAL ACUICULTURA EN CHILE Y SU EFECTO EN LOS ECOSISTEMAS DE EMPLAZAMIENTO 2020-2021,Objetivo 1. Actividad 2. Muestreos y Analisis sedimentos,Gastón Vidal,INSTITUTO DE FOMENTO PESQUERO,Bio-Bio,19,370243.4,730851.0,SULFUROS,50.95838631743023,10/02/2021 16:10:00,VIII
163,ESTUDIO SEGUIMIENTO DESEMPEÑO AMBIENTAL ACUICULTURA EN CHILE Y SU EFECTO EN LOS ECOSISTEMAS DE EMPLAZAMIENTO 2020-2021,Objetivo 1. Actividad 2. Muestreos y Analisis sedimentos,Gastón Vidal,INSTITUTO DE FOMENTO PESQUERO,Valdivia,1,395105.7,731901.5,SULFUROS,0.05,12/02/2021 14:05:00,XIV
164,ESTUDIO SEGUIMIENTO DESEMPEÑO AMBIENTAL ACUICULTURA EN CHILE Y SU EFECTO EN LOS ECOSISTEMAS DE EMPLAZAMIENTO 2020-2021,Objetivo 1. Actividad 2. Muestreos y Analisis sedimentos,Gastón Vidal,INSTITUTO DE FOMENTO PESQUERO,Valdivia,2,395119.5,731905.4,SULFUROS,0.05,12/02/2021 13:25:00,XIV
165,ESTUDIO SEGUIMIENTO DESEMPEÑO AMBIENTAL ACUICULTURA EN CHILE Y SU EFECTO EN LOS ECOSISTEMAS DE EMPLAZAMIENTO 2020-2021,Objetivo 1. Actividad 2. Muestreos y Analisis sedimentos,Gastón Vidal,INSTITUTO DE FOMENTO PESQUERO,Valdivia,3,395156.9,732058.2,SULFUROS,0.05,12/02/2021 12:39:00,XIV
166,ESTUDIO SEGUIMIENTO DESEMPEÑO AMBIENTAL ACUICULTURA EN CHILE Y SU EFECTO EN LOS ECOSISTEMAS DE EMPLAZAMIENTO 2020-2021,Objetivo 1. Actividad 2. Muestreos y Analisis sedimentos,Gastón Vidal,INSTITUTO DE FOMENTO PESQUERO,Valdivia,4,395153.8,732138.8,SULFUROS,0.05,12/02/2021 11:55:00,XIV
167,ESTUDIO SEGUIMIENTO DESEMPEÑO AMBIENTAL ACUICULTURA EN CHILE Y SU EFECTO EN LOS ECOSISTEMAS DE EMPLAZAMIENTO 2020-2021,Objetivo 1. Actividad 2. Muestreos y Analisis sedimentos,Gastón Vidal,INSTITUTO DE FOMENTO PESQUERO,Valdivia,6,395246.5,732253.5,SULFUROS,0.05,12/02/2021 11:16:00,XIV
168,ESTUDIO SEGUIMIENTO DESEMPEÑO AMBIENTAL ACUICULTURA EN CHILE Y SU EFECTO EN LOS ECOSISTEMAS DE EMPLAZAMIENTO 2020-2021,Objetivo 1. Actividad 2. Muestreos y Analisis sedimentos,Gastón Vidal,INSTITUTO DE FOMENTO PESQUERO,Valdivia,9,395336.9,732146.5,SULFUROS,80.97782972083803,12/02/2021 10:30:00,XIV
169,ESTUDIO SEGUIMIENTO DESEMPEÑO AMBIENTAL ACUICULTURA EN CHILE Y SU EFECTO EN LOS ECOSISTEMAS DE EMPLAZAMIENTO 2020-2021,Objetivo 1. Actividad 2. Muestreos y Analisis sedimentos,Gastón Vidal,INSTITUTO DE FOMENTO PESQUERO,Valdivia,11,395335.9,732219.4,SULFUROS,90.10545200566855,12/02/2021 09:44:00,XIV
170,ESTUDIO SEGUIMIENTO DESEMPEÑO AMBIENTAL ACUICULTURA EN CHILE Y SU EFECTO EN LOS ECOSISTEMAS DE EMPLAZAMIENTO 2020-2021,Objetivo 1. Actividad 2. Muestreos y Analisis sedimentos,Gastón Vidal,INSTITUTO DE FOMENTO PESQUERO,Valdivia,15,395547.5,732341.2,SULFUROS,23.22966046093281,12/02/2021 08:50:00,XIV
1,ESTUDIO SEGUIMIENTO DESEMPEÑO AMBIENTAL ACUICULTURA EN CHILE Y SU EFECTO EN LOS ECOSISTEMAS DE EMPLAZAMIENTO 2020-2021,Objetivo 1. Actividad 2. Muestreos y Analisis sedimentos,Gastón Vidal,INSTITUTO DE FOMENTO PESQUERO,Estuario,1,412614.9,721747.9,MATERIA ORGANICA,3.224046799465798,08/12/2020 19:48:00,X
2,ESTUDIO SEGUIMIENTO DESEMPEÑO AMBIENTAL ACUICULTURA EN CHILE Y SU EFECTO EN LOS ECOSISTEMAS DE EMPLAZAMIENTO 2020-2021,Objetivo 1. Actividad 2. Muestreos y Analisis sedimentos,Gastón Vidal,INSTITUTO DE FOMENTO PESQUERO,Estuario,2,412807.3,721843.5,MATERIA ORGANICA,2.957613709053001,08/12/2020 19:22:00,X
3,ESTUDIO SEGUIMIENTO DESEMPEÑO AMBIENTAL ACUICULTURA EN CHILE Y SU EFECTO EN LOS ECOSISTEMAS DE EMPLAZAMIENTO 2020-2021,Objetivo 1. Actividad 2. Muestreos y Analisis sedimentos,Gastón Vidal,INSTITUTO DE FOMENTO PESQUERO,Estuario,3,412945.4,721845.5,MATERIA ORGANICA,2.940661648870984,08/12/2020 18:56:00,X
4,ESTUDIO SEGUIMIENTO DESEMPEÑO AMBIENTAL ACUICULTURA EN CHILE Y SU EFECTO EN LOS ECOSISTEMAS DE EMPLAZAMIENTO 2020-2021,Objetivo 1. Actividad 2. Muestreos y Analisis sedimentos,Gastón Vidal,INSTITUTO DE FOMENTO PESQUERO,Estuario,5,413039.3,721721.1,MATERIA ORGANICA,12.026643641297555,09/12/2020 08:50:00,X
5,ESTUDIO SEGUIMIENTO DESEMPEÑO AMBIENTAL ACUICULTURA EN CHILE Y SU EFECTO EN LOS ECOSISTEMAS DE EMPLAZAMIENTO 2020-2021,Objetivo 1. Actividad 2. Muestreos y Analisis sedimentos,Gastón Vidal,INSTITUTO DE FOMENTO PESQUERO,Estuario,6,413132.6,722021.4,MATERIA ORGANICA,1.8876848985207915,08/12/2020 18:15:00,X
6,ESTUDIO SEGUIMIENTO DESEMPEÑO AMBIENTAL ACUICULTURA EN CHILE Y SU EFECTO EN LOS ECOSISTEMAS DE EMPLAZAMIENTO 2020-2021,Objetivo 1. Actividad 2. Muestreos y Analisis sedimentos,Gastón Vidal,INSTITUTO DE FOMENTO PESQUERO,Estuario,7,413157.8,721802.6,MATERIA ORGANICA,0.8643858502215575,09/12/2020 09:33:00,X
7,ESTUDIO SEGUIMIENTO DESEMPEÑO AMBIENTAL ACUICULTURA EN CHILE Y SU EFECTO EN LOS ECOSISTEMAS DE EMPLAZAMIENTO 2020-2021,Objetivo 1. Actividad 2. Muestreos y Analisis sedimentos,Gastón Vidal,INSTITUTO DE FOMENTO PESQUERO,Estuario,8,413533.0,722110.7,MATERIA ORGANICA,7.281066999176109,08/12/2020 17:17:00,X
9,ESTUDIO SEGUIMIENTO DESEMPEÑO AMBIENTAL ACUICULTURA EN CHILE Y SU EFECTO EN LOS ECOSISTEMAS DE EMPLAZAMIENTO 2020-2021,Objetivo 1. Actividad 2. Muestreos y Analisis sedimentos,Gastón Vidal,INSTITUTO DE FOMENTO PESQUERO,Estuario,17,414052.7,722801.1,MATERIA ORGANICA,2.2326305235907706,08/12/2020 14:30:00,X
10,ESTUDIO SEGUIMIENTO DESEMPEÑO AMBIENTAL ACUICULTURA EN CHILE Y SU EFECTO EN LOS ECOSISTEMAS DE EMPLAZAMIENTO 2020-2021,Objetivo 1. Actividad 2. Muestreos y Analisis sedimentos,Gastón Vidal,INSTITUTO DE FOMENTO PESQUERO,Estuario,21,414330.8,723048.5,MATERIA ORGANICA,4.667419855952521,08/12/2020 13:40:00,X
11,ESTUDIO SEGUIMIENTO DESEMPEÑO AMBIENTAL ACUICULTURA EN CHILE Y SU EFECTO EN LOS ECOSISTEMAS DE EMPLAZAMIENTO 2020-2021,Objetivo 1. Actividad 2. Muestreos y Analisis sedimentos,Gastón Vidal,INSTITUTO DE FOMENTO PESQUERO,Reloncavi,3,415420.9,725230.7,MATERIA ORGANICA,0.7944656301945552,21/12/2020 12:48:00,X
12,ESTUDIO SEGUIMIENTO DESEMPEÑO AMBIENTAL ACUICULTURA EN CHILE Y SU EFECTO EN LOS ECOSISTEMAS DE EMPLAZAMIENTO 2020-2021,Objetivo 1. Actividad 2. Muestreos y Analisis sedimentos,Gastón Vidal,INSTITUTO DE FOMENTO PESQUERO,Reloncavi,4,415223.0,725351.4,MATERIA ORGANICA,1.3225955136740413,21/12/2020 14:10:00,X
13,ESTUDIO SEGUIMIENTO DESEMPEÑO AMBIENTAL ACUICULTURA EN CHILE Y SU EFECTO EN LOS ECOSISTEMAS DE EMPLAZAMIENTO 2020-2021,Objetivo 1. Actividad 2. Muestreos y Analisis sedimentos,Gastón Vidal,INSTITUTO DE FOMENTO PESQUERO,Reloncavi,5,415307.1,725602.6,MATERIA ORGANICA,0.8097009143034646,21/12/2020 13:15:00,X
14,ESTUDIO SEGUIMIENTO DESEMPEÑO AMBIENTAL ACUICULTURA EN CHILE Y SU EFECTO EN LOS ECOSISTEMAS DE EMPLAZAMIENTO 2020-2021,Objetivo 1. Actividad 2. Muestreos y Analisis sedimentos,Gastón Vidal,INSTITUTO DE FOMENTO PESQUERO,Reloncavi,7,414413.7,730243.4,MATERIA ORGANICA,0.9113650362660184,13/12/2020 16:50:00,X
15,ESTUDIO SEGUIMIENTO DESEMPEÑO AMBIENTAL ACUICULTURA EN CHILE Y SU EFECTO EN LOS ECOSISTEMAS DE EMPLAZAMIENTO 2020-2021,Objetivo 1. Actividad 2. Muestreos y Analisis sedimentos,Gastón Vidal,INSTITUTO DE FOMENTO PESQUERO,Reloncavi,13,412948.4,725730.9,MATERIA ORGANICA,0.7272288962995406,07/12/2020 08:20:00,X
16,ESTUDIO SEGUIMIENTO DESEMPEÑO AMBIENTAL ACUICULTURA EN CHILE Y SU EFECTO EN LOS ECOSISTEMAS DE EMPLAZAMIENTO 2020-2021,Objetivo 1. Actividad 2. Muestreos y Analisis sedimentos,Gastón Vidal,INSTITUTO DE FOMENTO PESQUERO,Reloncavi,15,413105.3,724724.2,MATERIA ORGANICA,1.2532267466066997,07/12/2020 09:49:00,X
17,ESTUDIO SEGUIMIENTO DESEMPEÑO AMBIENTAL ACUICULTURA EN CHILE Y SU EFECTO EN LOS ECOSISTEMAS DE EMPLAZAMIENTO 2020-2021,Objetivo 1. Actividad 2. Muestreos y Analisis sedimentos,Gastón Vidal,INSTITUTO DE FOMENTO PESQUERO,Reloncavi,17,413450.6,724336.9,MATERIA ORGANICA,1.1560693641618587,07/12/2020 10:47:00,X
18,ESTUDIO SEGUIMIENTO DESEMPEÑO AMBIENTAL ACUICULTURA EN CHILE Y SU EFECTO EN LOS ECOSISTEMAS DE EMPLAZAMIENTO 2020-2021,Objetivo 1. Actividad 2. Muestreos y Analisis sedimentos,Gastón Vidal,INSTITUTO DE FOMENTO PESQUERO,Reloncavi,19,413707.8,724152.2,MATERIA ORGANICA,1.4949494949494966,07/12/2020 12:47:00,X
19,ESTUDIO SEGUIMIENTO DESEMPEÑO AMBIENTAL ACUICULTURA EN CHILE Y SU EFECTO EN LOS ECOSISTEMAS DE EMPLAZAMIENTO 2020-2021,Objetivo 1. Actividad 2. Muestreos y Analisis sedimentos,Gastón Vidal,INSTITUTO DE FOMENTO PESQUERO,Reloncavi,21,413751.5,724023.2,MATERIA ORGANICA,2.418614779213912,07/12/2020 13:14:00,X
20,ESTUDIO SEGUIMIENTO DESEMPEÑO AMBIENTAL ACUICULTURA EN CHILE Y SU EFECTO EN LOS ECOSISTEMAS DE EMPLAZAMIENTO 2020-2021,Objetivo 1. Actividad 2. Muestreos y Analisis sedimentos,Gastón Vidal,INSTITUTO DE FOMENTO PESQUERO,Reloncavi,25,414943.9,724718.2,MATERIA ORGANICA,1.1732680005444136,21/12/2020 15:20:00,X
21,ESTUDIO SEGUIMIENTO DESEMPEÑO AMBIENTAL ACUICULTURA EN CHILE Y SU EFECTO EN LOS ECOSISTEMAS DE EMPLAZAMIENTO 2020-2021,Objetivo 1. Actividad 2. Muestreos y Analisis sedimentos,Gastón Vidal,INSTITUTO DE FOMENTO PESQUERO,Calbuco,1,414442.2,730610.3,MATERIA ORGANICA,0.9118881815803563,13/12/2020 17:31:00,X
22,ESTUDIO SEGUIMIENTO DESEMPEÑO AMBIENTAL ACUICULTURA EN CHILE Y SU EFECTO EN LOS ECOSISTEMAS DE EMPLAZAMIENTO 2020-2021,Objetivo 1. Actividad 2. Muestreos y Analisis sedimentos,Gastón Vidal,INSTITUTO DE FOMENTO PESQUERO,Calbuco,2,414630.1,730505.2,MATERIA ORGANICA,2.5402160864345675,14/12/2020 08:10:00,X
23,ESTUDIO SEGUIMIENTO DESEMPEÑO AMBIENTAL ACUICULTURA EN CHILE Y SU EFECTO EN LOS ECOSISTEMAS DE EMPLAZAMIENTO 2020-2021,Objetivo 1. Actividad 2. Muestreos y Analisis sedimentos,Gastón Vidal,INSTITUTO DE FOMENTO PESQUERO,Calbuco,8,414314.7,730933.2,MATERIA ORGANICA,2.013761195800458,13/12/2020 18:27:00,X
24,ESTUDIO SEGUIMIENTO DESEMPEÑO AMBIENTAL ACUICULTURA EN CHILE Y SU EFECTO EN LOS ECOSISTEMAS DE EMPLAZAMIENTO 2020-2021,Objetivo 1. Actividad 2. Muestreos y Analisis sedimentos,Gastón Vidal,INSTITUTO DE FOMENTO PESQUERO,Calbuco,16,414822.6,731018.3,MATERIA ORGANICA,0.753473675682216,14/12/2020 12:02:00,X
25,ESTUDIO SEGUIMIENTO DESEMPEÑO AMBIENTAL ACUICULTURA EN CHILE Y SU EFECTO EN LOS ECOSISTEMAS DE EMPLAZAMIENTO 2020-2021,Objetivo 1. Actividad 2. Muestreos y Analisis sedimentos,Gastón Vidal,INSTITUTO DE FOMENTO PESQUERO,Calbuco,22,414705.8,730505.2,MATERIA ORGANICA,1.804184516048909,14/12/2020 08:46:00,X
26,ESTUDIO SEGUIMIENTO DESEMPEÑO AMBIENTAL ACUICULTURA EN CHILE Y SU EFECTO EN LOS ECOSISTEMAS DE EMPLAZAMIENTO 2020-2021,Objetivo 1. Actividad 2. Muestreos y Analisis sedimentos,Gastón Vidal,INSTITUTO DE FOMENTO PESQUERO,Calbuco,26,415016.4,730447.2,MATERIA ORGANICA,0.65533777400414,14/12/2020 09:49:00,X
27,ESTUDIO SEGUIMIENTO DESEMPEÑO AMBIENTAL ACUICULTURA EN CHILE Y SU EFECTO EN LOS ECOSISTEMAS DE EMPLAZAMIENTO 2020-2021,Objetivo 1. Actividad 2. Muestreos y Analisis sedimentos,Gastón Vidal,INSTITUTO DE FOMENTO PESQUERO,Calbuco,27,414959.8,730629.1,MATERIA ORGANICA,2.9211933091912323,14/12/2020 10:31:00,X
28,ESTUDIO SEGUIMIENTO DESEMPEÑO AMBIENTAL ACUICULTURA EN CHILE Y SU EFECTO EN LOS ECOSISTEMAS DE EMPLAZAMIENTO 2020-2021,Objetivo 1. Actividad 2. Muestreos y Analisis sedimentos,Gastón Vidal,INSTITUTO DE FOMENTO PESQUERO,Calbuco,30,415019.0,730822.5,MATERIA ORGANICA,0.9186284544524008,14/12/2020 11:15:00,X
29,ESTUDIO SEGUIMIENTO DESEMPEÑO AMBIENTAL ACUICULTURA EN CHILE Y SU EFECTO EN LOS ECOSISTEMAS DE EMPLAZAMIENTO 2020-2021,Objetivo 1. Actividad 2. Muestreos y Analisis sedimentos,Gastón Vidal,INSTITUTO DE FOMENTO PESQUERO,Chacao,2,415659.3,733134.3,MATERIA ORGANICA,0.9927751588440327,15/12/2020 11:58:00,X
30,ESTUDIO SEGUIMIENTO DESEMPEÑO AMBIENTAL ACUICULTURA EN CHILE Y SU EFECTO EN LOS ECOSISTEMAS DE EMPLAZAMIENTO 2020-2021,Objetivo 1. Actividad 2. Muestreos y Analisis sedimentos,Gastón Vidal,INSTITUTO DE FOMENTO PESQUERO,Chacao,6,415415.1,732906.8,MATERIA ORGANICA,0.9771655844568655,15/12/2020 11:20:00,X
31,ESTUDIO SEGUIMIENTO DESEMPEÑO AMBIENTAL ACUICULTURA EN CHILE Y SU EFECTO EN LOS ECOSISTEMAS DE EMPLAZAMIENTO 2020-2021,Objetivo 1. Actividad 2. Muestreos y Analisis sedimentos,Gastón Vidal,INSTITUTO DE FOMENTO PESQUERO,Chacao,12,415217.3,733107.9,MATERIA ORGANICA,1.0297606210912171,15/12/2020 10:28:00,X
32,ESTUDIO SEGUIMIENTO DESEMPEÑO AMBIENTAL ACUICULTURA EN CHILE Y SU EFECTO EN LOS ECOSISTEMAS DE EMPLAZAMIENTO 2020-2021,Objetivo 1. Actividad 2. Muestreos y Analisis sedimentos,Gastón Vidal,INSTITUTO DE FOMENTO PESQUERO,Chacao,14,415115.7,732851.2,MATERIA ORGANICA,0.6992660800257401,15/12/2020 09:50:00,X
33,ESTUDIO SEGUIMIENTO DESEMPEÑO AMBIENTAL ACUICULTURA EN CHILE Y SU EFECTO EN LOS ECOSISTEMAS DE EMPLAZAMIENTO 2020-2021,Objetivo 1. Actividad 2. Muestreos y Analisis sedimentos,Gastón Vidal,INSTITUTO DE FOMENTO PESQUERO,Butachauques,1,421917.6,731519.1,MATERIA ORGANICA,1.0365901846631778,16/12/2020 08:10:00,X
34,ESTUDIO SEGUIMIENTO DESEMPEÑO AMBIENTAL ACUICULTURA EN CHILE Y SU EFECTO EN LOS ECOSISTEMAS DE EMPLAZAMIENTO 2020-2021,Objetivo 1. Actividad 2. Muestreos y Analisis sedimentos,Gastón Vidal,INSTITUTO DE FOMENTO PESQUERO,Butachauques,3,421702.6,731506.7,MATERIA ORGANICA,1.3254694630788912,16/12/2020 08:55:00,X
35,ESTUDIO SEGUIMIENTO DESEMPEÑO AMBIENTAL ACUICULTURA EN CHILE Y SU EFECTO EN LOS ECOSISTEMAS DE EMPLAZAMIENTO 2020-2021,Objetivo 1. Actividad 2. Muestreos y Analisis sedimentos,Gastón Vidal,INSTITUTO DE FOMENTO PESQUERO,Butachauques,7,421556.3,730936.2,MATERIA ORGANICA,0.811891537124599,16/12/2020 10:51:00,X
36,ESTUDIO SEGUIMIENTO DESEMPEÑO AMBIENTAL ACUICULTURA EN CHILE Y SU EFECTO EN LOS ECOSISTEMAS DE EMPLAZAMIENTO 2020-2021,Objetivo 1. Actividad 2. Muestreos y Analisis sedimentos,Gastón Vidal,INSTITUTO DE FOMENTO PESQUERO,Butachauques,10,421645.3,732049.7,MATERIA ORGANICA,1.1824347850308643,15/12/2020 16:50:00,X
37,ESTUDIO SEGUIMIENTO DESEMPEÑO AMBIENTAL ACUICULTURA EN CHILE Y SU EFECTO EN LOS ECOSISTEMAS DE EMPLAZAMIENTO 2020-2021,Objetivo 1. Actividad 2. Muestreos y Analisis sedimentos,Gastón Vidal,INSTITUTO DE FOMENTO PESQUERO,Butachauques,12,421224.4,732358.0,MATERIA ORGANICA,0.8203856603972765,15/12/2020 15:40:00,X
38,ESTUDIO SEGUIMIENTO DESEMPEÑO AMBIENTAL ACUICULTURA EN CHILE Y SU EFECTO EN LOS ECOSISTEMAS DE EMPLAZAMIENTO 2020-2021,Objetivo 1. Actividad 2. Muestreos y Analisis sedimentos,Gastón Vidal,INSTITUTO DE FOMENTO PESQUERO,Butachauques,13,421021.7,732609.5,MATERIA ORGANICA,1.1912107284518012,15/12/2020 15:10:00,X
39,ESTUDIO SEGUIMIENTO DESEMPEÑO AMBIENTAL ACUICULTURA EN CHILE Y SU EFECTO EN LOS ECOSISTEMAS DE EMPLAZAMIENTO 2020-2021,Objetivo 1. Actividad 2. Muestreos y Analisis sedimentos,Gastón Vidal,INSTITUTO DE FOMENTO PESQUERO,Butachauques,14,420929.5,732804.6,MATERIA ORGANICA,1.236250759160533,15/12/2020 14:40:00,X
40,ESTUDIO SEGUIMIENTO DESEMPEÑO AMBIENTAL ACUICULTURA EN CHILE Y SU EFECTO EN LOS ECOSISTEMAS DE EMPLAZAMIENTO 2020-2021,Objetivo 1. Actividad 2. Muestreos y Analisis sedimentos,Gastón Vidal,INSTITUTO DE FOMENTO PESQUERO,Chaulinec,3,423622.9,731526.5,MATERIA ORGANICA,0.8722696017688322,14/10/2020 09:00:00,X
41,ESTUDIO SEGUIMIENTO DESEMPEÑO AMBIENTAL ACUICULTURA EN CHILE Y SU EFECTO EN LOS ECOSISTEMAS DE EMPLAZAMIENTO 2020-2021,Objetivo 1. Actividad 2. Muestreos y Analisis sedimentos,Gastón Vidal,INSTITUTO DE FOMENTO PESQUERO,Chaulinec,4,423422.1,731353.2,MATERIA ORGANICA,1.1936728018356617,14/10/2020 09:25:00,X
42,ESTUDIO SEGUIMIENTO DESEMPEÑO AMBIENTAL ACUICULTURA EN CHILE Y SU EFECTO EN LOS ECOSISTEMAS DE EMPLAZAMIENTO 2020-2021,Objetivo 1. Actividad 2. Muestreos y Analisis sedimentos,Gastón Vidal,INSTITUTO DE FOMENTO PESQUERO,Chaulinec,7,422803.3,732256.7,MATERIA ORGANICA,0.7152584221042911,16/12/2020 14:02:00,X
43,ESTUDIO SEGUIMIENTO DESEMPEÑO AMBIENTAL ACUICULTURA EN CHILE Y SU EFECTO EN LOS ECOSISTEMAS DE EMPLAZAMIENTO 2020-2021,Objetivo 1. Actividad 2. Muestreos y Analisis sedimentos,Gastón Vidal,INSTITUTO DE FOMENTO PESQUERO,Chaulinec,10,422429.1,731921.4,MATERIA ORGANICA,1.4490770685108525,16/12/2020 13:05:00,X
44,ESTUDIO SEGUIMIENTO DESEMPEÑO AMBIENTAL ACUICULTURA EN CHILE Y SU EFECTO EN LOS ECOSISTEMAS DE EMPLAZAMIENTO 2020-2021,Objetivo 1. Actividad 2. Muestreos y Analisis sedimentos,Gastón Vidal,INSTITUTO DE FOMENTO PESQUERO,Chaulinec,13,422634.7,733044.2,MATERIA ORGANICA,1.1261084516989497,16/12/2020 15:05:00,X
45,ESTUDIO SEGUIMIENTO DESEMPEÑO AMBIENTAL ACUICULTURA EN CHILE Y SU EFECTO EN LOS ECOSISTEMAS DE EMPLAZAMIENTO 2020-2021,Objetivo 1. Actividad 2. Muestreos y Analisis sedimentos,Gastón Vidal,INSTITUTO DE FOMENTO PESQUERO,Tenaun,2,422246.5,733559.1,MATERIA ORGANICA,1.1020809392609794,16/12/2020 17:00:00,X
46,ESTUDIO SEGUIMIENTO DESEMPEÑO AMBIENTAL ACUICULTURA EN CHILE Y SU EFECTO EN LOS ECOSISTEMAS DE EMPLAZAMIENTO 2020-2021,Objetivo 1. Actividad 2. Muestreos y Analisis sedimentos,Gastón Vidal,INSTITUTO DE FOMENTO PESQUERO,Tenaun,3,422307.4,733744.8,MATERIA ORGANICA,1.130001409298816,16/12/2020 18:08:00,X
47,ESTUDIO SEGUIMIENTO DESEMPEÑO AMBIENTAL ACUICULTURA EN CHILE Y SU EFECTO EN LOS ECOSISTEMAS DE EMPLAZAMIENTO 2020-2021,Objetivo 1. Actividad 2. Muestreos y Analisis sedimentos,Gastón Vidal,INSTITUTO DE FOMENTO PESQUERO,Tenaun,6,422215.1,733731.1,MATERIA ORGANICA,1.062849496976846,16/12/2020 17:35:00,X
48,ESTUDIO SEGUIMIENTO DESEMPEÑO AMBIENTAL ACUICULTURA EN CHILE Y SU EFECTO EN LOS ECOSISTEMAS DE EMPLAZAMIENTO 2020-2021,Objetivo 1. Actividad 2. Muestreos y Analisis sedimentos,Gastón Vidal,INSTITUTO DE FOMENTO PESQUERO,Tenaun,9,422139.1,733441.7,MATERIA ORGANICA,0.8960819846278809,16/12/2020 16:36:00,X
49,ESTUDIO SEGUIMIENTO DESEMPEÑO AMBIENTAL ACUICULTURA EN CHILE Y SU EFECTO EN LOS ECOSISTEMAS DE EMPLAZAMIENTO 2020-2021,Objetivo 1. Actividad 2. Muestreos y Analisis sedimentos,Gastón Vidal,INSTITUTO DE FOMENTO PESQUERO,Tenaun,14,422026.0,733200.9,MATERIA ORGANICA,1.0258392937689185,16/12/2020 16:06:00,X
50,ESTUDIO SEGUIMIENTO DESEMPEÑO AMBIENTAL ACUICULTURA EN CHILE Y SU EFECTO EN LOS ECOSISTEMAS DE EMPLAZAMIENTO 2020-2021,Objetivo 1. Actividad 2. Muestreos y Analisis sedimentos,Gastón Vidal,INSTITUTO DE FOMENTO PESQUERO,Chiloe central,1,423046.9,734515.6,MATERIA ORGANICA,1.627414659962968,17/12/2020 13:15:00,X
51,ESTUDIO SEGUIMIENTO DESEMPEÑO AMBIENTAL ACUICULTURA EN CHILE Y SU EFECTO EN LOS ECOSISTEMAS DE EMPLAZAMIENTO 2020-2021,Objetivo 1. Actividad 2. Muestreos y Analisis sedimentos,Gastón Vidal,INSTITUTO DE FOMENTO PESQUERO,Chiloe central,4,423259.2,734015.8,MATERIA ORGANICA,1.572931208447908,17/12/2020 11:42:00,X
52,ESTUDIO SEGUIMIENTO DESEMPEÑO AMBIENTAL ACUICULTURA EN CHILE Y SU EFECTO EN LOS ECOSISTEMAS DE EMPLAZAMIENTO 2020-2021,Objetivo 1. Actividad 2. Muestreos y Analisis sedimentos,Gastón Vidal,INSTITUTO DE FOMENTO PESQUERO,Chiloe central,6,423209.3,733613.2,MATERIA ORGANICA,1.0570913799898525,17/12/2020 11:05:00,X
53,ESTUDIO SEGUIMIENTO DESEMPEÑO AMBIENTAL ACUICULTURA EN CHILE Y SU EFECTO EN LOS ECOSISTEMAS DE EMPLAZAMIENTO 2020-2021,Objetivo 1. Actividad 2. Muestreos y Analisis sedimentos,Gastón Vidal,INSTITUTO DE FOMENTO PESQUERO,Chiloe central,7,423029.3,733611.3,MATERIA ORGANICA,1.1353929852688167,17/12/2020 08:25:00,X
54,ESTUDIO SEGUIMIENTO DESEMPEÑO AMBIENTAL ACUICULTURA EN CHILE Y SU EFECTO EN LOS ECOSISTEMAS DE EMPLAZAMIENTO 2020-2021,Objetivo 1. Actividad 2. Muestreos y Analisis sedimentos,Gastón Vidal,INSTITUTO DE FOMENTO PESQUERO,Chiloe central,11,422833.3,733241.1,MATERIA ORGANICA,1.0447526413758619,17/12/2020 09:09:00,X
55,ESTUDIO SEGUIMIENTO DESEMPEÑO AMBIENTAL ACUICULTURA EN CHILE Y SU EFECTO EN LOS ECOSISTEMAS DE EMPLAZAMIENTO 2020-2021,Objetivo 1. Actividad 2. Muestreos y Analisis sedimentos,Gastón Vidal,INSTITUTO DE FOMENTO PESQUERO,Chiloe central,12,423059.3,732821.5,MATERIA ORGANICA,1.1054509722796815,17/12/2020 09:58:00,X
56,ESTUDIO SEGUIMIENTO DESEMPEÑO AMBIENTAL ACUICULTURA EN CHILE Y SU EFECTO EN LOS ECOSISTEMAS DE EMPLAZAMIENTO 2020-2021,Objetivo 1. Actividad 2. Muestreos y Analisis sedimentos,Gastón Vidal,INSTITUTO DE FOMENTO PESQUERO,Chiloe central,16,424213.5,733738.2,MATERIA ORGANICA,1.0001748120770375,13/10/2020 15:30:00,X
57,ESTUDIO SEGUIMIENTO DESEMPEÑO AMBIENTAL ACUICULTURA EN CHILE Y SU EFECTO EN LOS ECOSISTEMAS DE EMPLAZAMIENTO 2020-2021,Objetivo 1. Actividad 2. Muestreos y Analisis sedimentos,Gastón Vidal,INSTITUTO DE FOMENTO PESQUERO,Chiloe central,26,423654.6,732710.2,MATERIA ORGANICA,1.0115120941663298,13/10/2020 17:55:00,X
58,ESTUDIO SEGUIMIENTO DESEMPEÑO AMBIENTAL ACUICULTURA EN CHILE Y SU EFECTO EN LOS ECOSISTEMAS DE EMPLAZAMIENTO 2020-2021,Objetivo 1. Actividad 2. Muestreos y Analisis sedimentos,Gastón Vidal,INSTITUTO DE FOMENTO PESQUERO,Desertores,1,424703.0,725635.9,MATERIA ORGANICA,1.0389310923508448,18/12/2020 13:10:00,X
59,ESTUDIO SEGUIMIENTO DESEMPEÑO AMBIENTAL ACUICULTURA EN CHILE Y SU EFECTO EN LOS ECOSISTEMAS DE EMPLAZAMIENTO 2020-2021,Objetivo 1. Actividad 2. Muestreos y Analisis sedimentos,Gastón Vidal,INSTITUTO DE FOMENTO PESQUERO,Desertores,2,424756.1,725723.7,MATERIA ORGANICA,1.0998818742616692,18/12/2020 11:25:00,X
60,ESTUDIO SEGUIMIENTO DESEMPEÑO AMBIENTAL ACUICULTURA EN CHILE Y SU EFECTO EN LOS ECOSISTEMAS DE EMPLAZAMIENTO 2020-2021,Objetivo 1. Actividad 2. Muestreos y Analisis sedimentos,Gastón Vidal,INSTITUTO DE FOMENTO PESQUERO,Desertores,3,424536.0,725951.7,MATERIA ORGANICA,1.267460262850045,18/12/2020 11:50:00,X
61,ESTUDIO SEGUIMIENTO DESEMPEÑO AMBIENTAL ACUICULTURA EN CHILE Y SU EFECTO EN LOS ECOSISTEMAS DE EMPLAZAMIENTO 2020-2021,Objetivo 1. Actividad 2. Muestreos y Analisis sedimentos,Gastón Vidal,INSTITUTO DE FOMENTO PESQUERO,Desertores,6,424206.5,730534.1,MATERIA ORGANICA,0.9458998831320619,18/12/2020 10:50:00,X
62,ESTUDIO SEGUIMIENTO DESEMPEÑO AMBIENTAL ACUICULTURA EN CHILE Y SU EFECTO EN LOS ECOSISTEMAS DE EMPLAZAMIENTO 2020-2021,Objetivo 1. Actividad 2. Muestreos y Analisis sedimentos,Gastón Vidal,INSTITUTO DE FOMENTO PESQUERO,Quellon,6,431143.2,733811.2,MATERIA ORGANICA,0.7719642200710604,11/10/2020 16:05:00,X
63,ESTUDIO SEGUIMIENTO DESEMPEÑO AMBIENTAL ACUICULTURA EN CHILE Y SU EFECTO EN LOS ECOSISTEMAS DE EMPLAZAMIENTO 2020-2021,Objetivo 1. Actividad 2. Muestreos y Analisis sedimentos,Gastón Vidal,INSTITUTO DE FOMENTO PESQUERO,Quellon,8,430739.5,734328.6,MATERIA ORGANICA,11.260839727993034,11/10/2020 13:40:00,X
64,ESTUDIO SEGUIMIENTO DESEMPEÑO AMBIENTAL ACUICULTURA EN CHILE Y SU EFECTO EN LOS ECOSISTEMAS DE EMPLAZAMIENTO 2020-2021,Objetivo 1. Actividad 2. Muestreos y Analisis sedimentos,Gastón Vidal,INSTITUTO DE FOMENTO PESQUERO,Quellon,11,430832.2,734013.7,MATERIA ORGANICA,1.208664445014105,11/10/2020 15:00:00,X
65,ESTUDIO SEGUIMIENTO DESEMPEÑO AMBIENTAL ACUICULTURA EN CHILE Y SU EFECTO EN LOS ECOSISTEMAS DE EMPLAZAMIENTO 2020-2021,Objetivo 1. Actividad 2. Muestreos y Analisis sedimentos,Gastón Vidal,INSTITUTO DE FOMENTO PESQUERO,Quellon,12,431133.5,733423.8,MATERIA ORGANICA,1.3880448594000365,12/10/2020 09:10:00,X
66,ESTUDIO SEGUIMIENTO DESEMPEÑO AMBIENTAL ACUICULTURA EN CHILE Y SU EFECTO EN LOS ECOSISTEMAS DE EMPLAZAMIENTO 2020-2021,Objetivo 1. Actividad 2. Muestreos y Analisis sedimentos,Gastón Vidal,INSTITUTO DE FOMENTO PESQUERO,Quellon,13,430826.2,733310.7,MATERIA ORGANICA,2.247174031312362,12/10/2020 13:15:00,X
67,ESTUDIO SEGUIMIENTO DESEMPEÑO AMBIENTAL ACUICULTURA EN CHILE Y SU EFECTO EN LOS ECOSISTEMAS DE EMPLAZAMIENTO 2020-2021,Objetivo 1. Actividad 2. Muestreos y Analisis sedimentos,Gastón Vidal,INSTITUTO DE FOMENTO PESQUERO,Quellon,19,430307.5,732746.7,MATERIA ORGANICA,0.9845956354300243,12/10/2020 15:29:00,X
68,ESTUDIO SEGUIMIENTO DESEMPEÑO AMBIENTAL ACUICULTURA EN CHILE Y SU EFECTO EN LOS ECOSISTEMAS DE EMPLAZAMIENTO 2020-2021,Objetivo 1. Actividad 2. Muestreos y Analisis sedimentos,Gastón Vidal,INSTITUTO DE FOMENTO PESQUERO,Quellon,21,430206.1,733133.1,MATERIA ORGANICA,0.9476433605901409,12/10/2020 17:05:00,X
69,ESTUDIO SEGUIMIENTO DESEMPEÑO AMBIENTAL ACUICULTURA EN CHILE Y SU EFECTO EN LOS ECOSISTEMAS DE EMPLAZAMIENTO 2020-2021,Objetivo 1. Actividad 2. Muestreos y Analisis sedimentos,Gastón Vidal,INSTITUTO DE FOMENTO PESQUERO,Quellon,22,425921.8,732805.5,MATERIA ORGANICA,0.8740824097457652,12/10/2020 18:15:00,X
70,ESTUDIO SEGUIMIENTO DESEMPEÑO AMBIENTAL ACUICULTURA EN CHILE Y SU EFECTO EN LOS ECOSISTEMAS DE EMPLAZAMIENTO 2020-2021,Objetivo 1. Actividad 2. Muestreos y Analisis sedimentos,Gastón Vidal,INSTITUTO DE FOMENTO PESQUERO,Quellon,26,425621.2,733649.9,MATERIA ORGANICA,2.9357531760435753,13/10/2020 08:57:00,X
71,ESTUDIO SEGUIMIENTO DESEMPEÑO AMBIENTAL ACUICULTURA EN CHILE Y SU EFECTO EN LOS ECOSISTEMAS DE EMPLAZAMIENTO 2020-2021,Objetivo 1. Actividad 2. Muestreos y Analisis sedimentos,Gastón Vidal,INSTITUTO DE FOMENTO PESQUERO,Quellon,28,425525.9,733504.7,MATERIA ORGANICA,1.879457242032157,13/10/2020 09:50:00,X
72,ESTUDIO SEGUIMIENTO DESEMPEÑO AMBIENTAL ACUICULTURA EN CHILE Y SU EFECTO EN LOS ECOSISTEMAS DE EMPLAZAMIENTO 2020-2021,Objetivo 1. Actividad 2. Muestreos y Analisis sedimentos,Gastón Vidal,INSTITUTO DE FOMENTO PESQUERO,Quellon,32,425122.8,734130.9,MATERIA ORGANICA,2.987750224081278,13/10/2020 11:14:00,X
73,ESTUDIO SEGUIMIENTO DESEMPEÑO AMBIENTAL ACUICULTURA EN CHILE Y SU EFECTO EN LOS ECOSISTEMAS DE EMPLAZAMIENTO 2020-2021,Objetivo 1. Actividad 2. Muestreos y Analisis sedimentos,Gastón Vidal,INSTITUTO DE FOMENTO PESQUERO,Quellon,39,425415.3,732927.9,MATERIA ORGANICA,0.7880932660693577,13/10/2020 12:40:00,X
74,ESTUDIO SEGUIMIENTO DESEMPEÑO AMBIENTAL ACUICULTURA EN CHILE Y SU EFECTO EN LOS ECOSISTEMAS DE EMPLAZAMIENTO 2020-2021,Objetivo 1. Actividad 2. Muestreos y Analisis sedimentos,Gastón Vidal,INSTITUTO DE FOMENTO PESQUERO,Hornopiren,3,420427.1,722759.7,MATERIA ORGANICA,2.0500429871631582,20/12/2020 00:00:00,X
75,ESTUDIO SEGUIMIENTO DESEMPEÑO AMBIENTAL ACUICULTURA EN CHILE Y SU EFECTO EN LOS ECOSISTEMAS DE EMPLAZAMIENTO 2020-2021,Objetivo 1. Actividad 2. Muestreos y Analisis sedimentos,Gastón Vidal,INSTITUTO DE FOMENTO PESQUERO,Hornopiren,6,420209.6,723558.5,MATERIA ORGANICA,1.9753189972425,21/12/2020 09:53:00,X
76,ESTUDIO SEGUIMIENTO DESEMPEÑO AMBIENTAL ACUICULTURA EN CHILE Y SU EFECTO EN LOS ECOSISTEMAS DE EMPLAZAMIENTO 2020-2021,Objetivo 1. Actividad 2. Muestreos y Analisis sedimentos,Gastón Vidal,INSTITUTO DE FOMENTO PESQUERO,Hornopiren,7,420301.3,723537.3,MATERIA ORGANICA,2.584322070955877,21/12/2020 08:54:00,X
77,ESTUDIO SEGUIMIENTO DESEMPEÑO AMBIENTAL ACUICULTURA EN CHILE Y SU EFECTO EN LOS ECOSISTEMAS DE EMPLAZAMIENTO 2020-2021,Objetivo 1. Actividad 2. Muestreos y Analisis sedimentos,Gastón Vidal,INSTITUTO DE FOMENTO PESQUERO,Hornopiren,13,421433.8,722650.7,MATERIA ORGANICA,1.5898851911059555,20/12/2020 17:20:00,X
78,ESTUDIO SEGUIMIENTO DESEMPEÑO AMBIENTAL ACUICULTURA EN CHILE Y SU EFECTO EN LOS ECOSISTEMAS DE EMPLAZAMIENTO 2020-2021,Objetivo 1. Actividad 2. Muestreos y Analisis sedimentos,Gastón Vidal,INSTITUTO DE FOMENTO PESQUERO,Hornopiren,14,421524.5,722346.8,MATERIA ORGANICA,0.3353580669161174,20/12/2020 00:00:00,X
79,ESTUDIO SEGUIMIENTO DESEMPEÑO AMBIENTAL ACUICULTURA EN CHILE Y SU EFECTO EN LOS ECOSISTEMAS DE EMPLAZAMIENTO 2020-2021,Objetivo 1. Actividad 2. Muestreos y Analisis sedimentos,Gastón Vidal,INSTITUTO DE FOMENTO PESQUERO,Ayacara,1,421853.1,724721.9,MATERIA ORGANICA,1.442753305039287,20/12/2020 09:08:00,X
80,ESTUDIO SEGUIMIENTO DESEMPEÑO AMBIENTAL ACUICULTURA EN CHILE Y SU EFECTO EN LOS ECOSISTEMAS DE EMPLAZAMIENTO 2020-2021,Objetivo 1. Actividad 2. Muestreos y Analisis sedimentos,Gastón Vidal,INSTITUTO DE FOMENTO PESQUERO,Ayacara,2,422434.1,724307.0,MATERIA ORGANICA,1.1836745151289723,19/12/2020 19:00:00,X
81,ESTUDIO SEGUIMIENTO DESEMPEÑO AMBIENTAL ACUICULTURA EN CHILE Y SU EFECTO EN LOS ECOSISTEMAS DE EMPLAZAMIENTO 2020-2021,Objetivo 1. Actividad 2. Muestreos y Analisis sedimentos,Gastón Vidal,INSTITUTO DE FOMENTO PESQUERO,Ayacara,3,423409.7,723139.7,MATERIA ORGANICA,0.8705938646392701,19/12/2020 16:20:00,X
82,ESTUDIO SEGUIMIENTO DESEMPEÑO AMBIENTAL ACUICULTURA EN CHILE Y SU EFECTO EN LOS ECOSISTEMAS DE EMPLAZAMIENTO 2020-2021,Objetivo 1. Actividad 2. Muestreos y Analisis sedimentos,Gastón Vidal,INSTITUTO DE FOMENTO PESQUERO,Ayacara,4,423117.9,724140.8,MATERIA ORGANICA,1.5066718313809826,19/12/2020 15:11:00,X
83,ESTUDIO SEGUIMIENTO DESEMPEÑO AMBIENTAL ACUICULTURA EN CHILE Y SU EFECTO EN LOS ECOSISTEMAS DE EMPLAZAMIENTO 2020-2021,Objetivo 1. Actividad 2. Muestreos y Analisis sedimentos,Gastón Vidal,INSTITUTO DE FOMENTO PESQUERO,Ayacara,7,423730.6,725115.4,MATERIA ORGANICA,1.1208049417308465,19/12/2020 11:02:00,X
84,ESTUDIO SEGUIMIENTO DESEMPEÑO AMBIENTAL ACUICULTURA EN CHILE Y SU EFECTO EN LOS ECOSISTEMAS DE EMPLAZAMIENTO 2020-2021,Objetivo 1. Actividad 2. Muestreos y Analisis sedimentos,Gastón Vidal,INSTITUTO DE FOMENTO PESQUERO,Ayacara,9,424232.8,725058.9,MATERIA ORGANICA,0.8649574163456057,19/12/2020 09:55:00,X
85,ESTUDIO SEGUIMIENTO DESEMPEÑO AMBIENTAL ACUICULTURA EN CHILE Y SU EFECTO EN LOS ECOSISTEMAS DE EMPLAZAMIENTO 2020-2021,Objetivo 1. Actividad 2. Muestreos y Analisis sedimentos,Gastón Vidal,INSTITUTO DE FOMENTO PESQUERO,Chaiten,3,424711.1,725049.9,MATERIA ORGANICA,0.4196699544765122,19/12/2020 08:48:00,X
86,ESTUDIO SEGUIMIENTO DESEMPEÑO AMBIENTAL ACUICULTURA EN CHILE Y SU EFECTO EN LOS ECOSISTEMAS DE EMPLAZAMIENTO 2020-2021,Objetivo 1. Actividad 2. Muestreos y Analisis sedimentos,Gastón Vidal,INSTITUTO DE FOMENTO PESQUERO,Chaiten,4,425527.6,724459.6,MATERIA ORGANICA,2.3315065859051765,18/12/2020 17:56:00,X
87,ESTUDIO SEGUIMIENTO DESEMPEÑO AMBIENTAL ACUICULTURA EN CHILE Y SU EFECTO EN LOS ECOSISTEMAS DE EMPLAZAMIENTO 2020-2021,Objetivo 1. Actividad 2. Muestreos y Analisis sedimentos,Gastón Vidal,INSTITUTO DE FOMENTO PESQUERO,Chaiten,12,431438.9,725308.2,MATERIA ORGANICA,0.44327029326966294,02/02/2021 15:26:00,X
88,ESTUDIO SEGUIMIENTO DESEMPEÑO AMBIENTAL ACUICULTURA EN CHILE Y SU EFECTO EN LOS ECOSISTEMAS DE EMPLAZAMIENTO 2020-2021,Objetivo 1. Actividad 2. Muestreos y Analisis sedimentos,Gastón Vidal,INSTITUTO DE FOMENTO PESQUERO,Chaiten,14,431550.9,725835.0,MATERIA ORGANICA,1.387521001100704,02/02/2021 14:40:00,X
89,ESTUDIO SEGUIMIENTO DESEMPEÑO AMBIENTAL ACUICULTURA EN CHILE Y SU EFECTO EN LOS ECOSISTEMAS DE EMPLAZAMIENTO 2020-2021,Objetivo 1. Actividad 2. Muestreos y Analisis sedimentos,Gastón Vidal,INSTITUTO DE FOMENTO PESQUERO,Chaiten,18,433529.8,730022.5,MATERIA ORGANICA,0.7964252858456741,02/02/2021 10:20:00,X
90,ESTUDIO SEGUIMIENTO DESEMPEÑO AMBIENTAL ACUICULTURA EN CHILE Y SU EFECTO EN LOS ECOSISTEMAS DE EMPLAZAMIENTO 2020-2021,Objetivo 1. Actividad 2. Muestreos y Analisis sedimentos,Gastón Vidal,INSTITUTO DE FOMENTO PESQUERO,Chaiten,19,433757.9,725704.9,MATERIA ORGANICA,0.9077510089948507,02/02/2021 09:45:00,X
91,ESTUDIO SEGUIMIENTO DESEMPEÑO AMBIENTAL ACUICULTURA EN CHILE Y SU EFECTO EN LOS ECOSISTEMAS DE EMPLAZAMIENTO 2020-2021,Objetivo 1. Actividad 2. Muestreos y Analisis sedimentos,Gastón Vidal,INSTITUTO DE FOMENTO PESQUERO,Chaiten,20,434146.5,725944.6,MATERIA ORGANICA,0.47368421052632653,02/02/2021 08:45:00,X
92,ESTUDIO SEGUIMIENTO DESEMPEÑO AMBIENTAL ACUICULTURA EN CHILE Y SU EFECTO EN LOS ECOSISTEMAS DE EMPLAZAMIENTO 2020-2021,Objetivo 1. Actividad 2. Muestreos y Analisis sedimentos,Gastón Vidal,INSTITUTO DE FOMENTO PESQUERO,Guaitecas,1,442931.1,740942.8,MATERIA ORGANICA,0.9704227533165019,21/01/2021 08:30:00,XI
93,ESTUDIO SEGUIMIENTO DESEMPEÑO AMBIENTAL ACUICULTURA EN CHILE Y SU EFECTO EN LOS ECOSISTEMAS DE EMPLAZAMIENTO 2020-2021,Objetivo 1. Actividad 2. Muestreos y Analisis sedimentos,Gastón Vidal,INSTITUTO DE FOMENTO PESQUERO,Guaitecas,2,442654.0,740814.0,MATERIA ORGANICA,0.9442894474391799,20/01/2021 15:51:00,XI
94,ESTUDIO SEGUIMIENTO DESEMPEÑO AMBIENTAL ACUICULTURA EN CHILE Y SU EFECTO EN LOS ECOSISTEMAS DE EMPLAZAMIENTO 2020-2021,Objetivo 1. Actividad 2. Muestreos y Analisis sedimentos,Gastón Vidal,INSTITUTO DE FOMENTO PESQUERO,Guaitecas,4,441418.4,741320.7,MATERIA ORGANICA,1.4923728606057656,20/01/2021 13:40:00,XI
95,ESTUDIO SEGUIMIENTO DESEMPEÑO AMBIENTAL ACUICULTURA EN CHILE Y SU EFECTO EN LOS ECOSISTEMAS DE EMPLAZAMIENTO 2020-2021,Objetivo 1. Actividad 2. Muestreos y Analisis sedimentos,Gastón Vidal,INSTITUTO DE FOMENTO PESQUERO,Guaitecas,6,440829.0,740209.0,MATERIA ORGANICA,0.8409412369808454,20/01/2021 11:25:00,XI
96,ESTUDIO SEGUIMIENTO DESEMPEÑO AMBIENTAL ACUICULTURA EN CHILE Y SU EFECTO EN LOS ECOSISTEMAS DE EMPLAZAMIENTO 2020-2021,Objetivo 1. Actividad 2. Muestreos y Analisis sedimentos,Gastón Vidal,INSTITUTO DE FOMENTO PESQUERO,Guaitecas,7,440453.4,735253.7,MATERIA ORGANICA,1.3496731580168462,20/01/2021 10:10:00,XI
97,ESTUDIO SEGUIMIENTO DESEMPEÑO AMBIENTAL ACUICULTURA EN CHILE Y SU EFECTO EN LOS ECOSISTEMAS DE EMPLAZAMIENTO 2020-2021,Objetivo 1. Actividad 2. Muestreos y Analisis sedimentos,Gastón Vidal,INSTITUTO DE FOMENTO PESQUERO,Guaitecas,8,435456.5,735432.1,MATERIA ORGANICA,1.2727324150804629,19/01/2021 09:15:00,XI
98,ESTUDIO SEGUIMIENTO DESEMPEÑO AMBIENTAL ACUICULTURA EN CHILE Y SU EFECTO EN LOS ECOSISTEMAS DE EMPLAZAMIENTO 2020-2021,Objetivo 1. Actividad 2. Muestreos y Analisis sedimentos,Gastón Vidal,INSTITUTO DE FOMENTO PESQUERO,Guaitecas,9,435329.1,735219.9,MATERIA ORGANICA,1.1476503434303094,19/01/2021 08:20:00,XI
99,ESTUDIO SEGUIMIENTO DESEMPEÑO AMBIENTAL ACUICULTURA EN CHILE Y SU EFECTO EN LOS ECOSISTEMAS DE EMPLAZAMIENTO 2020-2021,Objetivo 1. Actividad 2. Muestreos y Analisis sedimentos,Gastón Vidal,INSTITUTO DE FOMENTO PESQUERO,Guaitecas,10,435638.0,734800.0,MATERIA ORGANICA,0.7119614415384162,19/01/2021 10:20:00,XI
100,ESTUDIO SEGUIMIENTO DESEMPEÑO AMBIENTAL ACUICULTURA EN CHILE Y SU EFECTO EN LOS ECOSISTEMAS DE EMPLAZAMIENTO 2020-2021,Objetivo 1. Actividad 2. Muestreos y Analisis sedimentos,Gastón Vidal,INSTITUTO DE FOMENTO PESQUERO,Guaitecas,12,440031.4,734511.0,MATERIA ORGANICA,0.923874311629424,19/01/2021 11:30:00,XI
101,ESTUDIO SEGUIMIENTO DESEMPEÑO AMBIENTAL ACUICULTURA EN CHILE Y SU EFECTO EN LOS ECOSISTEMAS DE EMPLAZAMIENTO 2020-2021,Objetivo 1. Actividad 2. Muestreos y Analisis sedimentos,Gastón Vidal,INSTITUTO DE FOMENTO PESQUERO,Guaitecas,17,441715.5,734639.1,MATERIA ORGANICA,1.0303790730390778,19/01/2021 19:45:00,XI
102,ESTUDIO SEGUIMIENTO DESEMPEÑO AMBIENTAL ACUICULTURA EN CHILE Y SU EFECTO EN LOS ECOSISTEMAS DE EMPLAZAMIENTO 2020-2021,Objetivo 1. Actividad 2. Muestreos y Analisis sedimentos,Gastón Vidal,INSTITUTO DE FOMENTO PESQUERO,Moraleda,2,451131.2,735840.6,MATERIA ORGANICA,0.8913274991897222,22/01/2021 12:41:00,XI
103,ESTUDIO SEGUIMIENTO DESEMPEÑO AMBIENTAL ACUICULTURA EN CHILE Y SU EFECTO EN LOS ECOSISTEMAS DE EMPLAZAMIENTO 2020-2021,Objetivo 1. Actividad 2. Muestreos y Analisis sedimentos,Gastón Vidal,INSTITUTO DE FOMENTO PESQUERO,Moraleda,4,450957.9,740833.4,MATERIA ORGANICA,1.7663338398089665,22/01/2021 11:21:00,XI
104,ESTUDIO SEGUIMIENTO DESEMPEÑO AMBIENTAL ACUICULTURA EN CHILE Y SU EFECTO EN LOS ECOSISTEMAS DE EMPLAZAMIENTO 2020-2021,Objetivo 1. Actividad 2. Muestreos y Analisis sedimentos,Gastón Vidal,INSTITUTO DE FOMENTO PESQUERO,Moraleda,5,450801.8,741520.1,MATERIA ORGANICA,0.7040998217468681,22/01/2021 10:07:00,XI
105,ESTUDIO SEGUIMIENTO DESEMPEÑO AMBIENTAL ACUICULTURA EN CHILE Y SU EFECTO EN LOS ECOSISTEMAS DE EMPLAZAMIENTO 2020-2021,Objetivo 1. Actividad 2. Muestreos y Analisis sedimentos,Gastón Vidal,INSTITUTO DE FOMENTO PESQUERO,Moraleda,12,444145.4,735257.1,MATERIA ORGANICA,1.2248150892744558,21/01/2021 13:21:00,XI
106,ESTUDIO SEGUIMIENTO DESEMPEÑO AMBIENTAL ACUICULTURA EN CHILE Y SU EFECTO EN LOS ECOSISTEMAS DE EMPLAZAMIENTO 2020-2021,Objetivo 1. Actividad 2. Muestreos y Analisis sedimentos,Gastón Vidal,INSTITUTO DE FOMENTO PESQUERO,Moraleda,13,443935.6,735252.9,MATERIA ORGANICA,1.1715770232731988,21/01/2021 12:30:00,XI
107,ESTUDIO SEGUIMIENTO DESEMPEÑO AMBIENTAL ACUICULTURA EN CHILE Y SU EFECTO EN LOS ECOSISTEMAS DE EMPLAZAMIENTO 2020-2021,Objetivo 1. Actividad 2. Muestreos y Analisis sedimentos,Gastón Vidal,INSTITUTO DE FOMENTO PESQUERO,Moraleda,14,443608.6,740025.9,MATERIA ORGANICA,1.1374980297378328,21/01/2021 11:08:00,XI
108,ESTUDIO SEGUIMIENTO DESEMPEÑO AMBIENTAL ACUICULTURA EN CHILE Y SU EFECTO EN LOS ECOSISTEMAS DE EMPLAZAMIENTO 2020-2021,Objetivo 1. Actividad 2. Muestreos y Analisis sedimentos,Gastón Vidal,INSTITUTO DE FOMENTO PESQUERO,Moraleda,16,443308.8,740650.1,MATERIA ORGANICA,2.5546872548096102,21/01/2021 10:17:00,XI
109,ESTUDIO SEGUIMIENTO DESEMPEÑO AMBIENTAL ACUICULTURA EN CHILE Y SU EFECTO EN LOS ECOSISTEMAS DE EMPLAZAMIENTO 2020-2021,Objetivo 1. Actividad 2. Muestreos y Analisis sedimentos,Gastón Vidal,INSTITUTO DE FOMENTO PESQUERO,Moraleda,17,440830.9,733501.0,MATERIA ORGANICA,1.5252826723296926,19/01/2021 13:40:00,XI
110,ESTUDIO SEGUIMIENTO DESEMPEÑO AMBIENTAL ACUICULTURA EN CHILE Y SU EFECTO EN LOS ECOSISTEMAS DE EMPLAZAMIENTO 2020-2021,Objetivo 1. Actividad 2. Muestreos y Analisis sedimentos,Gastón Vidal,INSTITUTO DE FOMENTO PESQUERO,Moraleda,19,434430.9,730056.5,MATERIA ORGANICA,0.8907150904632475,01/02/2021 17:11:00,XI
111,ESTUDIO SEGUIMIENTO DESEMPEÑO AMBIENTAL ACUICULTURA EN CHILE Y SU EFECTO EN LOS ECOSISTEMAS DE EMPLAZAMIENTO 2020-2021,Objetivo 1. Actividad 2. Muestreos y Analisis sedimentos,Gastón Vidal,INSTITUTO DE FOMENTO PESQUERO,Moraleda,25,440204.1,731205.2,MATERIA ORGANICA,0.814353468494293,01/02/2021 12:07:00,XI
112,ESTUDIO SEGUIMIENTO DESEMPEÑO AMBIENTAL ACUICULTURA EN CHILE Y SU EFECTO EN LOS ECOSISTEMAS DE EMPLAZAMIENTO 2020-2021,Objetivo 1. Actividad 2. Muestreos y Analisis sedimentos,Gastón Vidal,INSTITUTO DE FOMENTO PESQUERO,Moraleda,31,442248.0,730431.7,MATERIA ORGANICA,1.3723175220501516,31/01/2021 13:57:00,XI
113,ESTUDIO SEGUIMIENTO DESEMPEÑO AMBIENTAL ACUICULTURA EN CHILE Y SU EFECTO EN LOS ECOSISTEMAS DE EMPLAZAMIENTO 2020-2021,Objetivo 1. Actividad 2. Muestreos y Analisis sedimentos,Gastón Vidal,INSTITUTO DE FOMENTO PESQUERO,Moraleda,32,450149.0,732702.0,MATERIA ORGANICA,2.6679942810457473,29/01/2021 15:45:00,XI
114,ESTUDIO SEGUIMIENTO DESEMPEÑO AMBIENTAL ACUICULTURA EN CHILE Y SU EFECTO EN LOS ECOSISTEMAS DE EMPLAZAMIENTO 2020-2021,Objetivo 1. Actividad 2. Muestreos y Analisis sedimentos,Gastón Vidal,INSTITUTO DE FOMENTO PESQUERO,Puyuhuapi,5,443139.8,724117.0,MATERIA ORGANICA,1.094019551466364,31/01/2021 10:08:00,XI
115,ESTUDIO SEGUIMIENTO DESEMPEÑO AMBIENTAL ACUICULTURA EN CHILE Y SU EFECTO EN LOS ECOSISTEMAS DE EMPLAZAMIENTO 2020-2021,Objetivo 1. Actividad 2. Muestreos y Analisis sedimentos,Gastón Vidal,INSTITUTO DE FOMENTO PESQUERO,Puyuhuapi,7,443955.1,725020.8,MATERIA ORGANICA,9.993480245142747,30/01/2021 14:05:00,XI
116,ESTUDIO SEGUIMIENTO DESEMPEÑO AMBIENTAL ACUICULTURA EN CHILE Y SU EFECTO EN LOS ECOSISTEMAS DE EMPLAZAMIENTO 2020-2021,Objetivo 1. Actividad 2. Muestreos y Analisis sedimentos,Gastón Vidal,INSTITUTO DE FOMENTO PESQUERO,Puyuhuapi,8,444209.3,724807.1,MATERIA ORGANICA,33.16961362147999,30/01/2021 13:20:00,XI
117,ESTUDIO SEGUIMIENTO DESEMPEÑO AMBIENTAL ACUICULTURA EN CHILE Y SU EFECTO EN LOS ECOSISTEMAS DE EMPLAZAMIENTO 2020-2021,Objetivo 1. Actividad 2. Muestreos y Analisis sedimentos,Gastón Vidal,INSTITUTO DE FOMENTO PESQUERO,Puyuhuapi,10,444937.8,725757.3,MATERIA ORGANICA,2.54137776783716,30/01/2021 10:30:00,XI
118,ESTUDIO SEGUIMIENTO DESEMPEÑO AMBIENTAL ACUICULTURA EN CHILE Y SU EFECTO EN LOS ECOSISTEMAS DE EMPLAZAMIENTO 2020-2021,Objetivo 1. Actividad 2. Muestreos y Analisis sedimentos,Gastón Vidal,INSTITUTO DE FOMENTO PESQUERO,Puyuhuapi,12,445441.9,730811.9,MATERIA ORGANICA,7.905472852740767,29/01/2021 18:06:00,XI
119,ESTUDIO SEGUIMIENTO DESEMPEÑO AMBIENTAL ACUICULTURA EN CHILE Y SU EFECTO EN LOS ECOSISTEMAS DE EMPLAZAMIENTO 2020-2021,Objetivo 1. Actividad 2. Muestreos y Analisis sedimentos,Gastón Vidal,INSTITUTO DE FOMENTO PESQUERO,Aysen,1,452639.7,730033.3,MATERIA ORGANICA,13.742002678172897,28/01/2021 15:07:00,XI
120,ESTUDIO SEGUIMIENTO DESEMPEÑO AMBIENTAL ACUICULTURA EN CHILE Y SU EFECTO EN LOS ECOSISTEMAS DE EMPLAZAMIENTO 2020-2021,Objetivo 1. Actividad 2. Muestreos y Analisis sedimentos,Gastón Vidal,INSTITUTO DE FOMENTO PESQUERO,Aysen,3,451953.0,732236.0,MATERIA ORGANICA,2.541874615437208,28/01/2021 11:07:00,XI
121,ESTUDIO SEGUIMIENTO DESEMPEÑO AMBIENTAL ACUICULTURA EN CHILE Y SU EFECTO EN LOS ECOSISTEMAS DE EMPLAZAMIENTO 2020-2021,Objetivo 1. Actividad 2. Muestreos y Analisis sedimentos,Gastón Vidal,INSTITUTO DE FOMENTO PESQUERO,Aysen,5,452421.9,733225.0,MATERIA ORGANICA,1.7305526998580416,27/01/2021 11:50:00,XI
122,ESTUDIO SEGUIMIENTO DESEMPEÑO AMBIENTAL ACUICULTURA EN CHILE Y SU EFECTO EN LOS ECOSISTEMAS DE EMPLAZAMIENTO 2020-2021,Objetivo 1. Actividad 2. Muestreos y Analisis sedimentos,Gastón Vidal,INSTITUTO DE FOMENTO PESQUERO,Aysen,6,453734.9,733550.9,MATERIA ORGANICA,1.15752193953281,26/01/2021 17:45:00,XI
123,ESTUDIO SEGUIMIENTO DESEMPEÑO AMBIENTAL ACUICULTURA EN CHILE Y SU EFECTO EN LOS ECOSISTEMAS DE EMPLAZAMIENTO 2020-2021,Objetivo 1. Actividad 2. Muestreos y Analisis sedimentos,Gastón Vidal,INSTITUTO DE FOMENTO PESQUERO,Aysen,7,454508.5,733655.3,MATERIA ORGANICA,2.502739173058077,26/01/2021 15:06:00,XI
124,ESTUDIO SEGUIMIENTO DESEMPEÑO AMBIENTAL ACUICULTURA EN CHILE Y SU EFECTO EN LOS ECOSISTEMAS DE EMPLAZAMIENTO 2020-2021,Objetivo 1. Actividad 2. Muestreos y Analisis sedimentos,Gastón Vidal,INSTITUTO DE FOMENTO PESQUERO,Aysen,10,455717.6,733619.7,MATERIA ORGANICA,1.5049299429164549,25/01/2021 14:55:00,XI
125,ESTUDIO SEGUIMIENTO DESEMPEÑO AMBIENTAL ACUICULTURA EN CHILE Y SU EFECTO EN LOS ECOSISTEMAS DE EMPLAZAMIENTO 2020-2021,Objetivo 1. Actividad 2. Muestreos y Analisis sedimentos,Gastón Vidal,INSTITUTO DE FOMENTO PESQUERO,Aysen,11,460134.6,733917.0,MATERIA ORGANICA,0.976967325741166,25/01/2021 13:42:00,XI
126,ESTUDIO SEGUIMIENTO DESEMPEÑO AMBIENTAL ACUICULTURA EN CHILE Y SU EFECTO EN LOS ECOSISTEMAS DE EMPLAZAMIENTO 2020-2021,Objetivo 1. Actividad 2. Muestreos y Analisis sedimentos,Gastón Vidal,INSTITUTO DE FOMENTO PESQUERO,Aysen,13,461329.4,734345.5,MATERIA ORGANICA,3.0342444478955994,24/01/2021 09:20:00,XI
127,ESTUDIO SEGUIMIENTO DESEMPEÑO AMBIENTAL ACUICULTURA EN CHILE Y SU EFECTO EN LOS ECOSISTEMAS DE EMPLAZAMIENTO 2020-2021,Objetivo 1. Actividad 2. Muestreos y Analisis sedimentos,Gastón Vidal,INSTITUTO DE FOMENTO PESQUERO,Aysen,18,460557.7,735202.9,MATERIA ORGANICA,1.5393548387097113,23/01/2021 18:34:00,XI
128,ESTUDIO SEGUIMIENTO DESEMPEÑO AMBIENTAL ACUICULTURA EN CHILE Y SU EFECTO EN LOS ECOSISTEMAS DE EMPLAZAMIENTO 2020-2021,Objetivo 1. Actividad 2. Muestreos y Analisis sedimentos,Gastón Vidal,INSTITUTO DE FOMENTO PESQUERO,Aysen,19,460107.9,735645.7,MATERIA ORGANICA,2.256139987268502,23/01/2021 17:25:00,XI
129,ESTUDIO SEGUIMIENTO DESEMPEÑO AMBIENTAL ACUICULTURA EN CHILE Y SU EFECTO EN LOS ECOSISTEMAS DE EMPLAZAMIENTO 2020-2021,Objetivo 1. Actividad 2. Muestreos y Analisis sedimentos,Gastón Vidal,INSTITUTO DE FOMENTO PESQUERO,Aysen,24,454429.7,740423.3,MATERIA ORGANICA,1.2238619037246798,23/01/2021 13:05:00,XI
130,ESTUDIO SEGUIMIENTO DESEMPEÑO AMBIENTAL ACUICULTURA EN CHILE Y SU EFECTO EN LOS ECOSISTEMAS DE EMPLAZAMIENTO 2020-2021,Objetivo 1. Actividad 2. Muestreos y Analisis sedimentos,Gastón Vidal,INSTITUTO DE FOMENTO PESQUERO,Aysen,25,454137.5,741704.6,MATERIA ORGANICA,1.9367888012572227,23/01/2021 10:57:00,XI
131,ESTUDIO SEGUIMIENTO DESEMPEÑO AMBIENTAL ACUICULTURA EN CHILE Y SU EFECTO EN LOS ECOSISTEMAS DE EMPLAZAMIENTO 2020-2021,Objetivo 1. Actividad 2. Muestreos y Analisis sedimentos,Gastón Vidal,INSTITUTO DE FOMENTO PESQUERO,Aysen,28,453351.4,741310.2,MATERIA ORGANICA,0.9220310729681062,23/01/2021 08:30:00,XI
132,ESTUDIO SEGUIMIENTO DESEMPEÑO AMBIENTAL ACUICULTURA EN CHILE Y SU EFECTO EN LOS ECOSISTEMAS DE EMPLAZAMIENTO 2020-2021,Objetivo 1. Actividad 2. Muestreos y Analisis sedimentos,Gastón Vidal,INSTITUTO DE FOMENTO PESQUERO,Aysen,30,452356.0,741521.0,MATERIA ORGANICA,0.7816490657036975,22/01/2021 15:44:00,XI
133,ESTUDIO SEGUIMIENTO DESEMPEÑO AMBIENTAL ACUICULTURA EN CHILE Y SU EFECTO EN LOS ECOSISTEMAS DE EMPLAZAMIENTO 2020-2021,Objetivo 1. Actividad 2. Muestreos y Analisis sedimentos,Gastón Vidal,INSTITUTO DE FOMENTO PESQUERO,Aysen,34,451659.5,734350.5,MATERIA ORGANICA,1.305512007658228,27/01/2021 17:06:00,XI
134,ESTUDIO SEGUIMIENTO DESEMPEÑO AMBIENTAL ACUICULTURA EN CHILE Y SU EFECTO EN LOS ECOSISTEMAS DE EMPLAZAMIENTO 2020-2021,Objetivo 1. Actividad 2. Muestreos y Analisis sedimentos,Gastón Vidal,INSTITUTO DE FOMENTO PESQUERO,Coquimbo,1,300839.9,712256.3,MATERIA ORGANICA,0.9076073311574444,08/04/2021 00:00:00,IV
135,ESTUDIO SEGUIMIENTO DESEMPEÑO AMBIENTAL ACUICULTURA EN CHILE Y SU EFECTO EN LOS ECOSISTEMAS DE EMPLAZAMIENTO 2020-2021,Objetivo 1. Actividad 2. Muestreos y Analisis sedimentos,Gastón Vidal,INSTITUTO DE FOMENTO PESQUERO,Coquimbo,4,301121.0,712525.0,MATERIA ORGANICA,0.7884277057405039,08/04/2021 00:00:00,IV
136,ESTUDIO SEGUIMIENTO DESEMPEÑO AMBIENTAL ACUICULTURA EN CHILE Y SU EFECTO EN LOS ECOSISTEMAS DE EMPLAZAMIENTO 2020-2021,Objetivo 1. Actividad 2. Muestreos y Analisis sedimentos,Gastón Vidal,INSTITUTO DE FOMENTO PESQUERO,Coquimbo,5,301046.7,712617.5,MATERIA ORGANICA,2.2878529004962846,08/04/2021 00:00:00,IV
137,ESTUDIO SEGUIMIENTO DESEMPEÑO AMBIENTAL ACUICULTURA EN CHILE Y SU EFECTO EN LOS ECOSISTEMAS DE EMPLAZAMIENTO 2020-2021,Objetivo 1. Actividad 2. Muestreos y Analisis sedimentos,Gastón Vidal,INSTITUTO DE FOMENTO PESQUERO,Coquimbo,7,301455.9,712925.2,MATERIA ORGANICA,0.6604554023082059,08/04/2021 00:00:00,IV
138,ESTUDIO SEGUIMIENTO DESEMPEÑO AMBIENTAL ACUICULTURA EN CHILE Y SU EFECTO EN LOS ECOSISTEMAS DE EMPLAZAMIENTO 2020-2021,Objetivo 1. Actividad 2. Muestreos y Analisis sedimentos,Gastón Vidal,INSTITUTO DE FOMENTO PESQUERO,Coquimbo,9,301620.2,713032.0,MATERIA ORGANICA,0.9317277829237789,08/04/2021 00:00:00,IV
139,ESTUDIO SEGUIMIENTO DESEMPEÑO AMBIENTAL ACUICULTURA EN CHILE Y SU EFECTO EN LOS ECOSISTEMAS DE EMPLAZAMIENTO 2020-2021,Objetivo 1. Actividad 2. Muestreos y Analisis sedimentos,Gastón Vidal,INSTITUTO DE FOMENTO PESQUERO,Coquimbo,10,301612.8,713138.8,MATERIA ORGANICA,0.8050826907221256,08/04/2021 00:00:00,IV
140,ESTUDIO SEGUIMIENTO DESEMPEÑO AMBIENTAL ACUICULTURA EN CHILE Y SU EFECTO EN LOS ECOSISTEMAS DE EMPLAZAMIENTO 2020-2021,Objetivo 1. Actividad 2. Muestreos y Analisis sedimentos,Gastón Vidal,INSTITUTO DE FOMENTO PESQUERO,Coquimbo,13,301637.0,713306.7,MATERIA ORGANICA,1.1876020486483818,08/04/2021 00:00:00,IV
141,ESTUDIO SEGUIMIENTO DESEMPEÑO AMBIENTAL ACUICULTURA EN CHILE Y SU EFECTO EN LOS ECOSISTEMAS DE EMPLAZAMIENTO 2020-2021,Objetivo 1. Actividad 2. Muestreos y Analisis sedimentos,Gastón Vidal,INSTITUTO DE FOMENTO PESQUERO,Atacama,2,270625.2,705153.6,MATERIA ORGANICA,1.3683641588778845,13/04/2021 00:00:00,III
142,ESTUDIO SEGUIMIENTO DESEMPEÑO AMBIENTAL ACUICULTURA EN CHILE Y SU EFECTO EN LOS ECOSISTEMAS DE EMPLAZAMIENTO 2020-2021,Objetivo 1. Actividad 2. Muestreos y Analisis sedimentos,Gastón Vidal,INSTITUTO DE FOMENTO PESQUERO,Atacama,3,270705.4,705140.1,MATERIA ORGANICA,1.0159568361841123,13/04/2021 00:00:00,III
143,ESTUDIO SEGUIMIENTO DESEMPEÑO AMBIENTAL ACUICULTURA EN CHILE Y SU EFECTO EN LOS ECOSISTEMAS DE EMPLAZAMIENTO 2020-2021,Objetivo 1. Actividad 2. Muestreos y Analisis sedimentos,Gastón Vidal,INSTITUTO DE FOMENTO PESQUERO,Atacama,6,270657.6,705223.1,MATERIA ORGANICA,1.081823996080932,13/04/2021 00:00:00,III
144,ESTUDIO SEGUIMIENTO DESEMPEÑO AMBIENTAL ACUICULTURA EN CHILE Y SU EFECTO EN LOS ECOSISTEMAS DE EMPLAZAMIENTO 2020-2021,Objetivo 1. Actividad 2. Muestreos y Analisis sedimentos,Gastón Vidal,INSTITUTO DE FOMENTO PESQUERO,Atacama,7,270740.8,705230.3,MATERIA ORGANICA,0.78455704929338,13/04/2021 00:00:00,III
145,ESTUDIO SEGUIMIENTO DESEMPEÑO AMBIENTAL ACUICULTURA EN CHILE Y SU EFECTO EN LOS ECOSISTEMAS DE EMPLAZAMIENTO 2020-2021,Objetivo 1. Actividad 2. Muestreos y Analisis sedimentos,Gastón Vidal,INSTITUTO DE FOMENTO PESQUERO,Atacama,10,270730.7,705259.8,MATERIA ORGANICA,1.5199421514554636,13/04/2021 00:00:00,III
146,ESTUDIO SEGUIMIENTO DESEMPEÑO AMBIENTAL ACUICULTURA EN CHILE Y SU EFECTO EN LOS ECOSISTEMAS DE EMPLAZAMIENTO 2020-2021,Objetivo 1. Actividad 2. Muestreos y Analisis sedimentos,Gastón Vidal,INSTITUTO DE FOMENTO PESQUERO,Atacama,14,270756.6,705332.6,MATERIA ORGANICA,0.8625993335042683,13/04/2021 00:00:00,III
147,ESTUDIO SEGUIMIENTO DESEMPEÑO AMBIENTAL ACUICULTURA EN CHILE Y SU EFECTO EN LOS ECOSISTEMAS DE EMPLAZAMIENTO 2020-2021,Objetivo 1. Actividad 2. Muestreos y Analisis sedimentos,Gastón Vidal,INSTITUTO DE FOMENTO PESQUERO,Natales,2,513604.7,724301.6,MATERIA ORGANICA,6.397957812709913,21/02/2021 12:32:00,XII
148,ESTUDIO SEGUIMIENTO DESEMPEÑO AMBIENTAL ACUICULTURA EN CHILE Y SU EFECTO EN LOS ECOSISTEMAS DE EMPLAZAMIENTO 2020-2021,Objetivo 1. Actividad 2. Muestreos y Analisis sedimentos,Gastón Vidal,INSTITUTO DE FOMENTO PESQUERO,Natales,3,514018.2,723753.1,MATERIA ORGANICA,7.103570429756694,21/02/2021 11:22:00,XII
149,ESTUDIO SEGUIMIENTO DESEMPEÑO AMBIENTAL ACUICULTURA EN CHILE Y SU EFECTO EN LOS ECOSISTEMAS DE EMPLAZAMIENTO 2020-2021,Objetivo 1. Actividad 2. Muestreos y Analisis sedimentos,Gastón Vidal,INSTITUTO DE FOMENTO PESQUERO,Natales,5,514929.7,723739.8,MATERIA ORGANICA,6.029089771660958,20/02/2021 09:10:00,XII
150,ESTUDIO SEGUIMIENTO DESEMPEÑO AMBIENTAL ACUICULTURA EN CHILE Y SU EFECTO EN LOS ECOSISTEMAS DE EMPLAZAMIENTO 2020-2021,Objetivo 1. Actividad 2. Muestreos y Analisis sedimentos,Gastón Vidal,INSTITUTO DE FOMENTO PESQUERO,Natales,9,514601.6,725405.0,MATERIA ORGANICA,2.4664291586735887,20/02/2021 12:04:00,XII
151,ESTUDIO SEGUIMIENTO DESEMPEÑO AMBIENTAL ACUICULTURA EN CHILE Y SU EFECTO EN LOS ECOSISTEMAS DE EMPLAZAMIENTO 2020-2021,Objetivo 1. Actividad 2. Muestreos y Analisis sedimentos,Gastón Vidal,INSTITUTO DE FOMENTO PESQUERO,Natales,10,520357.8,725602.0,MATERIA ORGANICA,2.630027512118413,20/02/2021 19:25:00,XII
152,ESTUDIO SEGUIMIENTO DESEMPEÑO AMBIENTAL ACUICULTURA EN CHILE Y SU EFECTO EN LOS ECOSISTEMAS DE EMPLAZAMIENTO 2020-2021,Objetivo 1. Actividad 2. Muestreos y Analisis sedimentos,Gastón Vidal,INSTITUTO DE FOMENTO PESQUERO,Natales,11,521159.7,725703.6,MATERIA ORGANICA,2.5512267457535542,20/02/2021 17:05:00,XII
153,ESTUDIO SEGUIMIENTO DESEMPEÑO AMBIENTAL ACUICULTURA EN CHILE Y SU EFECTO EN LOS ECOSISTEMAS DE EMPLAZAMIENTO 2020-2021,Objetivo 1. Actividad 2. Muestreos y Analisis sedimentos,Gastón Vidal,INSTITUTO DE FOMENTO PESQUERO,Natales,13,521310.4,725226.1,MATERIA ORGANICA,3.081727750421342,20/02/2021 16:32:00,XII
154,ESTUDIO SEGUIMIENTO DESEMPEÑO AMBIENTAL ACUICULTURA EN CHILE Y SU EFECTO EN LOS ECOSISTEMAS DE EMPLAZAMIENTO 2020-2021,Objetivo 1. Actividad 2. Muestreos y Analisis sedimentos,Gastón Vidal,INSTITUTO DE FOMENTO PESQUERO,Natales,14,520439.3,723937.6,MATERIA ORGANICA,9.810540819841618,20/02/2021 22:33:00,XII
155,ESTUDIO SEGUIMIENTO DESEMPEÑO AMBIENTAL ACUICULTURA EN CHILE Y SU EFECTO EN LOS ECOSISTEMAS DE EMPLAZAMIENTO 2020-2021,Objetivo 1. Actividad 2. Muestreos y Analisis sedimentos,Gastón Vidal,INSTITUTO DE FOMENTO PESQUERO,Bio-Bio,4,370959.6,733041.5,MATERIA ORGANICA,0.8038411090119331,10/02/2021 09:30:00,VIII
156,ESTUDIO SEGUIMIENTO DESEMPEÑO AMBIENTAL ACUICULTURA EN CHILE Y SU EFECTO EN LOS ECOSISTEMAS DE EMPLAZAMIENTO 2020-2021,Objetivo 1. Actividad 2. Muestreos y Analisis sedimentos,Gastón Vidal,INSTITUTO DE FOMENTO PESQUERO,Bio-Bio,5,371343.6,732125.3,MATERIA ORGANICA,2.535017464629698,10/02/2021 11:05:00,VIII
157,ESTUDIO SEGUIMIENTO DESEMPEÑO AMBIENTAL ACUICULTURA EN CHILE Y SU EFECTO EN LOS ECOSISTEMAS DE EMPLAZAMIENTO 2020-2021,Objetivo 1. Actividad 2. Muestreos y Analisis sedimentos,Gastón Vidal,INSTITUTO DE FOMENTO PESQUERO,Bio-Bio,8,371341.8,731932.2,MATERIA ORGANICA,7.880784857794105,10/02/2021 11:57:00,VIII
158,ESTUDIO SEGUIMIENTO DESEMPEÑO AMBIENTAL ACUICULTURA EN CHILE Y SU EFECTO EN LOS ECOSISTEMAS DE EMPLAZAMIENTO 2020-2021,Objetivo 1. Actividad 2. Muestreos y Analisis sedimentos,Gastón Vidal,INSTITUTO DE FOMENTO PESQUERO,Bio-Bio,9,371000.1,731213.8,MATERIA ORGANICA,8.078572029030262,10/02/2021 13:31:00,VIII
159,ESTUDIO SEGUIMIENTO DESEMPEÑO AMBIENTAL ACUICULTURA EN CHILE Y SU EFECTO EN LOS ECOSISTEMAS DE EMPLAZAMIENTO 2020-2021,Objetivo 1. Actividad 2. Muestreos y Analisis sedimentos,Gastón Vidal,INSTITUTO DE FOMENTO PESQUERO,Bio-Bio,11,370916.3,731140.2,MATERIA ORGANICA,1.8057432667790605,10/02/2021 14:27:00,VIII
160,ESTUDIO SEGUIMIENTO DESEMPEÑO AMBIENTAL ACUICULTURA EN CHILE Y SU EFECTO EN LOS ECOSISTEMAS DE EMPLAZAMIENTO 2020-2021,Objetivo 1. Actividad 2. Muestreos y Analisis sedimentos,Gastón Vidal,INSTITUTO DE FOMENTO PESQUERO,Bio-Bio,14,370638.2,730929.6,MATERIA ORGANICA,2.4745931348162786,10/02/2021 15:20:00,VIII
161,ESTUDIO SEGUIMIENTO DESEMPEÑO AMBIENTAL ACUICULTURA EN CHILE Y SU EFECTO EN LOS ECOSISTEMAS DE EMPLAZAMIENTO 2020-2021,Objetivo 1. Actividad 2. Muestreos y Analisis sedimentos,Gastón Vidal,INSTITUTO DE FOMENTO PESQUERO,Bio-Bio,15,370411.4,730956.2,MATERIA ORGANICA,4.02169928890844,10/02/2021 16:56:00,VIII
162,ESTUDIO SEGUIMIENTO DESEMPEÑO AMBIENTAL ACUICULTURA EN CHILE Y SU EFECTO EN LOS ECOSISTEMAS DE EMPLAZAMIENTO 2020-2021,Objetivo 1. Actividad 2. Muestreos y Analisis sedimentos,Gastón Vidal,INSTITUTO DE FOMENTO PESQUERO,Bio-Bio,19,370243.4,730851.0,MATERIA ORGANICA,6.521327014218001,10/02/2021 16:10:00,VIII
163,ESTUDIO SEGUIMIENTO DESEMPEÑO AMBIENTAL ACUICULTURA EN CHILE Y SU EFECTO EN LOS ECOSISTEMAS DE EMPLAZAMIENTO 2020-2021,Objetivo 1. Actividad 2. Muestreos y Analisis sedimentos,Gastón Vidal,INSTITUTO DE FOMENTO PESQUERO,Valdivia,1,395105.7,731901.5,MATERIA ORGANICA,1.3194483065457858,12/02/2021 14:05:00,XIV
164,ESTUDIO SEGUIMIENTO DESEMPEÑO AMBIENTAL ACUICULTURA EN CHILE Y SU EFECTO EN LOS ECOSISTEMAS DE EMPLAZAMIENTO 2020-2021,Objetivo 1. Actividad 2. Muestreos y Analisis sedimentos,Gastón Vidal,INSTITUTO DE FOMENTO PESQUERO,Valdivia,2,395119.5,731905.4,MATERIA ORGANICA,0.6917033671358515,12/02/2021 13:25:00,XIV
165,ESTUDIO SEGUIMIENTO DESEMPEÑO AMBIENTAL ACUICULTURA EN CHILE Y SU EFECTO EN LOS ECOSISTEMAS DE EMPLAZAMIENTO 2020-2021,Objetivo 1. Actividad 2. Muestreos y Analisis sedimentos,Gastón Vidal,INSTITUTO DE FOMENTO PESQUERO,Valdivia,3,395156.9,732058.2,MATERIA ORGANICA,0.8493314603818816,12/02/2021 12:39:00,XIV
166,ESTUDIO SEGUIMIENTO DESEMPEÑO AMBIENTAL ACUICULTURA EN CHILE Y SU EFECTO EN LOS ECOSISTEMAS DE EMPLAZAMIENTO 2020-2021,Objetivo 1. Actividad 2. Muestreos y Analisis sedimentos,Gastón Vidal,INSTITUTO DE FOMENTO PESQUERO,Valdivia,4,395153.8,732138.8,MATERIA ORGANICA,0.7136418269230597,12/02/2021 11:55:00,XIV
167,ESTUDIO SEGUIMIENTO DESEMPEÑO AMBIENTAL ACUICULTURA EN CHILE Y SU EFECTO EN LOS ECOSISTEMAS DE EMPLAZAMIENTO 2020-2021,Objetivo 1. Actividad 2. Muestreos y Analisis sedimentos,Gastón Vidal,INSTITUTO DE FOMENTO PESQUERO,Valdivia,6,395246.5,732253.5,MATERIA ORGANICA,0.7950432488804147,12/02/2021 11:16:00,XIV
168,ESTUDIO SEGUIMIENTO DESEMPEÑO AMBIENTAL ACUICULTURA EN CHILE Y SU EFECTO EN LOS ECOSISTEMAS DE EMPLAZAMIENTO 2020-2021,Objetivo 1. Actividad 2. Muestreos y Analisis sedimentos,Gastón Vidal,INSTITUTO DE FOMENTO PESQUERO,Valdivia,9,395336.9,732146.5,MATERIA ORGANICA,12.995625793706779,12/02/2021 10:30:00,XIV
169,ESTUDIO SEGUIMIENTO DESEMPEÑO AMBIENTAL ACUICULTURA EN CHILE Y SU EFECTO EN LOS ECOSISTEMAS DE EMPLAZAMIENTO 2020-2021,Objetivo 1. Actividad 2. Muestreos y Analisis sedimentos,Gastón Vidal,INSTITUTO DE FOMENTO PESQUERO,Valdivia,11,395335.9,732219.4,MATERIA ORGANICA,11.337693589189845,12/02/2021 09:44:00,XIV
170,ESTUDIO SEGUIMIENTO DESEMPEÑO AMBIENTAL ACUICULTURA EN CHILE Y SU EFECTO EN LOS ECOSISTEMAS DE EMPLAZAMIENTO 2020-2021,Objetivo 1. Actividad 2. Muestreos y Analisis sedimentos,Gastón Vidal,INSTITUTO DE FOMENTO PESQUERO,Valdivia,15,395547.5,732341.2,MATERIA ORGANICA,11.201128214360738,12/02/2021 08:50:00,XIV
1,ESTUDIO SEGUIMIENTO DESEMPEÑO AMBIENTAL ACUICULTURA EN CHILE Y SU EFECTO EN LOS ECOSISTEMAS DE EMPLAZAMIENTO 2020-2021,Objetivo 1. Actividad 2. Muestreos y Analisis sedimentos,Gastón Vidal,INSTITUTO DE FOMENTO PESQUERO,Estuario,1,412614.9,721747.9,DISCO SECCHI,3.5,08/12/2020 19:48:00,X
2,ESTUDIO SEGUIMIENTO DESEMPEÑO AMBIENTAL ACUICULTURA EN CHILE Y SU EFECTO EN LOS ECOSISTEMAS DE EMPLAZAMIENTO 2020-2021,Objetivo 1. Actividad 2. Muestreos y Analisis sedimentos,Gastón Vidal,INSTITUTO DE FOMENTO PESQUERO,Estuario,2,412807.3,721843.5,DISCO SECCHI,3,08/12/2020 19:22:00,X
3,ESTUDIO SEGUIMIENTO DESEMPEÑO AMBIENTAL ACUICULTURA EN CHILE Y SU EFECTO EN LOS ECOSISTEMAS DE EMPLAZAMIENTO 2020-2021,Objetivo 1. Actividad 2. Muestreos y Analisis sedimentos,Gastón Vidal,INSTITUTO DE FOMENTO PESQUERO,Estuario,3,412945.4,721845.5,DISCO SECCHI,2.5,08/12/2020 18:56:00,X
4,ESTUDIO SEGUIMIENTO DESEMPEÑO AMBIENTAL ACUICULTURA EN CHILE Y SU EFECTO EN LOS ECOSISTEMAS DE EMPLAZAMIENTO 2020-2021,Objetivo 1. Actividad 2. Muestreos y Analisis sedimentos,Gastón Vidal,INSTITUTO DE FOMENTO PESQUERO,Estuario,5,413039.3,721721.1,DISCO SECCHI,3,09/12/2020 08:50:00,X
5,ESTUDIO SEGUIMIENTO DESEMPEÑO AMBIENTAL ACUICULTURA EN CHILE Y SU EFECTO EN LOS ECOSISTEMAS DE EMPLAZAMIENTO 2020-2021,Objetivo 1. Actividad 2. Muestreos y Analisis sedimentos,Gastón Vidal,INSTITUTO DE FOMENTO PESQUERO,Estuario,6,413132.6,722021.4,DISCO SECCHI,3.5,08/12/2020 18:15:00,X
6,ESTUDIO SEGUIMIENTO DESEMPEÑO AMBIENTAL ACUICULTURA EN CHILE Y SU EFECTO EN LOS ECOSISTEMAS DE EMPLAZAMIENTO 2020-2021,Objetivo 1. Actividad 2. Muestreos y Analisis sedimentos,Gastón Vidal,INSTITUTO DE FOMENTO PESQUERO,Estuario,7,413157.8,721802.6,DISCO SECCHI,4,09/12/2020 09:33:00,X
7,ESTUDIO SEGUIMIENTO DESEMPEÑO AMBIENTAL ACUICULTURA EN CHILE Y SU EFECTO EN LOS ECOSISTEMAS DE EMPLAZAMIENTO 2020-2021,Objetivo 1. Actividad 2. Muestreos y Analisis sedimentos,Gastón Vidal,INSTITUTO DE FOMENTO PESQUERO,Estuario,8,413533.0,722110.7,DISCO SECCHI,3.5,08/12/2020 17:17:00,X
8,ESTUDIO SEGUIMIENTO DESEMPEÑO AMBIENTAL ACUICULTURA EN CHILE Y SU EFECTO EN LOS ECOSISTEMAS DE EMPLAZAMIENTO 2020-2021,Objetivo 1. Actividad 2. Muestreos y Analisis sedimentos,Gastón Vidal,INSTITUTO DE FOMENTO PESQUERO,Estuario,12,413938.3,722058.9,DISCO SECCHI,1,08/12/2020 16:13:00,X
9,ESTUDIO SEGUIMIENTO DESEMPEÑO AMBIENTAL ACUICULTURA EN CHILE Y SU EFECTO EN LOS ECOSISTEMAS DE EMPLAZAMIENTO 2020-2021,Objetivo 1. Actividad 2. Muestreos y Analisis sedimentos,Gastón Vidal,INSTITUTO DE FOMENTO PESQUERO,Estuario,17,414052.7,722801.1,DISCO SECCHI,3,08/12/2020 14:30:00,X
10,ESTUDIO SEGUIMIENTO DESEMPEÑO AMBIENTAL ACUICULTURA EN CHILE Y SU EFECTO EN LOS ECOSISTEMAS DE EMPLAZAMIENTO 2020-2021,Objetivo 1. Actividad 2. Muestreos y Analisis sedimentos,Gastón Vidal,INSTITUTO DE FOMENTO PESQUERO,Estuario,21,414330.8,723048.5,DISCO SECCHI,3,08/12/2020 13:40:00,X
11,ESTUDIO SEGUIMIENTO DESEMPEÑO AMBIENTAL ACUICULTURA EN CHILE Y SU EFECTO EN LOS ECOSISTEMAS DE EMPLAZAMIENTO 2020-2021,Objetivo 1. Actividad 2. Muestreos y Analisis sedimentos,Gastón Vidal,INSTITUTO DE FOMENTO PESQUERO,Reloncavi,3,415420.9,725230.7,DISCO SECCHI,4,21/12/2020 12:48:00,X
12,ESTUDIO SEGUIMIENTO DESEMPEÑO AMBIENTAL ACUICULTURA EN CHILE Y SU EFECTO EN LOS ECOSISTEMAS DE EMPLAZAMIENTO 2020-2021,Objetivo 1. Actividad 2. Muestreos y Analisis sedimentos,Gastón Vidal,INSTITUTO DE FOMENTO PESQUERO,Reloncavi,4,415223.0,725351.4,DISCO SECCHI,5,21/12/2020 14:10:00,X
13,ESTUDIO SEGUIMIENTO DESEMPEÑO AMBIENTAL ACUICULTURA EN CHILE Y SU EFECTO EN LOS ECOSISTEMAS DE EMPLAZAMIENTO 2020-2021,Objetivo 1. Actividad 2. Muestreos y Analisis sedimentos,Gastón Vidal,INSTITUTO DE FOMENTO PESQUERO,Reloncavi,5,415307.1,725602.6,DISCO SECCHI,5,21/12/2020 13:15:00,X
14,ESTUDIO SEGUIMIENTO DESEMPEÑO AMBIENTAL ACUICULTURA EN CHILE Y SU EFECTO EN LOS ECOSISTEMAS DE EMPLAZAMIENTO 2020-2021,Objetivo 1. Actividad 2. Muestreos y Analisis sedimentos,Gastón Vidal,INSTITUTO DE FOMENTO PESQUERO,Reloncavi,7,414413.7,730243.4,DISCO SECCHI,13,13/12/2020 16:50:00,X
15,ESTUDIO SEGUIMIENTO DESEMPEÑO AMBIENTAL ACUICULTURA EN CHILE Y SU EFECTO EN LOS ECOSISTEMAS DE EMPLAZAMIENTO 2020-2021,Objetivo 1. Actividad 2. Muestreos y Analisis sedimentos,Gastón Vidal,INSTITUTO DE FOMENTO PESQUERO,Reloncavi,13,412948.4,725730.9,DISCO SECCHI,4.5,07/12/2020 08:20:00,X
16,ESTUDIO SEGUIMIENTO DESEMPEÑO AMBIENTAL ACUICULTURA EN CHILE Y SU EFECTO EN LOS ECOSISTEMAS DE EMPLAZAMIENTO 2020-2021,Objetivo 1. Actividad 2. Muestreos y Analisis sedimentos,Gastón Vidal,INSTITUTO DE FOMENTO PESQUERO,Reloncavi,15,413105.3,724724.2,DISCO SECCHI,7,07/12/2020 09:49:00,X
17,ESTUDIO SEGUIMIENTO DESEMPEÑO AMBIENTAL ACUICULTURA EN CHILE Y SU EFECTO EN LOS ECOSISTEMAS DE EMPLAZAMIENTO 2020-2021,Objetivo 1. Actividad 2. Muestreos y Analisis sedimentos,Gastón Vidal,INSTITUTO DE FOMENTO PESQUERO,Reloncavi,17,413450.6,724336.9,DISCO SECCHI,7.5,07/12/2020 10:47:00,X
18,ESTUDIO SEGUIMIENTO DESEMPEÑO AMBIENTAL ACUICULTURA EN CHILE Y SU EFECTO EN LOS ECOSISTEMAS DE EMPLAZAMIENTO 2020-2021,Objetivo 1. Actividad 2. Muestreos y Analisis sedimentos,Gastón Vidal,INSTITUTO DE FOMENTO PESQUERO,Reloncavi,19,413707.8,724152.2,DISCO SECCHI,8,07/12/2020 12:47:00,X
19,ESTUDIO SEGUIMIENTO DESEMPEÑO AMBIENTAL ACUICULTURA EN CHILE Y SU EFECTO EN LOS ECOSISTEMAS DE EMPLAZAMIENTO 2020-2021,Objetivo 1. Actividad 2. Muestreos y Analisis sedimentos,Gastón Vidal,INSTITUTO DE FOMENTO PESQUERO,Reloncavi,21,413751.5,724023.2,DISCO SECCHI,9,07/12/2020 13:14:00,X
20,ESTUDIO SEGUIMIENTO DESEMPEÑO AMBIENTAL ACUICULTURA EN CHILE Y SU EFECTO EN LOS ECOSISTEMAS DE EMPLAZAMIENTO 2020-2021,Objetivo 1. Actividad 2. Muestreos y Analisis sedimentos,Gastón Vidal,INSTITUTO DE FOMENTO PESQUERO,Reloncavi,25,414943.9,724718.2,DISCO SECCHI,5.5,21/12/2020 15:20:00,X
21,ESTUDIO SEGUIMIENTO DESEMPEÑO AMBIENTAL ACUICULTURA EN CHILE Y SU EFECTO EN LOS ECOSISTEMAS DE EMPLAZAMIENTO 2020-2021,Objetivo 1. Actividad 2. Muestreos y Analisis sedimentos,Gastón Vidal,INSTITUTO DE FOMENTO PESQUERO,Calbuco,1,414442.2,730610.3,DISCO SECCHI,8,13/12/2020 17:31:00,X
22,ESTUDIO SEGUIMIENTO DESEMPEÑO AMBIENTAL ACUICULTURA EN CHILE Y SU EFECTO EN LOS ECOSISTEMAS DE EMPLAZAMIENTO 2020-2021,Objetivo 1. Actividad 2. Muestreos y Analisis sedimentos,Gastón Vidal,INSTITUTO DE FOMENTO PESQUERO,Calbuco,2,414630.1,730505.2,DISCO SECCHI,3.5,14/12/2020 08:10:00,X
23,ESTUDIO SEGUIMIENTO DESEMPEÑO AMBIENTAL ACUICULTURA EN CHILE Y SU EFECTO EN LOS ECOSISTEMAS DE EMPLAZAMIENTO 2020-2021,Objetivo 1. Actividad 2. Muestreos y Analisis sedimentos,Gastón Vidal,INSTITUTO DE FOMENTO PESQUERO,Calbuco,8,414314.7,730933.2,DISCO SECCHI,4,13/12/2020 18:27:00,X
24,ESTUDIO SEGUIMIENTO DESEMPEÑO AMBIENTAL ACUICULTURA EN CHILE Y SU EFECTO EN LOS ECOSISTEMAS DE EMPLAZAMIENTO 2020-2021,Objetivo 1. Actividad 2. Muestreos y Analisis sedimentos,Gastón Vidal,INSTITUTO DE FOMENTO PESQUERO,Calbuco,16,414822.6,731018.3,DISCO SECCHI,7,14/12/2020 12:02:00,X
25,ESTUDIO SEGUIMIENTO DESEMPEÑO AMBIENTAL ACUICULTURA EN CHILE Y SU EFECTO EN LOS ECOSISTEMAS DE EMPLAZAMIENTO 2020-2021,Objetivo 1. Actividad 2. Muestreos y Analisis sedimentos,Gastón Vidal,INSTITUTO DE FOMENTO PESQUERO,Calbuco,22,414705.8,730505.2,DISCO SECCHI,7,14/12/2020 08:46:00,X
26,ESTUDIO SEGUIMIENTO DESEMPEÑO AMBIENTAL ACUICULTURA EN CHILE Y SU EFECTO EN LOS ECOSISTEMAS DE EMPLAZAMIENTO 2020-2021,Objetivo 1. Actividad 2. Muestreos y Analisis sedimentos,Gastón Vidal,INSTITUTO DE FOMENTO PESQUERO,Calbuco,26,415016.4,730447.2,DISCO SECCHI,10,14/12/2020 09:49:00,X
27,ESTUDIO SEGUIMIENTO DESEMPEÑO AMBIENTAL ACUICULTURA EN CHILE Y SU EFECTO EN LOS ECOSISTEMAS DE EMPLAZAMIENTO 2020-2021,Objetivo 1. Actividad 2. Muestreos y Analisis sedimentos,Gastón Vidal,INSTITUTO DE FOMENTO PESQUERO,Calbuco,27,414959.8,730629.1,DISCO SECCHI,10.5,14/12/2020 10:31:00,X
28,ESTUDIO SEGUIMIENTO DESEMPEÑO AMBIENTAL ACUICULTURA EN CHILE Y SU EFECTO EN LOS ECOSISTEMAS DE EMPLAZAMIENTO 2020-2021,Objetivo 1. Actividad 2. Muestreos y Analisis sedimentos,Gastón Vidal,INSTITUTO DE FOMENTO PESQUERO,Calbuco,30,415019.0,730822.5,DISCO SECCHI,10,14/12/2020 11:15:00,X
29,ESTUDIO SEGUIMIENTO DESEMPEÑO AMBIENTAL ACUICULTURA EN CHILE Y SU EFECTO EN LOS ECOSISTEMAS DE EMPLAZAMIENTO 2020-2021,Objetivo 1. Actividad 2. Muestreos y Analisis sedimentos,Gastón Vidal,INSTITUTO DE FOMENTO PESQUERO,Chacao,2,415659.3,733134.3,DISCO SECCHI,8.5,15/12/2020 11:58:00,X
30,ESTUDIO SEGUIMIENTO DESEMPEÑO AMBIENTAL ACUICULTURA EN CHILE Y SU EFECTO EN LOS ECOSISTEMAS DE EMPLAZAMIENTO 2020-2021,Objetivo 1. Actividad 2. Muestreos y Analisis sedimentos,Gastón Vidal,INSTITUTO DE FOMENTO PESQUERO,Chacao,6,415415.1,732906.8,DISCO SECCHI,8.2,15/12/2020 11:20:00,X
31,ESTUDIO SEGUIMIENTO DESEMPEÑO AMBIENTAL ACUICULTURA EN CHILE Y SU EFECTO EN LOS ECOSISTEMAS DE EMPLAZAMIENTO 2020-2021,Objetivo 1. Actividad 2. Muestreos y Analisis sedimentos,Gastón Vidal,INSTITUTO DE FOMENTO PESQUERO,Chacao,12,415217.3,733107.9,DISCO SECCHI,5,15/12/2020 10:28:00,X
32,ESTUDIO SEGUIMIENTO DESEMPEÑO AMBIENTAL ACUICULTURA EN CHILE Y SU EFECTO EN LOS ECOSISTEMAS DE EMPLAZAMIENTO 2020-2021,Objetivo 1. Actividad 2. Muestreos y Analisis sedimentos,Gastón Vidal,INSTITUTO DE FOMENTO PESQUERO,Chacao,14,415115.7,732851.2,DISCO SECCHI,10.5,15/12/2020 09:50:00,X
33,ESTUDIO SEGUIMIENTO DESEMPEÑO AMBIENTAL ACUICULTURA EN CHILE Y SU EFECTO EN LOS ECOSISTEMAS DE EMPLAZAMIENTO 2020-2021,Objetivo 1. Actividad 2. Muestreos y Analisis sedimentos,Gastón Vidal,INSTITUTO DE FOMENTO PESQUERO,Butachauques,1,421917.6,731519.1,DISCO SECCHI,6,16/12/2020 08:10:00,X
34,ESTUDIO SEGUIMIENTO DESEMPEÑO AMBIENTAL ACUICULTURA EN CHILE Y SU EFECTO EN LOS ECOSISTEMAS DE EMPLAZAMIENTO 2020-2021,Objetivo 1. Actividad 2. Muestreos y Analisis sedimentos,Gastón Vidal,INSTITUTO DE FOMENTO PESQUERO,Butachauques,3,421702.6,731506.7,DISCO SECCHI,6.5,16/12/2020 08:55:00,X
35,ESTUDIO SEGUIMIENTO DESEMPEÑO AMBIENTAL ACUICULTURA EN CHILE Y SU EFECTO EN LOS ECOSISTEMAS DE EMPLAZAMIENTO 2020-2021,Objetivo 1. Actividad 2. Muestreos y Analisis sedimentos,Gastón Vidal,INSTITUTO DE FOMENTO PESQUERO,Butachauques,7,421556.3,730936.2,DISCO SECCHI,5.8,16/12/2020 10:51:00,X
36,ESTUDIO SEGUIMIENTO DESEMPEÑO AMBIENTAL ACUICULTURA EN CHILE Y SU EFECTO EN LOS ECOSISTEMAS DE EMPLAZAMIENTO 2020-2021,Objetivo 1. Actividad 2. Muestreos y Analisis sedimentos,Gastón Vidal,INSTITUTO DE FOMENTO PESQUERO,Butachauques,10,421645.3,732049.7,DISCO SECCHI,7,15/12/2020 16:50:00,X
37,ESTUDIO SEGUIMIENTO DESEMPEÑO AMBIENTAL ACUICULTURA EN CHILE Y SU EFECTO EN LOS ECOSISTEMAS DE EMPLAZAMIENTO 2020-2021,Objetivo 1. Actividad 2. Muestreos y Analisis sedimentos,Gastón Vidal,INSTITUTO DE FOMENTO PESQUERO,Butachauques,12,421224.4,732358.0,DISCO SECCHI,7,15/12/2020 15:40:00,X
38,ESTUDIO SEGUIMIENTO DESEMPEÑO AMBIENTAL ACUICULTURA EN CHILE Y SU EFECTO EN LOS ECOSISTEMAS DE EMPLAZAMIENTO 2020-2021,Objetivo 1. Actividad 2. Muestreos y Analisis sedimentos,Gastón Vidal,INSTITUTO DE FOMENTO PESQUERO,Butachauques,13,421021.7,732609.5,DISCO SECCHI,10,15/12/2020 15:10:00,X
39,ESTUDIO SEGUIMIENTO DESEMPEÑO AMBIENTAL ACUICULTURA EN CHILE Y SU EFECTO EN LOS ECOSISTEMAS DE EMPLAZAMIENTO 2020-2021,Objetivo 1. Actividad 2. Muestreos y Analisis sedimentos,Gastón Vidal,INSTITUTO DE FOMENTO PESQUERO,Butachauques,14,420929.5,732804.6,DISCO SECCHI,8,15/12/2020 14:40:00,X
40,ESTUDIO SEGUIMIENTO DESEMPEÑO AMBIENTAL ACUICULTURA EN CHILE Y SU EFECTO EN LOS ECOSISTEMAS DE EMPLAZAMIENTO 2020-2021,Objetivo 1. Actividad 2. Muestreos y Analisis sedimentos,Gastón Vidal,INSTITUTO DE FOMENTO PESQUERO,Chaulinec,3,423622.9,731526.5,DISCO SECCHI,5,14/10/2020 09:00:00,X
41,ESTUDIO SEGUIMIENTO DESEMPEÑO AMBIENTAL ACUICULTURA EN CHILE Y SU EFECTO EN LOS ECOSISTEMAS DE EMPLAZAMIENTO 2020-2021,Objetivo 1. Actividad 2. Muestreos y Analisis sedimentos,Gastón Vidal,INSTITUTO DE FOMENTO PESQUERO,Chaulinec,4,423422.1,731353.2,DISCO SECCHI,5,14/10/2020 09:25:00,X
42,ESTUDIO SEGUIMIENTO DESEMPEÑO AMBIENTAL ACUICULTURA EN CHILE Y SU EFECTO EN LOS ECOSISTEMAS DE EMPLAZAMIENTO 2020-2021,Objetivo 1. Actividad 2. Muestreos y Analisis sedimentos,Gastón Vidal,INSTITUTO DE FOMENTO PESQUERO,Chaulinec,7,422803.3,732256.7,DISCO SECCHI,12,16/12/2020 14:02:00,X
43,ESTUDIO SEGUIMIENTO DESEMPEÑO AMBIENTAL ACUICULTURA EN CHILE Y SU EFECTO EN LOS ECOSISTEMAS DE EMPLAZAMIENTO 2020-2021,Objetivo 1. Actividad 2. Muestreos y Analisis sedimentos,Gastón Vidal,INSTITUTO DE FOMENTO PESQUERO,Chaulinec,10,422429.1,731921.4,DISCO SECCHI,8.5,16/12/2020 13:05:00,X
44,ESTUDIO SEGUIMIENTO DESEMPEÑO AMBIENTAL ACUICULTURA EN CHILE Y SU EFECTO EN LOS ECOSISTEMAS DE EMPLAZAMIENTO 2020-2021,Objetivo 1. Actividad 2. Muestreos y Analisis sedimentos,Gastón Vidal,INSTITUTO DE FOMENTO PESQUERO,Chaulinec,13,422634.7,733044.2,DISCO SECCHI,3.5,16/12/2020 15:05:00,X
45,ESTUDIO SEGUIMIENTO DESEMPEÑO AMBIENTAL ACUICULTURA EN CHILE Y SU EFECTO EN LOS ECOSISTEMAS DE EMPLAZAMIENTO 2020-2021,Objetivo 1. Actividad 2. Muestreos y Analisis sedimentos,Gastón Vidal,INSTITUTO DE FOMENTO PESQUERO,Tenaun,2,422246.5,733559.1,DISCO SECCHI,4.4,16/12/2020 17:00:00,X
46,ESTUDIO SEGUIMIENTO DESEMPEÑO AMBIENTAL ACUICULTURA EN CHILE Y SU EFECTO EN LOS ECOSISTEMAS DE EMPLAZAMIENTO 2020-2021,Objetivo 1. Actividad 2. Muestreos y Analisis sedimentos,Gastón Vidal,INSTITUTO DE FOMENTO PESQUERO,Tenaun,3,422307.4,733744.8,DISCO SECCHI,12,16/12/2020 18:08:00,X
47,ESTUDIO SEGUIMIENTO DESEMPEÑO AMBIENTAL ACUICULTURA EN CHILE Y SU EFECTO EN LOS ECOSISTEMAS DE EMPLAZAMIENTO 2020-2021,Objetivo 1. Actividad 2. Muestreos y Analisis sedimentos,Gastón Vidal,INSTITUTO DE FOMENTO PESQUERO,Tenaun,6,422215.1,733731.1,DISCO SECCHI,8.5,16/12/2020 17:35:00,X
48,ESTUDIO SEGUIMIENTO DESEMPEÑO AMBIENTAL ACUICULTURA EN CHILE Y SU EFECTO EN LOS ECOSISTEMAS DE EMPLAZAMIENTO 2020-2021,Objetivo 1. Actividad 2. Muestreos y Analisis sedimentos,Gastón Vidal,INSTITUTO DE FOMENTO PESQUERO,Tenaun,9,422139.1,733441.7,DISCO SECCHI,12.8,16/12/2020 16:36:00,X
49,ESTUDIO SEGUIMIENTO DESEMPEÑO AMBIENTAL ACUICULTURA EN CHILE Y SU EFECTO EN LOS ECOSISTEMAS DE EMPLAZAMIENTO 2020-2021,Objetivo 1. Actividad 2. Muestreos y Analisis sedimentos,Gastón Vidal,INSTITUTO DE FOMENTO PESQUERO,Tenaun,14,422026.0,733200.9,DISCO SECCHI,5,16/12/2020 16:06:00,X
50,ESTUDIO SEGUIMIENTO DESEMPEÑO AMBIENTAL ACUICULTURA EN CHILE Y SU EFECTO EN LOS ECOSISTEMAS DE EMPLAZAMIENTO 2020-2021,Objetivo 1. Actividad 2. Muestreos y Analisis sedimentos,Gastón Vidal,INSTITUTO DE FOMENTO PESQUERO,Chiloe central,1,423046.9,734515.6,DISCO SECCHI,4,17/12/2020 13:15:00,X
51,ESTUDIO SEGUIMIENTO DESEMPEÑO AMBIENTAL ACUICULTURA EN CHILE Y SU EFECTO EN LOS ECOSISTEMAS DE EMPLAZAMIENTO 2020-2021,Objetivo 1. Actividad 2. Muestreos y Analisis sedimentos,Gastón Vidal,INSTITUTO DE FOMENTO PESQUERO,Chiloe central,4,423259.2,734015.8,DISCO SECCHI,6,17/12/2020 11:42:00,X
52,ESTUDIO SEGUIMIENTO DESEMPEÑO AMBIENTAL ACUICULTURA EN CHILE Y SU EFECTO EN LOS ECOSISTEMAS DE EMPLAZAMIENTO 2020-2021,Objetivo 1. Actividad 2. Muestreos y Analisis sedimentos,Gastón Vidal,INSTITUTO DE FOMENTO PESQUERO,Chiloe central,6,423209.3,733613.2,DISCO SECCHI,6,17/12/2020 11:05:00,X
53,ESTUDIO SEGUIMIENTO DESEMPEÑO AMBIENTAL ACUICULTURA EN CHILE Y SU EFECTO EN LOS ECOSISTEMAS DE EMPLAZAMIENTO 2020-2021,Objetivo 1. Actividad 2. Muestreos y Analisis sedimentos,Gastón Vidal,INSTITUTO DE FOMENTO PESQUERO,Chiloe central,7,423029.3,733611.3,DISCO SECCHI,13,17/12/2020 08:25:00,X
54,ESTUDIO SEGUIMIENTO DESEMPEÑO AMBIENTAL ACUICULTURA EN CHILE Y SU EFECTO EN LOS ECOSISTEMAS DE EMPLAZAMIENTO 2020-2021,Objetivo 1. Actividad 2. Muestreos y Analisis sedimentos,Gastón Vidal,INSTITUTO DE FOMENTO PESQUERO,Chiloe central,11,422833.3,733241.1,DISCO SECCHI,14.2,17/12/2020 09:09:00,X
55,ESTUDIO SEGUIMIENTO DESEMPEÑO AMBIENTAL ACUICULTURA EN CHILE Y SU EFECTO EN LOS ECOSISTEMAS DE EMPLAZAMIENTO 2020-2021,Objetivo 1. Actividad 2. Muestreos y Analisis sedimentos,Gastón Vidal,INSTITUTO DE FOMENTO PESQUERO,Chiloe central,12,423059.3,732821.5,DISCO SECCHI,4.6,17/12/2020 09:58:00,X
56,ESTUDIO SEGUIMIENTO DESEMPEÑO AMBIENTAL ACUICULTURA EN CHILE Y SU EFECTO EN LOS ECOSISTEMAS DE EMPLAZAMIENTO 2020-2021,Objetivo 1. Actividad 2. Muestreos y Analisis sedimentos,Gastón Vidal,INSTITUTO DE FOMENTO PESQUERO,Chiloe central,16,424213.5,733738.2,DISCO SECCHI,6.5,13/10/2020 15:30:00,X
57,ESTUDIO SEGUIMIENTO DESEMPEÑO AMBIENTAL ACUICULTURA EN CHILE Y SU EFECTO EN LOS ECOSISTEMAS DE EMPLAZAMIENTO 2020-2021,Objetivo 1. Actividad 2. Muestreos y Analisis sedimentos,Gastón Vidal,INSTITUTO DE FOMENTO PESQUERO,Chiloe central,26,423654.6,732710.2,DISCO SECCHI,5,13/10/2020 17:55:00,X
58,ESTUDIO SEGUIMIENTO DESEMPEÑO AMBIENTAL ACUICULTURA EN CHILE Y SU EFECTO EN LOS ECOSISTEMAS DE EMPLAZAMIENTO 2020-2021,Objetivo 1. Actividad 2. Muestreos y Analisis sedimentos,Gastón Vidal,INSTITUTO DE FOMENTO PESQUERO,Desertores,1,424703.0,725635.9,DISCO SECCHI,3.3,18/12/2020 13:10:00,X
59,ESTUDIO SEGUIMIENTO DESEMPEÑO AMBIENTAL ACUICULTURA EN CHILE Y SU EFECTO EN LOS ECOSISTEMAS DE EMPLAZAMIENTO 2020-2021,Objetivo 1. Actividad 2. Muestreos y Analisis sedimentos,Gastón Vidal,INSTITUTO DE FOMENTO PESQUERO,Desertores,2,424756.1,725723.7,DISCO SECCHI,3.2,18/12/2020 11:25:00,X
60,ESTUDIO SEGUIMIENTO DESEMPEÑO AMBIENTAL ACUICULTURA EN CHILE Y SU EFECTO EN LOS ECOSISTEMAS DE EMPLAZAMIENTO 2020-2021,Objetivo 1. Actividad 2. Muestreos y Analisis sedimentos,Gastón Vidal,INSTITUTO DE FOMENTO PESQUERO,Desertores,3,424536.0,725951.7,DISCO SECCHI,8.5,18/12/2020 11:50:00,X
61,ESTUDIO SEGUIMIENTO DESEMPEÑO AMBIENTAL ACUICULTURA EN CHILE Y SU EFECTO EN LOS ECOSISTEMAS DE EMPLAZAMIENTO 2020-2021,Objetivo 1. Actividad 2. Muestreos y Analisis sedimentos,Gastón Vidal,INSTITUTO DE FOMENTO PESQUERO,Desertores,6,424206.5,730534.1,DISCO SECCHI,4,18/12/2020 10:50:00,X
62,ESTUDIO SEGUIMIENTO DESEMPEÑO AMBIENTAL ACUICULTURA EN CHILE Y SU EFECTO EN LOS ECOSISTEMAS DE EMPLAZAMIENTO 2020-2021,Objetivo 1. Actividad 2. Muestreos y Analisis sedimentos,Gastón Vidal,INSTITUTO DE FOMENTO PESQUERO,Quellon,6,431143.2,733811.2,DISCO SECCHI,6.5,11/10/2020 16:05:00,X
63,ESTUDIO SEGUIMIENTO DESEMPEÑO AMBIENTAL ACUICULTURA EN CHILE Y SU EFECTO EN LOS ECOSISTEMAS DE EMPLAZAMIENTO 2020-2021,Objetivo 1. Actividad 2. Muestreos y Analisis sedimentos,Gastón Vidal,INSTITUTO DE FOMENTO PESQUERO,Quellon,8,430739.5,734328.6,DISCO SECCHI,6.5,11/10/2020 13:40:00,X
64,ESTUDIO SEGUIMIENTO DESEMPEÑO AMBIENTAL ACUICULTURA EN CHILE Y SU EFECTO EN LOS ECOSISTEMAS DE EMPLAZAMIENTO 2020-2021,Objetivo 1. Actividad 2. Muestreos y Analisis sedimentos,Gastón Vidal,INSTITUTO DE FOMENTO PESQUERO,Quellon,11,430832.2,734013.7,DISCO SECCHI,9,11/10/2020 15:00:00,X
65,ESTUDIO SEGUIMIENTO DESEMPEÑO AMBIENTAL ACUICULTURA EN CHILE Y SU EFECTO EN LOS ECOSISTEMAS DE EMPLAZAMIENTO 2020-2021,Objetivo 1. Actividad 2. Muestreos y Analisis sedimentos,Gastón Vidal,INSTITUTO DE FOMENTO PESQUERO,Quellon,12,431133.5,733423.8,DISCO SECCHI,5.5,12/10/2020 09:10:00,X
66,ESTUDIO SEGUIMIENTO DESEMPEÑO AMBIENTAL ACUICULTURA EN CHILE Y SU EFECTO EN LOS ECOSISTEMAS DE EMPLAZAMIENTO 2020-2021,Objetivo 1. Actividad 2. Muestreos y Analisis sedimentos,Gastón Vidal,INSTITUTO DE FOMENTO PESQUERO,Quellon,13,430826.2,733310.7,DISCO SECCHI,5,12/10/2020 13:15:00,X
67,ESTUDIO SEGUIMIENTO DESEMPEÑO AMBIENTAL ACUICULTURA EN CHILE Y SU EFECTO EN LOS ECOSISTEMAS DE EMPLAZAMIENTO 2020-2021,Objetivo 1. Actividad 2. Muestreos y Analisis sedimentos,Gastón Vidal,INSTITUTO DE FOMENTO PESQUERO,Quellon,19,430307.5,732746.7,DISCO SECCHI,7,12/10/2020 15:29:00,X
68,ESTUDIO SEGUIMIENTO DESEMPEÑO AMBIENTAL ACUICULTURA EN CHILE Y SU EFECTO EN LOS ECOSISTEMAS DE EMPLAZAMIENTO 2020-2021,Objetivo 1. Actividad 2. Muestreos y Analisis sedimentos,Gastón Vidal,INSTITUTO DE FOMENTO PESQUERO,Quellon,21,430206.1,733133.1,DISCO SECCHI,5.5,12/10/2020 17:05:00,X
69,ESTUDIO SEGUIMIENTO DESEMPEÑO AMBIENTAL ACUICULTURA EN CHILE Y SU EFECTO EN LOS ECOSISTEMAS DE EMPLAZAMIENTO 2020-2021,Objetivo 1. Actividad 2. Muestreos y Analisis sedimentos,Gastón Vidal,INSTITUTO DE FOMENTO PESQUERO,Quellon,22,425921.8,732805.5,DISCO SECCHI,5,12/10/2020 18:15:00,X
70,ESTUDIO SEGUIMIENTO DESEMPEÑO AMBIENTAL ACUICULTURA EN CHILE Y SU EFECTO EN LOS ECOSISTEMAS DE EMPLAZAMIENTO 2020-2021,Objetivo 1. Actividad 2. Muestreos y Analisis sedimentos,Gastón Vidal,INSTITUTO DE FOMENTO PESQUERO,Quellon,26,425621.2,733649.9,DISCO SECCHI,4,13/10/2020 08:57:00,X
71,ESTUDIO SEGUIMIENTO DESEMPEÑO AMBIENTAL ACUICULTURA EN CHILE Y SU EFECTO EN LOS ECOSISTEMAS DE EMPLAZAMIENTO 2020-2021,Objetivo 1. Actividad 2. Muestreos y Analisis sedimentos,Gastón Vidal,INSTITUTO DE FOMENTO PESQUERO,Quellon,28,425525.9,733504.7,DISCO SECCHI,4,13/10/2020 09:50:00,X
72,ESTUDIO SEGUIMIENTO DESEMPEÑO AMBIENTAL ACUICULTURA EN CHILE Y SU EFECTO EN LOS ECOSISTEMAS DE EMPLAZAMIENTO 2020-2021,Objetivo 1. Actividad 2. Muestreos y Analisis sedimentos,Gastón Vidal,INSTITUTO DE FOMENTO PESQUERO,Quellon,32,425122.8,734130.9,DISCO SECCHI,2.5,13/10/2020 11:14:00,X
73,ESTUDIO SEGUIMIENTO DESEMPEÑO AMBIENTAL ACUICULTURA EN CHILE Y SU EFECTO EN LOS ECOSISTEMAS DE EMPLAZAMIENTO 2020-2021,Objetivo 1. Actividad 2. Muestreos y Analisis sedimentos,Gastón Vidal,INSTITUTO DE FOMENTO PESQUERO,Quellon,39,425415.3,732927.9,DISCO SECCHI,2,13/10/2020 12:40:00,X
74,ESTUDIO SEGUIMIENTO DESEMPEÑO AMBIENTAL ACUICULTURA EN CHILE Y SU EFECTO EN LOS ECOSISTEMAS DE EMPLAZAMIENTO 2020-2021,Objetivo 1. Actividad 2. Muestreos y Analisis sedimentos,Gastón Vidal,INSTITUTO DE FOMENTO PESQUERO,Hornopiren,3,420427.1,722759.7,DISCO SECCHI,4,20/12/2020 00:00:00,X
75,ESTUDIO SEGUIMIENTO DESEMPEÑO AMBIENTAL ACUICULTURA EN CHILE Y SU EFECTO EN LOS ECOSISTEMAS DE EMPLAZAMIENTO 2020-2021,Objetivo 1. Actividad 2. Muestreos y Analisis sedimentos,Gastón Vidal,INSTITUTO DE FOMENTO PESQUERO,Hornopiren,6,420209.6,723558.5,DISCO SECCHI,4.5,21/12/2020 09:53:00,X
76,ESTUDIO SEGUIMIENTO DESEMPEÑO AMBIENTAL ACUICULTURA EN CHILE Y SU EFECTO EN LOS ECOSISTEMAS DE EMPLAZAMIENTO 2020-2021,Objetivo 1. Actividad 2. Muestreos y Analisis sedimentos,Gastón Vidal,INSTITUTO DE FOMENTO PESQUERO,Hornopiren,7,420301.3,723537.3,DISCO SECCHI,4.5,21/12/2020 08:54:00,X
77,ESTUDIO SEGUIMIENTO DESEMPEÑO AMBIENTAL ACUICULTURA EN CHILE Y SU EFECTO EN LOS ECOSISTEMAS DE EMPLAZAMIENTO 2020-2021,Objetivo 1. Actividad 2. Muestreos y Analisis sedimentos,Gastón Vidal,INSTITUTO DE FOMENTO PESQUERO,Hornopiren,13,421433.8,722650.7,DISCO SECCHI,6.5,20/12/2020 17:20:00,X
78,ESTUDIO SEGUIMIENTO DESEMPEÑO AMBIENTAL ACUICULTURA EN CHILE Y SU EFECTO EN LOS ECOSISTEMAS DE EMPLAZAMIENTO 2020-2021,Objetivo 1. Actividad 2. Muestreos y Analisis sedimentos,Gastón Vidal,INSTITUTO DE FOMENTO PESQUERO,Hornopiren,14,421524.5,722346.8,DISCO SECCHI,5,20/12/2020 00:00:00,X
79,ESTUDIO SEGUIMIENTO DESEMPEÑO AMBIENTAL ACUICULTURA EN CHILE Y SU EFECTO EN LOS ECOSISTEMAS DE EMPLAZAMIENTO 2020-2021,Objetivo 1. Actividad 2. Muestreos y Analisis sedimentos,Gastón Vidal,INSTITUTO DE FOMENTO PESQUERO,Ayacara,1,421853.1,724721.9,DISCO SECCHI,4.5,20/12/2020 09:08:00,X
80,ESTUDIO SEGUIMIENTO DESEMPEÑO AMBIENTAL ACUICULTURA EN CHILE Y SU EFECTO EN LOS ECOSISTEMAS DE EMPLAZAMIENTO 2020-2021,Objetivo 1. Actividad 2. Muestreos y Analisis sedimentos,Gastón Vidal,INSTITUTO DE FOMENTO PESQUERO,Ayacara,2,422434.1,724307.0,DISCO SECCHI,3.5,19/12/2020 19:00:00,X
81,ESTUDIO SEGUIMIENTO DESEMPEÑO AMBIENTAL ACUICULTURA EN CHILE Y SU EFECTO EN LOS ECOSISTEMAS DE EMPLAZAMIENTO 2020-2021,Objetivo 1. Actividad 2. Muestreos y Analisis sedimentos,Gastón Vidal,INSTITUTO DE FOMENTO PESQUERO,Ayacara,3,423409.7,723139.7,DISCO SECCHI,2.5,19/12/2020 16:20:00,X
82,ESTUDIO SEGUIMIENTO DESEMPEÑO AMBIENTAL ACUICULTURA EN CHILE Y SU EFECTO EN LOS ECOSISTEMAS DE EMPLAZAMIENTO 2020-2021,Objetivo 1. Actividad 2. Muestreos y Analisis sedimentos,Gastón Vidal,INSTITUTO DE FOMENTO PESQUERO,Ayacara,4,423117.9,724140.8,DISCO SECCHI,2,19/12/2020 15:11:00,X
83,ESTUDIO SEGUIMIENTO DESEMPEÑO AMBIENTAL ACUICULTURA EN CHILE Y SU EFECTO EN LOS ECOSISTEMAS DE EMPLAZAMIENTO 2020-2021,Objetivo 1. Actividad 2. Muestreos y Analisis sedimentos,Gastón Vidal,INSTITUTO DE FOMENTO PESQUERO,Ayacara,7,423730.6,725115.4,DISCO SECCHI,7.5,19/12/2020 11:02:00,X
84,ESTUDIO SEGUIMIENTO DESEMPEÑO AMBIENTAL ACUICULTURA EN CHILE Y SU EFECTO EN LOS ECOSISTEMAS DE EMPLAZAMIENTO 2020-2021,Objetivo 1. Actividad 2. Muestreos y Analisis sedimentos,Gastón Vidal,INSTITUTO DE FOMENTO PESQUERO,Ayacara,9,424232.8,725058.9,DISCO SECCHI,9,19/12/2020 09:55:00,X
85,ESTUDIO SEGUIMIENTO DESEMPEÑO AMBIENTAL ACUICULTURA EN CHILE Y SU EFECTO EN LOS ECOSISTEMAS DE EMPLAZAMIENTO 2020-2021,Objetivo 1. Actividad 2. Muestreos y Analisis sedimentos,Gastón Vidal,INSTITUTO DE FOMENTO PESQUERO,Chaiten,3,424711.1,725049.9,DISCO SECCHI,2,19/12/2020 08:48:00,X
86,ESTUDIO SEGUIMIENTO DESEMPEÑO AMBIENTAL ACUICULTURA EN CHILE Y SU EFECTO EN LOS ECOSISTEMAS DE EMPLAZAMIENTO 2020-2021,Objetivo 1. Actividad 2. Muestreos y Analisis sedimentos,Gastón Vidal,INSTITUTO DE FOMENTO PESQUERO,Chaiten,4,425527.6,724459.6,DISCO SECCHI,3.5,18/12/2020 17:56:00,X
87,ESTUDIO SEGUIMIENTO DESEMPEÑO AMBIENTAL ACUICULTURA EN CHILE Y SU EFECTO EN LOS ECOSISTEMAS DE EMPLAZAMIENTO 2020-2021,Objetivo 1. Actividad 2. Muestreos y Analisis sedimentos,Gastón Vidal,INSTITUTO DE FOMENTO PESQUERO,Chaiten,12,431438.9,725308.2,DISCO SECCHI,4.5,02/02/2021 15:26:00,X
88,ESTUDIO SEGUIMIENTO DESEMPEÑO AMBIENTAL ACUICULTURA EN CHILE Y SU EFECTO EN LOS ECOSISTEMAS DE EMPLAZAMIENTO 2020-2021,Objetivo 1. Actividad 2. Muestreos y Analisis sedimentos,Gastón Vidal,INSTITUTO DE FOMENTO PESQUERO,Chaiten,14,431550.9,725835.0,DISCO SECCHI,6.5,02/02/2021 14:40:00,X
89,ESTUDIO SEGUIMIENTO DESEMPEÑO AMBIENTAL ACUICULTURA EN CHILE Y SU EFECTO EN LOS ECOSISTEMAS DE EMPLAZAMIENTO 2020-2021,Objetivo 1. Actividad 2. Muestreos y Analisis sedimentos,Gastón Vidal,INSTITUTO DE FOMENTO PESQUERO,Chaiten,18,433529.8,730022.5,DISCO SECCHI,7.5,02/02/2021 10:20:00,X
90,ESTUDIO SEGUIMIENTO DESEMPEÑO AMBIENTAL ACUICULTURA EN CHILE Y SU EFECTO EN LOS ECOSISTEMAS DE EMPLAZAMIENTO 2020-2021,Objetivo 1. Actividad 2. Muestreos y Analisis sedimentos,Gastón Vidal,INSTITUTO DE FOMENTO PESQUERO,Chaiten,19,433757.9,725704.9,DISCO SECCHI,4.5,02/02/2021 09:45:00,X
91,ESTUDIO SEGUIMIENTO DESEMPEÑO AMBIENTAL ACUICULTURA EN CHILE Y SU EFECTO EN LOS ECOSISTEMAS DE EMPLAZAMIENTO 2020-2021,Objetivo 1. Actividad 2. Muestreos y Analisis sedimentos,Gastón Vidal,INSTITUTO DE FOMENTO PESQUERO,Chaiten,20,434146.5,725944.6,DISCO SECCHI,4,02/02/2021 08:45:00,X
92,ESTUDIO SEGUIMIENTO DESEMPEÑO AMBIENTAL ACUICULTURA EN CHILE Y SU EFECTO EN LOS ECOSISTEMAS DE EMPLAZAMIENTO 2020-2021,Objetivo 1. Actividad 2. Muestreos y Analisis sedimentos,Gastón Vidal,INSTITUTO DE FOMENTO PESQUERO,Guaitecas,1,442931.1,740942.8,DISCO SECCHI,5,21/01/2021 08:30:00,XI
93,ESTUDIO SEGUIMIENTO DESEMPEÑO AMBIENTAL ACUICULTURA EN CHILE Y SU EFECTO EN LOS ECOSISTEMAS DE EMPLAZAMIENTO 2020-2021,Objetivo 1. Actividad 2. Muestreos y Analisis sedimentos,Gastón Vidal,INSTITUTO DE FOMENTO PESQUERO,Guaitecas,2,442654.0,740814.0,DISCO SECCHI,1.8,20/01/2021 15:51:00,XI
94,ESTUDIO SEGUIMIENTO DESEMPEÑO AMBIENTAL ACUICULTURA EN CHILE Y SU EFECTO EN LOS ECOSISTEMAS DE EMPLAZAMIENTO 2020-2021,Objetivo 1. Actividad 2. Muestreos y Analisis sedimentos,Gastón Vidal,INSTITUTO DE FOMENTO PESQUERO,Guaitecas,4,441418.4,741320.7,DISCO SECCHI,2,20/01/2021 13:40:00,XI
95,ESTUDIO SEGUIMIENTO DESEMPEÑO AMBIENTAL ACUICULTURA EN CHILE Y SU EFECTO EN LOS ECOSISTEMAS DE EMPLAZAMIENTO 2020-2021,Objetivo 1. Actividad 2. Muestreos y Analisis sedimentos,Gastón Vidal,INSTITUTO DE FOMENTO PESQUERO,Guaitecas,6,440829.0,740209.0,DISCO SECCHI,9.5,20/01/2021 11:25:00,XI
96,ESTUDIO SEGUIMIENTO DESEMPEÑO AMBIENTAL ACUICULTURA EN CHILE Y SU EFECTO EN LOS ECOSISTEMAS DE EMPLAZAMIENTO 2020-2021,Objetivo 1. Actividad 2. Muestreos y Analisis sedimentos,Gastón Vidal,INSTITUTO DE FOMENTO PESQUERO,Guaitecas,7,440453.4,735253.7,DISCO SECCHI,6,20/01/2021 10:10:00,XI
97,ESTUDIO SEGUIMIENTO DESEMPEÑO AMBIENTAL ACUICULTURA EN CHILE Y SU EFECTO EN LOS ECOSISTEMAS DE EMPLAZAMIENTO 2020-2021,Objetivo 1. Actividad 2. Muestreos y Analisis sedimentos,Gastón Vidal,INSTITUTO DE FOMENTO PESQUERO,Guaitecas,8,435456.5,735432.1,DISCO SECCHI,4,19/01/2021 09:15:00,XI
98,ESTUDIO SEGUIMIENTO DESEMPEÑO AMBIENTAL ACUICULTURA EN CHILE Y SU EFECTO EN LOS ECOSISTEMAS DE EMPLAZAMIENTO 2020-2021,Objetivo 1. Actividad 2. Muestreos y Analisis sedimentos,Gastón Vidal,INSTITUTO DE FOMENTO PESQUERO,Guaitecas,9,435329.1,735219.9,DISCO SECCHI,3.5,19/01/2021 08:20:00,XI
99,ESTUDIO SEGUIMIENTO DESEMPEÑO AMBIENTAL ACUICULTURA EN CHILE Y SU EFECTO EN LOS ECOSISTEMAS DE EMPLAZAMIENTO 2020-2021,Objetivo 1. Actividad 2. Muestreos y Analisis sedimentos,Gastón Vidal,INSTITUTO DE FOMENTO PESQUERO,Guaitecas,10,435638.0,734800.0,DISCO SECCHI,7,19/01/2021 10:20:00,XI
100,ESTUDIO SEGUIMIENTO DESEMPEÑO AMBIENTAL ACUICULTURA EN CHILE Y SU EFECTO EN LOS ECOSISTEMAS DE EMPLAZAMIENTO 2020-2021,Objetivo 1. Actividad 2. Muestreos y Analisis sedimentos,Gastón Vidal,INSTITUTO DE FOMENTO PESQUERO,Guaitecas,12,440031.4,734511.0,DISCO SECCHI,2.1,19/01/2021 11:30:00,XI
101,ESTUDIO SEGUIMIENTO DESEMPEÑO AMBIENTAL ACUICULTURA EN CHILE Y SU EFECTO EN LOS ECOSISTEMAS DE EMPLAZAMIENTO 2020-2021,Objetivo 1. Actividad 2. Muestreos y Analisis sedimentos,Gastón Vidal,INSTITUTO DE FOMENTO PESQUERO,Guaitecas,17,441715.5,734639.1,DISCO SECCHI,6,19/01/2021 19:45:00,XI
102,ESTUDIO SEGUIMIENTO DESEMPEÑO AMBIENTAL ACUICULTURA EN CHILE Y SU EFECTO EN LOS ECOSISTEMAS DE EMPLAZAMIENTO 2020-2021,Objetivo 1. Actividad 2. Muestreos y Analisis sedimentos,Gastón Vidal,INSTITUTO DE FOMENTO PESQUERO,Moraleda,2,451131.2,735840.6,DISCO SECCHI,6,22/01/2021 12:41:00,XI
103,ESTUDIO SEGUIMIENTO DESEMPEÑO AMBIENTAL ACUICULTURA EN CHILE Y SU EFECTO EN LOS ECOSISTEMAS DE EMPLAZAMIENTO 2020-2021,Objetivo 1. Actividad 2. Muestreos y Analisis sedimentos,Gastón Vidal,INSTITUTO DE FOMENTO PESQUERO,Moraleda,4,450957.9,740833.4,DISCO SECCHI,4,22/01/2021 11:21:00,XI
104,ESTUDIO SEGUIMIENTO DESEMPEÑO AMBIENTAL ACUICULTURA EN CHILE Y SU EFECTO EN LOS ECOSISTEMAS DE EMPLAZAMIENTO 2020-2021,Objetivo 1. Actividad 2. Muestreos y Analisis sedimentos,Gastón Vidal,INSTITUTO DE FOMENTO PESQUERO,Moraleda,5,450801.8,741520.1,DISCO SECCHI,6,22/01/2021 10:07:00,XI
105,ESTUDIO SEGUIMIENTO DESEMPEÑO AMBIENTAL ACUICULTURA EN CHILE Y SU EFECTO EN LOS ECOSISTEMAS DE EMPLAZAMIENTO 2020-2021,Objetivo 1. Actividad 2. Muestreos y Analisis sedimentos,Gastón Vidal,INSTITUTO DE FOMENTO PESQUERO,Moraleda,12,444145.4,735257.1,DISCO SECCHI,6,21/01/2021 13:21:00,XI
106,ESTUDIO SEGUIMIENTO DESEMPEÑO AMBIENTAL ACUICULTURA EN CHILE Y SU EFECTO EN LOS ECOSISTEMAS DE EMPLAZAMIENTO 2020-2021,Objetivo 1. Actividad 2. Muestreos y Analisis sedimentos,Gastón Vidal,INSTITUTO DE FOMENTO PESQUERO,Moraleda,13,443935.6,735252.9,DISCO SECCHI,9,21/01/2021 12:30:00,XI
107,ESTUDIO SEGUIMIENTO DESEMPEÑO AMBIENTAL ACUICULTURA EN CHILE Y SU EFECTO EN LOS ECOSISTEMAS DE EMPLAZAMIENTO 2020-2021,Objetivo 1. Actividad 2. Muestreos y Analisis sedimentos,Gastón Vidal,INSTITUTO DE FOMENTO PESQUERO,Moraleda,14,443608.6,740025.9,DISCO SECCHI,4,21/01/2021 11:08:00,XI
108,ESTUDIO SEGUIMIENTO DESEMPEÑO AMBIENTAL ACUICULTURA EN CHILE Y SU EFECTO EN LOS ECOSISTEMAS DE EMPLAZAMIENTO 2020-2021,Objetivo 1. Actividad 2. Muestreos y Analisis sedimentos,Gastón Vidal,INSTITUTO DE FOMENTO PESQUERO,Moraleda,16,443308.8,740650.1,DISCO SECCHI,7.6,21/01/2021 10:17:00,XI
109,ESTUDIO SEGUIMIENTO DESEMPEÑO AMBIENTAL ACUICULTURA EN CHILE Y SU EFECTO EN LOS ECOSISTEMAS DE EMPLAZAMIENTO 2020-2021,Objetivo 1. Actividad 2. Muestreos y Analisis sedimentos,Gastón Vidal,INSTITUTO DE FOMENTO PESQUERO,Moraleda,17,440830.9,733501.0,DISCO SECCHI,6.8,19/01/2021 13:40:00,XI
110,ESTUDIO SEGUIMIENTO DESEMPEÑO AMBIENTAL ACUICULTURA EN CHILE Y SU EFECTO EN LOS ECOSISTEMAS DE EMPLAZAMIENTO 2020-2021,Objetivo 1. Actividad 2. Muestreos y Analisis sedimentos,Gastón Vidal,INSTITUTO DE FOMENTO PESQUERO,Moraleda,19,434430.9,730056.5,DISCO SECCHI,5,01/02/2021 17:11:00,XI
111,ESTUDIO SEGUIMIENTO DESEMPEÑO AMBIENTAL ACUICULTURA EN CHILE Y SU EFECTO EN LOS ECOSISTEMAS DE EMPLAZAMIENTO 2020-2021,Objetivo 1. Actividad 2. Muestreos y Analisis sedimentos,Gastón Vidal,INSTITUTO DE FOMENTO PESQUERO,Moraleda,25,440204.1,731205.2,DISCO SECCHI,3,01/02/2021 12:07:00,XI
112,ESTUDIO SEGUIMIENTO DESEMPEÑO AMBIENTAL ACUICULTURA EN CHILE Y SU EFECTO EN LOS ECOSISTEMAS DE EMPLAZAMIENTO 2020-2021,Objetivo 1. Actividad 2. Muestreos y Analisis sedimentos,Gastón Vidal,INSTITUTO DE FOMENTO PESQUERO,Moraleda,31,442248.0,730431.7,DISCO SECCHI,3,31/01/2021 13:57:00,XI
113,ESTUDIO SEGUIMIENTO DESEMPEÑO AMBIENTAL ACUICULTURA EN CHILE Y SU EFECTO EN LOS ECOSISTEMAS DE EMPLAZAMIENTO 2020-2021,Objetivo 1. Actividad 2. Muestreos y Analisis sedimentos,Gastón Vidal,INSTITUTO DE FOMENTO PESQUERO,Moraleda,32,450149.0,732702.0,DISCO SECCHI,5.5,29/01/2021 15:45:00,XI
114,ESTUDIO SEGUIMIENTO DESEMPEÑO AMBIENTAL ACUICULTURA EN CHILE Y SU EFECTO EN LOS ECOSISTEMAS DE EMPLAZAMIENTO 2020-2021,Objetivo 1. Actividad 2. Muestreos y Analisis sedimentos,Gastón Vidal,INSTITUTO DE FOMENTO PESQUERO,Puyuhuapi,5,443139.8,724117.0,DISCO SECCHI,2,31/01/2021 10:08:00,XI
115,ESTUDIO SEGUIMIENTO DESEMPEÑO AMBIENTAL ACUICULTURA EN CHILE Y SU EFECTO EN LOS ECOSISTEMAS DE EMPLAZAMIENTO 2020-2021,Objetivo 1. Actividad 2. Muestreos y Analisis sedimentos,Gastón Vidal,INSTITUTO DE FOMENTO PESQUERO,Puyuhuapi,7,443955.1,725020.8,DISCO SECCHI,2,30/01/2021 14:05:00,XI
116,ESTUDIO SEGUIMIENTO DESEMPEÑO AMBIENTAL ACUICULTURA EN CHILE Y SU EFECTO EN LOS ECOSISTEMAS DE EMPLAZAMIENTO 2020-2021,Objetivo 1. Actividad 2. Muestreos y Analisis sedimentos,Gastón Vidal,INSTITUTO DE FOMENTO PESQUERO,Puyuhuapi,8,444209.3,724807.1,DISCO SECCHI,2,30/01/2021 13:20:00,XI
117,ESTUDIO SEGUIMIENTO DESEMPEÑO AMBIENTAL ACUICULTURA EN CHILE Y SU EFECTO EN LOS ECOSISTEMAS DE EMPLAZAMIENTO 2020-2021,Objetivo 1. Actividad 2. Muestreos y Analisis sedimentos,Gastón Vidal,INSTITUTO DE FOMENTO PESQUERO,Puyuhuapi,10,444937.8,725757.3,DISCO SECCHI,2.5,30/01/2021 10:30:00,XI
118,ESTUDIO SEGUIMIENTO DESEMPEÑO AMBIENTAL ACUICULTURA EN CHILE Y SU EFECTO EN LOS ECOSISTEMAS DE EMPLAZAMIENTO 2020-2021,Objetivo 1. Actividad 2. Muestreos y Analisis sedimentos,Gastón Vidal,INSTITUTO DE FOMENTO PESQUERO,Puyuhuapi,12,445441.9,730811.9,DISCO SECCHI,2,29/01/2021 18:06:00,XI
119,ESTUDIO SEGUIMIENTO DESEMPEÑO AMBIENTAL ACUICULTURA EN CHILE Y SU EFECTO EN LOS ECOSISTEMAS DE EMPLAZAMIENTO 2020-2021,Objetivo 1. Actividad 2. Muestreos y Analisis sedimentos,Gastón Vidal,INSTITUTO DE FOMENTO PESQUERO,Aysen,1,452639.7,730033.3,DISCO SECCHI,2,28/01/2021 15:07:00,XI
120,ESTUDIO SEGUIMIENTO DESEMPEÑO AMBIENTAL ACUICULTURA EN CHILE Y SU EFECTO EN LOS ECOSISTEMAS DE EMPLAZAMIENTO 2020-2021,Objetivo 1. Actividad 2. Muestreos y Analisis sedimentos,Gastón Vidal,INSTITUTO DE FOMENTO PESQUERO,Aysen,3,451953.0,732236.0,DISCO SECCHI,11.5,28/01/2021 11:07:00,XI
121,ESTUDIO SEGUIMIENTO DESEMPEÑO AMBIENTAL ACUICULTURA EN CHILE Y SU EFECTO EN LOS ECOSISTEMAS DE EMPLAZAMIENTO 2020-2021,Objetivo 1. Actividad 2. Muestreos y Analisis sedimentos,Gastón Vidal,INSTITUTO DE FOMENTO PESQUERO,Aysen,5,452421.9,733225.0,DISCO SECCHI,3.4,27/01/2021 11:50:00,XI
122,ESTUDIO SEGUIMIENTO DESEMPEÑO AMBIENTAL ACUICULTURA EN CHILE Y SU EFECTO EN LOS ECOSISTEMAS DE EMPLAZAMIENTO 2020-2021,Objetivo 1. Actividad 2. Muestreos y Analisis sedimentos,Gastón Vidal,INSTITUTO DE FOMENTO PESQUERO,Aysen,6,453734.9,733550.9,DISCO SECCHI,7.5,26/01/2021 17:45:00,XI
123,ESTUDIO SEGUIMIENTO DESEMPEÑO AMBIENTAL ACUICULTURA EN CHILE Y SU EFECTO EN LOS ECOSISTEMAS DE EMPLAZAMIENTO 2020-2021,Objetivo 1. Actividad 2. Muestreos y Analisis sedimentos,Gastón Vidal,INSTITUTO DE FOMENTO PESQUERO,Aysen,7,454508.5,733655.3,DISCO SECCHI,2,26/01/2021 15:06:00,XI
124,ESTUDIO SEGUIMIENTO DESEMPEÑO AMBIENTAL ACUICULTURA EN CHILE Y SU EFECTO EN LOS ECOSISTEMAS DE EMPLAZAMIENTO 2020-2021,Objetivo 1. Actividad 2. Muestreos y Analisis sedimentos,Gastón Vidal,INSTITUTO DE FOMENTO PESQUERO,Aysen,10,455717.6,733619.7,DISCO SECCHI,7,25/01/2021 14:55:00,XI
125,ESTUDIO SEGUIMIENTO DESEMPEÑO AMBIENTAL ACUICULTURA EN CHILE Y SU EFECTO EN LOS ECOSISTEMAS DE EMPLAZAMIENTO 2020-2021,Objetivo 1. Actividad 2. Muestreos y Analisis sedimentos,Gastón Vidal,INSTITUTO DE FOMENTO PESQUERO,Aysen,11,460134.6,733917.0,DISCO SECCHI,6.5,25/01/2021 13:42:00,XI
126,ESTUDIO SEGUIMIENTO DESEMPEÑO AMBIENTAL ACUICULTURA EN CHILE Y SU EFECTO EN LOS ECOSISTEMAS DE EMPLAZAMIENTO 2020-2021,Objetivo 1. Actividad 2. Muestreos y Analisis sedimentos,Gastón Vidal,INSTITUTO DE FOMENTO PESQUERO,Aysen,13,461329.4,734345.5,DISCO SECCHI,5,24/01/2021 09:20:00,XI
127,ESTUDIO SEGUIMIENTO DESEMPEÑO AMBIENTAL ACUICULTURA EN CHILE Y SU EFECTO EN LOS ECOSISTEMAS DE EMPLAZAMIENTO 2020-2021,Objetivo 1. Actividad 2. Muestreos y Analisis sedimentos,Gastón Vidal,INSTITUTO DE FOMENTO PESQUERO,Aysen,18,460557.7,735202.9,DISCO SECCHI,3,23/01/2021 18:34:00,XI
128,ESTUDIO SEGUIMIENTO DESEMPEÑO AMBIENTAL ACUICULTURA EN CHILE Y SU EFECTO EN LOS ECOSISTEMAS DE EMPLAZAMIENTO 2020-2021,Objetivo 1. Actividad 2. Muestreos y Analisis sedimentos,Gastón Vidal,INSTITUTO DE FOMENTO PESQUERO,Aysen,19,460107.9,735645.7,DISCO SECCHI,4,23/01/2021 17:25:00,XI
129,ESTUDIO SEGUIMIENTO DESEMPEÑO AMBIENTAL ACUICULTURA EN CHILE Y SU EFECTO EN LOS ECOSISTEMAS DE EMPLAZAMIENTO 2020-2021,Objetivo 1. Actividad 2. Muestreos y Analisis sedimentos,Gastón Vidal,INSTITUTO DE FOMENTO PESQUERO,Aysen,24,454429.7,740423.3,DISCO SECCHI,2,23/01/2021 13:05:00,XI
130,ESTUDIO SEGUIMIENTO DESEMPEÑO AMBIENTAL ACUICULTURA EN CHILE Y SU EFECTO EN LOS ECOSISTEMAS DE EMPLAZAMIENTO 2020-2021,Objetivo 1. Actividad 2. Muestreos y Analisis sedimentos,Gastón Vidal,INSTITUTO DE FOMENTO PESQUERO,Aysen,25,454137.5,741704.6,DISCO SECCHI,11,23/01/2021 10:57:00,XI
131,ESTUDIO SEGUIMIENTO DESEMPEÑO AMBIENTAL ACUICULTURA EN CHILE Y SU EFECTO EN LOS ECOSISTEMAS DE EMPLAZAMIENTO 2020-2021,Objetivo 1. Actividad 2. Muestreos y Analisis sedimentos,Gastón Vidal,INSTITUTO DE FOMENTO PESQUERO,Aysen,28,453351.4,741310.2,DISCO SECCHI,6,23/01/2021 08:30:00,XI
132,ESTUDIO SEGUIMIENTO DESEMPEÑO AMBIENTAL ACUICULTURA EN CHILE Y SU EFECTO EN LOS ECOSISTEMAS DE EMPLAZAMIENTO 2020-2021,Objetivo 1. Actividad 2. Muestreos y Analisis sedimentos,Gastón Vidal,INSTITUTO DE FOMENTO PESQUERO,Aysen,30,452356.0,741521.0,DISCO SECCHI,6.4,22/01/2021 15:44:00,XI
133,ESTUDIO SEGUIMIENTO DESEMPEÑO AMBIENTAL ACUICULTURA EN CHILE Y SU EFECTO EN LOS ECOSISTEMAS DE EMPLAZAMIENTO 2020-2021,Objetivo 1. Actividad 2. Muestreos y Analisis sedimentos,Gastón Vidal,INSTITUTO DE FOMENTO PESQUERO,Aysen,34,451659.5,734350.5,DISCO SECCHI,3.7,27/01/2021 17:06:00,XI
134,ESTUDIO SEGUIMIENTO DESEMPEÑO AMBIENTAL ACUICULTURA EN CHILE Y SU EFECTO EN LOS ECOSISTEMAS DE EMPLAZAMIENTO 2020-2021,Objetivo 1. Actividad 2. Muestreos y Analisis sedimentos,Gastón Vidal,INSTITUTO DE FOMENTO PESQUERO,Coquimbo,1,300839.9,712256.3,DISCO SECCHI,2,08/04/2021 00:00:00,IV
135,ESTUDIO SEGUIMIENTO DESEMPEÑO AMBIENTAL ACUICULTURA EN CHILE Y SU EFECTO EN LOS ECOSISTEMAS DE EMPLAZAMIENTO 2020-2021,Objetivo 1. Actividad 2. Muestreos y Analisis sedimentos,Gastón Vidal,INSTITUTO DE FOMENTO PESQUERO,Coquimbo,4,301121.0,712525.0,DISCO SECCHI,7,08/04/2021 00:00:00,IV
136,ESTUDIO SEGUIMIENTO DESEMPEÑO AMBIENTAL ACUICULTURA EN CHILE Y SU EFECTO EN LOS ECOSISTEMAS DE EMPLAZAMIENTO 2020-2021,Objetivo 1. Actividad 2. Muestreos y Analisis sedimentos,Gastón Vidal,INSTITUTO DE FOMENTO PESQUERO,Coquimbo,5,301046.7,712617.5,DISCO SECCHI,8,08/04/2021 00:00:00,IV
137,ESTUDIO SEGUIMIENTO DESEMPEÑO AMBIENTAL ACUICULTURA EN CHILE Y SU EFECTO EN LOS ECOSISTEMAS DE EMPLAZAMIENTO 2020-2021,Objetivo 1. Actividad 2. Muestreos y Analisis sedimentos,Gastón Vidal,INSTITUTO DE FOMENTO PESQUERO,Coquimbo,7,301455.9,712925.2,DISCO SECCHI,9,08/04/2021 00:00:00,IV
138,ESTUDIO SEGUIMIENTO DESEMPEÑO AMBIENTAL ACUICULTURA EN CHILE Y SU EFECTO EN LOS ECOSISTEMAS DE EMPLAZAMIENTO 2020-2021,Objetivo 1. Actividad 2. Muestreos y Analisis sedimentos,Gastón Vidal,INSTITUTO DE FOMENTO PESQUERO,Coquimbo,9,301620.2,713032.0,DISCO SECCHI,5,08/04/2021 00:00:00,IV
139,ESTUDIO SEGUIMIENTO DESEMPEÑO AMBIENTAL ACUICULTURA EN CHILE Y SU EFECTO EN LOS ECOSISTEMAS DE EMPLAZAMIENTO 2020-2021,Objetivo 1. Actividad 2. Muestreos y Analisis sedimentos,Gastón Vidal,INSTITUTO DE FOMENTO PESQUERO,Coquimbo,10,301612.8,713138.8,DISCO SECCHI,7,08/04/2021 00:00:00,IV
140,ESTUDIO SEGUIMIENTO DESEMPEÑO AMBIENTAL ACUICULTURA EN CHILE Y SU EFECTO EN LOS ECOSISTEMAS DE EMPLAZAMIENTO 2020-2021,Objetivo 1. Actividad 2. Muestreos y Analisis sedimentos,Gastón Vidal,INSTITUTO DE FOMENTO PESQUERO,Coquimbo,13,301637.0,713306.7,DISCO SECCHI,7,08/04/2021 00:00:00,IV
147,ESTUDIO SEGUIMIENTO DESEMPEÑO AMBIENTAL ACUICULTURA EN CHILE Y SU EFECTO EN LOS ECOSISTEMAS DE EMPLAZAMIENTO 2020-2021,Objetivo 1. Actividad 2. Muestreos y Analisis sedimentos,Gastón Vidal,INSTITUTO DE FOMENTO PESQUERO,Natales,2,513604.7,724301.6,DISCO SECCHI,3.5,21/02/2021 12:32:00,XII
148,ESTUDIO SEGUIMIENTO DESEMPEÑO AMBIENTAL ACUICULTURA EN CHILE Y SU EFECTO EN LOS ECOSISTEMAS DE EMPLAZAMIENTO 2020-2021,Objetivo 1. Actividad 2. Muestreos y Analisis sedimentos,Gastón Vidal,INSTITUTO DE FOMENTO PESQUERO,Natales,3,514018.2,723753.1,DISCO SECCHI,5.5,21/02/2021 11:22:00,XII
149,ESTUDIO SEGUIMIENTO DESEMPEÑO AMBIENTAL ACUICULTURA EN CHILE Y SU EFECTO EN LOS ECOSISTEMAS DE EMPLAZAMIENTO 2020-2021,Objetivo 1. Actividad 2. Muestreos y Analisis sedimentos,Gastón Vidal,INSTITUTO DE FOMENTO PESQUERO,Natales,5,514929.7,723739.8,DISCO SECCHI,9,20/02/2021 09:10:00,XII
150,ESTUDIO SEGUIMIENTO DESEMPEÑO AMBIENTAL ACUICULTURA EN CHILE Y SU EFECTO EN LOS ECOSISTEMAS DE EMPLAZAMIENTO 2020-2021,Objetivo 1. Actividad 2. Muestreos y Analisis sedimentos,Gastón Vidal,INSTITUTO DE FOMENTO PESQUERO,Natales,9,514601.6,725405.0,DISCO SECCHI,5,20/02/2021 12:04:00,XII
151,ESTUDIO SEGUIMIENTO DESEMPEÑO AMBIENTAL ACUICULTURA EN CHILE Y SU EFECTO EN LOS ECOSISTEMAS DE EMPLAZAMIENTO 2020-2021,Objetivo 1. Actividad 2. Muestreos y Analisis sedimentos,Gastón Vidal,INSTITUTO DE FOMENTO PESQUERO,Natales,10,520357.8,725602.0,DISCO SECCHI,4.5,20/02/2021 19:25:00,XII
152,ESTUDIO SEGUIMIENTO DESEMPEÑO AMBIENTAL ACUICULTURA EN CHILE Y SU EFECTO EN LOS ECOSISTEMAS DE EMPLAZAMIENTO 2020-2021,Objetivo 1. Actividad 2. Muestreos y Analisis sedimentos,Gastón Vidal,INSTITUTO DE FOMENTO PESQUERO,Natales,11,521159.7,725703.6,DISCO SECCHI,4.5,20/02/2021 17:05:00,XII
153,ESTUDIO SEGUIMIENTO DESEMPEÑO AMBIENTAL ACUICULTURA EN CHILE Y SU EFECTO EN LOS ECOSISTEMAS DE EMPLAZAMIENTO 2020-2021,Objetivo 1. Actividad 2. Muestreos y Analisis sedimentos,Gastón Vidal,INSTITUTO DE FOMENTO PESQUERO,Natales,13,521310.4,725226.1,DISCO SECCHI,7.2,20/02/2021 16:32:00,XII
155,ESTUDIO SEGUIMIENTO DESEMPEÑO AMBIENTAL ACUICULTURA EN CHILE Y SU EFECTO EN LOS ECOSISTEMAS DE EMPLAZAMIENTO 2020-2021,Objetivo 1. Actividad 2. Muestreos y Analisis sedimentos,Gastón Vidal,INSTITUTO DE FOMENTO PESQUERO,Bio-Bio,4,370959.6,733041.5,DISCO SECCHI,6.3,10/02/2021 09:30:00,VIII
156,ESTUDIO SEGUIMIENTO DESEMPEÑO AMBIENTAL ACUICULTURA EN CHILE Y SU EFECTO EN LOS ECOSISTEMAS DE EMPLAZAMIENTO 2020-2021,Objetivo 1. Actividad 2. Muestreos y Analisis sedimentos,Gastón Vidal,INSTITUTO DE FOMENTO PESQUERO,Bio-Bio,5,371343.6,732125.3,DISCO SECCHI,6.8,10/02/2021 11:05:00,VIII
157,ESTUDIO SEGUIMIENTO DESEMPEÑO AMBIENTAL ACUICULTURA EN CHILE Y SU EFECTO EN LOS ECOSISTEMAS DE EMPLAZAMIENTO 2020-2021,Objetivo 1. Actividad 2. Muestreos y Analisis sedimentos,Gastón Vidal,INSTITUTO DE FOMENTO PESQUERO,Bio-Bio,8,371341.8,731932.2,DISCO SECCHI,5.8,10/02/2021 11:57:00,VIII
158,ESTUDIO SEGUIMIENTO DESEMPEÑO AMBIENTAL ACUICULTURA EN CHILE Y SU EFECTO EN LOS ECOSISTEMAS DE EMPLAZAMIENTO 2020-2021,Objetivo 1. Actividad 2. Muestreos y Analisis sedimentos,Gastón Vidal,INSTITUTO DE FOMENTO PESQUERO,Bio-Bio,9,371000.1,731213.8,DISCO SECCHI,7.5,10/02/2021 13:31:00,VIII
159,ESTUDIO SEGUIMIENTO DESEMPEÑO AMBIENTAL ACUICULTURA EN CHILE Y SU EFECTO EN LOS ECOSISTEMAS DE EMPLAZAMIENTO 2020-2021,Objetivo 1. Actividad 2. Muestreos y Analisis sedimentos,Gastón Vidal,INSTITUTO DE FOMENTO PESQUERO,Bio-Bio,11,370916.3,731140.2,DISCO SECCHI,4.5,10/02/2021 14:27:00,VIII
160,ESTUDIO SEGUIMIENTO DESEMPEÑO AMBIENTAL ACUICULTURA EN CHILE Y SU EFECTO EN LOS ECOSISTEMAS DE EMPLAZAMIENTO 2020-2021,Objetivo 1. Actividad 2. Muestreos y Analisis sedimentos,Gastón Vidal,INSTITUTO DE FOMENTO PESQUERO,Bio-Bio,14,370638.2,730929.6,DISCO SECCHI,7.6,10/02/2021 15:20:00,VIII
161,ESTUDIO SEGUIMIENTO DESEMPEÑO AMBIENTAL ACUICULTURA EN CHILE Y SU EFECTO EN LOS ECOSISTEMAS DE EMPLAZAMIENTO 2020-2021,Objetivo 1. Actividad 2. Muestreos y Analisis sedimentos,Gastón Vidal,INSTITUTO DE FOMENTO PESQUERO,Bio-Bio,15,370411.4,730956.2,DISCO SECCHI,4.5,10/02/2021 16:56:00,VIII
162,ESTUDIO SEGUIMIENTO DESEMPEÑO AMBIENTAL ACUICULTURA EN CHILE Y SU EFECTO EN LOS ECOSISTEMAS DE EMPLAZAMIENTO 2020-2021,Objetivo 1. Actividad 2. Muestreos y Analisis sedimentos,Gastón Vidal,INSTITUTO DE FOMENTO PESQUERO,Bio-Bio,19,370243.4,730851.0,DISCO SECCHI,4.6,10/02/2021 16:10:00,VIII
163,ESTUDIO SEGUIMIENTO DESEMPEÑO AMBIENTAL ACUICULTURA EN CHILE Y SU EFECTO EN LOS ECOSISTEMAS DE EMPLAZAMIENTO 2020-2021,Objetivo 1. Actividad 2. Muestreos y Analisis sedimentos,Gastón Vidal,INSTITUTO DE FOMENTO PESQUERO,Valdivia,1,395105.7,731901.5,DISCO SECCHI,1.5,12/02/2021 14:05:00,XIV
164,ESTUDIO SEGUIMIENTO DESEMPEÑO AMBIENTAL ACUICULTURA EN CHILE Y SU EFECTO EN LOS ECOSISTEMAS DE EMPLAZAMIENTO 2020-2021,Objetivo 1. Actividad 2. Muestreos y Analisis sedimentos,Gastón Vidal,INSTITUTO DE FOMENTO PESQUERO,Valdivia,2,395119.5,731905.4,DISCO SECCHI,1.7,12/02/2021 13:25:00,XIV
165,ESTUDIO SEGUIMIENTO DESEMPEÑO AMBIENTAL ACUICULTURA EN CHILE Y SU EFECTO EN LOS ECOSISTEMAS DE EMPLAZAMIENTO 2020-2021,Objetivo 1. Actividad 2. Muestreos y Analisis sedimentos,Gastón Vidal,INSTITUTO DE FOMENTO PESQUERO,Valdivia,3,395156.9,732058.2,DISCO SECCHI,1.7,12/02/2021 12:39:00,XIV
166,ESTUDIO SEGUIMIENTO DESEMPEÑO AMBIENTAL ACUICULTURA EN CHILE Y SU EFECTO EN LOS ECOSISTEMAS DE EMPLAZAMIENTO 2020-2021,Objetivo 1. Actividad 2. Muestreos y Analisis sedimentos,Gastón Vidal,INSTITUTO DE FOMENTO PESQUERO,Valdivia,4,395153.8,732138.8,DISCO SECCHI,1.2,12/02/2021 11:55:00,XIV
167,ESTUDIO SEGUIMIENTO DESEMPEÑO AMBIENTAL ACUICULTURA EN CHILE Y SU EFECTO EN LOS ECOSISTEMAS DE EMPLAZAMIENTO 2020-2021,Objetivo 1. Actividad 2. Muestreos y Analisis sedimentos,Gastón Vidal,INSTITUTO DE FOMENTO PESQUERO,Valdivia,6,395246.5,732253.5,DISCO SECCHI,1.6,12/02/2021 11:16:00,XIV
168,ESTUDIO SEGUIMIENTO DESEMPEÑO AMBIENTAL ACUICULTURA EN CHILE Y SU EFECTO EN LOS ECOSISTEMAS DE EMPLAZAMIENTO 2020-2021,Objetivo 1. Actividad 2. Muestreos y Analisis sedimentos,Gastón Vidal,INSTITUTO DE FOMENTO PESQUERO,Valdivia,9,395336.9,732146.5,DISCO SECCHI,1.2,12/02/2021 10:30:00,XIV
169,ESTUDIO SEGUIMIENTO DESEMPEÑO AMBIENTAL ACUICULTURA EN CHILE Y SU EFECTO EN LOS ECOSISTEMAS DE EMPLAZAMIENTO 2020-2021,Objetivo 1. Actividad 2. Muestreos y Analisis sedimentos,Gastón Vidal,INSTITUTO DE FOMENTO PESQUERO,Valdivia,11,395335.9,732219.4,DISCO SECCHI,1.6,12/02/2021 09:44:00,XIV
170,ESTUDIO SEGUIMIENTO DESEMPEÑO AMBIENTAL ACUICULTURA EN CHILE Y SU EFECTO EN LOS ECOSISTEMAS DE EMPLAZAMIENTO 2020-2021,Objetivo 1. Actividad 2. Muestreos y Analisis sedimentos,Gastón Vidal,INSTITUTO DE FOMENTO PESQUERO,Valdivia,15,395547.5,732341.2,DISCO SECCHI,1.8,12/02/2021 08:50:00,XIV
1,ESTUDIO SEGUIMIENTO DESEMPEÑO AMBIENTAL ACUICULTURA EN CHILE Y SU EFECTO EN LOS ECOSISTEMAS DE EMPLAZAMIENTO 2020-2021,Objetivo 1. Actividad 2. Muestreos y Analisis sedimentos,Gastón Vidal,INSTITUTO DE FOMENTO PESQUERO,Estuario,1,412614.9,721747.9,TEMPERATURA SUPERFICIAL,15.3,08/12/2020 19:48:00,X
2,ESTUDIO SEGUIMIENTO DESEMPEÑO AMBIENTAL ACUICULTURA EN CHILE Y SU EFECTO EN LOS ECOSISTEMAS DE EMPLAZAMIENTO 2020-2021,Objetivo 1. Actividad 2. Muestreos y Analisis sedimentos,Gastón Vidal,INSTITUTO DE FOMENTO PESQUERO,Estuario,2,412807.3,721843.5,TEMPERATURA SUPERFICIAL,15.82,08/12/2020 19:22:00,X
3,ESTUDIO SEGUIMIENTO DESEMPEÑO AMBIENTAL ACUICULTURA EN CHILE Y SU EFECTO EN LOS ECOSISTEMAS DE EMPLAZAMIENTO 2020-2021,Objetivo 1. Actividad 2. Muestreos y Analisis sedimentos,Gastón Vidal,INSTITUTO DE FOMENTO PESQUERO,Estuario,3,412945.4,721845.5,TEMPERATURA SUPERFICIAL,15.33,08/12/2020 18:56:00,X
4,ESTUDIO SEGUIMIENTO DESEMPEÑO AMBIENTAL ACUICULTURA EN CHILE Y SU EFECTO EN LOS ECOSISTEMAS DE EMPLAZAMIENTO 2020-2021,Objetivo 1. Actividad 2. Muestreos y Analisis sedimentos,Gastón Vidal,INSTITUTO DE FOMENTO PESQUERO,Estuario,5,413039.3,721721.1,TEMPERATURA SUPERFICIAL,13.23,09/12/2020 08:50:00,X
5,ESTUDIO SEGUIMIENTO DESEMPEÑO AMBIENTAL ACUICULTURA EN CHILE Y SU EFECTO EN LOS ECOSISTEMAS DE EMPLAZAMIENTO 2020-2021,Objetivo 1. Actividad 2. Muestreos y Analisis sedimentos,Gastón Vidal,INSTITUTO DE FOMENTO PESQUERO,Estuario,6,413132.6,722021.4,TEMPERATURA SUPERFICIAL,15.81,08/12/2020 18:15:00,X
6,ESTUDIO SEGUIMIENTO DESEMPEÑO AMBIENTAL ACUICULTURA EN CHILE Y SU EFECTO EN LOS ECOSISTEMAS DE EMPLAZAMIENTO 2020-2021,Objetivo 1. Actividad 2. Muestreos y Analisis sedimentos,Gastón Vidal,INSTITUTO DE FOMENTO PESQUERO,Estuario,7,413157.8,721802.6,TEMPERATURA SUPERFICIAL,15.23,09/12/2020 09:33:00,X
7,ESTUDIO SEGUIMIENTO DESEMPEÑO AMBIENTAL ACUICULTURA EN CHILE Y SU EFECTO EN LOS ECOSISTEMAS DE EMPLAZAMIENTO 2020-2021,Objetivo 1. Actividad 2. Muestreos y Analisis sedimentos,Gastón Vidal,INSTITUTO DE FOMENTO PESQUERO,Estuario,8,413533.0,722110.7,TEMPERATURA SUPERFICIAL,15.37,08/12/2020 17:17:00,X
8,ESTUDIO SEGUIMIENTO DESEMPEÑO AMBIENTAL ACUICULTURA EN CHILE Y SU EFECTO EN LOS ECOSISTEMAS DE EMPLAZAMIENTO 2020-2021,Objetivo 1. Actividad 2. Muestreos y Analisis sedimentos,Gastón Vidal,INSTITUTO DE FOMENTO PESQUERO,Estuario,12,413938.3,722058.9,TEMPERATURA SUPERFICIAL,14.71,08/12/2020 16:13:00,X
9,ESTUDIO SEGUIMIENTO DESEMPEÑO AMBIENTAL ACUICULTURA EN CHILE Y SU EFECTO EN LOS ECOSISTEMAS DE EMPLAZAMIENTO 2020-2021,Objetivo 1. Actividad 2. Muestreos y Analisis sedimentos,Gastón Vidal,INSTITUTO DE FOMENTO PESQUERO,Estuario,17,414052.7,722801.1,TEMPERATURA SUPERFICIAL,15.45,08/12/2020 14:30:00,X
10,ESTUDIO SEGUIMIENTO DESEMPEÑO AMBIENTAL ACUICULTURA EN CHILE Y SU EFECTO EN LOS ECOSISTEMAS DE EMPLAZAMIENTO 2020-2021,Objetivo 1. Actividad 2. Muestreos y Analisis sedimentos,Gastón Vidal,INSTITUTO DE FOMENTO PESQUERO,Estuario,21,414330.8,723048.5,TEMPERATURA SUPERFICIAL,14.5,08/12/2020 13:40:00,X
11,ESTUDIO SEGUIMIENTO DESEMPEÑO AMBIENTAL ACUICULTURA EN CHILE Y SU EFECTO EN LOS ECOSISTEMAS DE EMPLAZAMIENTO 2020-2021,Objetivo 1. Actividad 2. Muestreos y Analisis sedimentos,Gastón Vidal,INSTITUTO DE FOMENTO PESQUERO,Reloncavi,3,415420.9,725230.7,TEMPERATURA SUPERFICIAL,14.66,21/12/2020 12:48:00,X
12,ESTUDIO SEGUIMIENTO DESEMPEÑO AMBIENTAL ACUICULTURA EN CHILE Y SU EFECTO EN LOS ECOSISTEMAS DE EMPLAZAMIENTO 2020-2021,Objetivo 1. Actividad 2. Muestreos y Analisis sedimentos,Gastón Vidal,INSTITUTO DE FOMENTO PESQUERO,Reloncavi,4,415223.0,725351.4,TEMPERATURA SUPERFICIAL,14.83,21/12/2020 14:10:00,X
13,ESTUDIO SEGUIMIENTO DESEMPEÑO AMBIENTAL ACUICULTURA EN CHILE Y SU EFECTO EN LOS ECOSISTEMAS DE EMPLAZAMIENTO 2020-2021,Objetivo 1. Actividad 2. Muestreos y Analisis sedimentos,Gastón Vidal,INSTITUTO DE FOMENTO PESQUERO,Reloncavi,5,415307.1,725602.6,TEMPERATURA SUPERFICIAL,14.46,21/12/2020 13:15:00,X
14,ESTUDIO SEGUIMIENTO DESEMPEÑO AMBIENTAL ACUICULTURA EN CHILE Y SU EFECTO EN LOS ECOSISTEMAS DE EMPLAZAMIENTO 2020-2021,Objetivo 1. Actividad 2. Muestreos y Analisis sedimentos,Gastón Vidal,INSTITUTO DE FOMENTO PESQUERO,Reloncavi,7,414413.7,730243.4,TEMPERATURA SUPERFICIAL,13.08,13/12/2020 16:50:00,X
15,ESTUDIO SEGUIMIENTO DESEMPEÑO AMBIENTAL ACUICULTURA EN CHILE Y SU EFECTO EN LOS ECOSISTEMAS DE EMPLAZAMIENTO 2020-2021,Objetivo 1. Actividad 2. Muestreos y Analisis sedimentos,Gastón Vidal,INSTITUTO DE FOMENTO PESQUERO,Reloncavi,13,412948.4,725730.9,TEMPERATURA SUPERFICIAL,14.98,07/12/2020 08:20:00,X
16,ESTUDIO SEGUIMIENTO DESEMPEÑO AMBIENTAL ACUICULTURA EN CHILE Y SU EFECTO EN LOS ECOSISTEMAS DE EMPLAZAMIENTO 2020-2021,Objetivo 1. Actividad 2. Muestreos y Analisis sedimentos,Gastón Vidal,INSTITUTO DE FOMENTO PESQUERO,Reloncavi,15,413105.3,724724.2,TEMPERATURA SUPERFICIAL,15.48,07/12/2020 09:49:00,X
17,ESTUDIO SEGUIMIENTO DESEMPEÑO AMBIENTAL ACUICULTURA EN CHILE Y SU EFECTO EN LOS ECOSISTEMAS DE EMPLAZAMIENTO 2020-2021,Objetivo 1. Actividad 2. Muestreos y Analisis sedimentos,Gastón Vidal,INSTITUTO DE FOMENTO PESQUERO,Reloncavi,17,413450.6,724336.9,TEMPERATURA SUPERFICIAL,15.27,07/12/2020 10:47:00,X
18,ESTUDIO SEGUIMIENTO DESEMPEÑO AMBIENTAL ACUICULTURA EN CHILE Y SU EFECTO EN LOS ECOSISTEMAS DE EMPLAZAMIENTO 2020-2021,Objetivo 1. Actividad 2. Muestreos y Analisis sedimentos,Gastón Vidal,INSTITUTO DE FOMENTO PESQUERO,Reloncavi,19,413707.8,724152.2,TEMPERATURA SUPERFICIAL,15.72,07/12/2020 12:47:00,X
19,ESTUDIO SEGUIMIENTO DESEMPEÑO AMBIENTAL ACUICULTURA EN CHILE Y SU EFECTO EN LOS ECOSISTEMAS DE EMPLAZAMIENTO 2020-2021,Objetivo 1. Actividad 2. Muestreos y Analisis sedimentos,Gastón Vidal,INSTITUTO DE FOMENTO PESQUERO,Reloncavi,21,413751.5,724023.2,TEMPERATURA SUPERFICIAL,15.65,07/12/2020 13:14:00,X
20,ESTUDIO SEGUIMIENTO DESEMPEÑO AMBIENTAL ACUICULTURA EN CHILE Y SU EFECTO EN LOS ECOSISTEMAS DE EMPLAZAMIENTO 2020-2021,Objetivo 1. Actividad 2. Muestreos y Analisis sedimentos,Gastón Vidal,INSTITUTO DE FOMENTO PESQUERO,Reloncavi,25,414943.9,724718.2,TEMPERATURA SUPERFICIAL,14.97,21/12/2020 15:20:00,X
21,ESTUDIO SEGUIMIENTO DESEMPEÑO AMBIENTAL ACUICULTURA EN CHILE Y SU EFECTO EN LOS ECOSISTEMAS DE EMPLAZAMIENTO 2020-2021,Objetivo 1. Actividad 2. Muestreos y Analisis sedimentos,Gastón Vidal,INSTITUTO DE FOMENTO PESQUERO,Calbuco,1,414442.2,730610.3,TEMPERATURA SUPERFICIAL,12.68,13/12/2020 17:31:00,X
22,ESTUDIO SEGUIMIENTO DESEMPEÑO AMBIENTAL ACUICULTURA EN CHILE Y SU EFECTO EN LOS ECOSISTEMAS DE EMPLAZAMIENTO 2020-2021,Objetivo 1. Actividad 2. Muestreos y Analisis sedimentos,Gastón Vidal,INSTITUTO DE FOMENTO PESQUERO,Calbuco,2,414630.1,730505.2,TEMPERATURA SUPERFICIAL,12.84,14/12/2020 08:10:00,X
23,ESTUDIO SEGUIMIENTO DESEMPEÑO AMBIENTAL ACUICULTURA EN CHILE Y SU EFECTO EN LOS ECOSISTEMAS DE EMPLAZAMIENTO 2020-2021,Objetivo 1. Actividad 2. Muestreos y Analisis sedimentos,Gastón Vidal,INSTITUTO DE FOMENTO PESQUERO,Calbuco,8,414314.7,730933.2,TEMPERATURA SUPERFICIAL,12.86,13/12/2020 18:27:00,X
24,ESTUDIO SEGUIMIENTO DESEMPEÑO AMBIENTAL ACUICULTURA EN CHILE Y SU EFECTO EN LOS ECOSISTEMAS DE EMPLAZAMIENTO 2020-2021,Objetivo 1. Actividad 2. Muestreos y Analisis sedimentos,Gastón Vidal,INSTITUTO DE FOMENTO PESQUERO,Calbuco,16,414822.6,731018.3,TEMPERATURA SUPERFICIAL,12.16,14/12/2020 12:02:00,X
25,ESTUDIO SEGUIMIENTO DESEMPEÑO AMBIENTAL ACUICULTURA EN CHILE Y SU EFECTO EN LOS ECOSISTEMAS DE EMPLAZAMIENTO 2020-2021,Objetivo 1. Actividad 2. Muestreos y Analisis sedimentos,Gastón Vidal,INSTITUTO DE FOMENTO PESQUERO,Calbuco,22,414705.8,730505.2,TEMPERATURA SUPERFICIAL,12.67,14/12/2020 08:46:00,X
26,ESTUDIO SEGUIMIENTO DESEMPEÑO AMBIENTAL ACUICULTURA EN CHILE Y SU EFECTO EN LOS ECOSISTEMAS DE EMPLAZAMIENTO 2020-2021,Objetivo 1. Actividad 2. Muestreos y Analisis sedimentos,Gastón Vidal,INSTITUTO DE FOMENTO PESQUERO,Calbuco,26,415016.4,730447.2,TEMPERATURA SUPERFICIAL,12.46,14/12/2020 09:49:00,X
27,ESTUDIO SEGUIMIENTO DESEMPEÑO AMBIENTAL ACUICULTURA EN CHILE Y SU EFECTO EN LOS ECOSISTEMAS DE EMPLAZAMIENTO 2020-2021,Objetivo 1. Actividad 2. Muestreos y Analisis sedimentos,Gastón Vidal,INSTITUTO DE FOMENTO PESQUERO,Calbuco,27,414959.8,730629.1,TEMPERATURA SUPERFICIAL,12.81,14/12/2020 10:31:00,X
28,ESTUDIO SEGUIMIENTO DESEMPEÑO AMBIENTAL ACUICULTURA EN CHILE Y SU EFECTO EN LOS ECOSISTEMAS DE EMPLAZAMIENTO 2020-2021,Objetivo 1. Actividad 2. Muestreos y Analisis sedimentos,Gastón Vidal,INSTITUTO DE FOMENTO PESQUERO,Calbuco,30,415019.0,730822.5,TEMPERATURA SUPERFICIAL,12.2,14/12/2020 11:15:00,X
29,ESTUDIO SEGUIMIENTO DESEMPEÑO AMBIENTAL ACUICULTURA EN CHILE Y SU EFECTO EN LOS ECOSISTEMAS DE EMPLAZAMIENTO 2020-2021,Objetivo 1. Actividad 2. Muestreos y Analisis sedimentos,Gastón Vidal,INSTITUTO DE FOMENTO PESQUERO,Chacao,2,415659.3,733134.3,TEMPERATURA SUPERFICIAL,11.12,15/12/2020 11:58:00,X
30,ESTUDIO SEGUIMIENTO DESEMPEÑO AMBIENTAL ACUICULTURA EN CHILE Y SU EFECTO EN LOS ECOSISTEMAS DE EMPLAZAMIENTO 2020-2021,Objetivo 1. Actividad 2. Muestreos y Analisis sedimentos,Gastón Vidal,INSTITUTO DE FOMENTO PESQUERO,Chacao,6,415415.1,732906.8,TEMPERATURA SUPERFICIAL,11.23,15/12/2020 11:20:00,X
31,ESTUDIO SEGUIMIENTO DESEMPEÑO AMBIENTAL ACUICULTURA EN CHILE Y SU EFECTO EN LOS ECOSISTEMAS DE EMPLAZAMIENTO 2020-2021,Objetivo 1. Actividad 2. Muestreos y Analisis sedimentos,Gastón Vidal,INSTITUTO DE FOMENTO PESQUERO,Chacao,12,415217.3,733107.9,TEMPERATURA SUPERFICIAL,11.07,15/12/2020 10:28:00,X
32,ESTUDIO SEGUIMIENTO DESEMPEÑO AMBIENTAL ACUICULTURA EN CHILE Y SU EFECTO EN LOS ECOSISTEMAS DE EMPLAZAMIENTO 2020-2021,Objetivo 1. Actividad 2. Muestreos y Analisis sedimentos,Gastón Vidal,INSTITUTO DE FOMENTO PESQUERO,Chacao,14,415115.7,732851.2,TEMPERATURA SUPERFICIAL,11.16,15/12/2020 09:50:00,X
33,ESTUDIO SEGUIMIENTO DESEMPEÑO AMBIENTAL ACUICULTURA EN CHILE Y SU EFECTO EN LOS ECOSISTEMAS DE EMPLAZAMIENTO 2020-2021,Objetivo 1. Actividad 2. Muestreos y Analisis sedimentos,Gastón Vidal,INSTITUTO DE FOMENTO PESQUERO,Butachauques,1,421917.6,731519.1,TEMPERATURA SUPERFICIAL,11.35,16/12/2020 08:10:00,X
34,ESTUDIO SEGUIMIENTO DESEMPEÑO AMBIENTAL ACUICULTURA EN CHILE Y SU EFECTO EN LOS ECOSISTEMAS DE EMPLAZAMIENTO 2020-2021,Objetivo 1. Actividad 2. Muestreos y Analisis sedimentos,Gastón Vidal,INSTITUTO DE FOMENTO PESQUERO,Butachauques,3,421702.6,731506.7,TEMPERATURA SUPERFICIAL,11.33,16/12/2020 08:55:00,X
35,ESTUDIO SEGUIMIENTO DESEMPEÑO AMBIENTAL ACUICULTURA EN CHILE Y SU EFECTO EN LOS ECOSISTEMAS DE EMPLAZAMIENTO 2020-2021,Objetivo 1. Actividad 2. Muestreos y Analisis sedimentos,Gastón Vidal,INSTITUTO DE FOMENTO PESQUERO,Butachauques,7,421556.3,730936.2,TEMPERATURA SUPERFICIAL,11.93,16/12/2020 10:51:00,X
36,ESTUDIO SEGUIMIENTO DESEMPEÑO AMBIENTAL ACUICULTURA EN CHILE Y SU EFECTO EN LOS ECOSISTEMAS DE EMPLAZAMIENTO 2020-2021,Objetivo 1. Actividad 2. Muestreos y Analisis sedimentos,Gastón Vidal,INSTITUTO DE FOMENTO PESQUERO,Butachauques,10,421645.3,732049.7,TEMPERATURA SUPERFICIAL,11.22,15/12/2020 16:50:00,X
37,ESTUDIO SEGUIMIENTO DESEMPEÑO AMBIENTAL ACUICULTURA EN CHILE Y SU EFECTO EN LOS ECOSISTEMAS DE EMPLAZAMIENTO 2020-2021,Objetivo 1. Actividad 2. Muestreos y Analisis sedimentos,Gastón Vidal,INSTITUTO DE FOMENTO PESQUERO,Butachauques,12,421224.4,732358.0,TEMPERATURA SUPERFICIAL,11.16,15/12/2020 15:40:00,X
38,ESTUDIO SEGUIMIENTO DESEMPEÑO AMBIENTAL ACUICULTURA EN CHILE Y SU EFECTO EN LOS ECOSISTEMAS DE EMPLAZAMIENTO 2020-2021,Objetivo 1. Actividad 2. Muestreos y Analisis sedimentos,Gastón Vidal,INSTITUTO DE FOMENTO PESQUERO,Butachauques,13,421021.7,732609.5,TEMPERATURA SUPERFICIAL,11.36,15/12/2020 15:10:00,X
39,ESTUDIO SEGUIMIENTO DESEMPEÑO AMBIENTAL ACUICULTURA EN CHILE Y SU EFECTO EN LOS ECOSISTEMAS DE EMPLAZAMIENTO 2020-2021,Objetivo 1. Actividad 2. Muestreos y Analisis sedimentos,Gastón Vidal,INSTITUTO DE FOMENTO PESQUERO,Butachauques,14,420929.5,732804.6,TEMPERATURA SUPERFICIAL,11.14,15/12/2020 14:40:00,X
42,ESTUDIO SEGUIMIENTO DESEMPEÑO AMBIENTAL ACUICULTURA EN CHILE Y SU EFECTO EN LOS ECOSISTEMAS DE EMPLAZAMIENTO 2020-2021,Objetivo 1. Actividad 2. Muestreos y Analisis sedimentos,Gastón Vidal,INSTITUTO DE FOMENTO PESQUERO,Chaulinec,7,422803.3,732256.7,TEMPERATURA SUPERFICIAL,10.97,16/12/2020 14:02:00,X
43,ESTUDIO SEGUIMIENTO DESEMPEÑO AMBIENTAL ACUICULTURA EN CHILE Y SU EFECTO EN LOS ECOSISTEMAS DE EMPLAZAMIENTO 2020-2021,Objetivo 1. Actividad 2. Muestreos y Analisis sedimentos,Gastón Vidal,INSTITUTO DE FOMENTO PESQUERO,Chaulinec,10,422429.1,731921.4,TEMPERATURA SUPERFICIAL,11.18,16/12/2020 13:05:00,X
44,ESTUDIO SEGUIMIENTO DESEMPEÑO AMBIENTAL ACUICULTURA EN CHILE Y SU EFECTO EN LOS ECOSISTEMAS DE EMPLAZAMIENTO 2020-2021,Objetivo 1. Actividad 2. Muestreos y Analisis sedimentos,Gastón Vidal,INSTITUTO DE FOMENTO PESQUERO,Chaulinec,13,422634.7,733044.2,TEMPERATURA SUPERFICIAL,11.45,16/12/2020 15:05:00,X
45,ESTUDIO SEGUIMIENTO DESEMPEÑO AMBIENTAL ACUICULTURA EN CHILE Y SU EFECTO EN LOS ECOSISTEMAS DE EMPLAZAMIENTO 2020-2021,Objetivo 1. Actividad 2. Muestreos y Analisis sedimentos,Gastón Vidal,INSTITUTO DE FOMENTO PESQUERO,Tenaun,2,422246.5,733559.1,TEMPERATURA SUPERFICIAL,12.15,16/12/2020 17:00:00,X
46,ESTUDIO SEGUIMIENTO DESEMPEÑO AMBIENTAL ACUICULTURA EN CHILE Y SU EFECTO EN LOS ECOSISTEMAS DE EMPLAZAMIENTO 2020-2021,Objetivo 1. Actividad 2. Muestreos y Analisis sedimentos,Gastón Vidal,INSTITUTO DE FOMENTO PESQUERO,Tenaun,3,422307.4,733744.8,TEMPERATURA SUPERFICIAL,11.9,16/12/2020 18:08:00,X
47,ESTUDIO SEGUIMIENTO DESEMPEÑO AMBIENTAL ACUICULTURA EN CHILE Y SU EFECTO EN LOS ECOSISTEMAS DE EMPLAZAMIENTO 2020-2021,Objetivo 1. Actividad 2. Muestreos y Analisis sedimentos,Gastón Vidal,INSTITUTO DE FOMENTO PESQUERO,Tenaun,6,422215.1,733731.1,TEMPERATURA SUPERFICIAL,12.33,16/12/2020 17:35:00,X
48,ESTUDIO SEGUIMIENTO DESEMPEÑO AMBIENTAL ACUICULTURA EN CHILE Y SU EFECTO EN LOS ECOSISTEMAS DE EMPLAZAMIENTO 2020-2021,Objetivo 1. Actividad 2. Muestreos y Analisis sedimentos,Gastón Vidal,INSTITUTO DE FOMENTO PESQUERO,Tenaun,9,422139.1,733441.7,TEMPERATURA SUPERFICIAL,12.54,16/12/2020 16:36:00,X
49,ESTUDIO SEGUIMIENTO DESEMPEÑO AMBIENTAL ACUICULTURA EN CHILE Y SU EFECTO EN LOS ECOSISTEMAS DE EMPLAZAMIENTO 2020-2021,Objetivo 1. Actividad 2. Muestreos y Analisis sedimentos,Gastón Vidal,INSTITUTO DE FOMENTO PESQUERO,Tenaun,14,422026.0,733200.9,TEMPERATURA SUPERFICIAL,12.33,16/12/2020 16:06:00,X
50,ESTUDIO SEGUIMIENTO DESEMPEÑO AMBIENTAL ACUICULTURA EN CHILE Y SU EFECTO EN LOS ECOSISTEMAS DE EMPLAZAMIENTO 2020-2021,Objetivo 1. Actividad 2. Muestreos y Analisis sedimentos,Gastón Vidal,INSTITUTO DE FOMENTO PESQUERO,Chiloe central,1,423046.9,734515.6,TEMPERATURA SUPERFICIAL,12.69,17/12/2020 13:15:00,X
51,ESTUDIO SEGUIMIENTO DESEMPEÑO AMBIENTAL ACUICULTURA EN CHILE Y SU EFECTO EN LOS ECOSISTEMAS DE EMPLAZAMIENTO 2020-2021,Objetivo 1. Actividad 2. Muestreos y Analisis sedimentos,Gastón Vidal,INSTITUTO DE FOMENTO PESQUERO,Chiloe central,4,423259.2,734015.8,TEMPERATURA SUPERFICIAL,11.69,17/12/2020 11:42:00,X
52,ESTUDIO SEGUIMIENTO DESEMPEÑO AMBIENTAL ACUICULTURA EN CHILE Y SU EFECTO EN LOS ECOSISTEMAS DE EMPLAZAMIENTO 2020-2021,Objetivo 1. Actividad 2. Muestreos y Analisis sedimentos,Gastón Vidal,INSTITUTO DE FOMENTO PESQUERO,Chiloe central,6,423209.3,733613.2,TEMPERATURA SUPERFICIAL,11.76,17/12/2020 11:05:00,X
53,ESTUDIO SEGUIMIENTO DESEMPEÑO AMBIENTAL ACUICULTURA EN CHILE Y SU EFECTO EN LOS ECOSISTEMAS DE EMPLAZAMIENTO 2020-2021,Objetivo 1. Actividad 2. Muestreos y Analisis sedimentos,Gastón Vidal,INSTITUTO DE FOMENTO PESQUERO,Chiloe central,7,423029.3,733611.3,TEMPERATURA SUPERFICIAL,11.61,17/12/2020 08:25:00,X
54,ESTUDIO SEGUIMIENTO DESEMPEÑO AMBIENTAL ACUICULTURA EN CHILE Y SU EFECTO EN LOS ECOSISTEMAS DE EMPLAZAMIENTO 2020-2021,Objetivo 1. Actividad 2. Muestreos y Analisis sedimentos,Gastón Vidal,INSTITUTO DE FOMENTO PESQUERO,Chiloe central,11,422833.3,733241.1,TEMPERATURA SUPERFICIAL,12.02,17/12/2020 09:09:00,X
55,ESTUDIO SEGUIMIENTO DESEMPEÑO AMBIENTAL ACUICULTURA EN CHILE Y SU EFECTO EN LOS ECOSISTEMAS DE EMPLAZAMIENTO 2020-2021,Objetivo 1. Actividad 2. Muestreos y Analisis sedimentos,Gastón Vidal,INSTITUTO DE FOMENTO PESQUERO,Chiloe central,12,423059.3,732821.5,TEMPERATURA SUPERFICIAL,11.76,17/12/2020 09:58:00,X
58,ESTUDIO SEGUIMIENTO DESEMPEÑO AMBIENTAL ACUICULTURA EN CHILE Y SU EFECTO EN LOS ECOSISTEMAS DE EMPLAZAMIENTO 2020-2021,Objetivo 1. Actividad 2. Muestreos y Analisis sedimentos,Gastón Vidal,INSTITUTO DE FOMENTO PESQUERO,Desertores,1,424703.0,725635.9,TEMPERATURA SUPERFICIAL,11.59,18/12/2020 13:10:00,X
59,ESTUDIO SEGUIMIENTO DESEMPEÑO AMBIENTAL ACUICULTURA EN CHILE Y SU EFECTO EN LOS ECOSISTEMAS DE EMPLAZAMIENTO 2020-2021,Objetivo 1. Actividad 2. Muestreos y Analisis sedimentos,Gastón Vidal,INSTITUTO DE FOMENTO PESQUERO,Desertores,2,424756.1,725723.7,TEMPERATURA SUPERFICIAL,11,18/12/2020 11:25:00,X
60,ESTUDIO SEGUIMIENTO DESEMPEÑO AMBIENTAL ACUICULTURA EN CHILE Y SU EFECTO EN LOS ECOSISTEMAS DE EMPLAZAMIENTO 2020-2021,Objetivo 1. Actividad 2. Muestreos y Analisis sedimentos,Gastón Vidal,INSTITUTO DE FOMENTO PESQUERO,Desertores,3,424536.0,725951.7,TEMPERATURA SUPERFICIAL,11,18/12/2020 11:50:00,X
61,ESTUDIO SEGUIMIENTO DESEMPEÑO AMBIENTAL ACUICULTURA EN CHILE Y SU EFECTO EN LOS ECOSISTEMAS DE EMPLAZAMIENTO 2020-2021,Objetivo 1. Actividad 2. Muestreos y Analisis sedimentos,Gastón Vidal,INSTITUTO DE FOMENTO PESQUERO,Desertores,6,424206.5,730534.1,TEMPERATURA SUPERFICIAL,10.87,18/12/2020 10:50:00,X
74,ESTUDIO SEGUIMIENTO DESEMPEÑO AMBIENTAL ACUICULTURA EN CHILE Y SU EFECTO EN LOS ECOSISTEMAS DE EMPLAZAMIENTO 2020-2021,Objetivo 1. Actividad 2. Muestreos y Analisis sedimentos,Gastón Vidal,INSTITUTO DE FOMENTO PESQUERO,Hornopiren,3,420427.1,722759.7,TEMPERATURA SUPERFICIAL,14.17,20/12/2020 00:00:00,X
75,ESTUDIO SEGUIMIENTO DESEMPEÑO AMBIENTAL ACUICULTURA EN CHILE Y SU EFECTO EN LOS ECOSISTEMAS DE EMPLAZAMIENTO 2020-2021,Objetivo 1. Actividad 2. Muestreos y Analisis sedimentos,Gastón Vidal,INSTITUTO DE FOMENTO PESQUERO,Hornopiren,6,420209.6,723558.5,TEMPERATURA SUPERFICIAL,14.91,21/12/2020 09:53:00,X
76,ESTUDIO SEGUIMIENTO DESEMPEÑO AMBIENTAL ACUICULTURA EN CHILE Y SU EFECTO EN LOS ECOSISTEMAS DE EMPLAZAMIENTO 2020-2021,Objetivo 1. Actividad 2. Muestreos y Analisis sedimentos,Gastón Vidal,INSTITUTO DE FOMENTO PESQUERO,Hornopiren,7,420301.3,723537.3,TEMPERATURA SUPERFICIAL,14.68,21/12/2020 08:54:00,X
77,ESTUDIO SEGUIMIENTO DESEMPEÑO AMBIENTAL ACUICULTURA EN CHILE Y SU EFECTO EN LOS ECOSISTEMAS DE EMPLAZAMIENTO 2020-2021,Objetivo 1. Actividad 2. Muestreos y Analisis sedimentos,Gastón Vidal,INSTITUTO DE FOMENTO PESQUERO,Hornopiren,13,421433.8,722650.7,TEMPERATURA SUPERFICIAL,14.86,20/12/2020 17:20:00,X
78,ESTUDIO SEGUIMIENTO DESEMPEÑO AMBIENTAL ACUICULTURA EN CHILE Y SU EFECTO EN LOS ECOSISTEMAS DE EMPLAZAMIENTO 2020-2021,Objetivo 1. Actividad 2. Muestreos y Analisis sedimentos,Gastón Vidal,INSTITUTO DE FOMENTO PESQUERO,Hornopiren,14,421524.5,722346.8,TEMPERATURA SUPERFICIAL,14.77,20/12/2020 00:00:00,X
79,ESTUDIO SEGUIMIENTO DESEMPEÑO AMBIENTAL ACUICULTURA EN CHILE Y SU EFECTO EN LOS ECOSISTEMAS DE EMPLAZAMIENTO 2020-2021,Objetivo 1. Actividad 2. Muestreos y Analisis sedimentos,Gastón Vidal,INSTITUTO DE FOMENTO PESQUERO,Ayacara,1,421853.1,724721.9,TEMPERATURA SUPERFICIAL,11.09,20/12/2020 09:08:00,X
80,ESTUDIO SEGUIMIENTO DESEMPEÑO AMBIENTAL ACUICULTURA EN CHILE Y SU EFECTO EN LOS ECOSISTEMAS DE EMPLAZAMIENTO 2020-2021,Objetivo 1. Actividad 2. Muestreos y Analisis sedimentos,Gastón Vidal,INSTITUTO DE FOMENTO PESQUERO,Ayacara,2,422434.1,724307.0,TEMPERATURA SUPERFICIAL,13.25,19/12/2020 19:00:00,X
81,ESTUDIO SEGUIMIENTO DESEMPEÑO AMBIENTAL ACUICULTURA EN CHILE Y SU EFECTO EN LOS ECOSISTEMAS DE EMPLAZAMIENTO 2020-2021,Objetivo 1. Actividad 2. Muestreos y Analisis sedimentos,Gastón Vidal,INSTITUTO DE FOMENTO PESQUERO,Ayacara,3,423409.7,723139.7,TEMPERATURA SUPERFICIAL,13.11,19/12/2020 16:20:00,X
82,ESTUDIO SEGUIMIENTO DESEMPEÑO AMBIENTAL ACUICULTURA EN CHILE Y SU EFECTO EN LOS ECOSISTEMAS DE EMPLAZAMIENTO 2020-2021,Objetivo 1. Actividad 2. Muestreos y Analisis sedimentos,Gastón Vidal,INSTITUTO DE FOMENTO PESQUERO,Ayacara,4,423117.9,724140.8,TEMPERATURA SUPERFICIAL,13.47,19/12/2020 15:11:00,X
83,ESTUDIO SEGUIMIENTO DESEMPEÑO AMBIENTAL ACUICULTURA EN CHILE Y SU EFECTO EN LOS ECOSISTEMAS DE EMPLAZAMIENTO 2020-2021,Objetivo 1. Actividad 2. Muestreos y Analisis sedimentos,Gastón Vidal,INSTITUTO DE FOMENTO PESQUERO,Ayacara,7,423730.6,725115.4,TEMPERATURA SUPERFICIAL,11.29,19/12/2020 11:02:00,X
84,ESTUDIO SEGUIMIENTO DESEMPEÑO AMBIENTAL ACUICULTURA EN CHILE Y SU EFECTO EN LOS ECOSISTEMAS DE EMPLAZAMIENTO 2020-2021,Objetivo 1. Actividad 2. Muestreos y Analisis sedimentos,Gastón Vidal,INSTITUTO DE FOMENTO PESQUERO,Ayacara,9,424232.8,725058.9,TEMPERATURA SUPERFICIAL,11.29,19/12/2020 09:55:00,X
85,ESTUDIO SEGUIMIENTO DESEMPEÑO AMBIENTAL ACUICULTURA EN CHILE Y SU EFECTO EN LOS ECOSISTEMAS DE EMPLAZAMIENTO 2020-2021,Objetivo 1. Actividad 2. Muestreos y Analisis sedimentos,Gastón Vidal,INSTITUTO DE FOMENTO PESQUERO,Chaiten,3,424711.1,725049.9,TEMPERATURA SUPERFICIAL,10.87,19/12/2020 08:48:00,X
86,ESTUDIO SEGUIMIENTO DESEMPEÑO AMBIENTAL ACUICULTURA EN CHILE Y SU EFECTO EN LOS ECOSISTEMAS DE EMPLAZAMIENTO 2020-2021,Objetivo 1. Actividad 2. Muestreos y Analisis sedimentos,Gastón Vidal,INSTITUTO DE FOMENTO PESQUERO,Chaiten,4,425527.6,724459.6,TEMPERATURA SUPERFICIAL,12.84,18/12/2020 17:56:00,X
87,ESTUDIO SEGUIMIENTO DESEMPEÑO AMBIENTAL ACUICULTURA EN CHILE Y SU EFECTO EN LOS ECOSISTEMAS DE EMPLAZAMIENTO 2020-2021,Objetivo 1. Actividad 2. Muestreos y Analisis sedimentos,Gastón Vidal,INSTITUTO DE FOMENTO PESQUERO,Chaiten,12,431438.9,725308.2,TEMPERATURA SUPERFICIAL,12.08,02/02/2021 15:26:00,X
88,ESTUDIO SEGUIMIENTO DESEMPEÑO AMBIENTAL ACUICULTURA EN CHILE Y SU EFECTO EN LOS ECOSISTEMAS DE EMPLAZAMIENTO 2020-2021,Objetivo 1. Actividad 2. Muestreos y Analisis sedimentos,Gastón Vidal,INSTITUTO DE FOMENTO PESQUERO,Chaiten,14,431550.9,725835.0,TEMPERATURA SUPERFICIAL,12.18,02/02/2021 14:40:00,X
89,ESTUDIO SEGUIMIENTO DESEMPEÑO AMBIENTAL ACUICULTURA EN CHILE Y SU EFECTO EN LOS ECOSISTEMAS DE EMPLAZAMIENTO 2020-2021,Objetivo 1. Actividad 2. Muestreos y Analisis sedimentos,Gastón Vidal,INSTITUTO DE FOMENTO PESQUERO,Chaiten,18,433529.8,730022.5,TEMPERATURA SUPERFICIAL,12.95,02/02/2021 10:20:00,X
90,ESTUDIO SEGUIMIENTO DESEMPEÑO AMBIENTAL ACUICULTURA EN CHILE Y SU EFECTO EN LOS ECOSISTEMAS DE EMPLAZAMIENTO 2020-2021,Objetivo 1. Actividad 2. Muestreos y Analisis sedimentos,Gastón Vidal,INSTITUTO DE FOMENTO PESQUERO,Chaiten,19,433757.9,725704.9,TEMPERATURA SUPERFICIAL,14.87,02/02/2021 09:45:00,X
91,ESTUDIO SEGUIMIENTO DESEMPEÑO AMBIENTAL ACUICULTURA EN CHILE Y SU EFECTO EN LOS ECOSISTEMAS DE EMPLAZAMIENTO 2020-2021,Objetivo 1. Actividad 2. Muestreos y Analisis sedimentos,Gastón Vidal,INSTITUTO DE FOMENTO PESQUERO,Chaiten,20,434146.5,725944.6,TEMPERATURA SUPERFICIAL,13.8,02/02/2021 08:45:00,X
92,ESTUDIO SEGUIMIENTO DESEMPEÑO AMBIENTAL ACUICULTURA EN CHILE Y SU EFECTO EN LOS ECOSISTEMAS DE EMPLAZAMIENTO 2020-2021,Objetivo 1. Actividad 2. Muestreos y Analisis sedimentos,Gastón Vidal,INSTITUTO DE FOMENTO PESQUERO,Guaitecas,1,442931.1,740942.8,TEMPERATURA SUPERFICIAL,13.43,21/01/2021 08:30:00,XI
93,ESTUDIO SEGUIMIENTO DESEMPEÑO AMBIENTAL ACUICULTURA EN CHILE Y SU EFECTO EN LOS ECOSISTEMAS DE EMPLAZAMIENTO 2020-2021,Objetivo 1. Actividad 2. Muestreos y Analisis sedimentos,Gastón Vidal,INSTITUTO DE FOMENTO PESQUERO,Guaitecas,2,442654.0,740814.0,TEMPERATURA SUPERFICIAL,14.1,20/01/2021 15:51:00,XI
94,ESTUDIO SEGUIMIENTO DESEMPEÑO AMBIENTAL ACUICULTURA EN CHILE Y SU EFECTO EN LOS ECOSISTEMAS DE EMPLAZAMIENTO 2020-2021,Objetivo 1. Actividad 2. Muestreos y Analisis sedimentos,Gastón Vidal,INSTITUTO DE FOMENTO PESQUERO,Guaitecas,4,441418.4,741320.7,TEMPERATURA SUPERFICIAL,12.25,20/01/2021 13:40:00,XI
95,ESTUDIO SEGUIMIENTO DESEMPEÑO AMBIENTAL ACUICULTURA EN CHILE Y SU EFECTO EN LOS ECOSISTEMAS DE EMPLAZAMIENTO 2020-2021,Objetivo 1. Actividad 2. Muestreos y Analisis sedimentos,Gastón Vidal,INSTITUTO DE FOMENTO PESQUERO,Guaitecas,6,440829.0,740209.0,TEMPERATURA SUPERFICIAL,12.02,20/01/2021 11:25:00,XI
96,ESTUDIO SEGUIMIENTO DESEMPEÑO AMBIENTAL ACUICULTURA EN CHILE Y SU EFECTO EN LOS ECOSISTEMAS DE EMPLAZAMIENTO 2020-2021,Objetivo 1. Actividad 2. Muestreos y Analisis sedimentos,Gastón Vidal,INSTITUTO DE FOMENTO PESQUERO,Guaitecas,7,440453.4,735253.7,TEMPERATURA SUPERFICIAL,12.66,20/01/2021 10:10:00,XI
97,ESTUDIO SEGUIMIENTO DESEMPEÑO AMBIENTAL ACUICULTURA EN CHILE Y SU EFECTO EN LOS ECOSISTEMAS DE EMPLAZAMIENTO 2020-2021,Objetivo 1. Actividad 2. Muestreos y Analisis sedimentos,Gastón Vidal,INSTITUTO DE FOMENTO PESQUERO,Guaitecas,8,435456.5,735432.1,TEMPERATURA SUPERFICIAL,12.34,19/01/2021 09:15:00,XI
98,ESTUDIO SEGUIMIENTO DESEMPEÑO AMBIENTAL ACUICULTURA EN CHILE Y SU EFECTO EN LOS ECOSISTEMAS DE EMPLAZAMIENTO 2020-2021,Objetivo 1. Actividad 2. Muestreos y Analisis sedimentos,Gastón Vidal,INSTITUTO DE FOMENTO PESQUERO,Guaitecas,9,435329.1,735219.9,TEMPERATURA SUPERFICIAL,12.82,19/01/2021 08:20:00,XI
99,ESTUDIO SEGUIMIENTO DESEMPEÑO AMBIENTAL ACUICULTURA EN CHILE Y SU EFECTO EN LOS ECOSISTEMAS DE EMPLAZAMIENTO 2020-2021,Objetivo 1. Actividad 2. Muestreos y Analisis sedimentos,Gastón Vidal,INSTITUTO DE FOMENTO PESQUERO,Guaitecas,10,435638.0,734800.0,TEMPERATURA SUPERFICIAL,11.9,19/01/2021 10:20:00,XI
100,ESTUDIO SEGUIMIENTO DESEMPEÑO AMBIENTAL ACUICULTURA EN CHILE Y SU EFECTO EN LOS ECOSISTEMAS DE EMPLAZAMIENTO 2020-2021,Objetivo 1. Actividad 2. Muestreos y Analisis sedimentos,Gastón Vidal,INSTITUTO DE FOMENTO PESQUERO,Guaitecas,12,440031.4,734511.0,TEMPERATURA SUPERFICIAL,11.27,19/01/2021 11:30:00,XI
101,ESTUDIO SEGUIMIENTO DESEMPEÑO AMBIENTAL ACUICULTURA EN CHILE Y SU EFECTO EN LOS ECOSISTEMAS DE EMPLAZAMIENTO 2020-2021,Objetivo 1. Actividad 2. Muestreos y Analisis sedimentos,Gastón Vidal,INSTITUTO DE FOMENTO PESQUERO,Guaitecas,17,441715.5,734639.1,TEMPERATURA SUPERFICIAL,12.65,19/01/2021 19:45:00,XI
102,ESTUDIO SEGUIMIENTO DESEMPEÑO AMBIENTAL ACUICULTURA EN CHILE Y SU EFECTO EN LOS ECOSISTEMAS DE EMPLAZAMIENTO 2020-2021,Objetivo 1. Actividad 2. Muestreos y Analisis sedimentos,Gastón Vidal,INSTITUTO DE FOMENTO PESQUERO,Moraleda,2,451131.2,735840.6,TEMPERATURA SUPERFICIAL,15.75,22/01/2021 12:41:00,XI
103,ESTUDIO SEGUIMIENTO DESEMPEÑO AMBIENTAL ACUICULTURA EN CHILE Y SU EFECTO EN LOS ECOSISTEMAS DE EMPLAZAMIENTO 2020-2021,Objetivo 1. Actividad 2. Muestreos y Analisis sedimentos,Gastón Vidal,INSTITUTO DE FOMENTO PESQUERO,Moraleda,4,450957.9,740833.4,TEMPERATURA SUPERFICIAL,15.16,22/01/2021 11:21:00,XI
104,ESTUDIO SEGUIMIENTO DESEMPEÑO AMBIENTAL ACUICULTURA EN CHILE Y SU EFECTO EN LOS ECOSISTEMAS DE EMPLAZAMIENTO 2020-2021,Objetivo 1. Actividad 2. Muestreos y Analisis sedimentos,Gastón Vidal,INSTITUTO DE FOMENTO PESQUERO,Moraleda,5,450801.8,741520.1,TEMPERATURA SUPERFICIAL,12.72,22/01/2021 10:07:00,XI
105,ESTUDIO SEGUIMIENTO DESEMPEÑO AMBIENTAL ACUICULTURA EN CHILE Y SU EFECTO EN LOS ECOSISTEMAS DE EMPLAZAMIENTO 2020-2021,Objetivo 1. Actividad 2. Muestreos y Analisis sedimentos,Gastón Vidal,INSTITUTO DE FOMENTO PESQUERO,Moraleda,12,444145.4,735257.1,TEMPERATURA SUPERFICIAL,13.9,21/01/2021 13:21:00,XI
106,ESTUDIO SEGUIMIENTO DESEMPEÑO AMBIENTAL ACUICULTURA EN CHILE Y SU EFECTO EN LOS ECOSISTEMAS DE EMPLAZAMIENTO 2020-2021,Objetivo 1. Actividad 2. Muestreos y Analisis sedimentos,Gastón Vidal,INSTITUTO DE FOMENTO PESQUERO,Moraleda,13,443935.6,735252.9,TEMPERATURA SUPERFICIAL,12.72,21/01/2021 12:30:00,XI
107,ESTUDIO SEGUIMIENTO DESEMPEÑO AMBIENTAL ACUICULTURA EN CHILE Y SU EFECTO EN LOS ECOSISTEMAS DE EMPLAZAMIENTO 2020-2021,Objetivo 1. Actividad 2. Muestreos y Analisis sedimentos,Gastón Vidal,INSTITUTO DE FOMENTO PESQUERO,Moraleda,14,443608.6,740025.9,TEMPERATURA SUPERFICIAL,12.56,21/01/2021 11:08:00,XI
108,ESTUDIO SEGUIMIENTO DESEMPEÑO AMBIENTAL ACUICULTURA EN CHILE Y SU EFECTO EN LOS ECOSISTEMAS DE EMPLAZAMIENTO 2020-2021,Objetivo 1. Actividad 2. Muestreos y Analisis sedimentos,Gastón Vidal,INSTITUTO DE FOMENTO PESQUERO,Moraleda,16,443308.8,740650.1,TEMPERATURA SUPERFICIAL,12.26,21/01/2021 10:17:00,XI
109,ESTUDIO SEGUIMIENTO DESEMPEÑO AMBIENTAL ACUICULTURA EN CHILE Y SU EFECTO EN LOS ECOSISTEMAS DE EMPLAZAMIENTO 2020-2021,Objetivo 1. Actividad 2. Muestreos y Analisis sedimentos,Gastón Vidal,INSTITUTO DE FOMENTO PESQUERO,Moraleda,17,440830.9,733501.0,TEMPERATURA SUPERFICIAL,11.17,19/01/2021 13:40:00,XI
110,ESTUDIO SEGUIMIENTO DESEMPEÑO AMBIENTAL ACUICULTURA EN CHILE Y SU EFECTO EN LOS ECOSISTEMAS DE EMPLAZAMIENTO 2020-2021,Objetivo 1. Actividad 2. Muestreos y Analisis sedimentos,Gastón Vidal,INSTITUTO DE FOMENTO PESQUERO,Moraleda,19,434430.9,730056.5,TEMPERATURA SUPERFICIAL,13.97,01/02/2021 17:11:00,XI
111,ESTUDIO SEGUIMIENTO DESEMPEÑO AMBIENTAL ACUICULTURA EN CHILE Y SU EFECTO EN LOS ECOSISTEMAS DE EMPLAZAMIENTO 2020-2021,Objetivo 1. Actividad 2. Muestreos y Analisis sedimentos,Gastón Vidal,INSTITUTO DE FOMENTO PESQUERO,Moraleda,25,440204.1,731205.2,TEMPERATURA SUPERFICIAL,14.3,01/02/2021 12:07:00,XI
112,ESTUDIO SEGUIMIENTO DESEMPEÑO AMBIENTAL ACUICULTURA EN CHILE Y SU EFECTO EN LOS ECOSISTEMAS DE EMPLAZAMIENTO 2020-2021,Objetivo 1. Actividad 2. Muestreos y Analisis sedimentos,Gastón Vidal,INSTITUTO DE FOMENTO PESQUERO,Moraleda,31,442248.0,730431.7,TEMPERATURA SUPERFICIAL,16.2,31/01/2021 13:57:00,XI
113,ESTUDIO SEGUIMIENTO DESEMPEÑO AMBIENTAL ACUICULTURA EN CHILE Y SU EFECTO EN LOS ECOSISTEMAS DE EMPLAZAMIENTO 2020-2021,Objetivo 1. Actividad 2. Muestreos y Analisis sedimentos,Gastón Vidal,INSTITUTO DE FOMENTO PESQUERO,Moraleda,32,450149.0,732702.0,TEMPERATURA SUPERFICIAL,14.31,29/01/2021 15:45:00,XI
114,ESTUDIO SEGUIMIENTO DESEMPEÑO AMBIENTAL ACUICULTURA EN CHILE Y SU EFECTO EN LOS ECOSISTEMAS DE EMPLAZAMIENTO 2020-2021,Objetivo 1. Actividad 2. Muestreos y Analisis sedimentos,Gastón Vidal,INSTITUTO DE FOMENTO PESQUERO,Puyuhuapi,5,443139.8,724117.0,TEMPERATURA SUPERFICIAL,16,31/01/2021 10:08:00,XI
115,ESTUDIO SEGUIMIENTO DESEMPEÑO AMBIENTAL ACUICULTURA EN CHILE Y SU EFECTO EN LOS ECOSISTEMAS DE EMPLAZAMIENTO 2020-2021,Objetivo 1. Actividad 2. Muestreos y Analisis sedimentos,Gastón Vidal,INSTITUTO DE FOMENTO PESQUERO,Puyuhuapi,7,443955.1,725020.8,TEMPERATURA SUPERFICIAL,15.6,30/01/2021 14:05:00,XI
116,ESTUDIO SEGUIMIENTO DESEMPEÑO AMBIENTAL ACUICULTURA EN CHILE Y SU EFECTO EN LOS ECOSISTEMAS DE EMPLAZAMIENTO 2020-2021,Objetivo 1. Actividad 2. Muestreos y Analisis sedimentos,Gastón Vidal,INSTITUTO DE FOMENTO PESQUERO,Puyuhuapi,8,444209.3,724807.1,TEMPERATURA SUPERFICIAL,16.2,30/01/2021 13:20:00,XI
117,ESTUDIO SEGUIMIENTO DESEMPEÑO AMBIENTAL ACUICULTURA EN CHILE Y SU EFECTO EN LOS ECOSISTEMAS DE EMPLAZAMIENTO 2020-2021,Objetivo 1. Actividad 2. Muestreos y Analisis sedimentos,Gastón Vidal,INSTITUTO DE FOMENTO PESQUERO,Puyuhuapi,10,444937.8,725757.3,TEMPERATURA SUPERFICIAL,15.26,30/01/2021 10:30:00,XI
118,ESTUDIO SEGUIMIENTO DESEMPEÑO AMBIENTAL ACUICULTURA EN CHILE Y SU EFECTO EN LOS ECOSISTEMAS DE EMPLAZAMIENTO 2020-2021,Objetivo 1. Actividad 2. Muestreos y Analisis sedimentos,Gastón Vidal,INSTITUTO DE FOMENTO PESQUERO,Puyuhuapi,12,445441.9,730811.9,TEMPERATURA SUPERFICIAL,15.2,29/01/2021 18:06:00,XI
119,ESTUDIO SEGUIMIENTO DESEMPEÑO AMBIENTAL ACUICULTURA EN CHILE Y SU EFECTO EN LOS ECOSISTEMAS DE EMPLAZAMIENTO 2020-2021,Objetivo 1. Actividad 2. Muestreos y Analisis sedimentos,Gastón Vidal,INSTITUTO DE FOMENTO PESQUERO,Aysen,1,452639.7,730033.3,TEMPERATURA SUPERFICIAL,13.21,28/01/2021 15:07:00,XI
120,ESTUDIO SEGUIMIENTO DESEMPEÑO AMBIENTAL ACUICULTURA EN CHILE Y SU EFECTO EN LOS ECOSISTEMAS DE EMPLAZAMIENTO 2020-2021,Objetivo 1. Actividad 2. Muestreos y Analisis sedimentos,Gastón Vidal,INSTITUTO DE FOMENTO PESQUERO,Aysen,3,451953.0,732236.0,TEMPERATURA SUPERFICIAL,12.35,28/01/2021 11:07:00,XI
121,ESTUDIO SEGUIMIENTO DESEMPEÑO AMBIENTAL ACUICULTURA EN CHILE Y SU EFECTO EN LOS ECOSISTEMAS DE EMPLAZAMIENTO 2020-2021,Objetivo 1. Actividad 2. Muestreos y Analisis sedimentos,Gastón Vidal,INSTITUTO DE FOMENTO PESQUERO,Aysen,5,452421.9,733225.0,TEMPERATURA SUPERFICIAL,11.94,27/01/2021 11:50:00,XI
122,ESTUDIO SEGUIMIENTO DESEMPEÑO AMBIENTAL ACUICULTURA EN CHILE Y SU EFECTO EN LOS ECOSISTEMAS DE EMPLAZAMIENTO 2020-2021,Objetivo 1. Actividad 2. Muestreos y Analisis sedimentos,Gastón Vidal,INSTITUTO DE FOMENTO PESQUERO,Aysen,6,453734.9,733550.9,TEMPERATURA SUPERFICIAL,11.87,26/01/2021 17:45:00,XI
123,ESTUDIO SEGUIMIENTO DESEMPEÑO AMBIENTAL ACUICULTURA EN CHILE Y SU EFECTO EN LOS ECOSISTEMAS DE EMPLAZAMIENTO 2020-2021,Objetivo 1. Actividad 2. Muestreos y Analisis sedimentos,Gastón Vidal,INSTITUTO DE FOMENTO PESQUERO,Aysen,7,454508.5,733655.3,TEMPERATURA SUPERFICIAL,11.84,26/01/2021 15:06:00,XI
124,ESTUDIO SEGUIMIENTO DESEMPEÑO AMBIENTAL ACUICULTURA EN CHILE Y SU EFECTO EN LOS ECOSISTEMAS DE EMPLAZAMIENTO 2020-2021,Objetivo 1. Actividad 2. Muestreos y Analisis sedimentos,Gastón Vidal,INSTITUTO DE FOMENTO PESQUERO,Aysen,10,455717.6,733619.7,TEMPERATURA SUPERFICIAL,11.85,25/01/2021 14:55:00,XI
125,ESTUDIO SEGUIMIENTO DESEMPEÑO AMBIENTAL ACUICULTURA EN CHILE Y SU EFECTO EN LOS ECOSISTEMAS DE EMPLAZAMIENTO 2020-2021,Objetivo 1. Actividad 2. Muestreos y Analisis sedimentos,Gastón Vidal,INSTITUTO DE FOMENTO PESQUERO,Aysen,11,460134.6,733917.0,TEMPERATURA SUPERFICIAL,11.75,25/01/2021 13:42:00,XI
126,ESTUDIO SEGUIMIENTO DESEMPEÑO AMBIENTAL ACUICULTURA EN CHILE Y SU EFECTO EN LOS ECOSISTEMAS DE EMPLAZAMIENTO 2020-2021,Objetivo 1. Actividad 2. Muestreos y Analisis sedimentos,Gastón Vidal,INSTITUTO DE FOMENTO PESQUERO,Aysen,13,461329.4,734345.5,TEMPERATURA SUPERFICIAL,11.9,24/01/2021 09:20:00,XI
127,ESTUDIO SEGUIMIENTO DESEMPEÑO AMBIENTAL ACUICULTURA EN CHILE Y SU EFECTO EN LOS ECOSISTEMAS DE EMPLAZAMIENTO 2020-2021,Objetivo 1. Actividad 2. Muestreos y Analisis sedimentos,Gastón Vidal,INSTITUTO DE FOMENTO PESQUERO,Aysen,18,460557.7,735202.9,TEMPERATURA SUPERFICIAL,13.95,23/01/2021 18:34:00,XI
128,ESTUDIO SEGUIMIENTO DESEMPEÑO AMBIENTAL ACUICULTURA EN CHILE Y SU EFECTO EN LOS ECOSISTEMAS DE EMPLAZAMIENTO 2020-2021,Objetivo 1. Actividad 2. Muestreos y Analisis sedimentos,Gastón Vidal,INSTITUTO DE FOMENTO PESQUERO,Aysen,19,460107.9,735645.7,TEMPERATURA SUPERFICIAL,14.07,23/01/2021 17:25:00,XI
129,ESTUDIO SEGUIMIENTO DESEMPEÑO AMBIENTAL ACUICULTURA EN CHILE Y SU EFECTO EN LOS ECOSISTEMAS DE EMPLAZAMIENTO 2020-2021,Objetivo 1. Actividad 2. Muestreos y Analisis sedimentos,Gastón Vidal,INSTITUTO DE FOMENTO PESQUERO,Aysen,24,454429.7,740423.3,TEMPERATURA SUPERFICIAL,12.64,23/01/2021 13:05:00,XI
130,ESTUDIO SEGUIMIENTO DESEMPEÑO AMBIENTAL ACUICULTURA EN CHILE Y SU EFECTO EN LOS ECOSISTEMAS DE EMPLAZAMIENTO 2020-2021,Objetivo 1. Actividad 2. Muestreos y Analisis sedimentos,Gastón Vidal,INSTITUTO DE FOMENTO PESQUERO,Aysen,25,454137.5,741704.6,TEMPERATURA SUPERFICIAL,12.72,23/01/2021 10:57:00,XI
131,ESTUDIO SEGUIMIENTO DESEMPEÑO AMBIENTAL ACUICULTURA EN CHILE Y SU EFECTO EN LOS ECOSISTEMAS DE EMPLAZAMIENTO 2020-2021,Objetivo 1. Actividad 2. Muestreos y Analisis sedimentos,Gastón Vidal,INSTITUTO DE FOMENTO PESQUERO,Aysen,28,453351.4,741310.2,TEMPERATURA SUPERFICIAL,12.93,23/01/2021 08:30:00,XI
132,ESTUDIO SEGUIMIENTO DESEMPEÑO AMBIENTAL ACUICULTURA EN CHILE Y SU EFECTO EN LOS ECOSISTEMAS DE EMPLAZAMIENTO 2020-2021,Objetivo 1. Actividad 2. Muestreos y Analisis sedimentos,Gastón Vidal,INSTITUTO DE FOMENTO PESQUERO,Aysen,30,452356.0,741521.0,TEMPERATURA SUPERFICIAL,13.27,22/01/2021 15:44:00,XI
133,ESTUDIO SEGUIMIENTO DESEMPEÑO AMBIENTAL ACUICULTURA EN CHILE Y SU EFECTO EN LOS ECOSISTEMAS DE EMPLAZAMIENTO 2020-2021,Objetivo 1. Actividad 2. Muestreos y Analisis sedimentos,Gastón Vidal,INSTITUTO DE FOMENTO PESQUERO,Aysen,34,451659.5,734350.5,TEMPERATURA SUPERFICIAL,12.64,27/01/2021 17:06:00,XI
134,ESTUDIO SEGUIMIENTO DESEMPEÑO AMBIENTAL ACUICULTURA EN CHILE Y SU EFECTO EN LOS ECOSISTEMAS DE EMPLAZAMIENTO 2020-2021,Objetivo 1. Actividad 2. Muestreos y Analisis sedimentos,Gastón Vidal,INSTITUTO DE FOMENTO PESQUERO,Coquimbo,1,300839.9,712256.3,TEMPERATURA SUPERFICIAL,15,08/04/2021 00:00:00,IV
135,ESTUDIO SEGUIMIENTO DESEMPEÑO AMBIENTAL ACUICULTURA EN CHILE Y SU EFECTO EN LOS ECOSISTEMAS DE EMPLAZAMIENTO 2020-2021,Objetivo 1. Actividad 2. Muestreos y Analisis sedimentos,Gastón Vidal,INSTITUTO DE FOMENTO PESQUERO,Coquimbo,4,301121.0,712525.0,TEMPERATURA SUPERFICIAL,15,08/04/2021 00:00:00,IV
136,ESTUDIO SEGUIMIENTO DESEMPEÑO AMBIENTAL ACUICULTURA EN CHILE Y SU EFECTO EN LOS ECOSISTEMAS DE EMPLAZAMIENTO 2020-2021,Objetivo 1. Actividad 2. Muestreos y Analisis sedimentos,Gastón Vidal,INSTITUTO DE FOMENTO PESQUERO,Coquimbo,5,301046.7,712617.5,TEMPERATURA SUPERFICIAL,15,08/04/2021 00:00:00,IV
137,ESTUDIO SEGUIMIENTO DESEMPEÑO AMBIENTAL ACUICULTURA EN CHILE Y SU EFECTO EN LOS ECOSISTEMAS DE EMPLAZAMIENTO 2020-2021,Objetivo 1. Actividad 2. Muestreos y Analisis sedimentos,Gastón Vidal,INSTITUTO DE FOMENTO PESQUERO,Coquimbo,7,301455.9,712925.2,TEMPERATURA SUPERFICIAL,14,08/04/2021 00:00:00,IV
138,ESTUDIO SEGUIMIENTO DESEMPEÑO AMBIENTAL ACUICULTURA EN CHILE Y SU EFECTO EN LOS ECOSISTEMAS DE EMPLAZAMIENTO 2020-2021,Objetivo 1. Actividad 2. Muestreos y Analisis sedimentos,Gastón Vidal,INSTITUTO DE FOMENTO PESQUERO,Coquimbo,9,301620.2,713032.0,TEMPERATURA SUPERFICIAL,14,08/04/2021 00:00:00,IV
139,ESTUDIO SEGUIMIENTO DESEMPEÑO AMBIENTAL ACUICULTURA EN CHILE Y SU EFECTO EN LOS ECOSISTEMAS DE EMPLAZAMIENTO 2020-2021,Objetivo 1. Actividad 2. Muestreos y Analisis sedimentos,Gastón Vidal,INSTITUTO DE FOMENTO PESQUERO,Coquimbo,10,301612.8,713138.8,TEMPERATURA SUPERFICIAL,14,08/04/2021 00:00:00,IV
140,ESTUDIO SEGUIMIENTO DESEMPEÑO AMBIENTAL ACUICULTURA EN CHILE Y SU EFECTO EN LOS ECOSISTEMAS DE EMPLAZAMIENTO 2020-2021,Objetivo 1. Actividad 2. Muestreos y Analisis sedimentos,Gastón Vidal,INSTITUTO DE FOMENTO PESQUERO,Coquimbo,13,301637.0,713306.7,TEMPERATURA SUPERFICIAL,14,08/04/2021 00:00:00,IV
147,ESTUDIO SEGUIMIENTO DESEMPEÑO AMBIENTAL ACUICULTURA EN CHILE Y SU EFECTO EN LOS ECOSISTEMAS DE EMPLAZAMIENTO 2020-2021,Objetivo 1. Actividad 2. Muestreos y Analisis sedimentos,Gastón Vidal,INSTITUTO DE FOMENTO PESQUERO,Natales,2,513604.7,724301.6,TEMPERATURA SUPERFICIAL,9.7,21/02/2021 12:32:00,XII
148,ESTUDIO SEGUIMIENTO DESEMPEÑO AMBIENTAL ACUICULTURA EN CHILE Y SU EFECTO EN LOS ECOSISTEMAS DE EMPLAZAMIENTO 2020-2021,Objetivo 1. Actividad 2. Muestreos y Analisis sedimentos,Gastón Vidal,INSTITUTO DE FOMENTO PESQUERO,Natales,3,514018.2,723753.1,TEMPERATURA SUPERFICIAL,9.9,21/02/2021 11:22:00,XII
149,ESTUDIO SEGUIMIENTO DESEMPEÑO AMBIENTAL ACUICULTURA EN CHILE Y SU EFECTO EN LOS ECOSISTEMAS DE EMPLAZAMIENTO 2020-2021,Objetivo 1. Actividad 2. Muestreos y Analisis sedimentos,Gastón Vidal,INSTITUTO DE FOMENTO PESQUERO,Natales,5,514929.7,723739.8,TEMPERATURA SUPERFICIAL,11,20/02/2021 09:10:00,XII
150,ESTUDIO SEGUIMIENTO DESEMPEÑO AMBIENTAL ACUICULTURA EN CHILE Y SU EFECTO EN LOS ECOSISTEMAS DE EMPLAZAMIENTO 2020-2021,Objetivo 1. Actividad 2. Muestreos y Analisis sedimentos,Gastón Vidal,INSTITUTO DE FOMENTO PESQUERO,Natales,9,514601.6,725405.0,TEMPERATURA SUPERFICIAL,11.13,20/02/2021 12:04:00,XII
151,ESTUDIO SEGUIMIENTO DESEMPEÑO AMBIENTAL ACUICULTURA EN CHILE Y SU EFECTO EN LOS ECOSISTEMAS DE EMPLAZAMIENTO 2020-2021,Objetivo 1. Actividad 2. Muestreos y Analisis sedimentos,Gastón Vidal,INSTITUTO DE FOMENTO PESQUERO,Natales,10,520357.8,725602.0,TEMPERATURA SUPERFICIAL,11.8,20/02/2021 19:25:00,XII
152,ESTUDIO SEGUIMIENTO DESEMPEÑO AMBIENTAL ACUICULTURA EN CHILE Y SU EFECTO EN LOS ECOSISTEMAS DE EMPLAZAMIENTO 2020-2021,Objetivo 1. Actividad 2. Muestreos y Analisis sedimentos,Gastón Vidal,INSTITUTO DE FOMENTO PESQUERO,Natales,11,521159.7,725703.6,TEMPERATURA SUPERFICIAL,11.21,20/02/2021 17:05:00,XII
153,ESTUDIO SEGUIMIENTO DESEMPEÑO AMBIENTAL ACUICULTURA EN CHILE Y SU EFECTO EN LOS ECOSISTEMAS DE EMPLAZAMIENTO 2020-2021,Objetivo 1. Actividad 2. Muestreos y Analisis sedimentos,Gastón Vidal,INSTITUTO DE FOMENTO PESQUERO,Natales,13,521310.4,725226.1,TEMPERATURA SUPERFICIAL,11.6,20/02/2021 16:32:00,XII
154,ESTUDIO SEGUIMIENTO DESEMPEÑO AMBIENTAL ACUICULTURA EN CHILE Y SU EFECTO EN LOS ECOSISTEMAS DE EMPLAZAMIENTO 2020-2021,Objetivo 1. Actividad 2. Muestreos y Analisis sedimentos,Gastón Vidal,INSTITUTO DE FOMENTO PESQUERO,Natales,14,520439.3,723937.6,TEMPERATURA SUPERFICIAL,11.5,20/02/2021 22:33:00,XII
155,ESTUDIO SEGUIMIENTO DESEMPEÑO AMBIENTAL ACUICULTURA EN CHILE Y SU EFECTO EN LOS ECOSISTEMAS DE EMPLAZAMIENTO 2020-2021,Objetivo 1. Actividad 2. Muestreos y Analisis sedimentos,Gastón Vidal,INSTITUTO DE FOMENTO PESQUERO,Bio-Bio,4,370959.6,733041.5,TEMPERATURA SUPERFICIAL,16.03,10/02/2021 09:30:00,VIII
156,ESTUDIO SEGUIMIENTO DESEMPEÑO AMBIENTAL ACUICULTURA EN CHILE Y SU EFECTO EN LOS ECOSISTEMAS DE EMPLAZAMIENTO 2020-2021,Objetivo 1. Actividad 2. Muestreos y Analisis sedimentos,Gastón Vidal,INSTITUTO DE FOMENTO PESQUERO,Bio-Bio,5,371343.6,732125.3,TEMPERATURA SUPERFICIAL,16,10/02/2021 11:05:00,VIII
157,ESTUDIO SEGUIMIENTO DESEMPEÑO AMBIENTAL ACUICULTURA EN CHILE Y SU EFECTO EN LOS ECOSISTEMAS DE EMPLAZAMIENTO 2020-2021,Objetivo 1. Actividad 2. Muestreos y Analisis sedimentos,Gastón Vidal,INSTITUTO DE FOMENTO PESQUERO,Bio-Bio,8,371341.8,731932.2,TEMPERATURA SUPERFICIAL,16.4,10/02/2021 11:57:00,VIII
158,ESTUDIO SEGUIMIENTO DESEMPEÑO AMBIENTAL ACUICULTURA EN CHILE Y SU EFECTO EN LOS ECOSISTEMAS DE EMPLAZAMIENTO 2020-2021,Objetivo 1. Actividad 2. Muestreos y Analisis sedimentos,Gastón Vidal,INSTITUTO DE FOMENTO PESQUERO,Bio-Bio,9,371000.1,731213.8,TEMPERATURA SUPERFICIAL,16.7,10/02/2021 13:31:00,VIII
159,ESTUDIO SEGUIMIENTO DESEMPEÑO AMBIENTAL ACUICULTURA EN CHILE Y SU EFECTO EN LOS ECOSISTEMAS DE EMPLAZAMIENTO 2020-2021,Objetivo 1. Actividad 2. Muestreos y Analisis sedimentos,Gastón Vidal,INSTITUTO DE FOMENTO PESQUERO,Bio-Bio,11,370916.3,731140.2,TEMPERATURA SUPERFICIAL,16.9,10/02/2021 14:27:00,VIII
160,ESTUDIO SEGUIMIENTO DESEMPEÑO AMBIENTAL ACUICULTURA EN CHILE Y SU EFECTO EN LOS ECOSISTEMAS DE EMPLAZAMIENTO 2020-2021,Objetivo 1. Actividad 2. Muestreos y Analisis sedimentos,Gastón Vidal,INSTITUTO DE FOMENTO PESQUERO,Bio-Bio,14,370638.2,730929.6,TEMPERATURA SUPERFICIAL,17,10/02/2021 15:20:00,VIII
161,ESTUDIO SEGUIMIENTO DESEMPEÑO AMBIENTAL ACUICULTURA EN CHILE Y SU EFECTO EN LOS ECOSISTEMAS DE EMPLAZAMIENTO 2020-2021,Objetivo 1. Actividad 2. Muestreos y Analisis sedimentos,Gastón Vidal,INSTITUTO DE FOMENTO PESQUERO,Bio-Bio,15,370411.4,730956.2,TEMPERATURA SUPERFICIAL,17.3,10/02/2021 16:56:00,VIII
162,ESTUDIO SEGUIMIENTO DESEMPEÑO AMBIENTAL ACUICULTURA EN CHILE Y SU EFECTO EN LOS ECOSISTEMAS DE EMPLAZAMIENTO 2020-2021,Objetivo 1. Actividad 2. Muestreos y Analisis sedimentos,Gastón Vidal,INSTITUTO DE FOMENTO PESQUERO,Bio-Bio,19,370243.4,730851.0,TEMPERATURA SUPERFICIAL,17.2,10/02/2021 16:10:00,VIII
163,ESTUDIO SEGUIMIENTO DESEMPEÑO AMBIENTAL ACUICULTURA EN CHILE Y SU EFECTO EN LOS ECOSISTEMAS DE EMPLAZAMIENTO 2020-2021,Objetivo 1. Actividad 2. Muestreos y Analisis sedimentos,Gastón Vidal,INSTITUTO DE FOMENTO PESQUERO,Valdivia,1,395105.7,731901.5,TEMPERATURA SUPERFICIAL,20.45,12/02/2021 14:05:00,XIV
164,ESTUDIO SEGUIMIENTO DESEMPEÑO AMBIENTAL ACUICULTURA EN CHILE Y SU EFECTO EN LOS ECOSISTEMAS DE EMPLAZAMIENTO 2020-2021,Objetivo 1. Actividad 2. Muestreos y Analisis sedimentos,Gastón Vidal,INSTITUTO DE FOMENTO PESQUERO,Valdivia,2,395119.5,731905.4,TEMPERATURA SUPERFICIAL,20.47,12/02/2021 13:25:00,XIV
165,ESTUDIO SEGUIMIENTO DESEMPEÑO AMBIENTAL ACUICULTURA EN CHILE Y SU EFECTO EN LOS ECOSISTEMAS DE EMPLAZAMIENTO 2020-2021,Objetivo 1. Actividad 2. Muestreos y Analisis sedimentos,Gastón Vidal,INSTITUTO DE FOMENTO PESQUERO,Valdivia,3,395156.9,732058.2,TEMPERATURA SUPERFICIAL,20.42,12/02/2021 12:39:00,XIV
166,ESTUDIO SEGUIMIENTO DESEMPEÑO AMBIENTAL ACUICULTURA EN CHILE Y SU EFECTO EN LOS ECOSISTEMAS DE EMPLAZAMIENTO 2020-2021,Objetivo 1. Actividad 2. Muestreos y Analisis sedimentos,Gastón Vidal,INSTITUTO DE FOMENTO PESQUERO,Valdivia,4,395153.8,732138.8,TEMPERATURA SUPERFICIAL,20.1,12/02/2021 11:55:00,XIV
167,ESTUDIO SEGUIMIENTO DESEMPEÑO AMBIENTAL ACUICULTURA EN CHILE Y SU EFECTO EN LOS ECOSISTEMAS DE EMPLAZAMIENTO 2020-2021,Objetivo 1. Actividad 2. Muestreos y Analisis sedimentos,Gastón Vidal,INSTITUTO DE FOMENTO PESQUERO,Valdivia,6,395246.5,732253.5,TEMPERATURA SUPERFICIAL,19.8,12/02/2021 11:16:00,XIV
168,ESTUDIO SEGUIMIENTO DESEMPEÑO AMBIENTAL ACUICULTURA EN CHILE Y SU EFECTO EN LOS ECOSISTEMAS DE EMPLAZAMIENTO 2020-2021,Objetivo 1. Actividad 2. Muestreos y Analisis sedimentos,Gastón Vidal,INSTITUTO DE FOMENTO PESQUERO,Valdivia,9,395336.9,732146.5,TEMPERATURA SUPERFICIAL,19.5,12/02/2021 10:30:00,XIV
169,ESTUDIO SEGUIMIENTO DESEMPEÑO AMBIENTAL ACUICULTURA EN CHILE Y SU EFECTO EN LOS ECOSISTEMAS DE EMPLAZAMIENTO 2020-2021,Objetivo 1. Actividad 2. Muestreos y Analisis sedimentos,Gastón Vidal,INSTITUTO DE FOMENTO PESQUERO,Valdivia,11,395335.9,732219.4,TEMPERATURA SUPERFICIAL,19.42,12/02/2021 09:44:00,XIV
170,ESTUDIO SEGUIMIENTO DESEMPEÑO AMBIENTAL ACUICULTURA EN CHILE Y SU EFECTO EN LOS ECOSISTEMAS DE EMPLAZAMIENTO 2020-2021,Objetivo 1. Actividad 2. Muestreos y Analisis sedimentos,Gastón Vidal,INSTITUTO DE FOMENTO PESQUERO,Valdivia,15,395547.5,732341.2,TEMPERATURA SUPERFICIAL,18.11,12/02/2021 08:50:00,XIV
